train_slots,rollout_index,updates,train_return,train_mean_slot_Rsys,train_satisfaction,train_cr,train_arrived,train_done,train_timeout,train_rejected,train_system_delay_overhead_s_per_slot,train_delay_sum_s,train_avg_completed_e2e_delay_s,train_p95_completed_e2e_delay_s,train_delay_samples,train_system_energy_overhead_kj_per_slot,train_total_dynamic_energy_j,train_energy_comp_j,train_energy_trans_j,train_cumulative_lifetime_loss,train_cum_hl_mean_satellite,train_avg_hl_per_sat_slot,train_avg_dod,train_n_slots
64,0,51,392.50824583209874,6.132941341126543,0.7482369534555712,0.7482369534555712,1418,1061,288,0,51.34375,3286.0,3.0970782280867106,5.0,1061,0.031546926257783436,2019.00328049814,1980.9455452700843,38.05773522805552,0.01772697039360303,0.0007090788157441212,1.1079356496001893e-05,0.351836008157157,64
128,1,115,396.7076622873367,6.198557223239636,0.793205317577548,0.793205317577548,1354,1074,292,0,53.421875,3419.0,3.1834264432029795,5.0,1074,0.03214131657840053,2057.044261017634,2019.713663255456,37.33059776217783,0.018841523024137018,0.0007536609209654807,1.1775951890085636e-05,0.3479926667855473,64
192,2,179,396.1103096473663,6.1892235882400986,0.7724335965541995,0.7724335965541995,1393,1076,304,0,53.15625,3402.0,3.1617100371747213,5.0,1076,0.030898561428731847,1977.507931438838,1938.1874587949687,39.320472643869316,0.01711307770563995,0.000684523108225598,1.0695673566024969e-05,0.34404802910060767,64
256,3,243,413.20244421499035,6.456288190859224,0.7849613492621222,0.7849613492621222,1423,1117,301,0,55.84375,3574.0,3.1996418979409134,5.0,1117,0.034032594027879844,2178.08601778431,2139.129157985295,38.956859799015,0.01905720617597723,0.0007622882470390891,1.1910753859985768e-05,0.34027195763792384,64
320,4,307,423.7034794646931,6.6203668666358295,0.8,0.8,1425,1140,305,0,57.671875,3691.0,3.237719298245614,5.0,1140,0.03180299806295005,2035.391876028803,1995.262675516163,40.129200512640665,0.01744872394201991,0.0006979489576807964,1.0905452463762444e-05,0.3363960063899144,64
384,5,371,417.0406362693668,6.5162599417088565,0.7766990291262136,0.7766990291262136,1442,1120,291,0,55.4375,3548.0,3.1678571428571427,5.0,1120,0.03551135521944495,2272.726734044477,2233.63662062275,39.09011342172692,0.018395000319995497,0.0007358000127998199,1.1496875199997186e-05,0.3326142484256656,64
448,6,435,414.8187258208086,6.481542590950134,0.7902885292047853,0.7902885292047853,1421,1123,314,0,56.703125,3629.0,3.2315227070347285,5.0,1123,0.032069585018721314,2052.453441198164,2013.157721631772,39.29571956639241,0.01726913024739662,0.0006907652098958649,1.0793206404622889e-05,0.32879167323772956,64
512,7,499,413.800856582164,6.465638384096312,0.7885431400282885,0.7885431400282885,1414,1115,296,0,55.96875,3582.0,3.2125560538116593,5.0,1115,0.03457556754731409,2212.836323028102,2172.874284887734,39.962038140368044,0.018667418182834516,0.0007466967273133807,1.1667136364271573e-05,0.3250182971478657,64
576,8,563,414.2862684907973,6.4732229451687076,0.7647457627118645,0.7647457627118645,1475,1128,324,0,54.921875,3515.0,3.1161347517730498,5.0,1128,0.03208526292918262,2053.456827467688,2013.1100333774007,40.346794090288135,0.017754312040506915,0.0007101724816202767,1.1096445025316823e-05,0.32116124023431203,64
640,9,627,416.14631169678165,6.502286120262213,0.7902097902097902,0.7902097902097902,1430,1130,318,0,57.25,3664.0,3.2424778761061948,5.0,1130,0.03282488157549878,2100.792420831922,2060.099053410965,40.693367420957664,0.01890995432049097,0.0007563981728196388,1.1818721450306857e-05,0.31773299418963447,64
704,10,691,425.7852592378599,6.652894675591561,0.8102345415778252,0.8102345415778252,1407,1140,291,0,56.46875,3614.0,3.170175438596491,5.0,1140,0.032425741402034365,2075.247449730199,2037.6235165025553,37.62393322764363,0.018396613827402077,0.0007358645530960831,1.1497883642126298e-05,0.31531377899245394,64
768,11,755,385.626509533766,6.025414211465094,0.7564102564102564,0.7564102564102564,1404,1062,319,0,54.1875,3468.0,3.2655367231638417,5.0,1062,0.03345763331418017,2141.288532107531,2100.206486569546,41.08204553798523,0.01856563103024421,0.0007426252412097683,1.160351939390263e-05,0.3138536984762398,64
832,12,819,409.2645300914123,6.394758282678318,0.7712912087912088,0.7712912087912088,1456,1123,331,0,56.796875,3635.0,3.23686553873553,5.0,1123,0.03473252215304607,2222.8814177949484,2180.127818739863,42.753599055086596,0.019372838681225718,0.0007749135472490288,1.2108024175766074e-05,0.31247977605802246,64
896,13,883,438.7664813784433,6.855726271538177,0.8051948051948052,0.8051948051948052,1463,1178,298,0,61.046875,3907.0,3.3166383701188455,5.0,1178,0.036539164036413406,2338.506498330458,2296.61765245507,41.88884587538755,0.02166218669221508,0.0008664874676886032,1.3538866682634425e-05,0.31096848271521915,64
960,14,947,433.44578640335726,6.772590412552457,0.7998614958448753,0.7998614958448753,1444,1155,285,0,58.71875,3758.0,3.2536796536796535,5.0,1155,0.034031354278301264,2178.006673811281,2137.984407301613,40.022266509668995,0.018337544476036215,0.0007335017790414485,1.1460965297522634e-05,0.31031946577163316,64
1024,15,1011,404.92889917436935,6.327014049599521,0.7796005706134094,0.7796005706134094,1402,1093,297,0,54.890625,3513.0,3.2140896614821592,5.0,1093,0.030682337910580094,1963.669626277126,1924.75745502146,38.91217125566676,0.01770229128930248,0.0007080916515720992,1.106393205581405e-05,0.31023724713264417,64
1088,16,1075,420.9586447685546,6.577478824508666,0.7881944444444444,0.7881944444444444,1440,1135,302,0,57.34375,3670.0,3.2334801762114536,5.0,1135,0.033075674444669724,2116.8431644588622,2074.858031426627,41.98513303223557,0.019720370097573346,0.0007888148039029338,1.232523131098334e-05,0.3099205366153907,64
1152,17,1139,408.9023828048838,6.38909973132631,0.8056975894813733,0.8056975894813733,1369,1103,295,0,55.515625,3553.0,3.2212148685403443,5.0,1103,0.030995797744792695,1983.7310556667326,1944.137675955567,39.593379711165305,0.018451346936294903,0.0007380538774517961,1.1532091835184315e-05,0.3093891794393158,64
1216,18,1203,400.8336578048778,6.263025903201216,0.7788944723618091,0.7788944723618091,1393,1085,298,0,54.34375,3478.0,3.2055299539170505,5.0,1085,0.030690976968861857,1964.2225260071589,1924.1978385610953,40.024687446063744,0.017744028172592307,0.0007097611269036922,1.1090017607870191e-05,0.30935779990826684,64
1280,19,1267,421.81865967675816,6.590916557449346,0.7867494824016563,0.7867494824016563,1449,1140,300,0,57.15625,3658.0,3.2087719298245614,5.0,1140,0.035388728367873636,2264.8786155439125,2224.1007320841813,40.77788345973196,0.020917671532967724,0.000836706861318709,1.3073544708104827e-05,0.3099465704918709,64
1344,20,1331,409.36650890546207,6.396351701647845,0.7865248226950354,0.7865248226950354,1410,1109,305,0,54.65625,3498.0,3.1541929666366095,5.0,1109,0.03155131127397484,2019.2839215343897,1980.1374080152953,39.146513519094604,0.018482592720753338,0.0007393037088301336,1.1551620450470837e-05,0.31058822278778586,64
1408,21,1395,414.5467636001895,6.477293181252961,0.7716216216216216,0.7716216216216216,1480,1142,339,0,57.703125,3693.0,3.233800350262697,5.0,1142,0.03557763818406824,2276.9688437803675,2234.533287322885,42.435556457482996,0.021320796487130964,0.0008528318594852385,1.3325497804456851e-05,0.31089639347360265,64
1472,22,1459,390.1951414417275,6.096799085026992,0.7838038632986627,0.7838038632986627,1346,1055,285,0,53.296875,3411.0,3.233175355450237,5.0,1055,0.029273404966112474,1873.4979178311983,1835.7569005239884,37.74101730720995,0.01740615564843036,0.0006962462259372144,1.0878847280268976e-05,0.31088030777916675,64
1536,23,1523,414.94099776474354,6.483453090074118,0.7867132867132867,0.7867132867132867,1430,1125,308,0,56.71875,3630.0,3.2266666666666666,5.0,1125,0.03277339282005716,2097.4971404836583,2055.8007967865506,41.69634369710743,0.0191158339273265,0.00076463335709306,1.1947396204579063e-05,0.3104392948107,64
1600,24,1587,398.0688002628399,6.219825004106873,0.7818574514038877,0.7818574514038877,1389,1086,306,0,53.796875,3443.0,3.1703499079189688,5.0,1086,0.029557550892251743,1891.6832571041116,1851.801460088697,39.88179701541451,0.019119125150433503,0.0007647650060173401,1.1949453219020939e-05,0.30980278753005863,64
1664,25,1651,386.77273754909686,6.043324024204638,0.7732942039618489,0.7732942039618489,1363,1054,295,0,51.359375,3287.0,3.118595825426945,5.0,1054,0.0294219400523311,1883.0041633491903,1845.6898532756043,37.31431007358567,0.01818190748164709,0.0007272762992658837,1.1363692176029432e-05,0.3096660078837966,64
1728,26,1715,400.1127684458156,6.251762006965869,0.7903109182935647,0.7903109182935647,1383,1093,306,0,54.171875,3467.0,3.172003659652333,5.0,1093,0.03058952920895115,1957.7298693728735,1918.1995664346637,39.53030293821016,0.02043017358990226,0.0008172069435960904,1.2768858493688912e-05,0.309417127532392,64
1792,27,1779,406.42657133943663,6.350415177178697,0.7796373779637378,0.7796373779637378,1434,1118,324,0,56.046875,3587.0,3.208407871198569,5.0,1118,0.03258755754238879,2085.6036827128823,2046.885371992768,38.71831072011355,0.02218770038730105,0.000887508015492042,1.3867312742063156e-05,0.3089939443508414,64
1856,28,1843,411.38684652255597,6.427919476914937,0.7805730258560447,0.7805730258560447,1431,1117,312,0,56.5625,3620.0,3.2408236347358996,5.0,1117,0.03151055867136613,2016.6757549674323,1976.0928748527822,40.58288011465064,0.019038764081515915,0.0007615505632606366,1.1899227550947448e-05,0.3081823746553811,64
1920,29,1907,385.3829102662072,6.021607972909488,0.759800427655025,0.759800427655025,1403,1066,319,0,53.71875,3438.0,3.225140712945591,5.0,1066,0.03071214547702876,1965.5773105298406,1926.138687909613,39.43862262022753,0.02027867848211549,0.0008111471392846197,1.2674174051322182e-05,0.3069635898286923,64
1984,30,1971,414.5048813869053,6.4766387716703955,0.8121345029239766,0.8121345029239766,1368,1111,266,0,55.65625,3562.0,3.206120612061206,5.0,1111,0.03269527862663243,2092.4978321044755,2053.989362711659,38.50846939281552,0.02194635120765176,0.0008778540483060704,1.371646950478235e-05,0.30558891024970614,64
2048,31,2035,409.50987038053665,6.398591724695885,0.7869318181818182,0.7869318181818182,1408,1108,291,0,54.328125,3477.0,3.138086642599278,5.0,1108,0.03137373298607488,2007.9189111087926,1969.0082046662183,38.91070644257485,0.020362669787067727,0.0008145067914827091,1.272666861691733e-05,0.3038962847204844,64
2112,32,2099,399.5766533113034,6.243385207989116,0.781715095676825,0.781715095676825,1411,1103,324,0,55.53125,3554.0,3.2221214868540344,5.0,1103,0.033445772508427785,2140.5294405393784,2100.826671740545,39.702768798833986,0.022307139814455573,0.000892285592578223,1.3941962384034734e-05,0.30256835176244684,64
2176,33,2163,428.04208304898714,6.688157547640424,0.7822045152722443,0.7822045152722443,1506,1178,331,0,60.0,3840.0,3.2597623089983023,5.0,1178,0.038918446884021934,2490.7806005774037,2447.7349981224424,43.04560245496179,0.02584768589507224,0.0010339074358028896,1.615480368442015e-05,0.30163492788795654,64
2240,34,2227,415.8146826427568,6.497104416293075,0.7755662319835278,0.7755662319835278,1457,1130,307,0,56.953125,3645.0,3.225663716814159,5.0,1130,0.03278655301009901,2098.3393926463364,2057.445633173816,40.893759472520514,0.021161782146912684,0.0008464712858765074,1.3226113841820428e-05,0.3004387228906512,64
2304,35,2291,399.272107998299,6.238626687473422,0.8076634109691961,0.8076634109691961,1331,1075,269,0,53.5,3424.0,3.1851162790697676,5.0,1075,0.0302961114285726,1938.9511314286465,1900.8567013552874,38.09443007335915,0.02053523113535696,0.0008214092454142784,1.28345194595981e-05,0.29910167826793477,64
2368,36,2355,388.7730458435703,6.074578841305786,0.7900223380491437,0.7900223380491437,1343,1061,301,0,53.828125,3445.0,3.24693685202639,5.0,1061,0.029554348691751674,1891.4783162721071,1853.03324663467,38.445069637436305,0.01846154306090334,0.0007384617224361335,1.1538464413064586e-05,0.2986174225110576,64
2432,37,2419,399.1518713701486,6.236747990158572,0.7678821879382889,0.7678821879382889,1426,1095,313,0,53.546875,3427.0,3.1296803652968035,5.0,1095,0.03204201241163958,2050.688794344933,2010.5414181867334,40.14737615819945,0.02055573063672167,0.0008222292254688668,1.2847331647951044e-05,0.29820055504169507,64
2496,38,2483,406.8455839803436,6.356962249692868,0.7921795800144823,0.7921795800144823,1381,1094,275,0,54.078125,3461.0,3.1636197440585008,5.0,1094,0.029579282826521676,1893.0741008973873,1854.7284558361268,38.3456450612607,0.020092925707062267,0.0008037170282824907,1.2558078566913918e-05,0.29750716745187833,64
2560,39,2547,403.3439994989577,6.302249992171214,0.7806587245970568,0.7806587245970568,1427,1114,328,0,55.96875,3582.0,3.215439856373429,5.0,1114,0.033889805155101455,2168.947529926493,2128.751867501274,40.19566242522015,0.02174439657273842,0.0008697758629095367,1.3590247857961511e-05,0.29646117727836785,64
2624,40,2611,402.4124418630002,6.287694404109378,0.7763623496107572,0.7763623496107572,1413,1097,293,0,55.078125,3525.0,3.2133090246125797,5.0,1097,0.031768385592144295,2033.176677897235,1993.5166678625396,39.66001003469497,0.022539485828101814,0.0009015794331240725,1.4087178642563633e-05,0.29522626888120007,64
2688,41,2675,430.3892754920786,6.724832429563728,0.8034722222222223,0.8034722222222223,1440,1157,289,0,59.5625,3812.0,3.2947277441659466,5.0,1157,0.03361351523930307,2151.2649753153964,2108.293687789909,42.971287525488066,0.02157271961104861,0.0008629087844419445,1.3482949756905382e-05,0.2936022056629327,64
2752,42,2739,399.41564180453685,6.240869403195888,0.7799145299145299,0.7799145299145299,1404,1095,307,0,56.65625,3626.0,3.311415525114155,5.0,1095,0.031243055646539047,1999.555561378499,1959.0102574301382,40.54530394836177,0.02159558312535571,0.0008638233250142284,1.3497239453347319e-05,0.29167903916607646,64
2816,43,2803,397.87035213829597,6.2167242521608745,0.7835497835497836,0.7835497835497836,1386,1086,299,0,53.78125,3442.0,3.169429097605893,5.0,1086,0.03129864005982809,2003.1129638289979,1964.1383172642584,38.97464656473954,0.021129801806242254,0.0008451920722496901,1.3206126128901408e-05,0.2897442968227296,64
2880,44,2867,402.5326758485824,6.2895730601341,0.7843137254901961,0.7843137254901961,1428,1120,331,0,56.796875,3635.0,3.2455357142857144,5.0,1120,0.03489083761918277,2233.013607627697,2191.1558839640143,41.85772366368283,0.025056977443582165,0.0010022790977432866,1.5660610902238853e-05,0.28833064308490836,64
2944,45,2931,379.76033700333073,5.933755265677043,0.7643219724437998,0.7643219724437998,1379,1054,320,0,53.484375,3423.0,3.247628083491461,5.0,1054,0.03056802054442959,1956.3533148434938,1916.5900763064571,39.76323853703599,0.020828798232092962,0.0008331519292837185,1.3017998895058102e-05,0.28648907066597473,64
3008,46,2995,402.5202173044635,6.289378395382242,0.7839374555792467,0.7839374555792467,1407,1103,309,0,54.1875,3468.0,3.1441523118767,5.0,1103,0.032366772231384906,2071.473422808634,2034.7293801304247,36.74404267820998,0.022541706406459933,0.0009016682562583973,1.4088566504037458e-05,0.2843787291837631,64
3072,47,3059,404.47945644108506,6.319991506891954,0.7845382963493199,0.7845382963493199,1397,1096,286,0,54.15625,3466.0,3.1624087591240877,5.0,1096,0.031176172733355552,1995.2750549347554,1955.8218872286004,39.453167706154275,0.02122951738077563,0.0008491806952310251,1.3268448362984768e-05,0.2820472703924437,64
3136,48,3123,406.2886252496403,6.3482597695256295,0.7981186685962374,0.7981186685962374,1382,1103,289,0,57.296875,3667.0,3.3245693563009975,5.0,1103,0.03103835204023891,1986.4545305752904,1945.2006624286303,41.2538681466602,0.021796735334827143,0.0008718694133930857,1.3622959584266963e-05,0.27940823525187236,64
3200,49,3187,402.3060381035916,6.286031845368619,0.7710344827586207,0.7710344827586207,1450,1118,339,0,56.046875,3587.0,3.208407871198569,5.0,1118,0.033663701036624895,2154.476866343993,2114.6264978999375,39.850368444056464,0.0225125583824381,0.000900502335297524,1.4070348989023812e-05,0.27656489987830296,64
3264,50,3251,396.54908843024094,6.196079506722515,0.7904411764705882,0.7904411764705882,1360,1075,277,0,54.40625,3482.0,3.2390697674418605,5.0,1075,0.03185454608722834,2038.6909495826137,1999.8677757090186,38.82317387359458,0.022193031907395182,0.0008877212762958073,1.3870644942121988e-05,0.2735300941462032,64
3328,51,3315,410.1522533233423,6.408628958177223,0.771701982228298,0.771701982228298,1463,1129,325,0,58.3125,3732.0,3.3055801594331267,5.0,1129,0.032150295190398234,2057.618892185487,2015.2578361057715,42.361056079715205,0.022110920371341745,0.0008844368148536698,1.3819325232088591e-05,0.27028958278835263,64
3392,52,3379,418.1116130084804,6.532993953257506,0.8,0.8,1420,1136,298,0,58.640625,3753.0,3.3036971830985915,5.0,1136,0.034594589735864024,2214.0537430952977,2172.5693899356156,41.48435315968228,0.02331374573331001,0.0009325498293324005,1.4571091083318757e-05,0.26689286442173343,64
3456,53,3443,396.361142509193,6.19314285170614,0.7625,0.7625,1440,1098,337,0,54.921875,3515.0,3.2012750455373404,5.0,1098,0.029723643421807312,1902.313178995668,1861.03768480047,41.27549419519785,0.019597165361958872,0.0007838866144783549,1.2248228351224296e-05,0.2636238222777304,64
3520,54,3507,427.04523277379326,6.67258176209052,0.8073394495412844,0.8073394495412844,1417,1144,280,0,58.375,3736.0,3.265734265734266,5.0,1144,0.03458498708664952,2213.4391735455692,2172.5291893744156,40.90998417115394,0.021393795716971264,0.0008557518286788506,1.337112232310704e-05,0.2604003691679254,64
3584,55,3571,407.80045487373576,6.371882107402121,0.7983988355167394,0.7983988355167394,1374,1097,277,0,53.40625,3418.0,3.115770282588879,5.0,1097,0.03173091074023513,2030.7782873750484,1995.4169325846747,35.361354790373674,0.020384986135444278,0.0008153994454177711,1.2740616334652673e-05,0.257466154092043,64
3648,56,3635,382.6106398146891,5.978291247104517,0.7716593245227606,0.7716593245227606,1362,1051,302,0,52.6875,3372.0,3.20837297811608,5.0,1051,0.02966727324799518,1898.7054878716915,1859.982463234662,38.723024637028594,0.019906220780275742,0.0007962488312110296,1.2441387987672338e-05,0.25463209489973715,64
3712,57,3699,395.72688777686346,6.183232621513492,0.7746781115879828,0.7746781115879828,1398,1083,313,0,55.34375,3542.0,3.270544783010157,5.0,1083,0.032314886661322,2068.152746324608,2028.5191022827773,39.63364404183019,0.01934513252504152,0.0007738053010016609,1.2090707828150952e-05,0.25166900999747954,64
3776,58,3763,418.20644753856845,6.534475742790132,0.8092820884699057,0.8092820884699057,1379,1116,267,0,56.28125,3602.0,3.227598566308244,5.0,1116,0.03311601788804741,2119.425144835034,2081.7714650182647,37.65367981676946,0.02076104798961999,0.0008304419195847997,1.2975654993512495e-05,0.2486576226006038,64
3840,59,3827,401.99262280686094,6.281134731357202,0.7970588235294118,0.7970588235294118,1360,1084,280,0,54.234375,3471.0,3.202029520295203,5.0,1084,0.030730392963856393,1966.745149686809,1929.2804345310838,37.46471515572471,0.01984489268385585,0.000793795707354234,1.2403057927409907e-05,0.2454151277162045,64
3904,60,3891,407.4768284199281,6.3668254440613765,0.786628733997155,0.786628733997155,1406,1106,305,0,55.484375,3551.0,3.2106690777576854,5.0,1106,0.03220977557758737,2061.425636965592,2021.610625697209,39.81501126838243,0.018981166683125997,0.0007592466673250399,1.1863229176953749e-05,0.24205827910729683,64
3968,61,3955,411.5147056845457,6.429917276321026,0.7891350964974982,0.7891350964974982,1399,1104,286,0,55.46875,3550.0,3.2155797101449277,5.0,1104,0.0310898950228289,1989.7532814610497,1950.5919467926572,39.161334668392236,0.017681251427075086,0.0007072500570830035,1.1050782141921929e-05,0.2385690923230988,64
4032,62,4019,426.3353801680528,6.661490315125825,0.7831978319783198,0.7831978319783198,1476,1156,316,0,59.28125,3794.0,3.282006920415225,5.0,1156,0.03579989716374338,2291.193418479576,2247.7431711020026,43.45024737757327,0.019985828848213042,0.0007994331539285217,1.2491143030133152e-05,0.23513238689808408,64
4096,63,4083,400.2810277619823,6.254391058780973,0.7983751846381093,0.7983751846381093,1354,1081,290,0,55.921875,3579.0,3.310823311748381,5.0,1081,0.03315746730212707,2122.0779073361323,2082.0281165232695,40.049790812862575,0.017948977870951108,0.0007179591148380442,1.1218111169344441e-05,0.23172397480134063,64
4160,64,4147,395.73414974998036,6.183346089843443,0.7742402315484804,0.7742402315484804,1382,1070,294,0,53.578125,3429.0,3.2046728971962617,5.0,1070,0.030816859596082685,1972.279014149292,1933.2018869786052,39.077127170686445,0.01655438196224713,0.0006621752784898851,1.0346488726404455e-05,0.22794482430386057,64
4224,65,4211,409.93614658949997,6.405252290460937,0.7784765897973445,0.7784765897973445,1431,1114,320,0,56.046875,3587.0,3.2199281867145424,5.0,1114,0.03225797831033181,2064.5106118612357,2023.7955639863226,40.71504787491304,0.01667867112245481,0.0006671468448981924,1.0424169451534256e-05,0.2243112923003452,64
4288,66,4275,405.51747934233356,6.336210614723962,0.7743300423131171,0.7743300423131171,1418,1098,309,0,55.84375,3574.0,3.255009107468124,5.0,1098,0.032427646587580544,2075.369381605155,2034.6277001521391,40.74168145301609,0.01630100649636218,0.0006520402598544872,1.0188129060226363e-05,0.22133189037274686,64
4352,67,4339,408.6836905684524,6.385682665132069,0.7893617021276595,0.7893617021276595,1410,1113,318,0,56.75,3632.0,3.2632524707996406,5.0,1113,0.035737357796355146,2287.1908989667295,2246.929346788815,40.26155217791454,0.01824897289322285,0.000729958915728914,1.1405608058264281e-05,0.21832625570788686,64
4416,68,4403,406.0357915000427,6.344309242188167,0.7868020304568528,0.7868020304568528,1379,1085,279,0,55.671875,3563.0,3.2838709677419353,5.0,1085,0.03218252485217557,2059.6815905392364,2020.6930247646744,38.98856577456236,0.016295206206133575,0.0006518082482453429,1.0184503878833483e-05,0.21514333421026383,64
4480,69,4467,423.27959402602085,6.613743656656576,0.7751677852348994,0.7751677852348994,1490,1155,341,0,60.625,3880.0,3.3593073593073592,5.0,1155,0.03539621170623277,2265.3575491988972,2220.741147526684,44.61640167221269,0.017577876281110207,0.0007031150512444083,1.098617267569388e-05,0.21181689328694633,64
4544,70,4531,397.7131242211944,6.214267565956162,0.7653710247349823,0.7653710247349823,1415,1083,320,0,55.578125,3557.0,3.2843951985226223,5.0,1083,0.033703319736811184,2157.0124631559156,2115.796320709787,41.21614244612981,0.01595597599837721,0.0006382390399350885,9.972484998985758e-06,0.20874472450697212,64
4608,71,4595,395.03748908746877,6.1724607669916995,0.777295733911786,0.777295733911786,1383,1075,313,0,53.453125,3421.0,3.182325581395349,5.0,1075,0.0334683332414226,2141.9733274510463,2102.2770496950166,39.69627775603036,0.015751758148420766,0.0006300703259368306,9.844848842762979e-06,0.20563937259090517,64
4672,72,4659,417.70640599131417,6.526662593614284,0.8050541516245487,0.8050541516245487,1385,1115,290,0,57.15625,3658.0,3.2807174887892376,5.0,1115,0.033597412021077064,2150.234369348932,2110.7357852700716,39.49858407886087,0.015399163613593572,0.0006159665445437429,9.624477258495983e-06,0.20227872898440483,64
4736,73,4723,389.2278707963868,6.081685481193544,0.7723279648609077,0.7723279648609077,1366,1055,303,0,52.53125,3362.0,3.186729857819905,5.0,1055,0.03171378403193169,2029.6821780436283,1989.839672478294,39.84250556533377,0.01472872580121921,0.0005891490320487684,9.205453625762007e-06,0.19874822626796732,64
4800,74,4787,424.4257661760214,6.631652596500334,0.7843273231622746,0.7843273231622746,1442,1131,293,0,59.46875,3806.0,3.3651635720601236,5.0,1131,0.033818266206594394,2164.3690372220412,2121.1129149525696,43.25612226947132,0.014993025350303049,0.000599721014012122,9.370640843939406e-06,0.19526963791869717,64
4864,75,4851,412.75965017025885,6.4493695339102945,0.7874911158493249,0.7874911158493249,1407,1108,306,0,55.6875,3564.0,3.216606498194946,5.0,1108,0.03219671768440695,2060.5899318020447,2021.0220104655345,39.56792133651075,0.013838350181065653,0.0005535340072426262,8.648968863166034e-06,0.19192946326408328,64
4928,76,4915,388.63219654815725,6.072378071064957,0.7739575713240673,0.7739575713240673,1367,1058,319,0,55.15625,3530.0,3.33648393194707,5.0,1058,0.03072976197662984,1966.7047665043099,1925.5671859452343,41.13758055907547,0.013263699254173178,0.0005305479701669271,8.289812033858236e-06,0.18835888769812298,64
4992,77,4979,408.00207342095496,6.375032397202421,0.7708039492242595,0.7708039492242595,1418,1093,303,0,55.453125,3549.0,3.2470265324794143,5.0,1093,0.0316598695693176,2026.2316524363264,1985.256259790249,40.97539264607732,0.012790213167057656,0.0005116085266823063,7.993883229411035e-06,0.18469103960186384,64
5056,78,5043,457.79688725576887,7.1530763633713885,0.8318149964961458,0.8318149964961458,1427,1187,256,0,62.53125,4002.0,3.371524852569503,5.0,1187,0.03326573339698446,2129.0069374070054,2086.8040051478492,42.20293225915612,0.013893515301609548,0.0005557406120643819,8.683447063505967e-06,0.1808564653893362,64
5120,79,5107,419.72736853895896,6.558240133421234,0.7862165963431786,0.7862165963431786,1422,1118,298,0,58.71875,3758.0,3.361359570661896,5.0,1118,0.03291215065208731,2106.3776417335876,2063.8500505736197,42.5275911599682,0.012919735476482792,0.0005167894190593117,8.074834672801745e-06,0.1770578078114417,64
5184,80,5171,404.3981727864603,6.318721449788442,0.7702607470049331,0.7702607470049331,1419,1093,323,0,56.109375,3591.0,3.2854528819762123,5.0,1093,0.032156631990019384,2058.0244473612406,2016.8678496857299,41.15659767551096,0.012473409688196064,0.0004989363875278426,7.79588105512254e-06,0.17320824448427966,64
5248,81,5235,424.25547117968176,6.6289917371825275,0.7997148966500356,0.7997148966500356,1403,1122,287,0,57.046875,3651.0,3.2540106951871657,5.0,1122,0.032945350688796546,2108.502444082979,2068.337134866188,40.165309216791016,0.012533147761283045,0.0005013259104513218,7.833217350801903e-06,0.16937844202250502,64
5312,82,5299,409.59105485402074,6.399860232094074,0.7909356725146199,0.7909356725146199,1368,1082,276,0,55.609375,3559.0,3.289279112754159,5.0,1082,0.030961740109786428,1981.5513670263315,1941.5209717701819,40.03039525614945,0.011615372630762783,0.0004646149052305113,7.259607894226739e-06,0.16626307727522582,64
5376,83,5363,404.8756670484816,6.326182297632525,0.7866955892986262,0.7866955892986262,1383,1088,313,0,55.546875,3555.0,3.2674632352941178,5.0,1088,0.030737880698004996,1967.2243646723198,1926.818777635276,40.40558703704315,0.011187343493210345,0.00044749373972841376,6.992089683256465e-06,0.16434646765630812,64
5440,84,5427,387.4875815746884,6.054493462104507,0.7537260468417317,0.7537260468417317,1409,1062,341,0,54.140625,3465.0,3.26271186440678,5.0,1062,0.033840074626704617,2165.7647761090952,2125.199215459267,40.565560649827624,0.011836660129231534,0.0004734664051692614,7.397912580769709e-06,0.1634828973008654,64
5504,85,5491,394.3207667050846,6.161261979766947,0.7664497469269703,0.7664497469269703,1383,1060,313,0,54.234375,3471.0,3.2745283018867926,5.0,1060,0.028385869764278513,1816.6956649138249,1776.792108693998,39.903556219827074,0.009896377837246046,0.00039585511348984184,6.185236148278779e-06,0.16268264994556758,64
5568,86,5555,417.4950017523763,6.52335940238088,0.7981254506128335,0.7981254506128335,1387,1107,294,0,56.953125,3645.0,3.292682926829268,5.0,1107,0.03212166546019766,2055.7865894526503,2013.8671221620893,41.91946729055982,0.01081910895738988,0.0004327643582955952,6.761943098368675e-06,0.1618165077541817,64
5632,87,5619,424.0397841444923,6.625621627257692,0.78099173553719,0.78099173553719,1452,1134,317,0,58.03125,3714.0,3.2751322751322753,5.0,1134,0.03511500707671451,2247.360452909729,2206.2184173773994,41.142035532328094,0.011891748472933044,0.0004756699389173218,7.432342795583153e-06,0.1608475560053677,64
5696,88,5683,410.85914135000894,6.41967408359389,0.7884057971014493,0.7884057971014493,1380,1088,286,0,53.5,3424.0,3.1470588235294117,5.0,1088,0.03185230455822774,2038.5474917265753,2001.2518482500275,37.295643476547355,0.010827178958794599,0.00043308715835178397,6.7669868492466245e-06,0.15980287502403168,64
5760,89,5747,403.3516768524231,6.302369950819111,0.7697183098591549,0.7697183098591549,1420,1093,335,0,58.125,3720.0,3.403476669716377,5.0,1093,0.032797311927701266,2099.027963372881,2055.451681568741,43.57628180413973,0.011424640243334928,0.00045698560973339716,7.140400152084331e-06,0.15856994734738092,64
5824,90,5811,412.65813888400044,6.447783420062507,0.7931286549707602,0.7931286549707602,1368,1085,277,0,56.265625,3601.0,3.31889400921659,5.0,1085,0.030443141027886797,1948.361025784755,1908.297149332365,40.063876452390076,0.009746738374025291,0.0003898695349610117,6.0917114837658075e-06,0.15707568335412764,64
5888,91,5875,401.67602977492436,6.276187965233193,0.7785039941902687,0.7785039941902687,1377,1072,301,0,56.109375,3591.0,3.349813432835821,5.0,1072,0.029256064017446962,1872.3880971166056,1831.1286589380463,41.2594381785592,0.009756046761752114,0.00039024187047008457,6.097529226095071e-06,0.1552392895500344,64
5952,92,5939,443.6189386001106,6.931545915626728,0.7859509609012592,0.7859509609012592,1509,1186,336,0,62.0625,3972.0,3.3490725126475547,5.0,1186,0.03482041857510069,2228.506788806444,2183.5153267364153,44.99146207002963,0.01128030284372039,0.0004512121137488156,7.0501892773252435e-06,0.15354940341337692,64
6016,93,6003,405.47263973536343,6.335509995865054,0.7765042979942693,0.7765042979942693,1396,1084,307,0,53.9375,3452.0,3.1845018450184504,5.0,1084,0.03065990291503578,1962.2337865622899,1923.9592728755042,38.274513686784935,0.010249914389467154,0.00040999657557868615,6.406196493416971e-06,0.1526200769205932,64
6080,94,6067,405.62723805436906,6.3379255945995165,0.789860396767083,0.789860396767083,1361,1075,286,0,53.546875,3427.0,3.187906976744186,5.0,1075,0.03190554334473541,2041.954774063066,2005.6642506115695,36.290523451495815,0.010513693491554272,0.0004205477396621709,6.57105843222142e-06,0.15213159003720098,64
6144,95,6131,428.3547893449512,6.6930435835148625,0.7902777777777777,0.7902777777777777,1440,1138,308,0,58.0625,3716.0,3.265377855887522,5.0,1138,0.033088127912393024,2117.6401863931537,2076.4684103953896,41.17177599776456,0.011067253796078043,0.0004426901518431217,6.917033622548777e-06,0.15143068906265078,64
6208,96,6195,433.82247334877866,6.7784761460746665,0.7976190476190477,0.7976190476190477,1428,1139,282,0,55.703125,3565.0,3.1299385425812116,5.0,1139,0.03233354525989425,2069.346896633232,2030.9233225724452,38.423574060786756,0.011272791136675658,0.0004509116454670263,7.045494460422286e-06,0.15037255660954432,64
6272,97,6259,423.6560966869469,6.6196265107335455,0.8004322766570605,0.8004322766570605,1388,1111,276,0,55.6875,3564.0,3.207920792079208,5.0,1111,0.033257004022518216,2128.448257441166,2090.415663215083,38.03259422608309,0.010871084053111144,0.00043484336212444574,6.794427533194465e-06,0.1491752662737662,64
6336,98,6323,420.8526717179773,6.575822995593395,0.7704918032786885,0.7704918032786885,1464,1128,325,0,57.984375,3711.0,3.2898936170212765,5.0,1128,0.033029170734565606,2113.8669270121986,2072.137629100443,41.72929791175624,0.010867177736260773,0.00043468710945043093,6.791986085162983e-06,0.14867308469466617,64
6400,99,6387,421.03887215867866,6.578732377479354,0.8152818991097923,0.8152818991097923,1348,1099,264,0,54.234375,3471.0,3.1583257506824385,5.0,1099,0.03105266550533335,1987.3705923413345,1950.673494225531,36.69709811580384,0.01035394652328756,0.0004141578609315024,6.471216577054725e-06,0.14879119999508136,64
6464,100,6451,403.4427203278787,6.303792505123105,0.788659793814433,0.788659793814433,1358,1071,289,0,51.921875,3323.0,3.1027077497665734,5.0,1071,0.03126115205839537,2000.713731737304,1965.5746119781172,35.13911975918679,0.010424612237481291,0.00041698448949925164,6.515382648425807e-06,0.14846477606231476,64
6528,101,6515,416.90866404663245,6.514197875728632,0.7772346368715084,0.7772346368715084,1432,1113,311,0,56.1875,3596.0,3.2309074573225516,5.0,1113,0.03155833639809836,2019.733529478295,1979.0902008746218,40.64332860367268,0.010867119295234989,0.00043468477180939955,6.791949559521868e-06,0.1485802003647716,64
6592,102,6579,436.4269152348853,6.819170550545083,0.7940771349862259,0.7940771349862259,1452,1153,301,0,55.46875,3550.0,3.0789245446660884,5.0,1153,0.033001456458614555,2112.0932133513315,2073.2004759504994,38.89273740083126,0.01122241636639496,0.0004488966546557984,7.01401022899685e-06,0.14885603199375386,64
6656,103,6643,390.35030098264554,6.0992234528538365,0.7468706536856745,0.7468706536856745,1438,1074,357,0,54.765625,3505.0,3.2635009310986964,5.0,1074,0.031667950007255,2026.74880046432,1984.8141566872248,41.93464377709536,0.011082063835316184,0.0004432825534126474,6.9262898970726155e-06,0.14876816474509735,64
6720,104,6707,453.124667019423,7.080072922178484,0.8374910905203136,0.8374910905203136,1403,1175,261,0,58.21875,3726.0,3.1710638297872342,5.0,1175,0.03569703402024298,2284.610177295551,2246.1212839295767,38.488893365975066,0.012618756431762823,0.0005047502572705129,7.886722769851765e-06,0.14925363341612805,64
6784,105,6771,402.14976346715787,6.283590054174342,0.7791636096845195,0.7791636096845195,1363,1062,276,0,53.421875,3419.0,3.21939736346516,5.0,1062,0.0285783425602562,1829.0139238563968,1789.492927270361,39.52099658603698,0.00980629223342854,0.0003922516893371416,6.1289326458928376e-06,0.1497677521661161,64
6848,106,6835,425.86173562610986,6.654089619157967,0.7938288920056101,0.7938288920056101,1426,1132,298,0,56.734375,3631.0,3.2075971731448765,5.0,1132,0.033685023050102875,2155.841475206584,2115.8037426123196,40.03773259426402,0.012975748946265006,0.0005190299578506002,8.109843091415628e-06,0.15066478146319867,64
6912,107,6899,382.1179741462379,5.970593346034967,0.7852760736196319,0.7852760736196319,1304,1024,291,0,51.78125,3314.0,3.236328125,5.0,1024,0.027771097505011992,1777.3502403207674,1739.8912586190852,37.45898170168213,0.010353310019761088,0.00041413240079044353,6.47081876235068e-06,0.1515737054108952,64
6976,108,6963,391.89901525563187,6.123422113369248,0.7630057803468208,0.7630057803468208,1384,1056,310,0,54.25,3472.0,3.287878787878788,5.0,1056,0.029563932177056995,1892.0916593316476,1851.439623389544,40.65203594210369,0.01087554407607755,0.00043502176304310196,6.797215047548468e-06,0.15209623963877478,64
7040,109,7027,437.32786051649725,6.83324782057027,0.8054583624912526,0.8054583624912526,1429,1151,282,0,59.890625,3833.0,3.3301476976542137,5.0,1151,0.03419635767444222,2188.566891164302,2145.6320451597003,42.93484600460211,0.012957274127225731,0.0005182909650890292,8.098296329516082e-06,0.15241867351272506,64
7104,110,7091,399.4411482769525,6.241267941827383,0.782798833819242,0.782798833819242,1372,1074,310,0,53.875,3448.0,3.2104283054003724,5.0,1074,0.03276328867791851,2096.8504753867846,2058.8046943168956,38.04578106988835,0.011383411346872221,0.0004553364538748889,7.114632091795139e-06,0.15244923188145348,64
7168,111,7155,380.4112861195548,5.943926345618044,0.7571115973741794,0.7571115973741794,1371,1038,326,0,52.5625,3364.0,3.2408477842003856,5.0,1038,0.029634052713275405,1896.579373649626,1856.8425070683795,39.73686658124546,0.011175918202319762,0.0004470367280927905,6.984948876449851e-06,0.15198684441371751,64
7232,112,7219,424.34201783632795,6.630344028692624,0.7868162692847125,0.7868162692847125,1426,1122,290,0,56.359375,3607.0,3.214795008912656,5.0,1122,0.03388232806138441,2168.468995928602,2129.11104082162,39.3579551069821,0.011754685444720378,0.0004701874177888151,7.346678402950236e-06,0.1516378628230669,64
7296,113,7283,425.2967099676937,6.645261093245214,0.7846260387811634,0.7846260387811634,1444,1133,304,0,57.640625,3689.0,3.255957634598411,5.0,1133,0.03518624025644033,2251.919376412181,2211.1552066990553,40.76416971312573,0.013192784131056587,0.0005277113652422635,8.245490081910366e-06,0.1526580058583014,64
7360,114,7347,389.46000432385154,6.08531256756018,0.7685050798258345,0.7685050798258345,1378,1059,329,0,55.921875,3579.0,3.3796033994334276,5.0,1059,0.029640571836518203,1896.996597537165,1854.9402125055851,42.056385031580305,0.010862981441810058,0.0004345192576724023,6.789363401131286e-06,0.15360749651948888,64
7424,115,7411,432.7273084421276,6.761364194408244,0.7997198879551821,0.7997198879551821,1428,1142,293,0,56.703125,3629.0,3.177758318739054,5.0,1142,0.03102841597757774,1985.8186225649754,1946.7581354714628,39.060487093512556,0.011375482147453084,0.00045501928589812335,7.109676342158177e-06,0.1542077058250568,64
7488,116,7475,423.0710540197373,6.610485219058395,0.7963094393186657,0.7963094393186657,1409,1122,293,0,57.0625,3652.0,3.2549019607843137,5.0,1122,0.031014676864965975,1984.9393193578223,1944.4806730158966,40.45864634192576,0.012383817583311698,0.0004953527033324679,7.739885989569811e-06,0.15471296700361525,64
7552,117,7539,374.938442276064,5.8584131605635,0.7585185185185185,0.7585185185185185,1350,1024,324,0,53.015625,3393.0,3.3134765625,5.0,1024,0.029897312371358738,1913.4279917669592,1873.4323481813421,39.99564358561656,0.010765097608276687,0.0004306039043310675,6.7281860051729296e-06,0.155721139214331,64
7616,118,7603,412.5367856416887,6.445887275651386,0.7731384829505915,0.7731384829505915,1437,1111,322,0,57.46875,3678.0,3.3105310531053105,5.0,1111,0.03178173080936911,2034.0307717996227,1992.2126357883078,41.818136011314074,0.012012191235015866,0.00048048764940063465,7.507619521884916e-06,0.15638391398005017,64
7680,119,7667,380.02168192027113,5.9378387800042365,0.7674591381872214,0.7674591381872214,1346,1033,319,0,53.734375,3439.0,3.329138431752178,5.0,1033,0.02765537572898161,1769.944046654823,1729.6190150554241,40.32503159939953,0.010856952474414327,0.0004342780989765731,6.785595296508955e-06,0.1571713057026225,64
7744,120,7731,381.4860004630564,5.960718757235257,0.757090909090909,0.757090909090909,1375,1041,323,0,52.578125,3365.0,3.2324687800192122,5.0,1041,0.030561182021093793,1955.9156493500027,1916.1602903407327,39.75535900927008,0.012148119669528118,0.00048592478678112467,7.592574793455073e-06,0.15825905671766827,64
7808,121,7795,413.8520221373933,6.46643784589677,0.7976794778825236,0.7976794778825236,1379,1100,289,0,56.21875,3598.0,3.270909090909091,5.0,1100,0.031127311243885923,1992.147919608699,1951.985164696613,40.162754912086264,0.012517991699279965,0.0005007196679711986,7.823744812049978e-06,0.15925591716280668,64
7872,122,7859,407.91422342390183,6.373659740998466,0.7676696990902729,0.7676696990902729,1429,1097,307,0,55.6875,3564.0,3.2488605287146766,5.0,1097,0.034024507175553054,2177.5684592353955,2137.4624496712236,40.10600956417101,0.013668418825660819,0.0005467367530264328,8.542761766038012e-06,0.1598166369953297,64
7936,123,7923,434.67633237703194,6.791817693391124,0.8189655172413793,0.8189655172413793,1392,1140,262,0,56.453125,3613.0,3.1692982456140353,5.0,1140,0.03513728921113432,2248.7865095125967,2213.019246173328,35.76726333926729,0.01526503856733333,0.0006106015426933332,9.540649104583331e-06,0.16016795956107033,64
8000,124,7987,423.7240674221234,6.6206885534706785,0.7818930041152263,0.7818930041152263,1458,1140,324,0,56.484375,3615.0,3.1710526315789473,5.0,1140,0.032794038699512626,2098.818476768808,2059.9102579749865,38.908218793820986,0.01368184110477913,0.0005472736441911652,8.551150690486956e-06,0.16026523491330613,64
8064,125,8051,440.56995594280795,6.883905561606374,0.8189593727726301,0.8189593727726301,1403,1149,249,0,52.828125,3381.0,2.9425587467362924,5.0,1149,0.03576084026034503,2288.693776662082,2254.6449817091284,34.04879495295335,0.01594237424305673,0.0006376949697222692,9.963983901910457e-06,0.16067512048445148,64
8128,126,8115,404.068400207952,6.31356875324925,0.7867435158501441,0.7867435158501441,1388,1092,319,0,56.09375,3590.0,3.2875457875457874,5.0,1092,0.03249511695044359,2079.6874848283896,2039.9901828596217,39.69730196876732,0.012791108382958341,0.0005116443353183337,7.994442739348963e-06,0.16108559076524404,64
8192,127,8179,411.28242001633174,6.4262878127551835,0.7883636363636364,0.7883636363636364,1375,1084,265,0,53.921875,3451.0,3.183579335793358,5.0,1084,0.030891818536333805,1977.0763863253635,1939.1936879052234,37.88269842014061,0.012942228201131943,0.0005176891280452777,8.088892625707464e-06,0.16100825660989632,64
8256,128,8243,395.1075254559328,6.17355508524895,0.771613832853026,0.771613832853026,1388,1071,318,0,53.21875,3406.0,3.180205415499533,5.0,1071,0.0315103508411624,2016.662453834394,1977.2937664104004,39.36868742399313,0.012896345220934085,0.0005158538088373634,8.060215763083804e-06,0.16070957406156738,64
8320,129,8307,404.8840551905951,6.326313362353049,0.7791193181818182,0.7791193181818182,1408,1097,323,0,56.5625,3620.0,3.299908842297174,5.0,1097,0.032274626373520174,2065.576087905291,2026.0528738361816,39.52321406910984,0.01336605720455555,0.000534642288182222,8.353785752847219e-06,0.16003947971233448,64
8384,130,8371,394.49719912794137,6.164018736374084,0.7763929618768328,0.7763929618768328,1364,1059,298,0,55.71875,3566.0,3.3673276676109536,5.0,1059,0.028974972815562133,1854.3982601959765,1811.9902110087182,42.40804918725785,0.011852462316390764,0.00047409849265563054,7.407788947744227e-06,0.15900352761650444,64
8448,131,8435,395.35688305449395,6.177451297726468,0.7682494684620836,0.7682494684620836,1411,1084,336,0,54.90625,3514.0,3.2416974169741697,5.0,1084,0.033437399947080185,2139.993596613132,2100.613544612477,39.380052000654516,0.014886292275836821,0.0005954516910334728,9.303932672398013e-06,0.157757204820552,64
8512,132,8499,414.40204900053516,6.475032015633362,0.7867803837953091,0.7867803837953091,1407,1107,292,0,56.59375,3622.0,3.2719060523938572,5.0,1107,0.03455525568195232,2211.5363636449483,2171.8262449911404,39.71011865380715,0.015061570788023637,0.0006024628315209455,9.413481742514774e-06,0.15707428578141816,64
8576,133,8563,390.3035958957828,6.098493685871606,0.7693981145757796,0.7693981145757796,1379,1061,318,0,56.453125,3613.0,3.405278039585297,5.0,1061,0.030277937723335802,1937.7880142934914,1895.6876490867132,42.1003652067785,0.013093487830058873,0.0005237395132023549,8.183429893786796e-06,0.1572089450644823,64
8640,134,8627,409.08094786620995,6.3918898104095305,0.7696590118302018,0.7696590118302018,1437,1106,319,0,58.3125,3732.0,3.3743218806509945,5.0,1106,0.03151409606319857,2016.9021480447084,1972.6444192147703,44.25772882993806,0.013877686463478598,0.0005551074585391439,8.673554039674124e-06,0.1571649247238111,64
8704,135,8691,411.44667875710707,6.428854355579798,0.7883522727272727,0.7883522727272727,1408,1110,316,0,57.625,3688.0,3.3225225225225223,5.0,1110,0.032869360136119755,2103.639048711664,2061.665011885341,41.97403682632325,0.01415061526906861,0.0005660246107627443,8.84413454316788e-06,0.1573946216276655,64
8768,136,8755,401.8506697268539,6.278916714482092,0.7957068837897854,0.7957068837897854,1351,1075,282,0,54.375,3480.0,3.2372093023255815,5.0,1075,0.03342118449434068,2138.9558076378034,2099.3145203342824,39.64128730352157,0.01525427431264819,0.0006101709725059276,9.533921445405119e-06,0.15777418768891976,64
8832,137,8819,394.18430128746223,6.159129707616597,0.7531468531468531,0.7531468531468531,1430,1077,338,0,55.875,3576.0,3.32033426183844,5.0,1077,0.029436814283515755,1883.9561141450083,1841.4800996468596,42.476014498149574,0.012053508759344784,0.0004821403503737914,7.53344297459049e-06,0.1581645476588603,64
8896,138,8883,419.72361315052166,6.558181455476901,0.7840670859538784,0.7840670859538784,1431,1122,300,0,55.5,3552.0,3.165775401069519,5.0,1122,0.03237231643546492,2071.8282518697547,2033.4047215868184,38.42353028293592,0.014304228536128148,0.0005721691414451259,8.940142835080092e-06,0.1589799153792717,64
8960,139,8947,392.937926534466,6.139655102101031,0.7826725403817915,0.7826725403817915,1362,1066,310,0,54.046875,3459.0,3.24484052532833,5.0,1066,0.03451177308087999,2208.7534771763194,2169.609832716531,39.14364445978818,0.014541435658532696,0.0005816574263413078,9.088397286582935e-06,0.1595211926093491,64
9024,140,9011,421.69802199341666,6.589031593647135,0.7887421820708825,0.7887421820708825,1439,1135,316,0,60.125,3848.0,3.390308370044053,5.0,1135,0.03496436590872389,2237.719418158329,2194.082445319146,43.63697283918221,0.015135859060129781,0.0006054343624051912,9.459911912581113e-06,0.16047974729811484,64
9088,141,9075,396.3764318973268,6.193381748395732,0.7907324364723468,0.7907324364723468,1338,1058,283,0,55.796875,3571.0,3.3752362948960304,5.0,1058,0.029784964051664815,1906.2376993065482,1866.3582436392355,39.87945566731446,0.012643993287097914,0.0005057597314839166,7.902495804436196e-06,0.1614671568967651,64
9152,142,9139,392.99691908285854,6.140576860669665,0.7665706051873199,0.7665706051873199,1388,1064,312,0,55.359375,3543.0,3.329887218045113,5.0,1064,0.033219252112653745,2126.03213520984,2082.1352698516425,43.89686535819823,0.013209586178610832,0.0005283834471444332,8.25599136163177e-06,0.16205398474648602,64
9216,143,9203,393.3128838212078,6.1455138097063715,0.7647897362794013,0.7647897362794013,1403,1073,331,0,56.796875,3635.0,3.387698042870457,5.0,1073,0.030258490363002016,1936.5433832321291,1893.8292916267542,42.71409160537481,0.012725277218988673,0.0005090110887595469,7.95329826186792e-06,0.16228018986543674,64
9280,144,9267,384.20377219388007,6.003183940529376,0.7351129363449692,0.7351129363449692,1461,1074,378,0,55.640625,3561.0,3.315642458100559,5.0,1074,0.03131547138114875,2004.1901683935198,1960.770586292798,43.419582100721236,0.012868262612663809,0.0005147305045065523,8.04266413291488e-06,0.16207375334281798,64
9344,145,9331,386.3288607038577,6.036388448497776,0.7730287398673544,0.7730287398673544,1357,1049,315,0,54.765625,3505.0,3.3412774070543376,5.0,1049,0.030342559238804932,1941.9237912835156,1901.5473920074112,40.3763992761045,0.012983934780142698,0.0005193573912057079,8.114959237589186e-06,0.16168588582292953,64
9408,146,9395,389.0354179091613,6.0786784048306455,0.751412429378531,0.751412429378531,1416,1064,337,0,57.0,3648.0,3.4285714285714284,5.0,1064,0.03205789322095605,2051.705166141187,2007.3438023716258,44.36136376956181,0.011997180933443864,0.0004798872373377545,7.498238083402414e-06,0.1611320562368777,64
9472,147,9459,399.7439270867568,6.245998860730575,0.7743553008595988,0.7743553008595988,1396,1081,318,0,57.359375,3671.0,3.3959296947271045,5.0,1081,0.031123253077032165,1991.8881969300585,1949.4557875943724,42.432409335685875,0.013013517926732538,0.0005205407170693015,8.133448704207836e-06,0.1611335811824188,64
9536,148,9523,395.47397966632167,6.179280932286276,0.7647897362794013,0.7647897362794013,1403,1073,323,0,56.078125,3589.0,3.3448275862068964,5.0,1073,0.030906311874886676,1978.0039599927472,1935.3179666182975,42.68599337444961,0.012216080788909966,0.0004886432315563986,7.635050493068728e-06,0.16078440957320317,64
9600,149,9587,421.0865720402393,6.579477688128739,0.7959039548022598,0.7959039548022598,1416,1127,311,0,60.046875,3843.0,3.409937888198758,5.0,1127,0.03423318281412101,2190.9237001037445,2148.3403164848933,42.58338361884998,0.012668143824732744,0.0005067257529893098,7.917589890457965e-06,0.1602092174626416,64
9664,150,9651,412.71699649370527,6.448703070214145,0.7898134863701578,0.7898134863701578,1394,1101,297,0,57.96875,3710.0,3.369663941871026,5.0,1101,0.031220573258544815,1998.116688546868,1956.9855991244433,41.13108942242492,0.012355040655569364,0.0004942016262227746,7.721900409730853e-06,0.15920620937511717,64
9728,151,9715,379.0305420607775,5.922352219699649,0.7412935323383084,0.7412935323383084,1407,1043,342,0,55.5,3552.0,3.405560882070949,5.0,1043,0.030487982348316827,1951.230870292277,1907.8164543349749,43.41441595730276,0.011508622178749714,0.00046034488714998857,7.1928888617185714e-06,0.15786838393109892,64
9792,152,9779,391.334304342236,6.114598505347438,0.7938066465256798,0.7938066465256798,1324,1051,297,0,51.53125,3298.0,3.137963843958135,5.0,1051,0.03148786284777957,2015.2232222578923,1980.4997728740877,34.72344938380466,0.012489820711342288,0.0004995928284536915,7.80613794458893e-06,0.15626375317125835,64
9856,153,9843,416.0802862031102,6.5012544719235965,0.7905308464849354,0.7905308464849354,1394,1102,281,0,56.390625,3609.0,3.2749546279491835,5.0,1102,0.034106254296615374,2182.800274983384,2143.7281918947187,39.072083088664826,0.013466053481274814,0.0005386421392509926,8.416283425796759e-06,0.15463908113515093,64
9920,154,9907,381.03963896187383,5.953744358779279,0.7708333333333334,0.7708333333333334,1344,1036,320,0,55.234375,3535.0,3.4121621621621623,5.0,1036,0.02904397817217493,1858.8146030191954,1817.7178617861096,41.09674123308639,0.010870430441866395,0.00043481721767465575,6.794019026166496e-06,0.15383376129641207,64
9984,155,9971,398.7862517548645,6.231035183669758,0.7639575971731449,0.7639575971731449,1415,1081,318,0,53.75,3440.0,3.1822386679000925,5.0,1081,0.034256885528016236,2192.440673793039,2153.721164525698,38.719509267340555,0.013665766515459485,0.0005466306606183794,8.541104072162179e-06,0.15354645871522077,64
10048,156,10035,416.22673321561933,6.503542706494052,0.7942652329749104,0.7942652329749104,1395,1108,296,0,54.921875,3515.0,3.172382671480144,5.0,1108,0.03349152257022937,2143.4574444946797,2104.9282562315857,38.52918826309334,0.01258278529448114,0.0005033114117792456,7.864240809050712e-06,0.15281592444939435,64
10112,157,10099,409.17456994181407,6.393352655340845,0.770949720670391,0.770949720670391,1432,1104,327,0,59.34375,3798.0,3.4402173913043477,5.0,1104,0.032143532204069514,2057.186061060449,2012.2835643019705,44.90249675847837,0.0119083571932906,0.000476334287731624,7.442723245806625e-06,0.15175343198691804,64
10176,158,10163,418.1983194863659,6.534348741974467,0.7883934890304317,0.7883934890304317,1413,1114,299,0,58.265625,3729.0,3.3473967684021546,5.0,1114,0.03381407051349234,2164.1005128635097,2122.307323552817,41.79318931069205,0.01245736403213544,0.0004982945612854176,7.78585252008465e-06,0.15045004525264372,64
10240,159,10227,364.03553708117033,5.688055266893286,0.7585421412300684,0.7585421412300684,1317,999,326,0,52.28125,3346.0,3.349349349349349,5.0,999,0.02870507048320784,1837.1245109253018,1797.1900220599016,39.93448886539994,0.010591001433735857,0.0004236400573494343,6.619375896084911e-06,0.14881495545602863,64
10304,160,10291,395.4841115928415,6.179439243638148,0.7793462109955424,0.7793462109955424,1346,1049,284,0,54.3125,3476.0,3.313632030505243,5.0,1049,0.02642351882641713,1691.1052048906963,1651.53166975588,39.57353513481654,0.009234074433601693,0.0003693629773440677,5.771296521001058e-06,0.14755621832378424,64
10368,161,10355,386.3781293805792,6.03715827157155,0.7699115044247787,0.7699115044247787,1356,1044,312,0,56.078125,3589.0,3.4377394636015324,5.0,1044,0.029435927498032907,1883.899359874106,1841.7886206294759,42.11073924462995,0.010668832948103014,0.00042675331792412055,6.668020592564384e-06,0.14656202155574197,64
10432,162,10419,426.6319558407272,6.666124310011362,0.7908771929824562,0.7908771929824562,1425,1127,291,0,59.9375,3836.0,3.4037267080745344,5.0,1127,0.033629686907856116,2152.2999621027916,2108.7220379995456,43.57792410324687,0.01133245782347235,0.000453298312938894,7.082786139670219e-06,0.1462658147214963,64
10496,163,10483,416.3857809063709,6.506027826662045,0.7648247978436657,0.7648247978436657,1484,1135,355,0,59.6875,3820.0,3.3656387665198237,5.0,1135,0.03664477713414799,2345.265736585471,2299.582875453875,45.68286113159606,0.013241555084275776,0.000529662203371031,8.27597192767236e-06,0.14572373586279574,64
10560,164,10547,412.8994435077605,6.451553804808758,0.7676975945017183,0.7676975945017183,1455,1117,334,0,59.34375,3798.0,3.4001790510295433,5.0,1117,0.03205034370182785,2051.2219969169823,2006.7841563471754,44.43784056980701,0.01177703022556109,0.0004710812090224436,7.360643890975681e-06,0.14501823770320735,64
10624,165,10611,414.7089189520482,6.479826858625753,0.783859649122807,0.783859649122807,1425,1117,329,0,58.0625,3716.0,3.3267681289167412,5.0,1117,0.03367037557621014,2154.904036877449,2112.0860893649024,42.81794751254552,0.011227163200737212,0.0004490865280294885,7.0169770004607574e-06,0.14467623978540553,64
10688,166,10675,366.9461786605989,5.733534041571858,0.7494373593398349,0.7494373593398349,1333,999,318,0,53.125,3400.0,3.4034034034034035,5.0,999,0.028672973054173784,1835.0702754671222,1793.88459342552,41.18568204160248,0.009749677290103545,0.0003899870916041418,6.093548306314716e-06,0.1443003775110885,64
10752,167,10739,393.59024688102454,6.1498476075160085,0.7515701325889742,0.7515701325889742,1433,1077,348,0,59.28125,3794.0,3.522748375116063,5.0,1077,0.03271610943243716,2093.8310036759785,2049.209103824957,44.62189985102258,0.010910514281644445,0.0004364205712657778,6.819071426027778e-06,0.14374089362253661,64
10816,168,10803,404.30253185417416,6.317227060221471,0.7702127659574468,0.7702127659574468,1410,1086,322,0,58.5625,3748.0,3.451197053406998,5.0,1086,0.029574904219685522,1892.7938700598734,1850.4973525225269,42.29651753734629,0.009158253828500855,0.0003663301531400342,5.723908642813034e-06,0.14343170418324164,64
10880,169,10867,459.1226615207339,7.173791586261467,0.8124576844955992,0.8124576844955992,1477,1200,289,0,64.203125,4109.0,3.424166666666667,5.0,1200,0.035800714429206834,2291.2457234692374,2246.2993807925177,44.94634267672075,0.0112855970982079,0.000451423883928316,7.053498186379938e-06,0.1435652377491095,64
10944,170,10931,394.72534003847613,6.16758343810119,0.7475795297372061,0.7475795297372061,1446,1081,358,0,57.84375,3702.0,3.4246068455134133,5.0,1081,0.03158948103475057,2021.7267862240365,1976.5566425492693,45.17014367476669,0.009165997953296532,0.00036663991813186127,5.728748720810332e-06,0.1435389567095346,64
11008,171,10995,381.86482956295447,5.966637961921164,0.75,0.75,1400,1050,354,0,54.921875,3515.0,3.3476190476190477,5.0,1050,0.031873639999258525,2039.9129599525456,1997.3614435052712,42.55151644727526,0.009942122453774911,0.00039768489815099643,6.213826533609319e-06,0.14325246369103006,64
11072,172,11059,429.29473722413206,6.7077302691270635,0.7634338138925295,0.7634338138925295,1526,1165,359,0,63.375,4056.0,3.4815450643776824,5.0,1165,0.038118684835680434,2439.5958294835477,2391.920491150514,47.67533833303401,0.01174567162037013,0.0004698268648148052,7.341044762731331e-06,0.1428697644403107,64
11136,173,11123,409.61929697639187,6.400301515256123,0.7704576976421637,0.7704576976421637,1442,1111,346,0,59.84375,3830.0,3.447344734473447,5.0,1111,0.03333388120058531,2133.36839683746,2087.8100564945403,45.55834034291935,0.010069870293662063,0.0004027948117464825,6.2936689335387894e-06,0.14222362232999639,64
11200,174,11187,436.91702643802984,6.826828538094216,0.7968099861303745,0.7968099861303745,1442,1149,292,0,59.46875,3806.0,3.3124456048738034,5.0,1149,0.03496640095646097,2237.849661213502,2195.715167306154,42.13449390734821,0.010647546857616907,0.00042590187430467625,6.6547167860105664e-06,0.1412868986293645,64
11264,175,11251,424.965083592316,6.640079431129937,0.7814661134163209,0.7814661134163209,1446,1130,314,0,58.671875,3755.0,3.3230088495575223,5.0,1130,0.03308098348950203,2117.18294332813,2075.3798515470526,41.80309178107606,0.00954787679622994,0.00038191507184919763,5.967422997643713e-06,0.13998061061683104,64
11328,176,11315,413.3637753610296,6.458808990016087,0.7860230547550432,0.7860230547550432,1388,1091,286,0,56.609375,3623.0,3.3208065994500457,5.0,1091,0.0318368923825731,2037.5611124846782,1997.256400085532,40.304712399146126,0.009531917948184542,0.00038127671792738166,5.9574487176153384e-06,0.1386212039660092,64
11392,177,11379,386.93485379227127,6.045857090504239,0.7532188841201717,0.7532188841201717,1398,1053,337,0,56.265625,3601.0,3.419753086419753,5.0,1053,0.029415238239157582,1882.5752473060852,1840.2346240758357,42.340623230248816,0.008903956580951139,0.0003561582632380456,5.564972863094462e-06,0.13840918582598344,64
11456,178,11443,404.08045103617235,6.313757047440193,0.7858703568827385,0.7858703568827385,1373,1079,309,0,57.703125,3693.0,3.422613531047266,5.0,1079,0.031044661573793528,1986.8583407227857,1945.7313426265682,41.12699809621842,0.009077548368442424,0.00036310193473769697,5.673467730276515e-06,0.13802545612651895,64
11520,179,11507,413.90420369512606,6.467253182736345,0.7799858055358411,0.7799858055358411,1409,1099,300,0,55.578125,3557.0,3.2365787079162875,5.0,1099,0.03314137895091831,2121.048252858772,2080.553275032441,40.494977826330775,0.009692487463821604,0.00038769949855286417,6.057804664888503e-06,0.13746030077253552,64
11584,180,11571,410.91457840545655,6.420540287585259,0.7634854771784232,0.7634854771784232,1446,1104,332,0,59.265625,3793.0,3.4356884057971016,5.0,1104,0.03081337260989335,1972.0558470331744,1926.836213372959,45.21963366021505,0.008924540013575661,0.00035698160054302647,5.577837508484789e-06,0.1364926022167298,64
11648,181,11635,405.9930414086079,6.343641272009498,0.7761194029850746,0.7761194029850746,1407,1092,325,0,60.3125,3860.0,3.5347985347985347,5.0,1092,0.03416436314183882,2186.5192410776845,2141.5932711084774,44.9259699692071,0.00955744166391652,0.0003822976665566608,5.973401039947825e-06,0.13520039276470042,64
11712,182,11699,417.0394479749139,6.51624137460803,0.7877927608232789,0.7877927608232789,1409,1110,309,0,58.78125,3762.0,3.389189189189189,5.0,1110,0.03513761289586275,2248.807225335216,2206.7681134045783,42.03911193063656,0.010173092883494413,0.0004069237153397765,6.358183052184008e-06,0.13484809611897408,64
11776,183,11763,460.65213386974153,7.1976895917147115,0.8197395476353667,0.8197395476353667,1459,1196,270,0,53.9375,3452.0,2.8862876254180603,5.0,1196,0.04088770936701565,2616.8133994890013,2585.9131968091438,30.900202679857795,0.01238075885121224,0.0004952303540484896,7.73797428200765e-06,0.13527092101841176,64
11840,184,11827,418.02063146498347,6.531572366640367,0.7816901408450704,0.7816901408450704,1420,1110,304,0,56.6875,3628.0,3.2684684684684684,5.0,1110,0.03326619737934808,2129.036632278277,2087.970156156853,41.06647612142353,0.00992544201050921,0.0003970176804203684,6.203401256568256e-06,0.13539360990413846,64
11904,185,11891,429.05505047720646,6.703985163706351,0.7950704225352113,0.7950704225352113,1420,1129,284,0,55.34375,3542.0,3.137289636846767,5.0,1129,0.037924812007985996,2427.187968511104,2391.642099796954,35.54586871414983,0.01152834655565632,0.0004611338622262528,7.2052165972852e-06,0.1352901110578501,64
11968,186,11955,412.1531987274684,6.439893730116694,0.8025147928994083,0.8025147928994083,1352,1085,276,0,52.078125,3333.0,3.071889400921659,5.0,1085,0.033671373149397256,2154.9678815614243,2120.8658968099444,34.10198475148034,0.010880463539721762,0.00043521854158887045,6.800289712326101e-06,0.13575680647861313,64
12032,187,12019,422.34815620407556,6.599189940688681,0.8030634573304157,0.8030634573304157,1371,1101,267,0,54.1875,3468.0,3.1498637602179835,5.0,1101,0.03260018264455074,2086.411689251247,2050.296986301758,36.11470294948947,0.009692304943635602,0.0003876921977454241,6.057690589772252e-06,0.13582356231092965,64
12096,188,12083,419.06981061956253,6.5479657909306646,0.8086194302410519,0.8086194302410519,1369,1107,284,0,50.796875,3251.0,2.93676603432701,5.0,1107,0.036436211924472765,2331.917563166257,2302.5829271580733,29.334636008183168,0.012175051356916319,0.0004870020542766527,7.609407098072699e-06,0.13627371697347934,64
12160,189,12147,449.15219394662023,7.018003030415941,0.8026134800550206,0.8026134800550206,1454,1167,267,0,51.0,3264.0,2.796915167095116,5.0,1167,0.035167001731131964,2250.6881107924455,2220.6684249207574,30.019685871687464,0.011445802096310926,0.00045783208385243707,7.153626310194329e-06,0.13696533613050788,64
12224,190,12211,405.85929724567507,6.341551519463673,0.775553967119371,0.775553967119371,1399,1085,306,0,52.40625,3354.0,3.091244239631336,5.0,1085,0.03487747192890763,2232.1582034500884,2196.698015113884,35.46018833620371,0.01093428662484071,0.0004373714649936284,6.8339291405254435e-06,0.13795930775539647,64
12288,191,12275,422.5034962995578,6.601617129680591,0.7852631578947369,0.7852631578947369,1425,1119,298,0,53.59375,3430.0,3.065236818588025,5.0,1119,0.036310671922473656,2323.8830030383137,2289.935557635478,33.94744540283565,0.011210798141003906,0.0004484319256401562,7.006748838127441e-06,0.1389980307729835,64
12352,192,12339,438.6127004763315,6.85332344494268,0.7946243969676086,0.7946243969676086,1451,1153,289,0,54.015625,3457.0,2.9982653946227233,5.0,1153,0.03515722819468765,2250.0626044600094,2215.0128896257006,35.049714834308936,0.011870650025621965,0.00047482600102487856,7.4191562660137275e-06,0.1399633216005352,64
12416,193,12403,379.2384390366253,5.925600609947271,0.739221140472879,0.739221140472879,1438,1063,388,0,54.3125,3476.0,3.2699905926622765,5.0,1063,0.03216415976821308,2058.5062251656373,2015.6431416807482,42.86308348488791,0.011057544703903967,0.0004423017881561587,6.91096543993998e-06,0.14036705463311938,64
12480,194,12467,427.997932766393,6.68746769947489,0.80098452883263,0.80098452883263,1422,1139,304,0,58.34375,3734.0,3.2783143107989465,5.0,1139,0.03502461939910755,2241.575641542883,2201.5728874720903,40.002754070792676,0.012545118566064743,0.0005018047426425897,7.840699103790464e-06,0.14049363852363356,64
12544,195,12531,425.66257659932353,6.65097775936443,0.7729435757987764,0.7729435757987764,1471,1137,311,0,55.625,3560.0,3.1310466138962183,5.0,1137,0.0376745777696801,2411.1729772595263,2374.4779888155763,36.694988443949754,0.012815202140975897,0.0005126080856390359,8.009501338109936e-06,0.14036365865791817,64
12608,196,12595,385.1850962223174,6.018517128473709,0.7632534495279594,0.7632534495279594,1377,1051,333,0,54.625,3496.0,3.326355851569933,5.0,1051,0.03235540467302127,2070.745899073361,2027.8931595059955,42.85273956736554,0.010711691680576847,0.0004284676672230739,6.69480730036053e-06,0.1401764055262511,64
12672,197,12659,383.40235598284437,5.990661812231943,0.7631578947368421,0.7631578947368421,1368,1044,327,0,54.03125,3458.0,3.3122605363984676,5.0,1044,0.030334117887149778,1941.3835447775857,1900.5225735277315,40.86097124985353,0.010538489052675489,0.00042153956210701953,6.58655565792218e-06,0.14108676465947687,64
12736,198,12723,410.01885777372775,6.406544652714496,0.7662968099861304,0.7662968099861304,1442,1105,321,0,55.734375,3567.0,3.228054298642534,5.0,1105,0.03475452662835088,2224.2897042144564,2184.3147413757906,39.974962838665455,0.012683244898306792,0.0005073297959322716,7.927028061441744e-06,0.14225458994292745,64
12800,199,12787,430.8715398382856,6.732367809973213,0.7862491490810075,0.7862491490810075,1469,1155,330,0,58.578125,3749.0,3.245887445887446,5.0,1155,0.03407762439105105,2180.9679610272674,2137.1834250739253,43.78453595334251,0.01152833697310942,0.0004611334789243768,7.205210608193387e-06,0.14310982886198242,64
12864,200,12851,445.5985182254377,6.962476847272464,0.7998629198080878,0.7998629198080878,1459,1167,285,0,58.59375,3750.0,3.2133676092544987,5.0,1167,0.0330669296128236,2116.2834952207104,2077.5606800382798,38.72281518243011,0.011583388003736669,0.00046333552014946673,7.239617502335418e-06,0.1436604976799876,64
12928,201,12915,419.65549318234025,6.557117080974066,0.7893617021276595,0.7893617021276595,1410,1113,292,0,53.765625,3441.0,3.091644204851752,5.0,1113,0.03357088750286104,2148.5368001831066,2111.499441484911,37.03735869819478,0.012106972729817235,0.0004842789091926894,7.566857956135772e-06,0.1445846629710345,64
12992,202,12979,415.03894650085863,6.484983539075916,0.7812939521800282,0.7812939521800282,1422,1111,318,0,55.921875,3579.0,3.2214221422142213,5.0,1111,0.031567445817352276,2020.3165323105457,1980.4711489149622,39.845383395583745,0.011080713361424983,0.0004432285344569993,6.925445850890614e-06,0.1454640697417838,64
13056,203,13043,401.59692559963355,6.274951962494274,0.7736389684813754,0.7736389684813754,1396,1080,313,0,56.15625,3594.0,3.327777777777778,5.0,1080,0.03150909052003432,2016.5817932821965,1976.2135669885956,40.36822629360031,0.01092783471110622,0.0004371133884442488,6.829896694441388e-06,0.1459817221176866,64
13120,204,13107,411.6538137315335,6.432090839555211,0.7828246983676366,0.7828246983676366,1409,1103,309,0,52.0,3328.0,3.017225747960109,5.0,1103,0.033416736062323295,2138.671107988691,2103.2976251929913,35.37348279569979,0.012021777049045413,0.0004808710819618165,7.513610655653383e-06,0.14709382909234137,64
13184,205,13171,414.2303805509648,6.472349696108825,0.7700276243093923,0.7700276243093923,1448,1115,322,0,55.21875,3534.0,3.1695067264573993,5.0,1115,0.03419224458124995,2188.3036531999965,2150.0003692959367,38.30328390406022,0.012464359364578105,0.0004985743745831242,7.790224602861315e-06,0.14827324120386043,64
13248,206,13235,410.2637316990431,6.410370807797548,0.7612551159618008,0.7612551159618008,1466,1116,348,0,60.546875,3875.0,3.4722222222222223,6.0,1116,0.03531293342750768,2260.0277393604915,2215.0072668658377,45.020472494652566,0.011474201236145686,0.00045896804944582745,7.171375772591054e-06,0.14913358886646289,64
13312,207,13299,392.83674181084444,6.138074090794444,0.7602836879432624,0.7602836879432624,1410,1072,346,0,58.4375,3740.0,3.4888059701492535,5.449999999999932,1072,0.031445980383982955,2012.5427445749092,1968.9730556606842,43.5696889142251,0.010468813160250482,0.00041875252641001924,6.543008225156551e-06,0.14953688479680746,64
13376,208,13363,387.4267947538709,6.053543668029233,0.7347767253044655,0.7347767253044655,1478,1086,392,0,58.09375,3718.0,3.423572744014733,5.0,1086,0.03395822161526128,2173.326183376722,2128.2211362045937,45.105047172129304,0.01213726647051497,0.00048549065882059876,7.585791544071856e-06,0.14957558698810408,64
13440,209,13427,383.607074307286,5.9938605360513435,0.7683284457478006,0.7683284457478006,1364,1048,340,0,54.984375,3519.0,3.357824427480916,5.0,1048,0.029983823572990315,1918.96470867138,1879.8628780852946,39.10183058608572,0.009981060056468783,0.00039924240225875133,6.2381625352929895e-06,0.14952371460595842,64
13504,210,13491,378.20583043888627,5.909466100607598,0.7509184423218221,0.7509184423218221,1361,1022,310,0,54.09375,3462.0,3.3874755381604698,5.0,1022,0.02866437981926826,1834.5203084331688,1793.0262481195975,41.49406031357189,0.010044497222003393,0.00040177988888013573,6.277810763752121e-06,0.14979129841312705,64
13568,211,13555,392.65636877558006,6.1352557621184385,0.7688442211055276,0.7688442211055276,1393,1071,339,0,56.109375,3591.0,3.3529411764705883,5.0,1071,0.03367793301736672,2155.38771311147,2114.2276358328945,41.16007727857478,0.011498648362128643,0.00045994593448514575,7.186655226330402e-06,0.14991014967770694,64
13632,212,13619,428.7504482840586,6.699225754438416,0.7802569303583502,0.7802569303583502,1479,1154,331,0,61.78125,3954.0,3.4263431542461005,5.0,1154,0.03639735547764847,2329.430750569502,2285.131426055987,44.299324513514705,0.013109881980241048,0.0005243952792096419,8.193676237650655e-06,0.1498912903482335,64
13696,213,13683,390.3727383336386,6.099574036463103,0.7566024268379729,0.7566024268379729,1401,1060,320,0,54.484375,3487.0,3.289622641509434,5.0,1060,0.03255234301592425,2083.349953019152,2043.3464423103271,40.00351070882494,0.012242768051167816,0.0004897107220467126,7.651730031979885e-06,0.14947505350279577,64
13760,214,13747,387.5894343998455,6.056084912497586,0.7786032689450223,0.7786032689450223,1346,1048,309,0,53.3125,3412.0,3.2557251908396947,5.0,1048,0.031288501333980624,2002.4640853747599,1963.8692059737166,38.59487940104404,0.011560373868684491,0.00046241495474737965,7.225233667927807e-06,0.14857967644412878,64
13824,215,13811,413.7829970979714,6.465359329655803,0.7803508771929825,0.7803508771929825,1425,1112,314,0,58.265625,3729.0,3.3534172661870505,5.0,1112,0.03448582578529674,2207.0928502589913,2164.7669822045023,42.32586805448952,0.013255552024509837,0.0005302220809803935,8.284720015318649e-06,0.14749401912318755,64
13888,216,13875,413.4794005611706,6.460615633768291,0.7791023842917251,0.7791023842917251,1426,1111,313,0,56.640625,3625.0,3.262826282628263,5.0,1111,0.038132130304928326,2440.4563395154128,2401.681191281172,38.77514823424265,0.013560096832544421,0.0005424038733017768,8.475060520340263e-06,0.14640445452204276,64
13952,217,13939,401.3220825275089,6.270657539492326,0.7666195190947667,0.7666195190947667,1414,1084,321,0,56.984375,3647.0,3.364391143911439,5.0,1084,0.03238317182607195,2072.522996868605,2030.9331393021591,41.5898575664463,0.0116559949551087,0.00046623979820434796,7.284996846942937e-06,0.14663029311989367,64
14016,218,14003,423.8417994198853,6.622528115935708,0.8038793103448276,0.8038793103448276,1392,1119,287,0,54.015625,3457.0,3.089365504915103,5.0,1119,0.03229547640516174,2066.9104899303516,2030.920244617233,35.99024531311868,0.0116155005320317,0.00046462002128126804,7.259687832519813e-06,0.14770924149996767,64
14080,219,14067,399.86470456265187,6.247886008791435,0.7761087267525035,0.7761087267525035,1398,1085,323,0,53.875,3448.0,3.1778801843317974,5.0,1085,0.035351626687750576,2262.5041080160368,2223.997314832613,38.50679318342351,0.013316874339611763,0.0005326749735844705,8.323046462257352e-06,0.14847874902510824,64
14144,220,14131,410.37317410467995,6.412080845385624,0.7720994475138122,0.7720994475138122,1448,1118,332,0,52.625,3368.0,3.012522361359571,5.0,1118,0.039494666744960064,2527.658671677444,2492.45996239196,35.198709285485144,0.015591326454598983,0.0006236530581839593,9.744579034124365e-06,0.14901494250809555,64
14208,221,14195,408.95572192939295,6.389933155146765,0.7935813274981766,0.7935813274981766,1371,1088,272,0,49.390625,3161.0,2.905330882352941,5.0,1088,0.03755422175996309,2403.470192637638,2372.618523009179,30.851669628458907,0.016311262776580328,0.0006524505110632132,1.0194539235362706e-05,0.1492764975882258,64
14272,222,14259,423.3508163246345,6.614856505072414,0.793006993006993,0.793006993006993,1430,1134,299,0,53.109375,3399.0,2.997354497354497,5.0,1134,0.040312935682530186,2580.027883681932,2545.843757394855,34.18412628707629,0.017327210630134232,0.0006930884252053693,1.0829506643833895e-05,0.14991215643770356,64
14336,223,14323,365.18301553131835,5.705984617676849,0.7388489208633093,0.7388489208633093,1390,1027,374,0,53.3125,3412.0,3.3222979552093475,5.0,1027,0.031854040291722625,2038.6585786702478,1997.5094845009903,41.1490941692578,0.01242626308833731,0.0004970505235334923,7.766414430210818e-06,0.15052975693237586,64
14400,224,14387,407.8098995594639,6.372029680616623,0.7883636363636364,0.7883636363636364,1375,1084,276,0,47.03125,3010.0,2.7767527675276753,5.0,1084,0.03485191246483827,2230.5223977496494,2202.0005484627645,28.521849286885566,0.014556823757763508,0.0005822729503105403,9.098014848602193e-06,0.15096071608764977,64
14464,225,14451,374.3343622044223,5.848974409444098,0.7365439093484419,0.7365439093484419,1412,1040,357,0,54.40625,3482.0,3.348076923076923,5.0,1040,0.030948722623825663,1980.7182479248424,1937.6976648805871,43.02058304425444,0.012410157090581448,0.0004964062836232579,7.756348181613405e-06,0.15184798181351644,64
14528,226,14515,382.10364009295535,5.970369376452427,0.750351617440225,0.750351617440225,1422,1067,374,0,55.015625,3521.0,3.2999062792877227,5.0,1067,0.03339906895536961,2137.540413143655,2095.6201275320436,41.920285611611256,0.01338751007067573,0.0005355004028270292,8.36719379417233e-06,0.15250000542278355,64
14592,227,14579,384.4170803811081,6.006516880954814,0.7581462708182476,0.7581462708182476,1381,1047,327,0,54.59375,3494.0,3.3371537726838585,5.0,1047,0.02970460762603855,1901.094888066467,1859.0060436882604,42.08884437820679,0.0115873383207231,0.000463493532828924,7.242086450451937e-06,0.15284289198130135,64
14656,228,14643,415.8840027270246,6.4981875426097595,0.7891012031139419,0.7891012031139419,1413,1115,307,0,52.65625,3370.0,3.022421524663677,5.0,1115,0.03536947339183794,2263.6462970776283,2227.065051652065,36.58124542556288,0.014363572676681166,0.0005745429070672467,8.977232922925729e-06,0.1528662557825996,64
14720,229,14707,375.56169357954195,5.868151462180343,0.7605947955390334,0.7605947955390334,1345,1023,313,0,52.125,3336.0,3.2609970674486806,5.0,1023,0.028766387880187178,1841.0488243319794,1800.7364015242954,40.31242280768353,0.011862121210182161,0.00047448484840728643,7.4138257563638505e-06,0.1525011055657845,64
14784,230,14771,397.3289448188706,6.208264762794853,0.773409578270193,0.773409578270193,1399,1082,327,0,52.703125,3373.0,3.1173752310536043,5.0,1082,0.0337003699076137,2156.8236740872767,2118.8972751852098,37.9263989020675,0.013764257664698428,0.0005505703065879371,8.602661040436518e-06,0.15200975338984535,64
14848,231,14835,376.8058759995662,5.887591812493222,0.7596439169139466,0.7596439169139466,1348,1024,309,0,52.84375,3382.0,3.302734375,5.0,1024,0.030188392590509216,1932.0571257925899,1890.8844740666889,41.17265172590134,0.011904765006309725,0.000476190600252389,7.440478128943578e-06,0.15209960041038842,64
14912,232,14899,381.52236506493796,5.961286954139656,0.764490095377843,0.764490095377843,1363,1042,326,0,49.65625,3178.0,3.049904030710173,5.0,1042,0.029067184092927155,1860.2997819473378,1824.1054511444167,36.19433080292052,0.011807647127826343,0.0004723058851130537,7.379779454891464e-06,0.1519050350588091,64
14976,233,14963,362.4071878627891,5.66261231035608,0.7366136034732272,0.7366136034732272,1382,1018,362,0,46.46875,2974.0,2.9214145383104126,5.0,1018,0.03333442965638441,2133.403498008602,2100.3319096861046,33.07158832249657,0.013690421152759058,0.0005476168461103623,8.556513220474412e-06,0.15142069744868306,64
15040,234,15027,399.0723371758734,6.235505268373021,0.7627000695894224,0.7627000695894224,1437,1096,353,0,53.421875,3419.0,3.1195255474452557,5.0,1096,0.03213359729761747,2056.550227047518,2016.127890320793,40.42233672672427,0.013231876743330755,0.0005292750697332302,8.269922964581722e-06,0.15067248929814264,64
15104,235,15091,414.24786663965017,6.472622916244534,0.7853589196872779,0.7853589196872779,1407,1105,290,0,49.578125,3173.0,2.8714932126696833,5.0,1105,0.035080785999103414,2245.1703039426184,2211.687651087503,33.48265285511526,0.014845583267542676,0.0005938233307017071,9.278489542214173e-06,0.14971154582222682,64
15168,236,15155,370.35500700900457,5.786796984515696,0.7476294675419402,0.7476294675419402,1371,1025,346,0,51.28125,3282.0,3.2019512195121953,5.0,1025,0.031481348724157344,2014.80631834607,1975.364381920293,39.441936425777676,0.012248903828269148,0.0004899561531307659,7.655564892668218e-06,0.1490926138898006,64
15232,237,15219,394.37124501390156,6.162050703342212,0.7441860465116279,0.7441860465116279,1462,1088,364,0,54.015625,3457.0,3.177389705882353,5.0,1088,0.03168608030640225,2027.909139609744,1985.1700204910514,42.73911911869252,0.012483605252086244,0.0004993442100834497,7.802253282553902e-06,0.14844703126304382,64
15296,238,15283,388.08431093139643,6.063817358303069,0.7680635838150289,0.7680635838150289,1384,1063,339,0,55.671875,3563.0,3.351834430856068,5.0,1063,0.03178657288225406,2034.3406644642598,1991.4773682560017,42.863296208258554,0.011895082123917116,0.0004758032849566846,7.434426327448197e-06,0.14815317795150262,64
15360,239,15347,389.7509730018594,6.089858953154053,0.7517630465444288,0.7517630465444288,1418,1066,339,0,49.828125,3189.0,2.9915572232645404,5.0,1066,0.030603087714989843,1958.59761375935,1921.8600969284105,36.73751683093937,0.011460490271099601,0.00045841961084398407,7.162806419437251e-06,0.14781434685239025,64
15424,240,15411,404.9005285298117,6.326570758278308,0.755662319835278,0.755662319835278,1457,1101,351,0,60.671875,3883.0,3.5267938237965484,5.0,1101,0.030410661391807158,1946.282329075658,1898.0329301239922,48.2493989516655,0.010268375574097018,0.0004107350229638807,6.417734733810636e-06,0.14708650589375294,64
15488,241,15475,371.42888544038584,5.803576335006029,0.7334739803094233,0.7334739803094233,1422,1043,388,0,54.9375,3516.0,3.37104506232023,5.0,1043,0.02826225571117812,1808.7843655153997,1763.3798358595425,45.404529655856415,0.009993127754159649,0.00039972511016638597,6.245704846349781e-06,0.1459847528260348,64
15552,242,15539,392.685386614586,6.135709165852906,0.7706222865412445,0.7706222865412445,1382,1065,331,0,47.46875,3038.0,2.852582159624413,5.0,1065,0.028221785195739167,1806.1942525273066,1772.76498376229,33.42926876501547,0.009633444975995891,0.0003853377990398357,6.0209031099974325e-06,0.1450482951087118,64
15616,243,15603,418.8044956909873,6.543820245171677,0.7731958762886598,0.7731958762886598,1455,1125,321,0,49.546875,3171.0,2.8186666666666667,5.0,1125,0.0325103550698801,2080.6627244723263,2044.310889938481,36.35183453384616,0.011804848690520762,0.0004721939476208305,7.378030431575476e-06,0.14454539916061937,64
15680,244,15667,389.26530280212955,6.082270356283274,0.7531824611032532,0.7531824611032532,1414,1065,346,0,43.0625,2756.0,2.587793427230047,5.0,1065,0.030891195936760422,1977.036539952667,1947.4972518959473,29.53928805671994,0.010263002231944832,0.00041052008927779327,6.41437639496552e-06,0.14373384445124465,64
15744,245,15731,375.2001613598155,5.862502521247118,0.7494553376906318,0.7494553376906318,1377,1032,341,0,47.265625,3025.0,2.931201550387597,5.0,1032,0.029747535105472407,1903.8422467502342,1866.9987568112076,36.84348993902651,0.010704793627014007,0.00042819174508056026,6.690496016883754e-06,0.14290867556663361,64
15808,246,15795,376.2620940016609,5.8790952187759515,0.7567567567567568,0.7567567567567568,1369,1036,348,0,51.65625,3306.0,3.1911196911196913,5.0,1036,0.028178816911093474,1803.4442823099823,1764.3021221725044,39.14216013747758,0.009850644778598245,0.0003940257911439298,6.1566529866239035e-06,0.1428303476636818,64
15872,247,15859,402.0213385299226,6.281583414530041,0.7684659090909091,0.7684659090909091,1408,1082,316,0,51.421875,3291.0,3.0415896487985212,5.0,1082,0.030974513109286405,1982.36883899433,1944.9685986486486,37.40024034568081,0.010834512510563759,0.0004333805004225504,6.77157031910235e-06,0.1430534766965718,64
15936,248,15923,401.4251996196026,6.272268744056291,0.7721788502484032,0.7721788502484032,1409,1088,327,0,48.984375,3135.0,2.8814338235294117,5.0,1088,0.0329789129987152,2110.650431917773,2079.3801480828083,31.27028383496412,0.011725195862589511,0.0004690078345035804,7.328247414118444e-06,0.1429744720304741,64
16000,249,15987,418.22694960155644,6.534796087524319,0.7630173564753004,0.7630173564753004,1498,1143,366,0,53.65625,3434.0,3.0043744531933507,5.0,1143,0.037605062928754256,2406.7240274402725,2369.5428264854877,37.18120095478467,0.012704504744596591,0.0005081801897838636,7.94031546537287e-06,0.14331399402092776,64
16064,250,16051,431.77115905862263,6.746424360290979,0.8029661016949152,0.8029661016949152,1416,1137,283,0,49.703125,3181.0,2.797713280562885,5.0,1137,0.03739227751580436,2393.105761011479,2364.4514845755043,28.654276435974854,0.013168399032164522,0.0005267359612865809,8.230249395102827e-06,0.14398774597142175,64
16128,251,16115,395.17895645444503,6.174671194600704,0.75,0.75,1448,1086,355,0,47.3125,3028.0,2.7882136279926337,5.0,1086,0.034888861502424755,2232.887136155184,2201.3507366904896,31.53639946469421,0.012241126829908716,0.0004896450731963486,7.650704268692948e-06,0.14423160577574456,64
16192,252,16179,377.25237274368806,5.894568324120126,0.7273361227336123,0.7273361227336123,1434,1043,360,0,52.671875,3371.0,3.2320230105465004,5.0,1043,0.03177756568028152,2033.7642035380172,1990.3680170657717,43.396186472245724,0.010035513958269869,0.0004014205583307948,6.2721962239186684e-06,0.14449143209828597,64
16256,253,16243,408.60950198252647,6.384523468476976,0.770949720670391,0.770949720670391,1432,1104,333,0,52.171875,3339.0,3.0244565217391304,5.0,1104,0.03321255493751822,2125.603516001166,2090.428650066778,35.1748659343867,0.010751241932010332,0.00043004967728041323,6.719526207506457e-06,0.14501475893506732,64
16320,254,16307,372.57619982939957,5.821503122334368,0.734132581100141,0.734132581100141,1418,1041,377,0,55.546875,3555.0,3.414985590778098,5.0,1041,0.030292226965019004,1938.7025257612163,1892.908310826063,45.79421493515342,0.009920948362129353,0.0003968379344851741,6.200592726330846e-06,0.14525143252462117,64
16384,255,16371,388.7139582235669,6.073655597243233,0.766158315177923,0.766158315177923,1377,1055,331,0,57.0625,3652.0,3.461611374407583,5.0,1055,0.03182103219529399,2036.5460604988152,1991.5976147656681,44.94844573314689,0.010445077021165853,0.0004178030808466341,6.528173138228658e-06,0.1451697648112759,64
16448,256,16435,378.7707677633625,5.9182932463025395,0.7459074733096085,0.7459074733096085,1405,1048,361,0,58.453125,3741.0,3.5696564885496183,5.0,1048,0.031981582421318704,2046.8212749643972,2000.2151939154026,46.60608104899486,0.010394653730109903,0.00041578614920439615,6.49665858131869e-06,0.1447850985065656,64
16512,257,16499,403.15848840009835,6.299351381251537,0.7629009762900977,0.7629009762900977,1434,1094,335,0,51.359375,3287.0,3.004570383912249,5.0,1094,0.03728237025541037,2386.0716963462637,2349.6095094412735,36.462186904989515,0.011531951417649827,0.00046127805670599306,7.207469636031142e-06,0.14412827846447643,64
16576,258,16563,401.0620636428333,6.266594744419271,0.7891256429096253,0.7891256429096253,1361,1074,308,0,53.25,3408.0,3.1731843575418996,5.0,1074,0.0335341166182545,2146.183463568288,2109.4757669560618,36.70769661222673,0.010313929533810762,0.0004125571813524305,6.4462059586317265e-06,0.14321788411295727,64
16640,259,16627,405.03244061447947,6.328631884601242,0.7351778656126482,0.7351778656126482,1518,1116,379,0,53.859375,3447.0,3.088709677419355,5.0,1116,0.035411065094305104,2266.3081660355265,2228.116888522699,38.19127751282837,0.010760767587108918,0.00043043070348435674,6.725479741943074e-06,0.1420499249251212,64
16704,260,16691,349.1503194655733,5.455473741649583,0.7180043383947939,0.7180043383947939,1383,993,391,0,47.078125,3013.0,3.0342396777442096,5.0,993,0.032591407737814555,2085.8500952201316,2050.378187163753,35.47190805638013,0.009544283658051768,0.0003817713463220707,5.965177286282355e-06,0.14124238024695318,64
16768,261,16755,376.76843981776403,5.887006872152563,0.7383966244725738,0.7383966244725738,1422,1050,379,0,51.4375,3292.0,3.1352380952380954,5.0,1050,0.0333565125562967,2134.816803602989,2096.934369740131,37.88243386285743,0.01014978127449712,0.0004059912509798848,6.3436132965607e-06,0.14054153836944633,64
16832,262,16819,370.50669759335557,5.789167149896181,0.7258741258741259,0.7258741258741259,1430,1038,386,0,57.90625,3706.0,3.5703275529865124,5.0,1038,0.03284688835159115,2102.2008545018334,2055.0991554456823,47.10169905615162,0.00987297284728679,0.0003949189138914716,6.170608029554243e-06,0.1394717303529921,64
16896,263,16883,385.972297836948,6.030817153702312,0.7555715312724659,0.7555715312724659,1391,1051,335,0,49.921875,3195.0,3.0399619410085634,5.0,1051,0.03564571176854238,2281.325553186712,2247.87319938579,33.45235380092194,0.0105740213672864,0.000422960854691456,6.608763354554e-06,0.1384606739061202,64
16960,264,16947,374.296035742588,5.8483755584779376,0.7449127906976745,0.7449127906976745,1376,1025,340,0,52.1875,3340.0,3.2585365853658534,5.0,1025,0.031955472049956794,2045.1502111972347,2006.21427492511,38.93593627212568,0.009359854064459518,0.0003743941625783807,5.849908790287199e-06,0.13769528981177206,64
17024,265,17011,364.2618310860806,5.691591110720009,0.7505535055350554,0.7505535055350554,1355,1017,370,0,51.71875,3310.0,3.254670599803343,5.0,1017,0.03255486828549619,2083.511570271756,2043.1009011037788,40.41066916797712,0.00951822707345349,0.0003807290829381396,5.948891920908431e-06,0.13655653666989848,64
17088,266,17075,382.06014338269375,5.96968974035459,0.7489270386266095,0.7489270386266095,1398,1047,345,0,48.46875,3102.0,2.962750716332378,5.0,1047,0.03251964767940683,2081.257451482037,2047.125088012229,34.132363469808546,0.00972260154368955,0.00038890406174758207,6.07662596480597e-06,0.13552045972893326,64
17152,267,17139,392.72147381452237,6.136273028351912,0.7565278757939309,0.7565278757939309,1417,1072,345,0,49.046875,3139.0,2.9281716417910446,5.0,1072,0.036255742726584474,2320.367534501406,2288.0294204775405,32.33811402386607,0.010447483015626818,0.0004178993206250727,6.529676884766761e-06,0.1349103997951469,64
17216,268,17203,402.8801027735748,6.295001605837106,0.7624736472241743,0.7624736472241743,1423,1085,319,0,47.203125,3021.0,2.784331797235023,5.0,1085,0.036106534905757263,2310.818233968465,2280.7959542107665,30.022279757698158,0.011263745629029376,0.000450549825161175,7.03984101814336e-06,0.1341011087306823,64
17280,269,17267,406.55276073456093,6.352386886477515,0.7762973352033661,0.7762973352033661,1426,1107,347,0,49.1875,3148.0,2.843721770551039,5.0,1107,0.040419278216207805,2586.8338058372997,2558.0155074607005,28.81829837659695,0.012487905264094002,0.0004995162105637601,7.804940790058751e-06,0.13411576418166313,64
17344,270,17331,394.2703138815381,6.160473654399032,0.7556497175141242,0.7556497175141242,1416,1070,333,0,47.078125,3013.0,2.8158878504672895,5.0,1070,0.033635180357357165,2152.6515428708585,2121.0944076570113,31.557135213847342,0.010812976618014097,0.0004325190647205639,6.758110386258811e-06,0.13478093859057286,64
17408,271,17395,423.79772741814645,6.621839490908538,0.7977369165487977,0.7977369165487977,1414,1128,308,0,49.71875,3182.0,2.8209219858156027,5.0,1128,0.036549856737791146,2339.1908312186333,2308.933856662398,30.256974556234155,0.011252043276847186,0.0004500817310738874,7.032527048029491e-06,0.13494674545186353,64
17472,272,17459,378.0574204972953,5.907147195270239,0.7350069735006973,0.7350069735006973,1434,1054,376,0,49.46875,3166.0,3.0037950664136623,5.0,1054,0.03529121774699103,2258.637935807426,2222.1419236537085,36.49601215371767,0.011866470178196548,0.0004746588071278619,7.4165438613728425e-06,0.13502088858831174,64
17536,273,17523,370.2168711281922,5.7846386113780035,0.7358219669777458,0.7358219669777458,1393,1025,350,0,47.4375,3036.0,2.961951219512195,5.0,1025,0.035715309273777064,2285.7797935217322,2251.7047162250424,34.07507729669206,0.011835724250587125,0.00047342897002348495,7.397327656616952e-06,0.13564934753425234,64
17600,274,17587,386.654000902192,6.04146876409675,0.7542735042735043,0.7542735042735043,1404,1059,339,0,51.578125,3301.0,3.117091595845137,5.0,1059,0.03600126295109973,2304.080828870383,2268.093124529176,35.987704341207014,0.01257491149590005,0.000502996459836002,7.859319684937531e-06,0.13650528737279535,64
17664,275,17651,391.87133631282234,6.122989629887849,0.7388059701492538,0.7388059701492538,1474,1089,383,0,55.21875,3534.0,3.2451790633608817,5.0,1089,0.03501402382692581,2240.8975249232517,2199.645661212856,41.2518637103964,0.012005500233451424,0.0004802200093380569,7.503437645907139e-06,0.13782668138624685,64
17728,276,17715,367.60716996074814,5.74386203063669,0.7331440738112136,0.7331440738112136,1409,1033,388,0,57.265625,3665.0,3.547918683446273,5.0,1033,0.02967729514688117,1899.346889400395,1852.7662421042146,46.58064729617979,0.009807227887614236,0.00039228911550456943,6.129517429758897e-06,0.1388665574495654,64
17792,277,17779,357.06841213260543,5.57919393957196,0.7100840336134454,0.7100840336134454,1428,1014,398,0,53.9375,3452.0,3.4043392504930967,5.0,1014,0.02993083000105972,1915.5731200678222,1870.9900907074173,44.58302936040534,0.009542554004566474,0.00038170216018265895,5.964096252854046e-06,0.13936182171087302,64
17856,278,17843,378.3687557823397,5.912011809099058,0.7542857142857143,0.7542857142857143,1400,1056,371,0,53.609375,3431.0,3.2490530303030303,5.0,1056,0.035811410997804154,2291.9303038594658,2253.5163609938536,38.41394286561249,0.012434439167140982,0.0004973775666856393,7.771524479463114e-06,0.1395323205705358,64
17920,279,17907,417.57117923350677,6.524549675523543,0.7794015309672929,0.7794015309672929,1437,1120,312,0,52.0,3328.0,2.9714285714285715,5.0,1120,0.03912091950902313,2503.7388485774804,2472.1694656874324,31.569382890047002,0.014074892514428115,0.0005629957005771246,8.796807821517572e-06,0.1396754134230126,64
17984,280,17971,435.4725962417233,6.8042593162769265,0.7741721854304636,0.7741721854304636,1510,1169,327,0,53.109375,3399.0,2.9076133447390933,5.0,1169,0.04164210876045844,2665.0949606693403,2634.117362763237,30.977597906103558,0.015291212998396581,0.0006116485199358633,9.557008123997863e-06,0.13995860596603651,64
18048,281,18035,429.1172422595688,6.7049569103057625,0.7883561643835616,0.7883561643835616,1460,1151,306,0,48.703125,3117.0,2.7080799304952214,5.0,1151,0.045058468570599176,2883.741988518347,2858.861722860653,24.880265657695166,0.01773566022958419,0.0007094264091833675,1.1084787643490117e-05,0.14142608526224093,64
18112,282,18099,424.2295917614369,6.6285873712724515,0.7776271186440677,0.7776271186440677,1475,1147,335,0,50.984375,3263.0,2.844812554489974,5.0,1147,0.03944555967064467,2524.515818921259,2494.677806185335,29.8380127359239,0.014568418586337104,0.0005827367434534841,9.10526161646069e-06,0.14309547451955157,64
18176,283,18163,379.0104209136771,5.922037826776204,0.7671641791044777,0.7671641791044777,1340,1028,308,0,49.75,3184.0,3.09727626459144,5.0,1028,0.032109746740318156,2055.023791380362,2022.6610074300938,32.3627839502691,0.012182006351966524,0.000487280254078661,7.613753969979078e-06,0.1442509656633716,64
18240,284,18227,381.3483139456616,5.958567405400962,0.7666422823701536,0.7666422823701536,1367,1048,335,0,47.390625,3033.0,2.894083969465649,5.0,1048,0.033176496238555404,2123.2957592675457,2094.259828087854,29.03593117969144,0.01389379395796498,0.0005557517583185992,8.683621223728112e-06,0.14492344661018666,64
18304,285,18291,417.23230012841145,6.519254689506429,0.7651821862348178,0.7651821862348178,1482,1134,336,0,50.15625,3210.0,2.8306878306878307,5.0,1134,0.038409624926117575,2458.2159952715247,2428.2894789473903,29.92651632413386,0.015597341651551876,0.000623893666062075,9.748338532219922e-06,0.1459207409613807,64
18368,286,18355,371.59027253005723,5.806098008282144,0.7501810282404056,0.7501810282404056,1381,1036,357,0,50.890625,3257.0,3.143822393822394,5.0,1036,0.03673557489464595,2351.076793257341,2315.506216215377,35.57057704196385,0.013894606263997562,0.0005557842505599025,8.684128914998477e-06,0.14717383265423023,64
18432,287,18419,390.246543733836,6.097602245841188,0.7717629846378932,0.7717629846378932,1367,1055,296,0,47.265625,3025.0,2.867298578199052,5.0,1055,0.03711144155367719,2375.13225943534,2347.389943783362,27.74231565197921,0.015650865696354547,0.0006260346278541819,9.781791060221592e-06,0.14815264694177935,64
18496,288,18483,415.12891297077806,6.486389265168407,0.7879858657243817,0.7879858657243817,1415,1115,314,0,56.8125,3636.0,3.260986547085202,5.0,1115,0.03689390201223307,2361.2097287829165,2323.8029082174376,37.406820565478455,0.014657790664966494,0.0005863116265986597,9.161119165604058e-06,0.14933274536193586,64
18560,289,18547,400.69503593555044,6.260859936492976,0.7522367515485203,0.7522367515485203,1453,1093,330,0,50.515625,3233.0,2.9579139981701736,5.0,1093,0.036796047855946805,2354.9470627805954,2321.4072225026903,33.53984027790573,0.0152824340946031,0.000611297363784124,9.551521309126938e-06,0.15077299557140206,64
18624,290,18611,393.5458805263803,6.149154383224692,0.7714691270404542,0.7714691270404542,1409,1087,352,0,54.625,3496.0,3.216191352345906,5.0,1087,0.03481086851547727,2227.895584990545,2192.1709433580627,35.724641632482275,0.01566574131572035,0.000626629652628814,9.791088322325219e-06,0.15188566664993014,64
18688,291,18675,437.5687950745646,6.837012423040072,0.7941176470588235,0.7941176470588235,1462,1161,285,0,53.171875,3403.0,2.9310938845822565,5.0,1161,0.03955511439307826,2531.527321157009,2501.287256115712,30.24006504129833,0.017522008178414834,0.0007008803271365934,1.0951255111509272e-05,0.15275261605878718,64
18752,292,18739,400.52876581829764,6.258261965910901,0.766737138830162,0.766737138830162,1419,1088,321,0,53.15625,3402.0,3.1268382352941178,5.0,1088,0.036160522187856384,2314.2734200228088,2280.2100046431733,34.063415379636034,0.015377531091571833,0.0006151012436628734,9.610956932232396e-06,0.15348542473167354,64
18816,293,18803,408.50283626266526,6.382856816604145,0.7819971870604782,0.7819971870604782,1422,1112,330,0,51.234375,3279.0,2.948741007194245,5.0,1112,0.039144871671667025,2505.2717869866897,2473.431163326516,31.84062366017357,0.016735022383484656,0.0006694008953393862,1.045938898967791e-05,0.15472875440683972,64
18880,294,18867,403.3507439545772,6.3023553742902685,0.7868970482361412,0.7868970482361412,1389,1093,320,0,51.5,3296.0,3.0155535224153707,5.0,1093,0.03622614592148619,2318.473338975116,2287.0243837906887,31.448955184426378,0.01565565692274526,0.0006262262769098103,9.784785576715786e-06,0.15562047591588737,64
18944,295,18931,426.22533550119704,6.659770867206204,0.8032904148783977,0.8032904148783977,1398,1123,257,0,47.03125,3010.0,2.6803205699020483,5.0,1123,0.037704611342788824,2413.0951259384847,2389.020828721398,24.074297217087192,0.017080972244581275,0.000683238889783251,1.0675607652863296e-05,0.15620421653528035,64
19008,296,18995,404.18417441744157,6.3153777252725245,0.7836468885672938,0.7836468885672938,1382,1083,289,0,48.125,3080.0,2.8439519852262234,5.0,1083,0.03511038766785768,2247.0648107428915,2216.941454096393,30.12335664649899,0.015206339215136649,0.000608253568605466,9.503962009460406e-06,0.15647517262108768,64
19072,297,19059,408.18928511624074,6.377957579941262,0.7887527036770007,0.7887527036770007,1387,1094,301,0,50.515625,3233.0,2.9552102376599634,5.0,1094,0.03179302705833442,2034.753731733403,2000.9792125680453,33.774519165357155,0.013560431928882523,0.0005424172771553009,8.475269955551576e-06,0.15619556355704423,64
19136,298,19123,404.8526793839326,6.325823115373947,0.7790530846484935,0.7790530846484935,1394,1086,291,0,48.78125,3122.0,2.874769797421731,5.0,1086,0.034364955026758216,2199.357121712526,2169.326604840015,30.03051687251179,0.015355949927478829,0.0006142379970991531,9.597468704674268e-06,0.15559460181049,64
19200,299,19187,445.8480449436177,6.966375702244027,0.8361945636623748,0.8361945636623748,1398,1169,255,0,53.125,3400.0,2.9084687767322497,5.0,1169,0.04019611302088052,2572.551233336353,2542.8086713417906,29.742561994562486,0.019094857121742127,0.0007637942848696851,1.1934285701088829e-05,0.15480415137325884,64
19264,300,19251,434.6856528996434,6.791963326556928,0.8134381701215153,0.8134381701215153,1399,1138,248,0,46.015625,2945.0,2.5878734622144113,5.0,1138,0.03918077773633457,2507.5697751254124,2485.33066066655,22.239114458862105,0.018103291297175025,0.000724131651887001,1.131455706073439e-05,0.15395331236753163,64
19328,301,19315,402.7560027336415,6.293062542713148,0.7734265734265734,0.7734265734265734,1430,1106,340,0,53.171875,3403.0,3.076853526220615,5.0,1106,0.03553889508583202,2274.4892854932496,2238.2246959866015,36.26458950664754,0.016298406062225504,0.0006519362424890202,1.018650378889094e-05,0.15325474321706856,64
19392,302,19379,427.53272301870504,6.680198797167266,0.8031272210376688,0.8031272210376688,1407,1130,275,0,49.515625,3169.0,2.804424778761062,5.0,1130,0.03259005983938398,2085.7638297205744,2057.0615767709633,28.702252949610305,0.014918001899639011,0.0005967200759855604,9.323751187274382e-06,0.15353185409371023,64
19456,303,19443,410.4923704339093,6.413943288029833,0.7837837837837838,0.7837837837837838,1406,1102,295,0,46.640625,2985.0,2.7087114337568057,5.0,1102,0.035165207983619155,2250.573310951626,2222.7257188952985,27.84759205632601,0.016274298348039742,0.0006509719339215897,1.0171436467524839e-05,0.1537386803048274,64
19520,304,19507,420.3803667783002,6.56844323091094,0.7909090909090909,0.7909090909090909,1430,1131,303,0,50.078125,3205.0,2.8337754199823166,5.0,1131,0.034762707531987284,2224.813282047186,2194.4498860448966,30.363396002288898,0.01726915099868508,0.0006907660399474031,1.0793219374178174e-05,0.15416700829348695,64
19584,305,19571,409.21107278017695,6.393923012190265,0.8107703814510098,0.8107703814510098,1337,1084,257,0,46.453125,2973.0,2.742619926199262,5.0,1084,0.03520896529065088,2253.3737786016563,2227.96170093822,25.412077663438122,0.017735305147843276,0.000709412205913731,1.1084565717402047e-05,0.15472445134122081,64
19648,306,19635,415.5375619979425,6.492774406217851,0.8123145400593472,0.8123145400593472,1348,1095,253,0,45.796875,2931.0,2.6767123287671235,5.0,1095,0.034168987686941994,2186.8152119642878,2161.7147789937826,25.100432970504798,0.016825556607609624,0.000673022264304385,1.0515972879756016e-05,0.15501252978031818,64
19712,307,19699,449.99551551989805,7.031179929998407,0.8354792560801144,0.8354792560801144,1398,1168,237,0,47.40625,3034.0,2.5976027397260273,5.0,1168,0.03521105765182752,2253.507689716961,2230.542573452429,22.965116264531428,0.017079535901865884,0.0006831814360746353,1.0674709938666177e-05,0.15575203562042417,64
19776,308,19763,431.50912761305483,6.742330118953982,0.8104434907010014,0.8104434907010014,1398,1133,250,0,44.34375,2838.0,2.504854368932039,4.0,1133,0.037052744566810666,2371.3756522758827,2349.3180985575946,22.057553718287252,0.018680120720337506,0.0007472048288135003,1.1675075450210942e-05,0.1564641688535256,64
19840,309,19827,442.2051772514726,6.9094558945542595,0.8102139406487232,0.8102139406487232,1449,1174,280,0,50.359375,3223.0,2.745315161839864,5.0,1174,0.037892026169117646,2425.0896748235295,2398.261545366507,26.828129457022097,0.01972197129414608,0.0007888788517658432,1.23262320588413e-05,0.1578052054150149,64
19904,310,19891,367.3225010323588,5.739414078630606,0.7481751824817519,0.7481751824817519,1370,1025,342,0,48.1875,3084.0,3.008780487804878,5.0,1025,0.0310004969906088,1984.031807398963,1949.6635810824343,34.368226316529245,0.015841605565186292,0.0006336642226074516,9.901003478241431e-06,0.15883297657048465,64
19968,311,19955,338.5061681982211,5.289158878097204,0.6961756373937678,0.6961756373937678,1412,983,391,0,55.515625,3553.0,3.614445574771109,6.0,983,0.031684708330129825,2027.8213331283087,1983.5364022905574,44.28493083775182,0.016817261054196956,0.0006726904421678783,1.0510788158873098e-05,0.15931827539793367,64
20032,312,20019,385.36418212183867,6.021315345653729,0.7876561351947098,0.7876561351947098,1361,1072,346,0,52.15625,3338.0,3.1138059701492535,5.0,1072,0.03604635858099119,2306.9669491834366,2273.0503808659705,33.91656831746525,0.01811296567260793,0.0007245186269043171,1.1320603545379955e-05,0.15964864673352863,64
20096,313,20083,405.01493514205504,6.32835836159461,0.7753934191702432,0.7753934191702432,1398,1084,277,0,45.296875,2899.0,2.6743542435424352,5.0,1084,0.03571974992025689,2286.063994896441,2259.3426895795783,26.721305316862047,0.0177930380411058,0.0007117215216442319,1.1120648775691124e-05,0.15975140001182828,64
20160,314,20147,376.4956075655771,5.882743868212142,0.7424135497529993,0.7424135497529993,1417,1052,359,0,46.265625,2961.0,2.814638783269962,5.0,1052,0.03151918616484337,2017.2279145499758,1984.8964834821688,32.33143106780751,0.015321641539998244,0.0006128656615999298,9.576025962498903e-06,0.1597853439329297,64
20224,315,20211,385.8518061539719,6.028934471155811,0.7579843860894251,0.7579843860894251,1409,1068,347,0,50.390625,3225.0,3.019662921348315,5.0,1068,0.033365599330703884,2135.3983571650488,2099.9313963512614,35.46696081378751,0.015911569739052264,0.0006364627895620906,9.944731086907665e-06,0.16011424650557482,64
20288,316,20275,419.9572645399892,6.561832258437331,0.8051575931232091,0.8051575931232091,1396,1124,291,0,51.953125,3325.0,2.9581850533807827,5.0,1124,0.035205896825975046,2253.177396862403,2219.649821947833,33.52757491457035,0.016972569667205385,0.0006789027866882154,1.0607856042003366e-05,0.16027768139072374,64
20352,317,20339,415.3122175377615,6.489253399027524,0.8015930485155685,0.8015930485155685,1381,1107,270,0,47.546875,3043.0,2.7488708220415536,5.0,1107,0.037911149833320446,2426.3135893325084,2402.370110102751,23.943479229758218,0.018815039393444866,0.0007526015757377946,1.175939962090304e-05,0.1601483943465516,64
20416,318,20403,447.6657879076342,6.994777936056784,0.8198324022346368,0.8198324022346368,1432,1174,256,0,48.71875,3118.0,2.65587734241908,5.0,1174,0.040600183620435486,2598.411751707871,2573.6035442921366,24.808207415733147,0.02014578572633575,0.0008058314290534301,1.2591116078959845e-05,0.15988692312844838,64
20480,319,20467,429.8307133374333,6.716104895897395,0.8075284090909091,0.8075284090909091,1408,1137,269,0,46.40625,2970.0,2.612137203166227,5.0,1137,0.04039951122897383,2585.568718654325,2561.461904532615,24.10681412170915,0.01838525103477998,0.0007354100413911992,1.1490781896737488e-05,0.15920290878882043,64
20544,320,20531,395.18804675985996,6.174813230622812,0.7573018080667594,0.7573018080667594,1438,1089,344,0,50.390625,3225.0,2.961432506887052,5.0,1089,0.0341064839853694,2182.814975063641,2148.0419886409736,34.772986422668005,0.0161122522861464,0.0006444900914458559,1.0070157678841499e-05,0.15856503432555463,64
20608,321,20595,426.5362651203702,6.664629142505785,0.8171262699564587,0.8171262699564587,1378,1126,265,0,45.328125,2901.0,2.5763765541740673,5.0,1126,0.035247462194513746,2255.8375804488796,2232.3136565512236,23.523923897655965,0.016725624544991127,0.000669024981799645,1.0453515340619453e-05,0.1581235400992665,64
20672,322,20659,417.63482392383423,6.52554412380991,0.7989985693848355,0.7989985693848355,1398,1117,286,0,43.03125,2754.0,2.4655326768128916,4.0,1117,0.03804334226329015,2434.7739048505696,2414.2252211409414,20.548683709628456,0.017915757689281546,0.0007166303075712619,1.1197348555800967e-05,0.15758784742653062,64
20736,323,20723,408.9490555147412,6.389828992417831,0.8069120961682945,0.8069120961682945,1331,1074,237,0,42.09375,2694.0,2.5083798882681565,4.0,1074,0.035238668908921786,2255.2748101709944,2233.668972853952,21.605837317043505,0.017414467899147704,0.0006965787159659082,1.0884042436967316e-05,0.15678341505272847,64
20800,324,20787,413.58293886489105,6.462233419763923,0.7968413496051687,0.7968413496051687,1393,1110,293,0,47.65625,3050.0,2.7477477477477477,5.0,1110,0.03576195866408027,2288.7653545011376,2262.623350401967,26.142004099171636,0.017509192283597118,0.0007003676913438847,1.0943245177248199e-05,0.15625052467348988,64
20864,325,20851,431.41680415589883,6.740887564935919,0.7990264255910987,0.7990264255910987,1438,1149,284,0,45.3125,2900.0,2.5239338555265447,4.0,1149,0.038757166845519754,2480.4586781132643,2456.3085646601453,24.150113453120202,0.01849401992000366,0.0007397607968001464,1.1558762450002287e-05,0.15569012641762617,64
20928,326,20915,413.44937086704584,6.460146419797591,0.771701982228298,0.771701982228298,1463,1129,339,0,54.578125,3493.0,3.0938883968113373,5.0,1129,0.03510054967947748,2246.435179486559,2207.470852362806,38.96432712375273,0.015832794506307393,0.0006333117802522957,9.89549656644212e-06,0.15549691300217805,64
20992,327,20979,421.67224311775124,6.588628798714863,0.8025843503230438,0.8025843503230438,1393,1118,270,0,46.953125,3005.0,2.6878354203935597,5.0,1118,0.037419242824957545,2394.8315407972827,2370.02057869317,24.810962104113585,0.0170439138073326,0.000681756552293304,1.0652446129582875e-05,0.1552738686736377,64
21056,328,21043,437.93119487043435,6.842674919850537,0.8135593220338984,0.8135593220338984,1416,1152,266,0,45.984375,2943.0,2.5546875,4.0,1152,0.03751226534886638,2400.7849823274487,2377.899536125406,22.88544620204231,0.016906639965744038,0.0006762655986297615,1.0566649978590024e-05,0.15492956538783553,64
21120,329,21107,425.99690443068266,6.656201631729417,0.8012684989429175,0.8012684989429175,1419,1137,297,0,49.5625,3172.0,2.7897977132805627,5.0,1137,0.035753095716505444,2288.1981258563483,2258.7271711297026,29.47095472664618,0.015571353310334435,0.0006228541324133774,9.732095818959022e-06,0.15419459575470695,64
21184,330,21171,410.6218928760227,6.4159670761878544,0.7819602272727273,0.7819602272727273,1408,1101,292,0,44.84375,2870.0,2.6067211625794733,5.0,1101,0.035468944844238334,2270.0124700312535,2245.9176838069984,24.0947862242564,0.016474134772516708,0.0006589653909006684,1.0296334232822943e-05,0.1538889968941728,64
21248,331,21235,403.35931904458084,6.302489360071576,0.7578018995929444,0.7578018995929444,1474,1117,368,0,45.609375,2919.0,2.6132497761862132,5.0,1117,0.03732069819721741,2388.5246846219143,2361.0523439637964,27.472340658117666,0.016761093925118885,0.0006704437570047554,1.0475683703199303e-05,0.15373075516310306,64
21312,332,21299,388.4129947465302,6.068953042914535,0.7381275440976933,0.7381275440976933,1474,1088,381,0,45.984375,2943.0,2.7049632352941178,5.0,1088,0.03281126046404359,2099.92066969879,2069.6640174913623,30.256652207427962,0.014173694495021205,0.0005669477798008482,8.858559059388253e-06,0.1533469572527671,64
21376,333,21363,372.6685402737456,5.822945941777275,0.7378091872791519,0.7378091872791519,1415,1044,363,0,48.078125,3077.0,2.9473180076628354,5.0,1044,0.03459858317267339,2214.309323051097,2180.424025774484,33.885297276613784,0.015317848426078348,0.0006127139370431339,9.573655266298968e-06,0.15347885427955668,64
21440,334,21427,392.51281846428014,6.133012788504377,0.7719424460431654,0.7719424460431654,1390,1073,336,0,48.203125,3085.0,2.875116495806151,5.0,1073,0.03079440142203895,1970.841691010493,1939.1835122917955,31.65817871869753,0.013050911546547205,0.0005220364618618882,8.156819716592003e-06,0.15344161501273768,64
21504,335,21491,410.72558467878446,6.417587260606007,0.7992619926199263,0.7992619926199263,1355,1083,254,0,43.515625,2785.0,2.571560480147738,4.0,1083,0.03615312157121559,2313.799780557798,2291.5344795254778,22.265301032321617,0.016210083842183903,0.0006484033536873561,1.0131302401364939e-05,0.1532832426537037,64
21568,336,21555,436.0811906979113,6.8137686046548644,0.8301749271137027,0.8301749271137027,1372,1139,249,0,43.75,2800.0,2.4582967515364356,4.0,1139,0.03788303872442821,2424.5144783634055,2404.8042308472454,19.710247516160134,0.016373724396464437,0.0006549489758585775,1.0233577747790273e-05,0.15338337309096617,64
21632,337,21619,408.4207687759039,6.381574512123499,0.7708479327259986,0.7708479327259986,1427,1100,304,0,42.609375,2727.0,2.479090909090909,4.0,1100,0.036602881621454426,2342.5844237730835,2319.285441990894,23.298981782188857,0.015502908810771893,0.0006201163524308757,9.689318006732433e-06,0.15407694225917856,64
21696,338,21683,444.9520237665171,6.952375371351829,0.8033783783783783,0.8033783783783783,1480,1189,312,0,53.453125,3421.0,2.8772077375946172,5.0,1189,0.04065573184536301,2601.9668381032325,2572.2778271795924,29.689010923640893,0.01665219634690396,0.0006660878538761585,1.0407622716814976e-05,0.15443817801883136,64
21760,339,21747,468.65975647043945,7.322808694850616,0.8510791366906475,0.8510791366906475,1390,1183,189,0,45.703125,2925.0,2.4725274725274726,4.0,1183,0.038776443344133556,2481.6923740245475,2462.410888251771,19.281485772776808,0.014952444301895011,0.0005980977720758004,9.345277688684382e-06,0.15472752476405613,64
21824,340,21811,422.33479100952775,6.598981109523871,0.7746096401900883,0.7746096401900883,1473,1141,330,0,51.015625,3265.0,2.8615249780893954,5.0,1141,0.03825521813708346,2448.3339607733415,2415.2349422799516,33.0990184933904,0.014231568814658296,0.0005692627525863319,8.894730509161435e-06,0.1546823274609506,64
21888,341,21875,373.18899423592893,5.8310780349363895,0.7284722222222222,0.7284722222222222,1440,1049,381,0,44.609375,2855.0,2.721639656816015,5.0,1049,0.03369211624802681,2156.2954398737156,2125.5548976561377,30.740542217578824,0.012696725106140018,0.0005078690042456007,7.935453191337511e-06,0.15435977774701665,64
21952,342,21939,417.9377895751359,6.530277962111499,0.791023842917251,0.791023842917251,1426,1128,321,0,47.78125,3058.0,2.7109929078014185,5.0,1128,0.04005187609533239,2563.320070101273,2537.1676070945687,26.15246300670438,0.015178054544138751,0.0006071221817655501,9.48628409008672e-06,0.15373855853568646,64
22016,343,22003,421.7035712556246,6.589118300869134,0.7832409972299169,0.7832409972299169,1444,1131,310,0,44.296875,2835.0,2.506631299734748,4.0,1131,0.04075317518064224,2608.203211561103,2587.8927881014806,20.310423459623024,0.014929585465427386,0.0005971834186170955,9.330990915892117e-06,0.15311888928506037,64
22080,344,22067,387.8791641685597,6.060611940133746,0.7645369705671213,0.7645369705671213,1393,1065,347,0,42.953125,2749.0,2.581220657276995,5.0,1065,0.03533038934313541,2261.1449179606666,2239.1953616837945,21.94955627687162,0.012499833970050205,0.0004999933588020082,7.812396231281378e-06,0.15221089543241434,64
22144,345,22131,378.0734867275741,5.907398230118345,0.7601776461880089,0.7601776461880089,1351,1027,309,0,39.609375,2535.0,2.4683544303797467,4.0,1027,0.03507193575435572,2244.603888278766,2225.618286280142,18.98560199862339,0.0129545689228661,0.000518182756914644,8.096605576791312e-06,0.15160568323422163,64
22208,346,22195,438.3353565109022,6.848989945482847,0.8086895585143657,0.8086895585143657,1427,1154,278,0,45.40625,2906.0,2.518197573656846,4.0,1154,0.04039556268492015,2585.3160118348897,2564.727003704079,20.58900813081072,0.014575897162857065,0.0005830358865142826,9.109935726785666e-06,0.15100385979139747,64
22272,347,22259,437.76631458322913,6.840098665362955,0.8091549295774648,0.8091549295774648,1420,1149,273,0,43.46875,2782.0,2.421235857267189,4.0,1149,0.04177551652565376,2673.633057641841,2655.9984676761337,17.63458996570508,0.014794774180782046,0.0005917909672312819,9.246733862988779e-06,0.15031927582148896,64
22336,348,22323,379.33668618394813,5.92713572162419,0.7241379310344828,0.7241379310344828,1479,1071,400,0,42.90625,2746.0,2.5639589169000936,4.0,1071,0.03550090522992172,2272.05793471499,2246.2526469948657,25.805287720124984,0.012264221184906691,0.0004905688473962677,7.665138240566682e-06,0.149168272667668,64
22400,349,22387,427.80307144782023,6.684422991372191,0.7997179125528914,0.7997179125528914,1418,1134,290,0,46.96875,3006.0,2.6507936507936507,4.0,1134,0.041491832812795455,2655.4773000189093,2631.572210546207,23.90508947270241,0.014365461003216111,0.0005746184401286444,8.978413127010069e-06,0.1476929064185128,64
22464,350,22451,465.28451942394145,7.270070615999085,0.8656826568265683,0.8656826568265683,1355,1173,188,0,44.90625,2874.0,2.450127877237852,4.0,1173,0.041154603386541186,2633.8946167386357,2616.904270334686,16.990346403950557,0.014517163026190764,0.0005806865210476306,9.073226891369228e-06,0.14625509178757468,64
22528,351,22515,450.90937646012503,7.045459007189454,0.8186274509803921,0.8186274509803921,1428,1169,247,0,44.765625,2865.0,2.4508126603934985,4.0,1169,0.043004163098952275,2752.2664383329457,2733.8798831185995,18.386555214347176,0.015284289051572898,0.0006113715620629159,9.552680657233062e-06,0.14554461275804986,64
22592,352,22579,409.9478728505066,6.405435513289166,0.7972181551976574,0.7972181551976574,1366,1089,285,0,44.453125,2845.0,2.6124885215794307,5.0,1089,0.039297223834046414,2515.0223253789704,2491.9140791656264,23.10824621334527,0.013782933146738017,0.0005513173258695207,8.61433321671126e-06,0.1446349279506375,64
22656,353,22643,364.5972667297746,5.696832292652728,0.755893536121673,0.755893536121673,1315,994,314,0,40.640625,2601.0,2.6167002012072436,5.0,994,0.032148816933924365,2057.5242837711594,2033.2957941468785,24.228489624281142,0.0108788734700779,0.00043515493880311596,6.799295918798687e-06,0.14362238510709088,64
22720,354,22707,409.476062469922,6.398063476092531,0.7961736571008095,0.7961736571008095,1359,1082,272,0,43.96875,2814.0,2.6007393715341958,5.0,1082,0.03662320630113415,2343.885203272586,2322.594410342071,21.290792930515607,0.012773613349301011,0.0005109445339720405,7.983508343313132e-06,0.1430156014637614,64
22784,355,22771,412.0841631853972,6.438815049771831,0.8044280442804428,0.8044280442804428,1355,1090,274,0,47.625,3048.0,2.7963302752293577,5.0,1090,0.038293455619885876,2450.781159672696,2423.7433369946934,27.037822678003113,0.01349324827716925,0.00053972993108677,8.433280173230782e-06,0.14240289197102368,64
22848,356,22835,437.2156119107806,6.831493936105947,0.8165467625899281,0.8165467625899281,1390,1135,243,0,45.328125,2901.0,2.555947136563877,4.0,1135,0.0395224761000949,2529.4384704060735,2506.9795531906757,22.45891721539794,0.014164232808369811,0.0005665693123347924,8.852645505231132e-06,0.14183585760020823,64
22912,357,22899,440.39719885799315,6.881206232156143,0.82319255547602,0.82319255547602,1397,1150,261,0,45.296875,2899.0,2.5208695652173914,4.0,1150,0.040562605276459114,2596.0067376933835,2575.053994674498,20.952743018886423,0.015116955204795947,0.0006046782081918379,9.448097002997467e-06,0.14202724277487727,64
22976,358,22963,424.7974767818656,6.63746057471665,0.7840277777777778,0.7840277777777778,1440,1129,297,0,48.390625,3097.0,2.7431355181576618,5.0,1129,0.03905378168762827,2499.442028008209,2471.2512936294825,28.190734378726265,0.01335241756318859,0.0005340967025275436,8.345260976992869e-06,0.1421729086078962,64
23040,359,23027,393.3994787536389,6.146866855525608,0.773121387283237,0.773121387283237,1384,1070,319,0,45.6875,2924.0,2.7327102803738317,5.0,1070,0.0381932306090779,2444.3667589809857,2418.7852287268834,25.58153025410259,0.014774514835777129,0.0005909805934310852,9.234071772360706e-06,0.1429204089066476,64
23104,360,23091,431.34479315667977,6.739762393073121,0.797071129707113,0.797071129707113,1434,1143,282,0,44.25,2832.0,2.477690288713911,4.0,1143,0.04095086840469646,2620.8555779005733,2600.2096450496665,20.645932850906977,0.016303972822567913,0.0006521589129027165,1.0189983014104946e-05,0.14381750207313798,64
23168,361,23155,451.0822697156682,7.0481604643073155,0.8266666666666667,0.8266666666666667,1425,1178,265,0,43.984375,2815.0,2.3896434634974533,4.0,1178,0.041121420507225406,2631.770912462426,2612.6530745084165,19.11783795400846,0.01613367850337538,0.0006453471401350152,1.0083549064609613e-05,0.14458396734785517,64
23232,362,23219,400.57222840695795,6.258941068858718,0.7748917748917749,0.7748917748917749,1386,1074,308,0,43.125,2760.0,2.569832402234637,5.0,1074,0.034769062192505765,2225.219980320369,2200.689885175059,24.530095145309826,0.01196776479019652,0.00047871059160786077,7.4798529938728245e-06,0.1450620314585736,64
23296,363,23283,424.2857038418973,6.629464122529646,0.8073859522085446,0.8073859522085446,1381,1115,256,0,41.5,2656.0,2.382062780269058,4.0,1115,0.04094613739802677,2620.5527934737133,2602.888196762013,17.66459671169902,0.016687897867269232,0.0006675159146907693,1.0429936167043271e-05,0.14510885745929097,64
23360,364,23347,383.2963003150551,5.989004692422736,0.74,0.74,1450,1073,376,0,43.59375,2790.0,2.6001863932898415,4.0,1073,0.03577937913865087,2289.8802648736555,2265.0147606843793,24.86550418927654,0.014750345984131542,0.0005900138393652617,9.218966240082214e-06,0.14507798806196487,64
23424,365,23411,356.0108271335645,5.562669173961945,0.737546468401487,0.737546468401487,1345,992,341,0,43.03125,2754.0,2.776209677419355,5.0,992,0.030202626787091878,1932.96811437388,1902.2458521764058,30.722262197472865,0.012897507381726667,0.0005159002952690667,8.060942113579167e-06,0.14552084338050864,64
23488,366,23475,370.42537976965446,5.787896558900851,0.751453488372093,0.751453488372093,1376,1034,362,0,52.734375,3375.0,3.2640232108317213,5.0,1034,0.034301576074936994,2195.3008687959677,2157.4417535569637,37.859115239004346,0.012424506855602889,0.0004969802742241156,7.765316784751806e-06,0.14691120774312388,64
23552,367,23539,388.6691804424652,6.072955944413518,0.7664497469269703,0.7664497469269703,1383,1060,318,0,43.0625,2756.0,2.6,5.0,1060,0.036015773314574395,2305.0094921327614,2281.2166876479337,23.7928044848279,0.01567392828302522,0.0006269571313210089,9.796205176890764e-06,0.1480778642776239,64
23616,368,23603,376.72303991866715,5.886297498729174,0.7336578581363005,0.7336578581363005,1438,1055,374,0,49.390625,3161.0,2.996208530805687,5.0,1055,0.03488258684811525,2232.485558279376,2197.5779758613226,34.90758241805492,0.014026014031930415,0.0005610405612772166,8.76625876995651e-06,0.1490826227481583,64
23680,369,23667,379.57844736198166,5.930913240030963,0.7453637660485022,0.7453637660485022,1402,1045,335,0,49.390625,3161.0,3.0248803827751196,5.0,1045,0.035007523424271825,2240.4814991533967,2206.7453599092364,33.73613924415983,0.014311799092217312,0.0005724719636886925,8.94487443263582e-06,0.1504403795160003,64
23744,370,23731,390.9911499427018,6.109236717854715,0.7720430107526882,0.7720430107526882,1395,1077,344,0,47.265625,3025.0,2.808727948003714,5.0,1077,0.0342390401278193,2191.2985681804353,2163.8355578518426,27.463010328592738,0.015094017035496381,0.0006037606814198553,9.433760647185239e-06,0.1517857995679901,64
23808,371,23795,372.1889593870565,5.815452490422758,0.7474820143884892,0.7474820143884892,1390,1039,357,0,46.53125,2978.0,2.8662175168431183,5.0,1039,0.034225194220605985,2190.412430118783,2159.4643878042275,30.948042314554932,0.014672916088832057,0.0005869166435532823,9.170572555520036e-06,0.15280111773567806,64
23872,372,23859,394.63619789214624,6.166190592064785,0.75,0.75,1452,1089,353,0,54.65625,3498.0,3.212121212121212,5.0,1089,0.03742446192054526,2395.1655629148963,2355.919241053282,39.246321861614035,0.01543289408780867,0.0006173157635123468,9.645558804880418e-06,0.15395333979676668,64
23936,373,23923,431.75435737439705,6.746161833974954,0.8060013956734124,0.8060013956734124,1433,1155,305,0,49.5,3168.0,2.742857142857143,5.0,1155,0.03897581629551102,2494.4522429127055,2468.9905850875957,25.461657825109665,0.01797140117216211,0.0007188560468864844,1.1232125732601319e-05,0.15553575605947637,64
24000,374,23987,434.85731752366894,6.794645586307327,0.8032100488485694,0.8032100488485694,1433,1151,278,0,44.1875,2828.0,2.4569939183318854,4.0,1151,0.04083925352877358,2613.7122258415093,2594.353463848498,19.358761993010646,0.018417379513834296,0.0007366951805533718,1.1510862196146435e-05,0.1569921975888034,64
24064,375,24051,463.697176890975,7.245268388921485,0.8171466845277964,0.8171466845277964,1493,1220,274,0,47.453125,3037.0,2.489344262295082,4.0,1220,0.0464831879996774,2974.9240319793535,2955.054948440537,19.869083538816582,0.02141956024976651,0.0008567824099906604,1.3387225156104069e-05,0.15829084066477986,64
24128,376,24115,409.3598036545624,6.396246932102538,0.7780141843971631,0.7780141843971631,1410,1097,279,0,42.171875,2699.0,2.460346399270738,4.0,1097,0.04165908658829549,2666.181541650911,2646.0997727299805,20.081768920930912,0.019908963454554972,0.0007963585381821989,1.2443102159096858e-05,0.1593626033528322,64
24192,377,24179,395.82155399878957,6.184711781231087,0.7848285922684172,0.7848285922684172,1371,1076,311,0,43.71875,2798.0,2.600371747211896,5.0,1076,0.037033463751757756,2370.1416801124965,2345.245390056281,24.896290056215634,0.01693895307482487,0.0006775581229929949,1.0586845671765545e-05,0.16061096681657644,64
24256,378,24243,435.2118322170711,6.800184878391736,0.840858623242043,0.840858623242043,1351,1136,231,0,45.0,2880.0,2.535211267605634,4.0,1136,0.042505164476520356,2720.330526497303,2702.133463561012,18.197062936290386,0.020434538586455397,0.0008173815434582159,1.2771586616534623e-05,0.16178834490270627,64
24320,379,24307,457.39547394381646,7.146804280372132,0.8354609929078014,0.8354609929078014,1410,1178,213,0,46.0625,2948.0,2.502546689303905,4.0,1178,0.041778896972835204,2673.849406261453,2652.95622825165,20.89317800980181,0.01954933814794567,0.0007819735259178268,1.2218336342466044e-05,0.16279639083359268,64
24384,380,24371,428.0674350334032,6.688553672396925,0.8239590942293645,0.8239590942293645,1369,1128,251,0,46.28125,2962.0,2.625886524822695,5.0,1128,0.04205123994624358,2691.2793565595894,2669.218112538371,22.061244021218013,0.02008044353108209,0.0008032177412432836,1.2550277206926306e-05,0.1635147628308305,64
24448,381,24435,369.83459885477816,5.778665607105909,0.7437185929648241,0.7437185929648241,1393,1036,355,0,44.09375,2822.0,2.723938223938224,5.0,1036,0.03474995404172912,2223.9970586706636,2196.865450469118,27.13160820154601,0.015665199437050876,0.000626607977482035,9.790749648156797e-06,0.163579300460385,64
24512,382,24499,391.6788887243182,6.119982636317472,0.7622427253371186,0.7622427253371186,1409,1074,327,0,43.890625,2809.0,2.6154562383612663,5.0,1074,0.0361119057205414,2311.161966114649,2284.756392686006,26.40557342864357,0.01711170637649451,0.0006844682550597804,1.0694816485309069e-05,0.1632288172815726,64
24576,383,24563,382.3277379638107,5.973870905684542,0.7324232081911263,0.7324232081911263,1465,1073,382,0,58.140625,3721.0,3.4678471575023297,5.0,1073,0.0376144284659756,2407.3234218224384,2362.100835633254,45.222586189185215,0.015454599193448642,0.0006181839677379457,9.659124495905401e-06,0.16255860621901191,64
24640,384,24627,412.87095775894767,6.451108714983557,0.7943462897526502,0.7943462897526502,1415,1124,320,0,49.390625,3161.0,2.8122775800711746,5.0,1124,0.041101409937993875,2630.490236031608,2603.951900362985,26.538335668623198,0.020068411279765944,0.0008027364511906378,1.2542757049853715e-05,0.16192624248642562,64
24704,385,24691,416.0248051752337,6.500387580863027,0.8102564102564103,0.8102564102564103,1365,1106,266,0,45.203125,2893.0,2.615732368896926,5.0,1106,0.03874756697568144,2479.8442864436124,2458.4892366972927,21.355049746320407,0.019026660977221166,0.0007610664390888467,1.189166311076323e-05,0.16190560426889028,64
24768,386,24755,401.1332537879605,6.267707090436883,0.7868020304568528,0.7868020304568528,1379,1085,275,0,43.609375,2791.0,2.5723502304147465,5.0,1085,0.04188412729909632,2680.5841471421645,2661.295991728878,19.288155413287225,0.023137315475273406,0.0009254926190109362,1.4460822172045879e-05,0.16264697308658174,64
24832,387,24819,437.12254058208316,6.830039696595049,0.8339376359680928,0.8339376359680928,1379,1150,236,0,44.90625,2874.0,2.4991304347826087,4.0,1150,0.04483398565387408,2869.375081847941,2850.449867749116,18.925214098825464,0.024669578787933143,0.0009867831515173258,1.5418486742458215e-05,0.16335642490226823,64
24896,388,24883,429.0918379677582,6.704559968246222,0.786342123056119,0.786342123056119,1479,1163,305,0,53.84375,3446.0,2.9630266552020634,5.0,1163,0.043593020328459665,2789.9533010214186,2759.6083102648136,30.34499075660544,0.023817311875701734,0.0009526924750280694,1.4885819922313584e-05,0.16383137220285396,64
24960,389,24947,443.4471864190218,6.928862287797216,0.8368080517613228,0.8368080517613228,1391,1164,236,0,48.4375,3100.0,2.663230240549828,5.0,1164,0.042123772918870886,2695.9214668077366,2675.226911384527,20.694555423209394,0.023660334628404316,0.0009464133851361726,1.4787709142752697e-05,0.16395268920375833,64
25024,390,25011,431.63372356972366,6.744276930776932,0.7853757616790792,0.7853757616790792,1477,1160,305,0,52.375,3352.0,2.889655172413793,5.0,1160,0.04019059639441579,2572.19816924261,2539.878753187928,32.319416054682826,0.019637252830038327,0.0007854901132015331,1.2273283018773955e-05,0.1636956942001143,64
25088,391,25075,458.218017979138,7.159656530924031,0.8348369188063844,0.8348369188063844,1441,1203,243,0,50.765625,3249.0,2.7007481296758105,5.0,1203,0.04468470460335576,2859.8210946147688,2837.13036128671,22.690733328058837,0.02460587172256356,0.0009842348689025424,1.5378669826602225e-05,0.16406546572525174,64
25152,392,25139,393.9622816810851,6.155660651266954,0.779783393501805,0.779783393501805,1385,1080,316,0,49.1875,3148.0,2.914814814814815,5.0,1080,0.037542682616319246,2402.731687444432,2372.245611591675,30.486075852756702,0.019497941823511222,0.0007799176729404489,1.2186213639694514e-05,0.16464032529092748,64
25216,393,25203,411.68863637102555,6.432634943297274,0.7906316536550745,0.7906316536550745,1409,1114,280,0,49.453125,3165.0,2.841113105924596,5.0,1114,0.044472463769100495,2846.2376812224315,2819.986864936681,26.250816285751217,0.025329276501172966,0.0010131710600469186,1.5830797813233103e-05,0.16572088306002963,64
25280,394,25267,396.5730936138943,6.196454587717098,0.7625,0.7625,1440,1098,331,0,46.3125,2964.0,2.699453551912568,5.0,1098,0.039789704788846206,2546.5411064861573,2519.858271589854,26.68283489630429,0.022207468207462444,0.0008882987282984977,1.3879667629664027e-05,0.16679075750461286,64
25344,395,25331,373.9377112249763,5.842776737890254,0.742837176799441,0.742837176799441,1431,1063,383,0,46.625,2984.0,2.8071495766698025,5.0,1063,0.03596005740508231,2301.443673925268,2272.468105778129,28.975568147139207,0.018639577796922734,0.0007455831118769094,1.164973612307671e-05,0.16718507490750084,64
25408,396,25395,423.4145089808125,6.6158517028251955,0.806680881307747,0.806680881307747,1407,1135,273,0,45.953125,2941.0,2.5911894273127754,5.0,1135,0.043239619921268416,2767.3356749611785,2746.803475858372,20.532199102806025,0.023292402095119638,0.0009316960838047856,1.4557751309449775e-05,0.1675670471549783,64
25472,397,25459,421.51432560151017,6.586161337523596,0.7914625612316305,0.7914625612316305,1429,1131,282,0,50.078125,3205.0,2.8337754199823166,5.0,1131,0.04208918077555127,2693.7075696352813,2667.6901345100455,26.01743512523599,0.022006760407381268,0.0008802704162952507,1.3754225254613292e-05,0.16792679399934873,64
25536,398,25523,388.8271961887466,6.075424940449166,0.7792397660818714,0.7792397660818714,1368,1066,322,0,51.875,3320.0,3.1144465290806753,5.0,1066,0.03646428834407961,2333.714454021095,2301.7231074794718,31.99134654162364,0.01667358819085477,0.0006669435276341907,1.042099261928423e-05,0.16847847618181516,64
25600,399,25587,450.82773534803187,7.044183364812998,0.8394886363636364,0.8394886363636364,1408,1182,233,0,48.703125,3117.0,2.6370558375634516,5.0,1182,0.045593597892242474,2917.990265103518,2897.759152279126,20.23111282439087,0.02489170785068986,0.0009956683140275944,1.5557317406681163e-05,0.16931313329073114,64
25664,400,25651,428.0382994686498,6.6880984291976535,0.7944827586206896,0.7944827586206896,1450,1152,278,0,46.390625,2969.0,2.5772569444444446,4.0,1152,0.04488630135921972,2872.723286990062,2852.8292526178707,19.894034372192895,0.02540522106285898,0.0010162088425143593,1.5878263164286864e-05,0.1700576987875171,64
25728,401,25715,448.7563911213173,7.0118186112705825,0.825208913649025,0.825208913649025,1436,1185,251,0,48.921875,3131.0,2.6421940928270042,5.0,1185,0.047843095173616665,3061.9580911114667,3041.7076425196565,20.250448591810567,0.025958542127140057,0.0010383416850856023,1.6224088829462536e-05,0.17052809033072847,64
25792,402,25779,422.2903790459468,6.598287172592919,0.801980198019802,0.801980198019802,1414,1134,282,0,52.1875,3340.0,2.945326278659612,5.0,1134,0.04295293786721098,2748.9880235015025,2719.6938388754716,29.294184626032894,0.02284651470438025,0.00091386058817521,1.4279071690237656e-05,0.17068943837961004,64
25856,403,25843,437.65401996591027,6.838344061967348,0.8260869565217391,0.8260869565217391,1403,1159,248,0,49.34375,3158.0,2.724762726488352,5.0,1159,0.04560129170859128,2918.4826693498417,2896.334558908387,22.148110441455295,0.025293594132352312,0.0010117437652940925,1.5808496332720195e-05,0.17036165886418533,64
25920,404,25907,405.05833389596313,6.329036467124424,0.7836298932384341,0.7836298932384341,1405,1101,302,0,50.890625,3257.0,2.958219800181653,5.0,1101,0.04092116368223244,2618.954475662876,2588.7030770234933,30.251398639382455,0.021581403891661882,0.0008632561556664753,1.3488377432288677e-05,0.17000958988604287,64
25984,405,25971,402.21358460967014,6.284587259526096,0.7671517671517671,0.7671517671517671,1443,1107,326,0,57.71875,3694.0,3.336946702800361,5.0,1107,0.04161848474702678,2663.5830238097137,2626.8547528296613,36.72827098005482,0.021980570499470553,0.0008792228199788221,1.3737856562169095e-05,0.1698304918589177,64
26048,406,26035,428.66517245011363,6.6978933195330255,0.8156583629893238,0.8156583629893238,1405,1146,274,0,54.171875,3467.0,3.025305410122164,5.0,1146,0.04370766580321839,2797.290611405977,2768.8408526262406,28.449758779735724,0.023576179642686643,0.0009430471857074657,1.4735112276679152e-05,0.16959257783498238,64
26112,407,26099,388.25795163305764,6.066530494266526,0.7670250896057348,0.7670250896057348,1395,1070,329,0,51.609375,3303.0,3.086915887850467,5.0,1070,0.04064481234360798,2601.267989990911,2570.302921253044,30.96506873786636,0.02017855575142936,0.0008071422300571744,1.261159734464335e-05,0.16897130930412096,64
26176,408,26163,432.4945021639486,6.757726596311697,0.7914402173913043,0.7914402173913043,1472,1165,291,0,49.296875,3155.0,2.708154506437768,5.0,1165,0.04584018312533991,2933.7717200217544,2909.92606227856,23.845657743194824,0.023826314091227183,0.0009530525636490874,1.489144630701699e-05,0.16806623025435646,64
26240,409,26227,392.55114190432096,6.133611592255015,0.7871870397643593,0.7871870397643593,1358,1069,291,0,45.40625,2906.0,2.7184284377923293,5.0,1069,0.0406129035536545,2599.2258274338883,2576.5823406312647,22.643486802624906,0.022338558242359256,0.0008935423296943702,1.3961598901474535e-05,0.1670410654464482,64
26304,410,26291,454.3768053094984,7.099637582960913,0.8627737226277372,0.8627737226277372,1370,1182,213,0,49.453125,3165.0,2.6776649746192893,5.0,1182,0.045903751750770286,2937.840112049298,2918.727444433562,19.11266761573549,0.025545511327330066,0.0010218204530932026,1.596594457958129e-05,0.1657468344029896,64
26368,411,26355,455.7600393508735,7.121250614857399,0.834612700628053,0.834612700628053,1433,1196,237,0,48.78125,3122.0,2.6103678929765888,5.0,1196,0.04733392087414116,3029.370935945034,3008.4551644978415,20.91577144719373,0.02578164581554698,0.0010312658326218792,1.6113528634716862e-05,0.16527684347876417,64
26432,412,26419,474.32695768941966,7.411358713897182,0.8320971004720162,0.8320971004720162,1483,1234,240,0,49.796875,3187.0,2.5826580226904374,5.0,1234,0.04238038384065035,2712.344565801622,2690.955056024014,21.389509777608346,0.022542995576014344,0.0009017198230405737,1.4089372235008964e-05,0.16465520386333365,64
26496,413,26483,463.7922637292735,7.246754120769898,0.8578607322325915,0.8578607322325915,1393,1195,205,0,47.171875,3019.0,2.526359832635983,4.0,1195,0.0459406529515203,2940.201788897299,2922.538115333772,17.6636735635265,0.02386481487352101,0.0009545925949408404,1.4915509295950631e-05,0.16389754558584685,64
26560,414,26547,436.4875778369769,6.8201184037027645,0.8220461095100865,0.8220461095100865,1388,1141,236,0,47.328125,3029.0,2.6546888694127957,5.0,1141,0.03951784275422014,2529.141936270089,2505.712560134535,23.42937613555421,0.02039015354849346,0.0008156061419397384,1.2743845967808412e-05,0.1636277816614387,64
26624,415,26611,477.0213469174733,7.45345854558552,0.848589125946318,0.848589125946318,1453,1233,223,0,49.859375,3191.0,2.5879967558799675,4.0,1233,0.043557128526456636,2787.6562256932248,2765.3051815391873,22.351044154037652,0.022364842004585196,0.0008945936801834078,1.3978026252865747e-05,0.16334028790125987,64
26688,416,26675,483.0211388469861,7.547205294484158,0.8708539167254764,0.8708539167254764,1417,1234,197,0,49.375,3160.0,2.560777957860616,5.0,1234,0.04712050145058364,3015.712092837353,2996.2549363391677,19.457156498185004,0.02298834031020054,0.0009195336124080215,1.4367712693875336e-05,0.16298907009714164,64
26752,417,26739,419.12102293509383,6.548765983360841,0.7891737891737892,0.7891737891737892,1404,1108,258,0,47.6875,3052.0,2.7545126353790614,5.0,1108,0.03767331800958882,2411.0923526136844,2381.5147701233404,29.57758249034471,0.017615552668848802,0.0007046221067539522,1.1009720418030502e-05,0.16243829908589724,64
26816,418,26803,427.6435198114327,6.681929997053636,0.8138869005010737,0.8138869005010737,1397,1137,287,0,56.578125,3621.0,3.1846965699208445,6.0,1137,0.039468714151096575,2525.997705670181,2492.272872465085,33.724833205096445,0.015727908456135198,0.0006291163382454079,9.829942785084499e-06,0.16241662995225892,64
26880,419,26867,469.0717578557741,7.32924621649647,0.820066889632107,0.820066889632107,1495,1226,250,0,50.8125,3252.0,2.6525285481239806,5.0,1226,0.04772890001544226,3054.649600988305,3030.28594152632,24.36365946198481,0.022643989017092768,0.0009057595606837107,1.415249313568298e-05,0.16267639143052348,64
26944,420,26931,432.1384410689707,6.752163141702667,0.792749658002736,0.792749658002736,1462,1159,311,0,52.75,3376.0,2.912855910267472,5.0,1159,0.039795847742624776,2546.934255527986,2515.2187024569744,31.715553071012117,0.017368008827428758,0.0006947203530971503,1.0855005517142973e-05,0.16287800584348155,64
27008,421,26995,444.9764721791727,6.952757377799573,0.842296511627907,0.842296511627907,1376,1159,241,0,45.09375,2886.0,2.4900776531492665,4.0,1159,0.04075831798444817,2608.532351004683,2589.4096193301225,19.122731674560452,0.018270995823317523,0.000730839832932701,1.1419372389573452e-05,0.1634696517835087,64
27072,422,27059,478.0226359247505,7.469103686324226,0.867237687366167,0.867237687366167,1401,1215,180,0,45.96875,2942.0,2.4213991769547327,4.0,1215,0.04947817248685587,3166.6030391587756,3151.352431795243,15.25060736353204,0.022961209609240245,0.0009184483843696098,1.4350756005775153e-05,0.1643885975746991,64
27136,423,27123,465.2026291120442,7.26879107987569,0.8590116279069767,0.8590116279069767,1376,1182,184,0,44.640625,2857.0,2.4170896785109983,4.0,1182,0.046324931199489355,2964.795596767319,2949.8901112248204,14.905485542498987,0.02042264780572483,0.0008169059122289932,1.276415487857802e-05,0.1650819737672245,64
27200,424,27187,422.3824545853183,6.599725852895599,0.8080808080808081,0.8080808080808081,1386,1120,268,0,44.203125,2829.0,2.525892857142857,5.0,1120,0.04130435884097576,2643.4789658224486,2623.1791445113895,20.29982131106022,0.018260851971556233,0.0007304340788622494,1.1413032482222647e-05,0.16526196906087276,64
27264,425,27251,468.3518096232831,7.317997025363798,0.8260869565217391,0.8260869565217391,1472,1216,241,0,50.953125,3261.0,2.6817434210526314,5.0,1216,0.04704777757865652,3011.057765034017,2989.378577152982,21.679187881034316,0.020501732684319124,0.0008200693073727649,1.2813582927699452e-05,0.16532310705506673,64
27328,426,27315,444.3797903988551,6.943434224982111,0.8624338624338624,0.8624338624338624,1323,1141,204,0,41.78125,2674.0,2.3435582822085887,4.0,1141,0.044410952275234894,2842.300945615033,2827.761941979876,14.539003635158736,0.019535946146329197,0.000781437845853168,1.220996634145575e-05,0.1652327062895641,64
27392,427,27379,464.16658216382575,7.252602846309777,0.8519051042415529,0.8519051042415529,1391,1185,190,0,46.3125,2964.0,2.50126582278481,4.0,1185,0.048472992342867,3102.2715099434877,3086.7679497471804,15.503560196307795,0.02108106950223719,0.0008432427800894876,1.3175668438898244e-05,0.164930362416726,64
27456,428,27443,408.79409409964967,6.387407720307026,0.7862759113652609,0.7862759113652609,1399,1100,295,0,46.484375,2975.0,2.7045454545454546,5.0,1100,0.04012248826929101,2567.8392492346247,2543.7322231523676,24.107026082258677,0.017525310794883595,0.0007010124317953438,1.0953319246802247e-05,0.16426692827160458,64
27520,429,27507,389.85334829447766,6.091458567101213,0.7784342688330872,0.7784342688330872,1354,1054,307,0,41.46875,2654.0,2.5180265654648957,4.0,1054,0.03449406780752574,2207.6203396816472,2186.9907369791413,20.629602702506514,0.014618082614811784,0.0005847233045924714,9.136301634257365e-06,0.16367212165773304,64
27584,430,27571,391.3607366621649,6.115011510346327,0.7812960235640648,0.7812960235640648,1358,1061,310,0,46.203125,2957.0,2.7869934024505185,5.0,1061,0.036638827657556446,2344.8849700836126,2318.624373883544,26.26059620006698,0.014570352294034666,0.0005828140917613867,9.106470183771666e-06,0.16306179605148033,64
27648,431,27635,445.942319223048,6.967848737860125,0.8133704735376045,0.8133704735376045,1436,1168,261,0,46.78125,2994.0,2.5633561643835616,4.0,1168,0.044181212566280485,2827.597604241951,2807.525516135078,20.072088106873007,0.018379322050845453,0.0007351728820338181,1.1487076281778408e-05,0.16234074978010754,64
27712,432,27699,417.94344081302006,6.5303662627034385,0.8106508875739645,0.8106508875739645,1352,1096,247,0,42.71875,2734.0,2.4945255474452557,4.0,1096,0.03916612797888494,2506.632190648636,2489.8936300221317,16.73856062650451,0.015771157278415073,0.0006308462911366029,9.85697329900942e-06,0.16151976115317518,64
27776,433,27763,386.45630058446716,6.038379696632299,0.7560283687943262,0.7560283687943262,1410,1066,347,0,46.84375,2998.0,2.8123827392120075,5.0,1066,0.035459027392137486,2269.377753096799,2241.442782835192,27.934970261606917,0.013781036091909527,0.0005512414436763811,8.613147557443454e-06,0.1601134594986603,64
27840,434,27827,387.5544888235953,6.055538887868677,0.7701818181818182,0.7701818181818182,1375,1059,325,0,42.015625,2689.0,2.5391879131255903,4.0,1059,0.03551022533959394,2272.6544217340124,2252.055599791711,20.598821942302962,0.013919531019946496,0.0005567812407978598,8.69970688746656e-06,0.15895310998933593,64
27904,435,27891,428.01264535438446,6.687697583662257,0.8161925601750547,0.8161925601750547,1371,1119,245,0,44.890625,2873.0,2.5674709562109026,4.0,1119,0.043498552189070484,2783.907340100511,2765.089967721666,18.817372378845395,0.01700733565337715,0.000680293426135086,1.0629584783360719e-05,0.1582865637670688,64
27968,436,27955,408.3076239891367,6.379806624830261,0.7780126849894292,0.7780126849894292,1419,1104,320,0,51.359375,3287.0,2.977355072463768,5.0,1104,0.040168962467513766,2570.813597920881,2542.889001599872,27.92459632101013,0.014743321675239684,0.0005897328670095873,9.214576047024802e-06,0.15751703728731903,64
28032,437,28019,404.16609580247774,6.315095246913715,0.7971976401179941,0.7971976401179941,1356,1081,287,0,44.828125,2869.0,2.6540240518038853,5.0,1081,0.03927499223462751,2513.5995030161603,2492.808453579576,20.791049436585038,0.015345625060038854,0.0006138250024015541,9.591015662524283e-06,0.15674237387622142,64
28096,438,28083,393.38289991170564,6.1466078111204006,0.775599128540305,0.775599128540305,1377,1068,310,0,47.6875,3052.0,2.857677902621723,5.0,1068,0.04067522858631555,2603.2146295241955,2576.041668950549,27.172960573646982,0.016059352455226734,0.0006423740982090694,1.0037095284516709e-05,0.15656331060302758,64
28160,439,28147,368.1040973835251,5.751626521617579,0.7380952380952381,0.7380952380952381,1386,1023,351,0,51.046875,3267.0,3.193548387096774,5.0,1023,0.03187863395566757,2040.2325731627243,2005.273252502837,34.959320659886856,0.012198588079442654,0.00048794352317770614,7.6241175496516585e-06,0.15588235363626612,64
28224,440,28211,422.0106784507507,6.593916850792979,0.8054953000723066,0.8054953000723066,1383,1114,265,0,42.453125,2717.0,2.438958707360862,4.0,1114,0.04152255384234406,2657.44344591002,2640.152435838984,17.291010071036144,0.017048557131397076,0.0006819422852558831,1.0655348207123173e-05,0.1551164395008314,64
28288,441,28275,409.5544194662617,6.399287804160339,0.7842441447835344,0.7842441447835344,1409,1105,305,0,43.390625,2777.0,2.5131221719457013,4.0,1105,0.039684355492214836,2539.7987515017494,2519.6679862389074,20.130765262841564,0.01694076897377014,0.0006776307589508056,1.0587980608606337e-05,0.1548528161661854,64
28352,442,28339,457.0985703612282,7.142165161894191,0.8369950389794472,0.8369950389794472,1411,1181,231,0,42.75,2736.0,2.316680779000847,4.0,1181,0.04269937467790073,2732.7599793856466,2718.5211523007306,14.238827084915908,0.01820097402529592,0.0007280389610118368,1.137560876580995e-05,0.1551308136204928,64
28416,443,28403,455.1585817751234,7.1118528402363035,0.8483754512635379,0.8483754512635379,1385,1175,218,0,43.171875,2763.0,2.3514893617021277,4.0,1175,0.045664378087784535,2922.52019761821,2909.910272172575,12.609925445636055,0.020303644638780805,0.0008121457855512321,1.2689777899238002e-05,0.15586147400784833,64
28480,444,28467,374.2131940102535,5.847081156410211,0.7543731778425656,0.7543731778425656,1372,1035,328,0,39.8125,2548.0,2.4618357487922706,4.0,1035,0.037598514486118666,2406.3049271115947,2386.81674336658,19.488183745014748,0.01659552107506893,0.0006638208430027571,1.037220067191808e-05,0.15686055606684338,64
28544,445,28531,450.47650655920006,7.038695414987501,0.8082936777702243,0.8082936777702243,1471,1189,266,0,44.921875,2875.0,2.4179983179142135,4.0,1189,0.04636785233163425,2967.5425492245918,2951.436245387009,16.106303837583013,0.02115824293246533,0.0008463297172986132,1.3223901832790832e-05,0.15778957637846397,64
28608,446,28595,433.47043852481124,6.772975601950176,0.8301886792452831,0.8301886792452831,1378,1144,268,0,44.21875,2830.0,2.4737762237762237,4.0,1144,0.043623707984844086,2791.9173110300217,2775.6178271994218,16.29948383060086,0.01936352230854562,0.0007745408923418249,1.2102201442841014e-05,0.15840471187255722,64
28672,447,28659,410.3918063244827,6.412371973820042,0.775766016713092,0.775766016713092,1436,1114,309,0,42.71875,2734.0,2.454219030520646,4.0,1114,0.04320252632918418,2764.9616850677876,2747.0747688614606,17.88691620632663,0.02028483577093488,0.0008113934308373952,1.26780223568343e-05,0.15885090689238138,64
28736,448,28723,420.12779309519294,6.56449676711239,0.805176132278936,0.805176132278936,1391,1120,277,0,42.015625,2689.0,2.400892857142857,4.0,1120,0.04092452409620498,2619.1695421571185,2603.920704296667,15.248837860451083,0.01927309132131983,0.0007709236528527933,1.2045682075824895e-05,0.1589734305765427,64
28800,449,28787,418.0959750599301,6.5327496103114076,0.7822802197802198,0.7822802197802198,1456,1139,309,0,44.046875,2819.0,2.474978050921861,4.0,1139,0.04721342649419595,3021.659295628541,3004.004037970705,17.65525765783557,0.024002731456136437,0.0009601092582454575,1.5001707160085273e-05,0.15917596408024615,64
28864,450,28851,425.6767828907423,6.651199732667848,0.7969295184926727,0.7969295184926727,1433,1142,287,0,44.84375,2870.0,2.5131348511383536,5.0,1142,0.04118734086737253,2635.989815511842,2617.6591171228415,18.330698389000297,0.02183591585041692,0.0008734366340166767,1.3647447406510574e-05,0.1605717672636462,64
28928,451,28915,412.4407609825279,6.444386890351998,0.7906976744186046,0.7906976744186046,1419,1122,301,0,43.28125,2770.0,2.4688057040998217,4.0,1122,0.04356115332599745,2787.913812863837,2770.037826345872,17.875986517964535,0.02296675924010325,0.00091867036960413,1.435422452506453e-05,0.1622646638772637,64
28992,452,28979,368.0871539968396,5.751361781200619,0.736318407960199,0.736318407960199,1407,1036,350,0,43.984375,2815.0,2.7171814671814674,5.0,1036,0.03722683612318009,2382.517511883526,2358.9289838468208,23.588528036704624,0.0194209135231043,0.000776836540924172,1.2138070951940188e-05,0.16359476357420866,64
29056,453,29043,392.86329827712916,6.138489035580143,0.7650310988251555,0.7650310988251555,1447,1107,369,0,48.765625,3121.0,2.8193315266486,5.0,1107,0.04162519647582401,2664.0125744527363,2638.095925823733,25.91664862900259,0.022249222075925675,0.000889968883037027,1.3905763797453546e-05,0.16494342085533795,64
29120,454,29107,424.97894729550785,6.64029605149231,0.7787550744248986,0.7787550744248986,1478,1151,311,0,45.625,2920.0,2.536924413553432,4.0,1151,0.04256329312729235,2724.0507601467107,2703.2105041713157,20.8402559753959,0.02172501965283603,0.0008690007861134413,1.357813728302252e-05,0.16690999089213066,64
29184,455,29171,389.2317247362663,6.081745699004161,0.7731514716439339,0.7731514716439339,1393,1077,334,0,44.546875,2851.0,2.647168059424327,5.0,1077,0.038328041538359406,2452.994658455002,2430.8282689843586,22.166389470642518,0.019519345617608583,0.0007807738247043434,1.2199591011005365e-05,0.16837704680732277,64
29248,456,29235,420.8141524276528,6.575221131682075,0.787857641311933,0.787857641311933,1433,1129,284,0,45.078125,2885.0,2.5553587245349867,4.0,1129,0.039477632241081535,2526.5684634292184,2506.2545363011614,20.313927128055514,0.020878862959792018,0.0008351545183916807,1.304928934987001e-05,0.16967599815864493,64
29312,457,29299,428.08361448774497,6.688806476371015,0.8041958041958042,0.8041958041958042,1430,1150,288,0,43.1875,2764.0,2.4034782608695653,4.0,1150,0.04081429623030175,2612.114958739312,2593.021235268133,19.093723471178798,0.02177388037572345,0.0008709552150289381,1.3608675234827158e-05,0.1714488197746292,64
29376,458,29363,423.4057007048996,6.615714073514056,0.8011204481792717,0.8011204481792717,1428,1144,289,0,42.640625,2729.0,2.3854895104895104,4.0,1144,0.04419571543245667,2828.525787677227,2812.946642476193,15.579145201034951,0.024636835561941645,0.0009854734224776659,1.539802222621353e-05,0.1731327203001426,64
29440,459,29427,394.70394014592773,6.167249064780121,0.7532467532467533,0.7532467532467533,1463,1102,359,0,48.34375,3094.0,2.807622504537205,5.0,1102,0.03961210276338639,2535.174576856729,2505.746682973613,29.427893883115352,0.0202049062028334,0.000808196248113336,1.2628066376770876e-05,0.17438819214547652,64
29504,460,29491,444.383005802428,6.943484465662937,0.817047817047817,0.817047817047817,1443,1179,252,0,47.53125,3042.0,2.5801526717557253,5.0,1179,0.0450492722029194,2883.1534209868414,2864.667918403301,18.48550258354092,0.026154333754391104,0.0010461733501756442,1.634645859649444e-05,0.17540796065880718,64
29568,461,29555,424.01073099044834,6.625167671725755,0.8050668543279381,0.8050668543279381,1421,1144,289,0,45.359375,2903.0,2.5375874125874125,4.0,1144,0.042763775166262626,2736.881610640808,2719.537241859994,17.344368780812967,0.024125207991619345,0.0009650083196647738,1.507825499476209e-05,0.17704290835644204,64
29632,462,29619,418.43464848467937,6.538041382573115,0.7760591795561533,0.7760591795561533,1487,1154,332,0,45.296875,2899.0,2.5121317157712304,4.0,1154,0.0438328001853864,2805.2992118647294,2784.800807077805,20.498404786924514,0.02495834697890925,0.00099833387915637,1.559896686181828e-05,0.1784468219449642,64
29696,463,29683,436.4528769281029,6.819576202001608,0.824822695035461,0.824822695035461,1410,1163,252,0,45.125,2888.0,2.4832330180567497,4.0,1163,0.044468671149772564,2845.994953585444,2829.8484925488174,16.14646103662475,0.027262001536274873,0.001090480061450995,1.7038750960171795e-05,0.17971103811627767,64
29760,464,29747,434.19126957612593,6.784238587126968,0.8220640569395018,0.8220640569395018,1405,1155,246,0,45.171875,2891.0,2.503030303030303,4.0,1155,0.04391746762707595,2810.717928132861,2794.4030515108057,16.31487662205438,0.02744732420042618,0.0010978929680170472,1.7154577625266363e-05,0.18049020640349878,64
29824,465,29811,468.45897030918644,7.319671411081038,0.845679012345679,0.845679012345679,1458,1233,235,0,45.71875,2926.0,2.373073803730738,4.0,1233,0.050668914647912705,3242.8105374664133,3227.6898494400098,15.120688026400948,0.030325426503912414,0.0012130170601564966,1.895339156494526e-05,0.18114703032904922,64
29888,466,29875,454.4624689641761,7.100976077565251,0.8431931575196009,0.8431931575196009,1403,1183,205,0,46.625,2984.0,2.5224006762468303,4.0,1183,0.0470871641081738,3013.578502923123,2996.2156590749983,17.362843848125273,0.028158142249077738,0.0011263256899631095,1.7598838905673586e-05,0.18161014311756976,64
29952,467,29939,449.146632362418,7.0179161306627815,0.8009259259259259,0.8009259259259259,1512,1211,299,0,46.578125,2981.0,2.4616019818331956,4.0,1211,0.04234752414874865,2710.2415455199134,2692.554448481989,17.68709703792413,0.025875184960125946,0.0010350073984050378,1.6171990600078716e-05,0.18156753754742544,64
30016,468,30003,427.53048723605116,6.680163863063299,0.8141843971631205,0.8141843971631205,1410,1148,260,0,42.765625,2737.0,2.3841463414634148,4.0,1148,0.04303834697490654,2754.454206394019,2739.1469563585965,15.307250035420873,0.028097881625017855,0.0011239152650007142,1.756117601563616e-05,0.18118614530456567,64
30080,469,30067,392.51535575290916,6.133052433639206,0.7662247034193999,0.7662247034193999,1433,1098,332,0,44.453125,2845.0,2.5910746812386156,4.0,1098,0.04197198029552929,2686.2067389138742,2664.2924426869295,21.91429622694538,0.026128006551488357,0.0010451202620595343,1.6330004094680224e-05,0.181293881076424,64
30144,470,30131,388.28363791902143,6.06693184248471,0.7895120174799709,0.7895120174799709,1373,1084,312,0,42.8125,2740.0,2.5276752767527677,5.0,1084,0.043818864991825524,2804.4073594768333,2787.3413196506076,17.06603982622596,0.029573373900686997,0.00118293495602748,1.8483358687929374e-05,0.18200670984143047,64
30208,471,30195,417.8185555210823,6.528414930016911,0.8004216444132115,0.8004216444132115,1423,1139,280,0,45.828125,2933.0,2.5750658472344163,5.0,1139,0.04724603348412264,3023.7461429838486,3006.112598437426,17.63354454642404,0.030330524336159667,0.0012132209734463867,1.8956577710099793e-05,0.1828597299759081,64
30272,472,30259,379.8360108618576,5.934937669716525,0.7610872675250357,0.7610872675250357,1398,1064,322,0,41.734375,2671.0,2.5103383458646618,4.0,1064,0.03781686005590624,2420.2790435779993,2400.586021747654,19.693021830345035,0.025897054444968273,0.001035882177798731,1.618565902810517e-05,0.18332117244758278,64
30336,473,30323,404.94352828777403,6.327242629496469,0.7719419488597098,0.7719419488597098,1447,1117,324,0,44.90625,2874.0,2.5729632945389436,4.0,1117,0.04004738450739089,2563.0326084730173,2541.197031555233,21.835576917784813,0.02341299552468937,0.0009365198209875748,1.4633122202930857e-05,0.1832832131732654,64
30400,474,30387,426.9186059900065,6.670603218593851,0.8233597692862292,0.8233597692862292,1387,1142,248,0,43.9375,2812.0,2.4623467600700524,4.0,1142,0.040602327239670985,2598.548943338943,2582.9689542891583,15.579989049784754,0.027673667345382014,0.0011069466938152805,1.729604209086376e-05,0.18310650984051768,64
30464,475,30451,414.91764467817393,6.483088198096468,0.8185131195335277,0.8185131195335277,1372,1123,264,0,42.046875,2691.0,2.396260017809439,4.0,1123,0.04295006928554877,2748.8044342751214,2734.5184492576,14.285985017520408,0.029741695800071924,0.001189667832002877,1.858855987504495e-05,0.18336357651281607,64
30528,476,30515,394.61019879731424,6.165784356208035,0.8043478260869565,0.8043478260869565,1334,1073,265,0,39.75,2544.0,2.3709226467847158,4.0,1073,0.03956254353077157,2532.0027859693805,2517.6281101433333,14.374675826046966,0.027175137696573263,0.0010870055078629306,1.698446106035829e-05,0.18384209693110787,64
30592,477,30579,382.0189166111056,5.969045572048525,0.7692307692307693,0.7692307692307693,1378,1060,302,0,43.90625,2810.0,2.650943396226415,5.0,1060,0.04128134040834707,2642.0057861342125,2622.0400127537405,19.965773380471372,0.025974190606662936,0.0010389676242665174,1.6233869129164334e-05,0.1847789955280557,64
30656,478,30643,422.8931991869073,6.607706237295426,0.8248175182481752,0.8248175182481752,1370,1130,240,0,42.296875,2707.0,2.395575221238938,4.0,1130,0.04225785950929659,2704.503008594982,2689.637603902814,14.865404692168735,0.029505296197616562,0.0011802118479046625,1.8440810123510352e-05,0.18572565006949743,64
30720,479,30707,401.5808548718762,6.274700857373066,0.834504293520687,0.834504293520687,1281,1069,214,0,40.40625,2586.0,2.4190832553788586,4.0,1069,0.03978559135020989,2546.277846413433,2532.854342971073,13.423503442359745,0.02832301739853006,0.0011329206959412024,1.7701885874081287e-05,0.18648802177773216,64
30784,480,30771,400.0898883857121,6.251404506026751,0.7779329608938548,0.7779329608938548,1432,1114,321,0,44.359375,2839.0,2.5484739676840213,4.0,1114,0.04184736655117077,2678.2314592749294,2660.7160599975914,17.515399277338222,0.027856943015252645,0.0011142777206101058,1.7410589384532903e-05,0.18695503849237632,64
30848,481,30835,398.6849038047425,6.229451621949101,0.7742837176799441,0.7742837176799441,1431,1108,319,0,44.078125,2821.0,2.546028880866426,4.0,1108,0.038346010542342976,2454.1446747099503,2434.9661593647006,19.17851534525037,0.027526779391473986,0.0011010711756589595,1.7204237119671242e-05,0.18707589075054712,64
30912,482,30899,396.67362768720216,6.198025432612534,0.780281690140845,0.780281690140845,1420,1108,317,0,43.203125,2765.0,2.4954873646209386,4.0,1108,0.04128994250608153,2642.556320389218,2626.9231370635493,15.633183325667284,0.02997259122258216,0.0011989036489032864,1.873286951411385e-05,0.1874117061054706,64
30976,483,30963,392.38266094977826,6.130979077340285,0.7867540029112081,0.7867540029112081,1374,1081,277,0,42.25,2704.0,2.501387604070305,4.0,1081,0.042113287806685,2695.25041962784,2679.3112932213057,15.939126406534239,0.03109025688004264,0.0012436102752017056,1.943141055002665e-05,0.18829351923035748,64
31040,484,31027,417.0173167357909,6.515895573996733,0.8216374269005848,0.8216374269005848,1368,1124,247,0,43.046875,2755.0,2.451067615658363,4.0,1124,0.04221389184894046,2701.6890783321896,2686.868522333344,14.820555998846256,0.030749943568689944,0.0012299977427475978,1.9218714730431216e-05,0.1890972521263471,64
31104,485,31091,422.0406644877181,6.594385382620596,0.8008213552361396,0.8008213552361396,1461,1170,318,0,44.234375,2831.0,2.4196581196581195,4.0,1170,0.04625297431550173,2960.190356192111,2942.6255046220163,17.564851570093992,0.03257013637367937,0.001302805454947175,2.035633523354961e-05,0.18957620345470824,64
31168,486,31155,409.34270102095104,6.39597970345236,0.7828492392807745,0.7828492392807745,1446,1132,294,0,44.015625,2817.0,2.4885159010600706,4.0,1132,0.047492541678177874,3039.522667403384,3022.971354988542,16.5513124148412,0.03323863599291677,0.001329545439716671,2.0774147495572984e-05,0.1899214692258973,64
31232,487,31219,410.6290718230965,6.416079247235883,0.7989985693848355,0.7989985693848355,1398,1117,282,0,42.859375,2743.0,2.4556848701880036,4.0,1117,0.040904340907088485,2617.877818053663,2599.3064973764917,18.57132067717116,0.027938355872845398,0.001117534234913816,1.7461472420528374e-05,0.18978263435585616,64
31296,488,31283,429.2996138894879,6.707806467023248,0.8123249299719888,0.8123249299719888,1428,1160,260,0,43.171875,2763.0,2.3818965517241377,4.0,1160,0.0444465304585531,2844.5779493473988,2829.3476075752747,15.230341772124419,0.03303081478151655,0.001321232591260662,2.0644259238447845e-05,0.18954630499692454,64
31360,489,31347,469.94352891301054,7.34286763926579,0.8491467576791809,0.8491467576791809,1465,1244,236,0,46.46875,2974.0,2.3906752411575565,4.0,1244,0.04874218729446007,3119.4999868454443,3105.26190223803,14.238084607413644,0.03448905662845281,0.0013795622651381124,2.1555660392783006e-05,0.1900590657193941,64
31424,490,31411,465.26043973923083,7.269694370925482,0.8743682310469314,0.8743682310469314,1385,1211,172,0,43.9375,2812.0,2.3220478943022296,4.0,1211,0.05211134081088529,3335.1258118966584,3323.9742777125794,11.151534184079432,0.03840571784523856,0.0015362287138095424,2.40035736532741e-05,0.19041471668088056,64
31488,491,31475,428.3596852078314,6.693120081372365,0.8436578171091446,0.8436578171091446,1356,1144,214,0,40.71875,2606.0,2.277972027972028,4.0,1144,0.0507875084916184,3250.400543463578,3239.1020600466436,11.298483416933678,0.03664487333858896,0.0014657949335435583,2.29030458366181e-05,0.19045061743008346,64
31552,492,31539,470.26193803302533,7.347842781766021,0.8507565337001376,0.8507565337001376,1454,1237,212,0,47.078125,3013.0,2.4357316087308005,5.0,1237,0.04965130601407034,3177.683584900502,3163.885745027355,13.797839873147876,0.03612986988614199,0.0014451947954456795,2.2581168678838742e-05,0.19011425243863384,64
31616,493,31603,477.7196431167361,7.464369423699002,0.8644536652835408,0.8644536652835408,1446,1250,198,0,46.578125,2981.0,2.3848,4.0,1250,0.05239011621797238,3352.967437950232,3339.645474627449,13.321963322782858,0.03721760095587119,0.0014887040382348476,2.3261000597419493e-05,0.18958848912654425,64
31680,494,31667,436.49881408045627,6.820293970007129,0.8501845018450185,0.8501845018450185,1355,1152,195,0,42.96875,2750.0,2.3871527777777777,4.0,1152,0.04647681083823863,2974.5158936472726,2962.0206853059753,12.49520834129821,0.03498002038051377,0.0013992008152205508,2.1862512737821106e-05,0.18878040307057445,64
31744,495,31731,436.57491903017296,6.821483109846453,0.8377412437455325,0.8377412437455325,1399,1172,242,0,44.75,2864.0,2.4436860068259385,4.0,1172,0.050050853243214455,3203.254607565725,3186.575821975254,16.678785590469843,0.03529008098381482,0.0014116032393525929,2.2056300614884263e-05,0.18759538949610055,64
31808,496,31795,422.94074839342096,6.6084491936472025,0.813607370659107,0.813607370659107,1411,1148,269,0,42.640625,2729.0,2.3771777003484322,4.0,1148,0.045232379280016735,2894.872273921071,2878.588949379935,16.283324541135034,0.031721614109681634,0.0012688645643872654,1.9826008818551022e-05,0.18641529722673328,64
31872,497,31859,425.8796023612671,6.654368786894798,0.8203292770221904,0.8203292770221904,1397,1146,245,0,43.40625,2778.0,2.424083769633508,4.0,1146,0.04424225462477237,2831.5042959854313,2816.165041129695,15.339254855736545,0.03265777583084784,0.0013063110332339138,2.0411109894279903e-05,0.18569038154608025,64
31936,498,31923,417.87737452291935,6.529333976920615,0.7833446174678402,0.7833446174678402,1477,1157,309,0,43.5,2784.0,2.4062229904926533,4.0,1157,0.04396885233122331,2814.006549198292,2796.682734678583,17.32381451970845,0.03322625048458241,0.0013290500193832964,2.0766406552864007e-05,0.18554909241011436,64
32000,499,31987,420.98552127182984,6.577898769872341,0.7983367983367984,0.7983367983367984,1443,1152,291,0,40.734375,2607.0,2.2630208333333335,4.0,1152,0.04082244854533987,2612.6367069017515,2597.7401798252317,14.89652707651984,0.030494791303546286,0.0012197916521418514,1.9059244564716428e-05,0.18545295554418523,64
