train_slots,rollout_index,updates,train_return,train_mean_slot_Rsys,train_cr,train_arrived,train_done,train_timeout,train_rejected,train_avg_delay_s,train_p95_delay_s,train_delay_samples,train_total_energy_j,train_energy_comp_j,train_energy_trans_j,train_avg_energy_j_per_slot,train_cum_hl_mean_satellite,train_cum_hl_system,train_avg_hl_per_sat_slot,train_avg_dod,train_n_slots
64,0,1,-126.03101428178512,-1.9692345981528925,0.7491712707182321,905,678,176,0,3.6002949852507373,6.0,678,4666.937999003589,4642.672397093254,24.265601910332364,72.92090623443107,0.002671483712430718,0.06678709281076795,4.1741933006729966e-05,0.3602695504006264,64
128,1,2,-165.74967046864023,-2.5898386010725036,0.7897545357524013,937,740,198,0,3.6,6.0,740,5495.134453538852,5469.372261304223,25.762192234627733,85.86147583654456,0.0031895769052876295,0.07973942263219073,4.983713914511921e-05,0.35808728461545597,64
192,2,3,-113.90066566933211,-1.7796979010833143,0.7874564459930313,861,678,179,0,3.8451327433628317,6.0,678,4428.37161367604,4402.983571895161,25.388041780878787,69.19330646368813,0.0025447503743281853,0.06361875935820463,3.9761724598877896e-05,0.3557776886148421,64
256,3,4,-186.47189828382707,-2.913623410684798,0.7980456026058632,921,735,180,0,3.6775510204081634,6.0,735,5870.744688658784,5846.136054190008,24.608634468776483,91.7303857602935,0.0034053734460377377,0.08513433615094344,5.320896009433965e-05,0.35320443301416476,64
320,4,5,-121.21595123447592,-1.8939992380386863,0.8215488215488216,891,732,168,0,3.6598360655737703,6.0,732,4812.093765531535,4787.297283726628,24.79648180490495,75.18896508643023,0.0027612714572553564,0.06903178643138391,4.3144866519614944e-05,0.3511483180122718,64
384,5,6,-131.62690946243956,-2.056670460350618,0.8065984072810012,879,709,175,0,3.7376586741889986,6.0,709,4998.280378340575,4973.70863610402,24.57174223655646,78.09813091157149,0.0028021382211578026,0.07005345552894507,4.3783409705590666e-05,0.34918933429128507,64
448,6,7,-155.59522349675694,-2.4311753671368272,0.781183932346723,946,739,200,0,3.8592692828146142,6.0,739,5416.443950726196,5388.787421938436,27.6565287877622,84.63193673009681,0.0030837341299375562,0.07709335324843891,4.8183345780274316e-05,0.3483916324753841,64
512,7,8,-141.2060341354022,-2.2063442833656595,0.7813238770685579,846,661,194,0,3.81089258698941,6.0,661,4703.941776846409,4679.007292713454,24.934484132954935,73.49909026322514,0.0027596992112698185,0.06899248028174546,4.3120300176090914e-05,0.347524077420852,64
576,8,9,-218.79303580389376,-3.41864118443584,0.7924944812362031,906,718,190,0,3.7743732590529246,6.0,718,5678.500541977599,5650.905148855796,27.595393121805376,88.72657096839998,0.0036754903534776183,0.09188725883694046,5.7429536773087786e-05,0.3494985859023082,64
640,9,10,-214.4867679912017,-3.3513557498625266,0.7675438596491229,912,700,212,0,3.7,6.0,700,5544.784617612541,5519.394769361234,25.389848251307658,86.63725965019596,0.003562244453017475,0.08905611132543688,5.566006957839805e-05,0.35273002921747615,64
704,10,11,-210.4247660515772,-3.2878869695558937,0.776431718061674,908,705,189,0,3.652482269503546,6.0,705,5179.084202199144,5153.7388035948325,25.345398604312106,80.92319065936162,0.0035612818146872603,0.08903204536718151,5.564502835448844e-05,0.35700532301571863,64
768,11,12,-219.95190409486975,-3.43674850148234,0.8066666666666666,900,726,180,0,3.7327823691460056,6.0,726,5347.732069159781,5321.761593541893,25.97047561788989,83.55831358062157,0.0037197885791624913,0.09299471447906228,5.812169654941393e-05,0.36133458652750516,64
832,12,13,-202.60853513939634,-3.165758361553068,0.7691477885652643,927,713,218,0,3.635343618513324,6.0,713,5288.756195858564,5262.838931378497,25.917264480064176,82.63681556029006,0.0034671711199090608,0.08667927799772653,5.4174548748579075e-05,0.3651703068520801,64
896,13,14,-316.33563496988023,-4.942744296404379,0.8167701863354038,966,789,180,0,3.70595690747782,6.0,789,6621.53709900559,6592.994745326709,28.54235367888209,103.46151717196234,0.004832930114368222,0.12082325285920556,7.551453303700347e-05,0.3707567674109565,64
960,14,15,-261.8554325385825,-4.091491133415351,0.8100858369098712,932,755,186,0,3.5271523178807946,6.0,755,5205.717181354556,5182.153277129139,23.56390422541526,81.33933095866493,0.004197717108535641,0.10494292771339102,6.558932982086939e-05,0.3769415246562039,64
1024,15,16,-371.157850177403,-5.799341409021922,0.8126984126984127,945,768,159,0,3.4388020833333335,6.0,768,6417.151393105582,6394.895839357697,22.255553747886694,100.26799051727473,0.005355118476090503,0.13387796190226256,8.36737261889141e-05,0.3825686118088185,64
1088,16,17,-411.92447546589005,-6.436319929154532,0.8244897959183674,980,808,164,0,3.4368811881188117,6.0,808,6926.968361079035,6903.775889656485,23.192471422551833,108.23388064185993,0.00585057547940926,0.1462643869852315,9.141524186576969e-05,0.3879168742939221,64
1152,17,18,-437.83720131850515,-6.841206270601643,0.8089519650655022,916,741,188,0,3.4723346828609984,6.0,741,6294.84357022863,6270.553801464121,24.28976876450875,98.35693078482234,0.005922076041272753,0.1480519010318188,9.253243814488676e-05,0.39266803370262404,64
1216,18,19,-276.132114815909,-4.314564293998578,0.8013100436681223,916,734,192,0,3.7016348773841963,6.0,734,4932.864848396144,4906.396818210296,26.468030185849386,77.07601325618975,0.00428385932649751,0.10709648316243774,6.693530197652359e-05,0.3964093611538464,64
1280,19,20,-341.6990351380479,-5.339047424031999,0.7929515418502202,908,720,179,0,3.7180555555555554,6.0,720,5724.098496678989,5697.922671754547,26.175824924442885,89.4390390106092,0.004918884270639889,0.12297210676599722,7.685756672874827e-05,0.39980771111069646,64
1344,20,21,-239.40208407900082,-3.7406575637343877,0.778969957081545,932,726,207,0,3.902203856749311,6.0,726,4790.403178643969,4762.726568139736,27.676610504234567,74.85004966631202,0.0038790699459154004,0.09697674864788501,6.061046790492813e-05,0.4042006749371263,64
1408,21,22,-410.9345951030643,-6.420853048485379,0.7692307692307693,975,750,220,0,3.7626666666666666,6.0,750,6178.259579081805,6149.111936655757,29.14764242604825,96.5353059231532,0.005632362835930965,0.14080907089827413,8.800566931142133e-05,0.4084505097881652,64
1472,22,23,-438.572894919389,-6.852701483115453,0.7812840043525572,919,718,200,0,3.6908077994428967,6.0,718,5866.5861974730515,5838.919637215396,27.66656025765698,91.66540933551643,0.005856560881252664,0.1464140220313166,9.150876376957287e-05,0.4122902911378219,64
1536,23,24,-372.5298030182556,-5.820778172160244,0.7744360902255639,931,721,199,0,3.8169209431345354,6.0,721,5232.002404087449,5205.065335234144,26.93706885330454,81.75003756386639,0.005206675987548638,0.13016689968871595,8.135431230544747e-05,0.4151155520333082,64
1600,24,25,-431.53473066563066,-6.742730166650479,0.7852564102564102,936,735,216,0,3.8122448979591836,6.0,735,5485.295436435374,5457.3897340908825,27.90570234449037,85.70774119430271,0.005807561463959126,0.14518903659897814,9.074314787436134e-05,0.4173460385398745,64
1664,25,26,-332.12546082036175,-5.189460325318152,0.7887323943661971,923,728,183,0,3.717032967032967,6.0,728,4942.103434950103,4915.323996091064,26.77943885904204,77.22036617109536,0.004838314674290643,0.12095786685726607,7.55986667857913e-05,0.41952108747655853,64
1728,26,27,-374.04822606935693,-5.844503532333702,0.7790575916230367,955,744,211,0,3.5954301075268815,6.0,744,5775.467183470695,5749.087090356513,26.38009311418218,90.24167474172961,0.005263755068655146,0.13159387671637865,8.224617294773666e-05,0.42225532107606933,64
1792,27,28,-290.80160963032796,-4.543775150473874,0.7890710382513662,915,722,196,0,3.9709141274238227,6.0,722,5086.963962333506,5057.61357163865,29.35039069485867,79.48381191146103,0.004393985169845176,0.1098496292461294,6.865601827883087e-05,0.42520387563754025,64
1856,28,29,-301.83449281635393,-4.71616395025553,0.7760084925690022,942,731,217,0,3.9384404924760603,6.0,731,5290.434384166328,5261.43649876238,28.997885403947542,82.66303725259887,0.004502520695463532,0.11256301738658829,7.035188586661768e-05,0.42749764449112776,64
1920,29,30,-298.0665124995707,-4.657289257805792,0.7892425905598244,911,719,200,0,3.72461752433936,6.0,719,5168.927825043729,5143.047631971878,25.880193071852066,80.76449726630827,0.004455817857214353,0.11139544643035883,6.962215401897427e-05,0.4293490137888699,64
1984,30,31,-371.76413460983366,-5.808814603278651,0.7664804469273743,895,686,195,0,3.7667638483965016,6.0,686,5036.330770240019,5011.202293921058,25.128476318962914,78.6926682850003,0.005118353921146803,0.12795884802867008,7.99742800179188e-05,0.43115071047091846,64
2048,31,32,-422.6364341072312,-6.603694282925487,0.78125,928,725,214,0,3.708965517241379,6.0,725,5688.826617519216,5662.617829056664,26.208788462551357,88.88791589873775,0.005699567831994491,0.14248919579986227,8.905574737491392e-05,0.4335951661426739,64
2112,32,33,-435.5088504808767,-6.804825788763698,0.7841880341880342,936,734,196,0,3.7561307901907357,6.0,734,5982.599570114797,5955.44059695457,27.15897316022484,93.4781182830437,0.005870189909028899,0.14675474772572247,9.172171732857654e-05,0.43543119011330045,64
2176,33,34,-360.78973320905783,-5.637339581391529,0.7541528239202658,903,681,215,0,3.6372980910425845,6.0,681,4735.950124300777,4711.480661503059,24.46946279771814,73.99922069219964,0.004972108048866322,0.12430270122165804,7.768918826353628e-05,0.43685153560832973,64
2240,34,35,-384.0828074694214,-6.00129386670971,0.7664864864864865,925,709,212,0,3.8307475317348376,6.0,709,5319.761864222736,5291.627130754255,28.134733468482292,83.12127912848025,0.005276882743073825,0.13192206857684563,8.245129286052851e-05,0.4377314319702838,64
2304,35,36,-482.483540004273,-7.538805312566765,0.7850267379679144,935,734,214,0,3.7670299727520438,6.0,734,6269.383603463488,6242.39484131836,26.988762145129336,97.959118804117,0.0063174250644243085,0.15793562661060773,9.870976663162982e-05,0.438511159443283,64
2368,36,37,-411.5851119537539,-6.431017374277404,0.7653575025176234,993,760,229,0,3.6710526315789473,6.0,760,5320.1396022238205,5292.993682165227,27.14592005859441,83.1271812847472,0.005651166327934687,0.14127915819836717,8.829947387397949e-05,0.4397204457988505,64
2432,37,38,-497.99610522882614,-7.781189144200408,0.8085339168490153,914,739,187,0,3.719891745602165,6.0,739,6309.022315823043,6283.124173393899,25.898142429142784,98.57847368473504,0.006520400633654734,0.16301001584136834,0.00010188125990085521,0.44143423575499946,64
2496,38,39,-423.0750163983298,-6.610547131223903,0.7795637198622273,871,679,190,0,3.56259204712813,6.0,679,5509.803203700406,5486.857471964246,22.945731736159058,86.09067505781884,0.005619399454008079,0.14048498635020198,8.780311646887624e-05,0.44230046093574504,64
2560,39,40,-431.54682638034615,-6.7429191621929085,0.7796432318992654,953,743,192,0,3.620457604306864,6.0,743,5770.477609597081,5745.989676937793,24.487932659287317,90.16371264995439,0.005855416317817321,0.146385407945433,9.149087996589564e-05,0.44302107432318594,64
2624,40,41,-653.8576824409408,-10.2165262881397,0.8138297872340425,940,765,176,0,3.6601307189542482,6.0,765,6787.763508420502,6762.3326762951865,25.430832125317195,106.05880481907035,0.008150379987638564,0.2037594996909641,0.00012734968730685256,0.44346759253415446,64
2688,41,42,-287.1029517385312,-4.48598362091455,0.7991071428571429,896,716,186,0,3.625698324022346,6.0,716,4062.1852452873386,4037.7228524412117,24.4623928461275,63.471644457614666,0.004356445317549619,0.10891113293874047,6.80694580867128e-05,0.4430821787098348,64
2752,42,43,-394.58582033807113,-6.165403442782361,0.787117903930131,916,721,197,0,3.735090152565881,6.0,721,5331.794953935809,5305.583604447003,26.2113494888058,83.30929615524701,0.00542934458443573,0.13573361461089326,8.483350913180828e-05,0.4419605399996894,64
2816,43,44,-387.3617032161605,-6.052526612752508,0.7927631578947368,912,723,192,0,3.6970954356846475,6.0,723,5066.549854368648,5040.822927529453,25.726926839195645,79.16484147451013,0.00536632906523224,0.134158226630806,8.384889164425375e-05,0.44106198453303286,64
2880,44,45,-471.0150373340323,-7.3596099583442545,0.7926455566905005,979,776,208,0,3.615979381443299,6.0,776,5790.179275718467,5763.023577900471,27.155697817995843,90.47155118310104,0.006307394521006703,0.15768486302516757,9.855303939072974e-05,0.4403532838431537,64
2944,45,46,-522.2475388923009,-8.160117795192201,0.7896995708154506,932,736,189,0,3.8247282608695654,6.0,736,6040.024657500592,6012.466994059752,27.55766344084051,94.37538527344675,0.006749634467455736,0.16874086168639338,0.00010546303855399587,0.44077563054168956,64
3008,46,47,-474.5119940484645,-7.414249907007258,0.8144104803493449,916,746,172,0,3.5281501340482575,6.0,746,5670.496210254713,5646.000581821016,24.495628433696083,88.6015032852299,0.0063175975207483935,0.15793993801870984,9.871246126169365e-05,0.4414815552497436,64
3072,47,48,-489.8101923226061,-7.65328425504072,0.7846481876332623,938,736,192,0,3.720108695652174,6.0,736,5450.558864327011,5422.9735822770035,27.585282050007315,85.16498225510955,0.00642007744200994,0.16050193605024848,0.00010031371003140531,0.4407435066319999,64
3136,48,49,-512.073203384982,-8.001143802890343,0.7899159663865546,952,752,206,0,3.7566489361702127,6.0,752,5947.4609923488215,5920.34419238946,27.11679995936073,92.92907800545034,0.006665558534277925,0.16663896335694814,0.00010414935209809258,0.43988936416777447,64
3200,49,50,-355.451461026964,-5.553929078546313,0.8193979933110368,897,735,180,0,3.650340136054422,6.0,735,4815.36201170003,4791.4256417353845,23.936369964646133,75.24003143281297,0.00509266203237353,0.12731655080933824,7.95728442558364e-05,0.43842915974234886,64
3264,50,51,-418.3595676083378,-6.536868243880278,0.736228813559322,944,695,215,0,3.683453237410072,6.0,695,5005.482280748137,4978.361890032626,27.120390715508226,78.21066063668964,0.005580282292124718,0.13950705730311797,8.719191081444872e-05,0.43607257747825995,64
3328,51,52,-516.9208372809435,-8.076888082514742,0.7867965367965368,924,727,209,0,3.7042640990371387,6.0,727,5687.997507055446,5660.932238984105,27.065268071337545,88.87496104774134,0.006650350606033926,0.16625876515084817,0.0001039117282192801,0.43381535628607637,64
3392,52,53,-442.9467366606199,-6.921042760322186,0.7854077253218884,932,732,203,0,3.796448087431694,6.0,732,5100.741765119226,5073.916227091256,26.8255380279696,79.69909007998791,0.00593055333385903,0.14826383334647575,9.266489584154734e-05,0.43153681341470806,64
3456,53,54,-538.0221886530023,-8.406596697703161,0.7831449126413155,973,762,200,0,3.8766404199475066,6.0,762,6451.178912687582,6421.761760902746,29.417151784837728,100.79967051074347,0.006953914691613723,0.17384786729034307,0.00010865491705646442,0.4295621536211181,64
3520,54,55,-595.435796542087,-9.30368432097011,0.7871396895787139,902,710,202,0,3.8014084507042254,6.0,710,6263.999009629714,6236.110426229201,27.88858340051247,97.87498452546428,0.007401822345810393,0.18504555864525982,0.00011565347415328739,0.42810169475086957,64
3584,55,56,-554.6646658423231,-8.666635403786298,0.7785939139559287,953,742,208,0,3.591644204851752,6.0,742,6280.653694652525,6256.176652775106,24.47704187741736,98.1352139789457,0.007064298071000295,0.1766074517750074,0.00011037965735937961,0.42698278587515115,64
3648,56,57,-573.8586963142918,-8.96654212991081,0.7961065573770492,976,777,209,0,3.6936936936936937,6.0,777,6236.391283310462,6208.327766183486,28.063517126977562,97.44361380172597,0.007339306606912204,0.1834826651728051,0.00011467666573300319,0.427404895796801,64
3712,57,58,-574.3049256185342,-8.973514462789597,0.7735644637053087,923,714,201,0,3.588235294117647,6.0,714,5767.259289634979,5741.766818831997,25.492470802980055,90.11342640054654,0.00720446450737072,0.180111612684268,0.0001125697579276675,0.4272538781057117,64
3776,58,59,-480.64897695423497,-7.510140264909921,0.7912844036697247,872,690,186,0,3.708695652173913,6.0,690,4804.559224880518,4780.768885037959,23.790339842555596,75.07123788875809,0.0062267146330524225,0.15566786582631056,9.72924161414441e-05,0.4253532372084444,64
3840,59,60,-511.72369071544244,-7.995682667428788,0.7925133689839572,935,741,197,0,3.7314439946018894,6.0,741,6246.143495551869,6219.226494686638,26.917000865231103,97.59599211799795,0.006645737804691705,0.16614344511729262,0.0001038396531983079,0.4240350948330597,64
3904,60,61,-460.0514839545458,-7.188304436789778,0.7753164556962026,948,735,217,0,3.7931972789115647,6.0,735,5648.035635975422,5618.946022829801,29.08961314562088,88.25055681211597,0.006092680627597435,0.15231701568993586,9.519813480620992e-05,0.4238155068854024,64
3968,61,62,-524.9690612100488,-8.202641581407013,0.7877777777777778,900,709,189,0,3.613540197461213,6.0,709,5608.0593951870505,5583.347118031899,24.71227715515621,87.62592804979766,0.006711495208470813,0.16778738021177034,0.00010486711263235646,0.42292342981069053,64
4032,62,63,-474.24684700317187,-7.41010698442456,0.7694805194805194,924,711,206,0,3.6877637130801686,6.0,711,5237.597258077055,5211.230334531974,26.36692354508335,81.83745715745398,0.00619048731671842,0.1547621829179605,9.672636432372532e-05,0.4218538798766933,64
4096,63,64,-427.3827032966459,-6.677854739010092,0.7861842105263158,912,717,199,0,3.7838214783821478,6.0,717,4879.620515817543,4852.772725890028,26.847789927518075,76.2440705596491,0.005740928762119223,0.14352321905298057,8.970201190811286e-05,0.42092100456719905,64
4160,64,65,-438.50705332095436,-6.851672708139912,0.7688888888888888,900,692,204,0,3.777456647398844,6.0,692,5159.083699547068,5132.023091032839,27.060608514227216,80.61068280542294,0.0057885500377468395,0.14471375094367098,9.044609433979437e-05,0.4199090045376236,64
4224,65,66,-343.41426753958797,-5.365847930306062,0.7629213483146068,890,679,218,0,3.768777614138439,6.0,679,4158.446577241773,4131.765900474304,26.68067676747089,64.97572776940271,0.004791746173866555,0.11979365434666388,7.487103396666493e-05,0.41758311923931146,64
4288,66,67,-402.247737866649,-6.285120904166391,0.7416934619506966,933,692,235,0,3.8309248554913293,6.0,692,5417.830156804872,5390.226638615561,27.603518189311618,84.65359620007612,0.005388633105741397,0.13471582764353493,8.419739227720933e-05,0.4155607607217699,64
4352,67,68,-343.8159408754507,-5.372124076178917,0.7581837381203802,947,718,217,0,3.905292479108635,6.0,718,4682.668208527765,4653.526044026076,29.14216450168771,73.16669075824633,0.00488997571046134,0.12224939276153352,7.640587047595844e-05,0.4132611431946046,64
4416,68,69,-302.62614590041596,-4.728533529693999,0.7984496124031008,903,721,195,0,3.909847434119279,6.0,721,4637.317739811272,4608.557104668172,28.760635143101783,72.45808968455113,0.0045137360659844,0.11284340164961,7.052712603100625e-05,0.4103089825296338,64
4480,69,70,-421.0708389270392,-6.579231858234987,0.7472527472527473,1001,748,245,0,3.840909090909091,6.0,748,5779.500983267838,5748.430304664241,31.070678603597813,90.30470286355997,0.005698361692694571,0.14245904231736428,8.903690144835267e-05,0.4067983751511799,64
4544,70,71,-321.27526145206673,-5.019925960188543,0.7505050505050505,990,743,246,0,3.9259757738896366,6.0,743,5279.20616006515,5248.820500982235,30.3856590829137,82.48759625101796,0.004688596129492621,0.11721490323731554,7.32593145233222e-05,0.4045101780703442,64
4608,71,72,-278.5682907514862,-4.352629542991972,0.7716371220020855,959,740,229,0,3.8716216216216215,6.0,740,4685.930213889831,4656.136437870895,29.79377601893695,73.21765959202861,0.004276996693093733,0.10692491732734333,6.682807332958958e-05,0.4024547561032699,64
4672,72,73,-387.5513649980774,-6.05549007809496,0.7968085106382978,940,749,186,0,3.826435246995995,6.0,749,5994.446591389512,5966.103024481203,28.34356690830659,93.66322799046112,0.005439281202107592,0.1359820300526898,8.498876878293112e-05,0.4000348827242817,64
4736,73,74,-415.2465808434529,-6.488227825678951,0.7480490523968785,897,671,228,0,3.8077496274217584,6.0,671,5685.914775290716,5659.2267920150425,26.687983275676892,88.84241836391743,0.00547690225696399,0.13692255642409973,8.557659776506234e-05,0.39797612584247666,64
4800,74,75,-327.2190144080806,-5.11279710012626,0.7575129533678756,965,731,229,0,3.7948016415868673,6.0,731,5786.638607901886,5758.329440016386,28.309167885499598,90.41622824846696,0.004741524485488156,0.1185381121372039,7.408632008575244e-05,0.3967238317945578,64
4864,75,76,-373.99570809463,-5.843682938978594,0.7838405036726128,953,747,215,0,3.7938420348058903,6.0,747,6538.154267386571,6510.562866411361,27.59140097521045,102.15866042791517,0.005265299691818368,0.1316324922954592,8.2270307684662e-05,0.3965783255691103,64
4928,76,77,-367.9509321213659,-5.749233314396342,0.7840083073727934,963,755,214,0,3.6635761589403972,6.0,755,6569.182797246644,6541.851331782942,27.3314654637031,102.64348120697882,0.0052241759124702775,0.13060439781175692,8.162774863234809e-05,0.39690725082917766,64
4992,77,78,-320.8832433092079,-5.013800676706373,0.7841648590021691,922,723,191,0,3.73582295988935,6.0,723,5649.836712769977,5623.246291642343,26.59042112763594,88.27869863703089,0.00470324073472603,0.11758101836815076,7.348813648009422e-05,0.3967248934491691,64
5056,78,79,-237.00795495351963,-3.703249296148744,0.7415966386554622,952,706,230,0,3.7039660056657224,6.0,706,4922.059487977745,4893.596222039104,28.46326593864191,76.90717949965227,0.003777723485562461,0.09444308713906152,5.9026929461913455e-05,0.395281555578029,64
5120,79,80,-288.0640657036626,-4.501001026619728,0.7771855010660981,938,729,219,0,3.8353909465020575,6.0,729,5860.086904872833,5833.11394195017,26.972962922665044,91.56385788863801,0.004358144679754888,0.10895361699387221,6.809601062117013e-05,0.3944013977154335,64
5184,80,81,-232.39689022645604,-3.6312014097883756,0.7950108459869848,922,733,187,0,3.7121418826739427,6.0,733,5388.661293382881,5363.335101123912,25.32619225897063,84.19783270910752,0.003850823093829471,0.09627057734573677,6.016911084108548e-05,0.39444149771926507,64
5248,81,82,-258.3978827979703,-4.037466918718286,0.7833511205976521,937,734,213,0,3.7534059945504086,6.0,734,4981.3025322707435,4954.620923937639,26.681608333103025,77.83285206673037,0.004081896555586145,0.10204741388965362,6.377963368103351e-05,0.39437354552597625,64
5312,82,83,-292.49311541823647,-4.570204928409945,0.8010050251256281,995,797,193,0,3.776662484316186,6.0,797,5710.394995362094,5681.38529295384,29.009702408258658,89.22492180253272,0.004596620911656454,0.11491552279141136,7.18222017446321e-05,0.39380242777939256,64
5376,83,84,-295.3074585193234,-4.614179039364428,0.7842920353982301,904,709,199,0,3.693935119887165,6.0,709,5199.985806714924,5174.503875596817,25.48193111810471,81.2497782299207,0.004405635803421342,0.11014089508553356,6.883805942845847e-05,0.3944322944224369,64
5440,84,85,-192.71210025613686,-3.0111265665021385,0.7657754010695187,935,716,211,0,3.7681564245810057,6.0,716,4769.793795156457,4742.340822400326,27.452972756129874,74.52802804931964,0.003384305986805519,0.08460764967013798,5.2879781043836235e-05,0.3943280489383646,64
5504,85,86,-269.01988835321066,-4.203435755518917,0.7770491803278688,915,711,202,0,3.821378340365682,6.0,711,5259.290386336096,5231.558576545819,27.731809790279396,82.1764122865015,0.004145733556512775,0.10364333891281936,6.47770868205121e-05,0.39454753817428795,64
5568,86,87,-215.88175376751065,-3.373152402617354,0.7873754152823921,903,711,200,0,3.749648382559775,6.0,711,4969.404471024988,4943.814956805172,25.589514219818575,77.64694485976544,0.0036166994472174568,0.09041748618043642,5.651092886277276e-05,0.3953580275738756,64
5632,87,88,-233.99863109735384,-3.6562286108961537,0.7697228144989339,938,722,224,0,3.822714681440443,6.0,722,5379.939813355173,5352.517946684019,27.42186667115256,84.06155958367458,0.0037965964889571492,0.09491491222392873,5.932182013995546e-05,0.39671449984692886,64
5696,88,89,-207.42699054663044,-3.2410467272911005,0.7731629392971247,939,726,209,0,3.690082644628099,6.0,726,5466.213556635944,5439.729368116508,26.484188519434205,85.40958682243662,0.003556147257803201,0.08890368144508003,5.5564800903175016e-05,0.39819090700082055,64
5760,89,90,-196.5556238529805,-3.07118162270282,0.7872105843439912,907,714,203,0,3.6106442577030813,6.0,714,4987.149371621092,4961.917401368591,25.231970252502105,77.92420893157956,0.0034280227037688593,0.08570056759422148,5.356285474638843e-05,0.3995012944979112,64
5824,90,91,-263.40749991060284,-4.115742186103169,0.7342888643880926,907,666,218,0,3.7582582582582584,6.0,666,5171.23371253349,5144.669899865156,26.56381266833296,80.80052675833578,0.003961802611394659,0.09904506528486648,6.190316580304155e-05,0.4000562626362224,64
5888,91,92,-201.6637241498173,-3.1509956898408955,0.7809734513274337,904,706,186,0,3.6586402266288953,6.0,706,4664.365060279368,4638.5835741384735,25.781486140896497,72.88070406686512,0.0034791897019454624,0.08697974254863657,5.436233909289785e-05,0.40006628360866653,64
5952,92,93,-174.91276160956883,-2.733011900149513,0.8070562293274531,907,732,190,0,3.849726775956284,6.0,732,4707.344309632615,4680.010794406802,27.333515225813343,73.5522548380096,0.0032736428874507394,0.08184107218626849,5.11506701164178e-05,0.39953797483900666,64
6016,93,94,-176.39604743904482,-2.7561882412350753,0.7844925883694412,877,688,201,0,3.8357558139534884,6.0,688,4685.077881367493,4658.097505541274,26.98037582621956,73.20434189636708,0.003166429699940424,0.0791607424985106,4.947546406156912e-05,0.3988396687645335,64
6080,94,95,-289.16768461175025,-4.518245072058598,0.7654584221748401,938,718,222,0,3.788300835654596,6.0,718,6213.16037209384,6184.610370778369,28.550001315473587,97.08063081396625,0.004341643688849349,0.10854109222123373,6.783818263827108e-05,0.3984641872452194,64
6144,95,96,-229.13751153917372,-3.5802736177995893,0.7672413793103449,928,712,210,0,3.6474719101123596,6.0,712,5483.985287417144,5458.4549777552365,25.530309661904987,85.68727011589287,0.0037396963266269124,0.09349240816567281,5.8432755103545506e-05,0.398507809234384,64
6208,96,97,-203.91212371984705,-3.18612693312261,0.7789585547290117,941,733,206,0,3.82537517053206,6.0,733,5643.086768922695,5615.564026626679,27.52274229601374,88.17323076441711,0.0035437224949965364,0.0885930623749134,5.537066398432088e-05,0.3976451444597937,64
6272,97,98,-236.63913645648285,-3.6974865071325445,0.7730337078651686,890,688,202,0,3.752906976744186,6.0,688,5264.734650540168,5238.425221999778,26.309428540389582,82.26147891469013,0.0037698427406307666,0.09424606851576917,5.890379282235573e-05,0.39663349018324195,64
6336,98,99,-188.2005265038646,-2.9406332266228845,0.7756482525366404,887,688,205,0,3.6744186046511627,6.0,688,4351.1515035064895,4325.851408031507,25.30009547498297,67.9867422422889,0.0032794979023624583,0.08198744755906145,5.124215472441341e-05,0.39505590590542816,64
6400,99,100,-227.50889214791437,-3.554826439811162,0.7863777089783281,969,762,216,0,3.7244094488188977,6.0,762,6109.297689116829,6080.857186880516,28.44050223631564,95.45777639245046,0.0038364691507602544,0.09591172876900636,5.9944830480628976e-05,0.39280370044934176,64
6464,100,101,-233.687499941146,-3.6513671865804063,0.7820247933884298,968,757,197,0,3.64332892998679,6.0,757,5446.607959834293,5420.852843961392,25.755115872902074,85.10324937241083,0.003907614189648261,0.09769035474120652,6.105647171325408e-05,0.3929888574661141,64
6528,101,102,-262.9189084358544,-4.108107944310225,0.8052910052910053,945,761,188,0,3.700394218134034,6.0,761,5881.556828573991,5855.190864469117,26.36596410486901,91.89932544646861,0.004220651978456325,0.10551629946140813,6.594768716338008e-05,0.3920934411460729,64
6592,102,103,-276.34486770530816,-4.31788855789544,0.8132596685082873,905,736,165,0,3.748641304347826,6.0,736,5707.017339299575,5681.591487770833,25.425851528742527,89.17214592655586,0.00432369004102029,0.10809225102550726,6.755765689094204e-05,0.39073294523229807,64
6656,103,104,-244.55324827883618,-3.8211445043568153,0.7918454935622318,932,738,192,0,3.892953929539295,6.0,738,4871.882256999256,4843.846207874773,28.036049124482055,76.12316026561338,0.003978029431758444,0.0994507357939611,6.215670987122569e-05,0.3893748449662282,64
6720,104,105,-318.28294006269505,-4.97317093847961,0.7507477567298105,1003,753,243,0,3.7808764940239046,6.0,753,5373.848761419889,5344.814162984656,29.03459843523438,83.96638689718577,0.004686658272001357,0.11716645680003393,7.32290355000212e-05,0.38783580517500943,64
6784,105,106,-231.33935492916433,-3.6146774207681927,0.7932131495227995,943,748,201,0,3.716577540106952,6.0,748,5599.812447902143,5571.975357881465,27.83709002067889,87.49706949847098,0.0038596526756260524,0.09649131689065131,6.030707305665707e-05,0.3880389740237712,64
6848,106,107,-192.294823370809,-3.004606615168891,0.8068965517241379,870,702,175,0,3.792022792022792,6.0,702,5087.41071581235,5061.912876368875,25.497839443474657,79.49079243456796,0.003389283306212389,0.08473208265530972,5.295755165956858e-05,0.38819774892918374,64
6912,107,108,-271.2321428916018,-4.2380022326812785,0.7894736842105263,912,720,189,0,3.826388888888889,6.0,720,5014.036515910777,4986.8084530253445,27.228062885436664,78.34432056110589,0.004204843243379341,0.10512108108448352,6.57006756778022e-05,0.3886533549854516,64
6976,108,109,-234.19850873709325,-3.659351699017082,0.7603734439834025,964,733,226,0,3.8758526603001364,6.0,733,5127.97014264896,5098.488147591856,29.48199505710233,80.12453347889,0.0038206498381051367,0.09551624595262842,5.969765372039276e-05,0.3911464202377501,64
7040,109,110,-306.97166145342635,-4.796432210209787,0.7762886597938145,970,753,223,0,3.8366533864541834,6.0,753,5460.901404662826,5429.840540691555,31.060863971272305,85.32658444785666,0.004598987886941547,0.11497469717353867,7.185918573346167e-05,0.39392380503315694,64
7104,110,111,-312.52489868764974,-4.883201541994527,0.7709844559585493,965,744,217,0,3.9838709677419355,6.0,744,5589.845672407086,5558.233204125147,31.61246828193969,87.34133863136071,0.004641151033670458,0.11602877584176147,7.251798490110091e-05,0.3971736959700013,64
7168,111,112,-257.62797965853036,-4.025437182164537,0.7742257742257742,1001,775,234,0,3.927741935483871,6.0,775,5204.674008250948,5172.811798996235,31.86220925470858,81.32303137892106,0.0041464278672608944,0.10366069668152236,6.478793542595148e-05,0.39984590507131546,64
7232,112,113,-272.6468340992804,-4.260106782801256,0.7702552719200888,901,694,207,0,3.8184438040345823,6.0,694,4581.254021832882,4552.710427389004,28.543594443876593,71.58209409113879,0.0041350834772283344,0.10337708693070836,6.461067933169273e-05,0.4014631833815696,64
7296,113,114,-356.99390170586935,-5.578029714154209,0.7531914893617021,940,708,223,0,3.8375706214689265,6.0,708,5434.959272051564,5405.843069155222,29.11620289633865,84.92123862580569,0.00499053655194123,0.12476341379853075,7.797713362408172e-05,0.4022945787339658,64
7360,114,115,-311.02980616455,-4.859840721321094,0.7901364113326338,953,753,200,0,3.741035856573705,6.0,753,5606.267030931237,5577.82569710165,28.441333829589485,87.59792235830058,0.004664351574354773,0.11660878935886931,7.288049334929332e-05,0.4037421510740874,64
7424,115,116,-317.67709738801375,-4.963704646687715,0.7638297872340426,940,718,212,0,3.7938718662952646,6.0,718,4619.105831933625,4589.8844297212345,29.221402212390608,72.1735286239629,0.004633694904485915,0.11584237261214787,7.240148288259242e-05,0.4056269785298129,64
7488,116,117,-360.6677694642816,-5.6354338978794,0.7876712328767124,876,690,200,0,3.617391304347826,6.0,690,4973.078607708711,4948.624998469674,24.453609239035206,77.70435324544862,0.00500950048003854,0.1252375120009635,7.827344500060219e-05,0.4060020956856969,64
7552,117,118,-336.11466760056936,-5.251791681258896,0.8040468583599574,939,755,191,0,3.727152317880795,6.0,755,5718.510858573342,5691.738992567253,26.771866006085496,89.35173216520847,0.004934817389695213,0.12337043474238032,7.71065217139877e-05,0.40640755352884844,64
7616,118,119,-316.3911418407546,-4.94361159126179,0.7473233404710921,934,698,222,0,3.810888252148997,6.0,698,4754.184084455385,4725.165445638649,29.018638816733198,74.2841263196154,0.004561432329970561,0.11403580824926403,7.127238015579002e-05,0.40793953928649407,64
7680,119,120,-369.80105076321496,-5.778141418175234,0.7887005649717514,885,698,204,0,3.7435530085959887,6.0,698,5317.628061721044,5290.978194129384,26.649867591659273,83.08793846439131,0.005116026677681137,0.12790066694202842,7.993791683876777e-05,0.40985144730952294,64
7744,120,121,-356.7583514646834,-5.574349241635678,0.7346723044397463,946,695,236,0,3.8115107913669064,6.0,695,4649.2118976168285,4620.846378821837,28.365518794992017,72.64393590026295,0.004940066375470421,0.12350165938676053,7.718853711672533e-05,0.41174191126476334,64
7808,121,122,-423.9913744679383,-6.6248652260615355,0.787350054525627,917,722,184,0,3.858725761772853,6.0,722,5488.94568245202,5460.131140926487,28.814541525535088,85.76477628831282,0.005739892072575179,0.14349730181437947,8.968581363398718e-05,0.4145617894773994,64
7872,122,123,-421.4985333496337,-6.585914583588027,0.7737068965517241,928,718,219,0,3.832869080779944,6.0,718,5958.163173276766,5931.615659050402,26.547514226365415,93.09629958244948,0.005660525110085598,0.14151312775213995,8.844570484508747e-05,0.418035114572408,64
7936,123,124,-477.8410075912029,-7.466265743612546,0.7985685071574642,978,781,195,0,3.7298335467349553,6.0,781,6081.8113283346365,6052.765681946326,29.04564638831196,95.0283020052287,0.006405643822888744,0.1601410955722186,0.00010008818473263663,0.4212538789343243,64
8000,124,125,-427.52593235397774,-6.680092693030902,0.8045714285714286,875,704,178,0,3.674715909090909,6.0,704,4983.423482943266,4959.917898568315,23.505584374949283,77.86599192098853,0.005737996964154151,0.14344992410385377,8.965620256490861e-05,0.42252741075563727,64
8064,125,126,-477.77472749670324,-7.465230117135988,0.7756813417190775,954,740,215,0,3.7324324324324323,6.0,740,5789.246926915038,5761.815855845275,27.431071069758012,90.45698323304747,0.0062817528140028086,0.15704382035007022,9.815238771879388e-05,0.42279918217392387,64
8128,126,127,-486.62778044019495,-7.603559069378046,0.7825223435948362,1007,788,217,0,3.8451776649746194,6.0,788,6071.94245231048,6041.4927027128815,30.449749597598128,94.87410081735125,0.006482017589304888,0.1620504397326222,0.00010128152483288888,0.4231158559900766,64
8192,127,128,-522.8783909470296,-8.169974858547338,0.7713097713097713,962,742,226,0,3.834231805929919,6.0,742,6016.922178389591,5988.2583960945885,28.663782295004925,94.01440903733736,0.006727170182606957,0.1681792545651739,0.0001051120341032337,0.4233840830002902,64
8256,128,129,-377.21566497391404,-5.893994765217407,0.7661538461538462,975,747,208,0,3.7764390896921016,6.0,747,5311.307129856649,5282.6338231218815,28.673306734764058,82.98917390401014,0.005301894314096218,0.13254735785240546,8.284209865775341e-05,0.42337689993647987,64
8320,129,130,-508.4910703653005,-7.945172974457821,0.7811158798283262,932,728,223,0,3.732142857142857,6.0,728,6066.243269228377,6038.695332166352,27.547937062024243,94.7850510816934,0.0065508955269646734,0.16377238817411682,0.00010235774260882302,0.42355906281680256,64
8384,130,131,-445.18035959783447,-6.9559431187161636,0.8039430449069004,913,734,193,0,3.720708446866485,6.0,734,5227.209041405578,5201.395281274968,25.813760130610607,81.67514127196216,0.005969859964761051,0.14924649911902627,9.327906194939142e-05,0.4234932984168136,64
8448,131,132,-492.3140533514345,-7.692407083616164,0.7757009345794392,963,747,192,0,3.602409638554217,6.0,747,5997.395592476586,5969.582163775006,27.813428701579767,93.70930613244666,0.006473523909159245,0.16183809772898114,0.00010114881108061321,0.4229434925219935,64
8512,132,133,-487.66177006347465,-7.619715157241791,0.7861771058315334,926,728,200,0,3.646978021978022,6.0,728,5839.241822839181,5813.362321035908,25.87950180327241,91.2381534818622,0.006371685658453687,0.15929214146134216,9.955758841333886e-05,0.4226720511013162,64
8576,133,134,-459.2076927843534,-7.175120199755522,0.7925925925925926,945,749,203,0,3.6128170894526033,6.0,749,5662.862291578614,5636.312892600124,26.549398978485115,88.48222330591584,0.00613494374818135,0.15337359370453374,9.585849606533359e-05,0.4215732248653955,64
8640,134,135,-441.7668741416772,-6.902607408463706,0.792090395480226,885,701,179,0,3.5135520684736092,6.0,701,4974.364813270735,4950.910201138704,23.454612132029496,77.72445020735523,0.005873836991179987,0.14684592477949968,9.17787029871873e-05,0.4206225971973453,64
8704,135,136,-597.4523532135323,-9.335193018961442,0.7877211238293444,961,757,197,0,3.6221928665785996,6.0,757,6267.282397638715,6241.53439828739,25.747999351325156,97.92628746310493,0.007543047806699562,0.18857619516748905,0.00011786012197968066,0.4207798967990666,64
8768,136,137,-375.6658792071731,-5.869779362612079,0.7941176470588235,884,702,205,0,3.6196581196581197,6.0,702,4616.356538784214,4591.310614270157,25.045924514058672,72.13057091850334,0.005182501948965675,0.12956254872414188,8.097659295258867e-05,0.42009943372384984,64
8832,137,138,-470.24513087171505,-7.347580169870548,0.782010582010582,945,739,188,0,3.6238159675236807,6.0,739,5528.91042111909,5502.028304170031,26.882116949053163,86.38922532998578,0.006237891360532065,0.15594728401330163,9.746705250831351e-05,0.4191961792772459,64
8896,138,139,-610.9494841999415,-9.546085690624086,0.7926565874730022,926,734,199,0,3.5980926430517712,6.0,734,6808.904169087017,6783.113599212858,25.790569874156915,106.38912764198464,0.007617513621695069,0.19043784054237672,0.00011902365033898545,0.41839047990710465,64
8960,139,140,-436.3993738701852,-6.818740216721643,0.8021739130434783,920,738,184,0,3.6571815718157183,6.0,738,5149.347345201023,5124.873989604063,24.473355596958488,80.45855226876598,0.005902274677289754,0.14755686693224385,9.22230418326524e-05,0.4185892136924283,64
9024,140,141,-474.6684990812279,-7.416695298144186,0.8084656084656084,945,764,176,0,3.634816753926702,6.0,764,5762.240491386595,5735.562984012702,26.677507373892738,90.03500767791554,0.006356276792192697,0.15890691980481741,9.931682487801089e-05,0.41909019258088354,64
9088,141,142,-447.91558152637856,-6.998680961349665,0.8194748358862144,914,749,184,0,3.6488651535380505,6.0,749,5210.59927721169,5185.459687621678,25.139589590012434,81.41561370643265,0.0060402864241353915,0.1510071606033848,9.437947537711549e-05,0.4200594884975493,64
9152,142,143,-659.9997161531521,-10.312495564893002,0.767223382045929,958,735,196,0,3.52108843537415,6.0,735,6989.78860746788,6964.10154250209,25.68706496578739,109.21544699168562,0.00811360814291843,0.20284020357296076,0.00012677512723310047,0.4219169570968244,64
9216,143,144,-562.9809724986183,-8.79657769529091,0.8380281690140845,852,714,158,0,3.492997198879552,6.0,714,5624.011808747852,5603.095600500848,20.916208247003667,87.87518451168519,0.007142219062096498,0.17855547655241244,0.00011159717284525778,0.4244874883318832,64
9280,144,145,-584.3712658857764,-9.130801029465257,0.7942794279427943,909,722,185,0,3.6537396121883656,6.0,722,5905.496109470591,5879.7062148276555,25.789894642935405,92.27337671047799,0.007338631106335725,0.18346577765839311,0.0001146661110364957,0.4256566749730084,64
9344,145,146,-385.4595908048452,-6.022806106325707,0.8035087719298246,855,687,162,0,3.51528384279476,6.0,687,4532.132601653361,4510.547301934489,21.5852997188709,70.81457190083377,0.00529653074055498,0.1324132685138745,8.275829282117156e-05,0.4261554829452199,64
9408,146,147,-392.26202733359526,-6.129094177087426,0.8149386845039019,897,731,173,0,3.5909712722298224,6.0,731,4996.262324191722,4972.584344212697,23.67797997902385,78.06659881549565,0.005456395802870519,0.136409895071763,8.525618441985187e-05,0.4260735061313028,64
9472,147,148,-516.0131484295432,-8.062705444211613,0.7664543524416136,942,722,203,0,3.544321329639889,6.0,722,5828.415054329651,5802.929666075639,25.485388254010516,91.0689852239008,0.0066391872731747644,0.16597968182936912,0.0001037373011433557,0.4259336863447287,64
9536,148,149,-449.6464100111525,-7.025725156424258,0.812989921612542,893,726,194,0,3.778236914600551,6.0,726,5217.417624402392,5192.219208945531,25.198415456863817,81.52215038128737,0.005994072527000474,0.14985181317501184,9.365738323438241e-05,0.4252540117347078,64
9600,149,150,-427.9338711726601,-6.686466737072814,0.7556756756756757,925,699,198,0,3.6824034334763946,6.0,699,4956.4671152689825,4931.771865687891,24.695249581091765,77.44479867607785,0.005704903738053719,0.14262259345134295,8.913912090708935e-05,0.42318441977414273,64
9664,150,151,-469.28013517681615,-7.332502112137752,0.7968911917098446,965,769,188,0,3.682704811443433,6.0,769,5771.907700242806,5744.614673731245,27.29302651156106,90.18605781629384,0.006301084660854545,0.1575271165213636,9.845444782585226e-05,0.4210862120580974,64
9728,151,152,-397.3638434766257,-6.208810054322276,0.791967044284243,971,769,223,0,3.8517555266579975,6.0,769,5622.154233354748,5594.737225232438,27.417008122309277,87.84615989616793,0.005542008543379258,0.13855021358448147,8.659388349030091e-05,0.4193326174770809,64
9792,152,153,-462.02300756907755,-7.219109493266837,0.7934322033898306,944,749,189,0,3.7823765020026703,6.0,749,5794.0475294695825,5766.197155918701,27.850373550880914,90.53199264796223,0.006176561706873002,0.15441404267182504,9.650877666989065e-05,0.41750460516001864,64
9856,153,154,-354.3204597483632,-5.536257183568175,0.7713414634146342,984,759,211,0,3.785243741765481,6.0,759,5727.105438600626,5698.412574451595,28.69286414903024,89.48602247813479,0.005101365181325427,0.12753412953313567,7.97088309582098e-05,0.41600279050149735,64
9920,154,155,-442.07586944889124,-6.907435460138926,0.7816091954022989,957,748,212,0,3.661764705882353,6.0,748,5546.71257611928,5520.852611409468,25.85996470981005,86.66738400186375,0.005949069963744512,0.1487267490936128,9.2954218183508e-05,0.4147750173182121,64
9984,155,156,-427.41028468395655,-6.678285698186821,0.8167701863354038,966,789,192,0,3.7186311787072244,6.0,789,6155.651922187878,6128.951453786903,26.70046840097661,96.1820612841856,0.005925136503617116,0.1481284125904279,9.258025786901744e-05,0.41278086241906364,64
10048,156,157,-330.6729873063452,-5.166765426661644,0.7796234772978959,903,704,211,0,3.6036931818181817,6.0,704,4993.062700253813,4969.810145470604,23.252554783209757,78.01660469146583,0.00473177625359678,0.1182944063399195,7.393400396244969e-05,0.411966746590813,64
10112,157,158,-378.4701479404631,-5.913596061569736,0.8083067092651757,939,759,173,0,3.4835309617918315,6.0,759,5222.115824350973,5198.890699210834,23.225125140140758,81.59555975548395,0.005387442738468768,0.1346860684617192,8.41787927885745e-05,0.4109124775202497,64
10176,158,159,-318.24329076076015,-4.972551418136877,0.7771855010660981,938,729,212,0,3.588477366255144,6.0,729,4993.909913487024,4968.978593260217,24.93132022680551,78.02984239823475,0.004667470698028186,0.11668676745070466,7.292922965669041e-05,0.4095728138594085,64
10240,159,160,-341.336595982234,-5.333384312222406,0.7902388369678089,963,761,191,0,3.6557161629434956,6.0,761,5239.117088544422,5212.437460672467,26.67962787195533,81.86120450850659,0.005000411483060228,0.1250102870765057,7.813142942281606e-05,0.40830244885433153,64
10304,160,161,-353.5585657999642,-5.52435259062444,0.820250284414107,879,721,164,0,3.6851595006934814,6.0,721,5264.452852802646,5240.826805531401,23.626047271245206,82.25707582504134,0.005057234161203256,0.12643085403008142,7.901928376880088e-05,0.40699581906034854,64
10368,161,162,-312.9456074753282,-4.889775116802003,0.7757313109425785,923,716,199,0,3.724860335195531,6.0,716,5034.845284435546,5008.413321519141,26.431962916402792,78.66945756930541,0.004597260412787852,0.11493151031969631,7.183219394981019e-05,0.40536187052225076,64
10432,162,163,-352.6255659968115,-5.509774468700179,0.764512595837897,913,698,207,0,3.7435530085959887,6.0,698,5503.60426972985,5477.709841038128,25.89442869172179,85.9938167145289,0.004940724877928444,0.1235181219482111,7.719882621763194e-05,0.40483793237453636,64
10496,163,164,-378.5483865579384,-5.914818539967787,0.8084210526315789,950,768,202,0,3.6263020833333335,6.0,768,5613.4085698169365,5586.745867346903,26.662702470034553,87.70950890338963,0.005377426463880414,0.13443566159701037,8.402228849813147e-05,0.40384412694152483,64
10560,164,165,-339.7607160020848,-5.308761187532575,0.7819383259911894,908,710,192,0,3.574647887323944,6.0,710,5398.16470034978,5374.153166540809,24.011533808972132,84.34632344296531,0.004861112725805505,0.12152781814513762,7.595488634071102e-05,0.4033311366031517,64
10624,165,166,-348.1726999913302,-5.4401984373645345,0.7866817155756207,886,697,180,0,3.7058823529411766,6.0,697,5521.441422431245,5495.916875067108,25.524547364133507,86.2725222254882,0.0049286360181583335,0.12321590045395833,7.700993778372396e-05,0.4032588962814797,64
10688,166,167,-250.55081805393968,-3.9148565320928075,0.7789150460593655,977,761,221,0,3.8515111695137976,6.0,761,4860.789200578003,4833.14823439901,27.640966178990837,75.9498312590313,0.004056446814296525,0.10141117035741314,6.33819814733832e-05,0.4026666844011711,64
10752,167,168,-355.22580374193706,-5.5504031834677665,0.7734530938123753,1002,775,225,0,3.793548387096774,6.0,775,5884.022608549606,5855.873416717051,28.149191832556603,91.9378532585876,0.005130773041165715,0.12826932602914287,8.01683287682143e-05,0.4027137867410404,64
10816,168,169,-222.76627358338374,-3.480723024740371,0.7795637198622273,871,679,194,0,3.826215022091311,6.0,679,4448.112624561908,4421.979360073867,26.133264488043498,69.50175975877981,0.003615076142991684,0.0903769035747921,5.6485564734245064e-05,0.4032530669816981,64
10880,169,170,-407.28423246006065,-6.363816132188448,0.7785642062689585,989,770,219,0,3.8584415584415583,6.0,770,6162.75767016324,6132.760233296922,29.997436866317333,96.29308859630062,0.005647817594657212,0.1411954398664303,8.824714991651893e-05,0.4033652229568918,64
10944,170,171,-280.63242970726105,-4.384881714175954,0.7769396551724138,928,721,207,0,3.6754507628294038,6.0,721,5151.401502338982,5124.276871908485,27.124630430499487,80.4906484740466,0.004278656720668748,0.1069664180167187,6.685401126044919e-05,0.40397939366342317,64
11008,171,172,-288.907932524359,-4.51418644569311,0.7933618843683083,934,741,193,0,3.8218623481781377,6.0,741,5016.878140371565,4989.1165150282495,27.76162534331371,78.3887209433057,0.004426501375727997,0.11066253439319992,6.916408399574995e-05,0.4040857547637404,64
11072,172,173,-336.70616084711173,-5.261033763236121,0.7860169491525424,944,742,205,0,3.7223719676549867,6.0,742,5864.383133348317,5837.18831571743,27.194817630886895,91.63098645856745,0.0048905875734228275,0.12226468933557069,7.641543083473168e-05,0.40513851303184967,64
11136,173,174,-264.09005903817535,-4.12640717247149,0.7890204520990313,929,733,188,0,3.612551159618008,6.0,733,5078.0955473818,5053.547571945356,24.54797543644206,79.34524292784063,0.0041654507288562395,0.10413626822140598,6.508516763837874e-05,0.4061728781496895,64
11200,174,175,-318.66126937764494,-4.979082334025702,0.8102345415778252,938,760,181,0,3.6460526315789474,6.0,760,6174.421727737947,6148.336395173017,26.085332564930557,96.47533949590542,0.004784284654555413,0.11960711636388532,7.475444772742833e-05,0.40774275701001517,64
11264,175,176,-295.0858699563666,-4.610716718068228,0.7852564102564102,936,735,202,0,3.7020408163265306,6.0,735,5613.926358677233,5589.1804007422015,24.745957935034415,87.71759935433177,0.004462654069595821,0.11156635173989553,6.97289698374347e-05,0.40911033076013886,64
11328,176,177,-287.64822911791947,-4.494503579967492,0.7942973523421588,982,780,195,0,3.7615384615384615,6.0,780,5812.99094159138,5784.501793770101,28.48914782127708,90.82798346236531,0.004505518896107141,0.11263797240267852,7.039873275167407e-05,0.4092525885847236,64
11392,177,178,-266.71902849692697,-4.167484820264484,0.8158482142857143,896,731,187,0,3.8248974008207934,6.0,731,5151.22284713882,5124.376286560552,26.846560578270804,80.48785698654406,0.004187241104144999,0.10468102760362497,6.54256422522656e-05,0.4093127001023588,64
11456,178,179,-264.3220151492835,-4.130031486707555,0.7852631578947369,950,746,195,0,3.6099195710455763,6.0,746,5419.178532792845,5392.994401571065,26.18413122177829,84.6746645748882,0.004189158418176575,0.10472896045441438,6.545560028400899e-05,0.4091558808189242,64
11520,179,180,-189.7028970028773,-2.964107765669958,0.8024971623155505,881,707,169,0,3.717114568599717,6.0,707,4099.829629572634,4076.2483353450775,23.58129422755657,64.05983796207241,0.0033829131118141725,0.08457282779535431,5.2858017372096445e-05,0.40839225003829727,64
11584,180,181,-380.5041813249496,-5.945377833202338,0.7784679089026915,966,752,204,0,3.6648936170212765,6.0,752,6130.154595244116,6102.899985554258,27.25460968985523,95.7836655506893,0.005357438465261457,0.13393596163153643,8.370997601971026e-05,0.4070925771261781,64
11648,181,182,-250.11894458959682,-3.9081085092124503,0.8276255707762558,876,725,163,0,3.6413793103448278,6.0,725,5044.172181571672,5020.957313098566,23.214868473105923,78.81519033705737,0.0040375301500474,0.100938253751185,6.308640859449062e-05,0.406099912329681,64
11712,182,183,-286.97001985043414,-4.4839065601630335,0.7975113122171946,884,705,171,0,3.6950354609929077,6.0,705,5178.418578921319,5152.748064461233,25.670514460086917,80.9127902956456,0.00434654078292988,0.108663519573247,6.791469973327938e-05,0.4047537182320157,64
11776,183,184,-283.97063603133313,-4.43704118798958,0.7984913793103449,928,741,197,0,3.766531713900135,6.0,741,5497.136261219853,5470.0028877963305,27.133373423522524,85.8927540815602,0.004369695883857499,0.10924239709643747,6.827649818527342e-05,0.40301232685688815,64
11840,184,185,-225.3715673804938,-3.5214307403202154,0.7829977628635347,894,700,185,0,3.6185714285714288,6.0,700,5087.810799274052,5063.054607939603,24.756191334454368,79.49704373865707,0.0037051365684076685,0.09262841421019172,5.789275888136982e-05,0.4004769696251216,64
11904,185,186,-258.62313836390973,-4.04098653693609,0.7874285714285715,875,689,188,0,3.7851959361393326,6.0,689,5329.90866200195,5303.309527012613,26.5991349893413,83.27982284378047,0.004007015574098272,0.10017538935245679,6.26096183452855e-05,0.39818588605590854,64
11968,186,187,-248.14427561896963,-3.8772543065464005,0.7766287487073423,967,751,219,0,3.7656458055925435,6.0,751,5482.719375711119,5453.101910358402,29.617465352714298,85.66749024548623,0.004013306021038759,0.10033265052596897,6.27079065787306e-05,0.3957721554350651,64
12032,187,188,-236.93140531323763,-3.702053208019338,0.7801339285714286,896,699,207,0,3.7610872675250357,6.0,699,4417.086624009195,4391.763559205457,25.323064803738156,69.01697850014367,0.003789320973515389,0.09473302433788473,5.9208140211177954e-05,0.39342627140806663,64
12096,188,189,-251.29268671112536,-3.9264482298613337,0.7887640449438202,890,702,176,0,3.7877492877492878,6.0,702,4465.5289779759405,4439.017384556972,26.51159341896777,69.77389028087407,0.003977417087026448,0.0994354271756612,6.214714198478825e-05,0.39080343994721856,64
12160,189,190,-287.8066726383187,-4.496979259973729,0.7854821235102926,923,725,194,0,3.8055172413793104,6.0,725,4640.829609011614,4613.752752214276,27.076856797338326,72.51296264080646,0.004374898168792881,0.10937245421982203,6.835778388738877e-05,0.3892341588809155,64
12224,190,191,-368.25323854927075,-5.753956852332355,0.8102108768035516,901,730,187,0,3.7835616438356166,6.0,730,5292.340382220452,5266.590522146299,25.749860074153478,82.69281847219456,0.005199996067085521,0.12999990167713804,8.124993854821127e-05,0.38809154606837803,64
12288,191,192,-285.5670263244449,-4.4619847863194515,0.7785310734463277,885,689,191,0,3.6792452830188678,6.0,689,4751.8220545210215,4726.843187726926,24.978866794097534,74.24721960189096,0.004269966821880479,0.10674917054701197,6.671823159188248e-05,0.38781232833351476,64
12352,192,193,-348.6690269734728,-5.447953546460512,0.7904761904761904,945,747,190,0,3.7322623828647923,6.0,747,5501.903025291728,5475.00671289409,26.896312397634762,85.96723477018325,0.005039807525750767,0.12599518814376917,7.874699258985573e-05,0.3888255114240086,64
12416,193,194,-396.4088945089728,-6.1938889767027,0.8125,896,728,176,0,3.568681318681319,6.0,728,5994.963356816896,5970.405345820591,24.558010996306766,93.671302450264,0.005489088139821949,0.13722720349554873,8.576700218471795e-05,0.391105878455412,64
12480,194,195,-363.7498126360574,-5.683590822438397,0.7993384785005513,907,725,184,0,3.6248275862068966,6.0,725,5478.119126145497,5454.081866401652,24.03725974384515,85.59561134602339,0.00514692832837759,0.12867320820943975,8.042075513089985e-05,0.3937069778237944,64
12544,195,196,-387.1656814769215,-6.049463773076899,0.7696969696969697,990,762,221,0,3.8674540682414698,6.0,762,5998.084534517913,5968.284758560857,29.799775957059197,93.7200708518424,0.0054232516668239845,0.13558129167059962,8.473830729412476e-05,0.39524199751803235,64
12608,196,197,-399.6765434915346,-6.244945992055228,0.7864693446088795,946,744,201,0,3.8440860215053765,6.0,744,5854.250091214068,5825.673334564957,28.57675664910948,91.4726576752198,0.005529125775407756,0.1382281443851939,8.63925902407462e-05,0.39701884397321885,64
12672,197,198,-312.9421639664016,-4.889721311975025,0.7834394904458599,942,738,200,0,3.848238482384824,6.0,738,5225.09630524401,5196.174737616288,28.92156762772294,81.64212976943766,0.0046491129736387134,0.11622782434096783,7.26423902131049e-05,0.39852635256527497,64
12736,198,199,-385.17763813641443,-6.0184005958814755,0.7698833510074231,943,726,225,0,3.891184573002755,6.0,726,5153.326811134744,5123.998406633024,29.3284045017193,80.52073142398038,0.005314663254885443,0.13286658137213608,8.304161335758505e-05,0.3987718254447991,64
12800,199,200,-363.44223286051715,-5.6787848884455805,0.7890466531440162,986,778,201,0,3.7930591259640103,6.0,778,5553.07097234165,5524.260544864255,28.81042747739614,86.76673394283829,0.005250420388977759,0.13126050972444397,8.203781857777749e-05,0.3999132198432458,64
12864,200,201,-334.6757691743918,-5.229308893349872,0.7639821029082774,894,683,213,0,3.6456808199121524,6.0,683,4922.013407719833,4895.834164716776,26.179243003058225,76.90645949562239,0.004719364835136723,0.11798412087841807,7.37400755490113e-05,0.4010126335086295,64
12928,201,202,-364.15833622594596,-5.689974003530406,0.781390134529148,892,697,206,0,3.7618364418938306,6.0,697,5551.910893983087,5524.6142538453805,27.296640137705836,86.74860771848573,0.005056398026153583,0.1264099506538396,7.900621915864973e-05,0.4011464389216326,64
12992,202,203,-310.8853673040352,-4.85758386412555,0.7609170305676856,916,697,211,0,3.658536585365854,6.0,697,5034.448530859227,5008.32938427695,26.119146582277242,78.66325829467542,0.004517472060179185,0.11293680150447963,7.058550094029977e-05,0.40162427238415394,64
13056,203,204,-494.1036285670401,-7.720369196360002,0.7703777335984096,1006,775,234,0,3.7470967741935484,6.0,775,7239.561748138481,7209.759217581192,29.80253055728629,113.11815231466376,0.006507861813149281,0.162696545328732,0.00010168534083045751,0.4030694544463893,64
13120,204,205,-391.59795775945037,-6.118718089991412,0.7648936170212766,940,719,225,0,3.7663421418636998,6.0,719,5285.748898562108,5259.060487737124,26.688410824983574,82.58982654003293,0.005360196146313555,0.13400490365783888,8.37530647861493e-05,0.40488685004946945,64
13184,205,206,-300.76603768891937,-4.699469338889365,0.7608695652173914,920,700,213,0,3.657142857142857,6.0,700,4922.932402749775,4897.087967433477,25.84443531629823,76.92081879296524,0.004422785732364873,0.11056964330912182,6.910602706820114e-05,0.4063494811342127,64
13248,206,207,-395.8592341742986,-6.1853005339734155,0.772877618522602,907,701,203,0,3.8587731811697576,6.0,701,5547.020596519165,5519.256549239301,27.7640472798639,86.67219682061196,0.005384022414452522,0.13460056036131304,8.412535022582066e-05,0.4083864229753734,64
13312,207,208,-253.0021181197504,-3.9531580956211,0.7856365614798694,919,722,199,0,3.903047091412742,6.0,722,4481.606176052335,4453.332587851881,28.27358820045541,70.02509650081774,0.004014061251764771,0.10035153129411926,6.271970705882454e-05,0.4099392406442114,64
13376,208,209,-485.06759612031493,-7.579181189379921,0.782608695652174,989,774,224,0,3.6744186046511627,6.0,774,6092.53577385995,6065.057138544737,27.47863531521264,95.19587146656171,0.006427596885028607,0.16068992212571517,0.00010043120132857198,0.4103213900336446,64
13440,209,210,-266.6065434530985,-4.165727241454664,0.7374727668845316,918,677,231,0,3.6484490398818314,6.0,677,4453.760185296159,4428.134358962825,25.625826333332537,69.59000289525248,0.00400664153063243,0.10016603826581076,6.260377391613172e-05,0.410481174038978,64
13504,210,211,-347.3881546107823,-5.427939915793473,0.7586206896551724,899,682,210,0,3.804985337243402,6.0,682,4827.248858818426,4800.8101007557725,26.438758062652695,75.4257634190379,0.004848068417247505,0.12120171043118763,7.575106901949227e-05,0.4095914680751658,64
13568,211,212,-441.27325508522665,-6.894894610706666,0.7760577915376677,969,752,233,0,3.7925531914893615,6.0,752,5748.805670449268,5721.664574528798,27.1410959204687,89.82508860076982,0.005924838659126244,0.1481209664781561,9.257560404884756e-05,0.4082715005805472,64
13632,212,213,-283.20601587899637,-4.425093998109318,0.7715617715617715,858,662,200,0,3.6586102719033233,6.0,662,4096.606048726427,4072.923291343991,23.682757382433433,64.00946951135042,0.004171369793299886,0.10428424483249715,6.517765302031072e-05,0.40655259549638456,64
13696,213,214,-336.6023193808454,-5.25941124032571,0.7530054644808744,915,689,212,0,4.001451378809869,6.0,689,4955.046531351328,4925.828156252563,29.218375098764543,77.4226020523645,0.004753550119915164,0.1188387529978791,7.427422062367444e-05,0.40426139951106266,64
13760,214,215,-347.8021167853591,-5.434408074771236,0.7814498933901919,938,733,212,0,3.8130968622100956,6.0,733,4964.430891584948,4936.724015957275,27.706875627674414,77.56923268101481,0.004971549106107419,0.12428872765268548,7.768045478292843e-05,0.40196278026047116,64
13824,215,216,-346.10903437441436,-5.407953662100224,0.7976190476190477,924,737,193,0,3.611940298507463,6.0,737,4770.255493175638,4745.864320515863,24.3911726597751,74.53524208086934,0.004986588042774472,0.12466470106936178,7.791543816835112e-05,0.3999291059362408,64
13888,216,217,-369.7296396187505,-5.777025619042977,0.7768331562167906,941,731,190,0,3.642954856361149,6.0,731,4977.485235640749,4952.479537085195,25.00569855555404,77.7732068068867,0.005212705262213121,0.13031763155532802,8.144851972208001e-05,0.3981875666020297,64
13952,217,218,-425.17761225569814,-6.643400191495283,0.8087912087912088,910,736,177,0,3.4442934782608696,6.0,736,5234.495430431686,5212.7000997466275,21.795330685058172,81.7889911004951,0.005793162687046256,0.1448290671761564,9.051816698509775e-05,0.39669822674253197,64
14016,218,219,-407.45369140606704,-6.3664639282197975,0.8202866593164277,907,744,168,0,3.396505376344086,6.0,744,5519.625823041846,5497.410973258926,22.214849782921284,86.24415348502885,0.0056482213810821035,0.1412055345270526,8.825345907940787e-05,0.3945371946689274,64
14080,219,220,-443.943659708646,-6.936619682947594,0.8100208768267223,958,776,188,0,3.556701030927835,6.0,776,6145.302127532765,6119.744236715451,25.55789081731309,96.02034574269945,0.006064591120348277,0.15161477800870693,9.475923625544182e-05,0.3943424462041695,64
14144,220,221,-428.51125673904926,-6.695488386547645,0.7954545454545454,924,735,180,0,3.545578231292517,6.0,735,5803.300244021411,5779.159891855654,24.140352165756017,90.67656631283455,0.0058213569586046425,0.14553392396511605,9.095870247819754e-05,0.3946891769467552,64
14208,221,222,-355.5637041755615,-5.555682877743148,0.7757510729613734,932,723,201,0,3.553250345781466,6.0,723,5005.568229648021,4979.924490950385,25.643738697632912,78.21200358825033,0.005038489343067093,0.12596223357667732,7.872639598542333e-05,0.3945871431657465,64
14272,222,223,-352.6570600003733,-5.510266562505833,0.7844827586206896,928,728,202,0,3.6950549450549453,6.0,728,5602.5478404528885,5576.250768813224,26.297071639665344,87.53981000707638,0.005019669158819603,0.12549172897049007,7.84323306065563e-05,0.39418713792788357,64
14336,223,224,-253.13800104720195,-3.9552812663625305,0.8042381432896064,991,797,199,0,3.751568381430364,6.0,797,4689.210541823717,4661.283219950841,27.927321872873172,73.26891471599558,0.004193574707172967,0.10483936767932418,6.552460479957761e-05,0.3934028310867231,64
14400,224,225,-329.56362887210275,-5.1494317011266055,0.7776536312849162,895,696,205,0,3.7471264367816093,6.0,696,4986.743163261549,4960.482224789522,26.26093847202819,77.9178619259617,0.004708846803235131,0.11772117008087828,7.357573130054893e-05,0.392181827510814,64
14464,225,226,-292.2748845491976,-4.566795071081213,0.7848244620611552,883,693,177,0,3.857142857142857,6.0,693,4630.975806400115,4604.335457106616,26.640349293498527,72.3589969750018,0.004361821950957422,0.10904554877393556,6.815346798370972e-05,0.39300759432085375,64
14528,226,227,-328.9235693281946,-5.139430770753041,0.7982646420824295,922,736,203,0,3.933423913043478,6.0,736,4998.522114833746,4970.4396735140335,28.082441319712718,78.10190804427728,0.004801242763133932,0.12003106907834829,7.501941817396768e-05,0.39562119665831763,64
14592,227,228,-377.57797699811636,-5.899655890595568,0.7620111731843575,895,682,208,0,3.7140762463343107,6.0,682,5423.627182986455,5398.241785580217,25.385397406236912,84.74417473416337,0.005152929076027724,0.1288232269006931,8.051451681293318e-05,0.3980136364500547,64
14656,228,229,-407.87905156904395,-6.373110180766312,0.7665929203539823,904,693,195,0,3.8484848484848486,6.0,693,5154.049529497556,5126.728859245058,27.32067025249808,80.53202389839932,0.0054952923697370966,0.13738230924342743,8.586394327714213e-05,0.39997556947529733,64
14720,229,230,-383.1695567439637,-5.987024324124433,0.7835587929240374,961,753,230,0,3.7768924302788847,6.0,753,5514.442053301021,5485.466103135891,28.975950165130357,86.16315708282845,0.005351486136056688,0.1337871534014172,8.361697087588576e-05,0.40195982254985035,64
14784,230,231,-324.8320451548468,-5.075500705544481,0.7670639219934995,923,708,219,0,3.7598870056497176,6.0,708,5180.174568577094,5152.776629684651,27.39793889244418,80.94022763401709,0.004674108626879356,0.11685271567198391,7.303294729498994e-05,0.4031782122196541,64
14848,231,232,-276.87776844646373,-4.326215131975996,0.7617521367521367,936,713,210,0,3.7279102384291725,6.0,713,5113.4904098329225,5086.880120159603,26.6102896733189,79.89828765363941,0.004217567874992884,0.1054391968748221,6.589949804676381e-05,0.40346800535146954,64
14912,232,233,-345.30697005857155,-5.3954214071651805,0.794577685088634,959,762,195,0,3.6942257217847767,6.0,762,5305.296833147769,5278.338582435963,26.958250711804705,82.89526301793389,0.005035413880703286,0.12588534701758217,7.867834188598885e-05,0.4034584325820982,64
14976,233,234,-362.046893867197,-5.656982716674953,0.813953488372093,946,770,192,0,3.6714285714285713,6.0,770,5673.010348321496,5646.734302093598,26.276046227892785,88.64078669252338,0.005225668742019529,0.13064171855048823,8.165107409405515e-05,0.40329856642846623,64
15040,234,235,-344.21051378456286,-5.378289277883795,0.7943632567849687,958,761,183,0,3.6044678055190538,6.0,761,5727.247575645813,5701.2348076461785,26.012767999635933,89.48824336946583,0.005036602901617915,0.12591507254044787,7.869692033777992e-05,0.4024241662460419,64
15104,235,236,-293.768516687284,-4.590133073238812,0.7924743443557583,877,695,197,0,3.631654676258993,6.0,695,4606.806852906592,4583.655214367185,23.15163853940455,71.9813570766655,0.004358671680552955,0.10896679201382387,6.810424500863992e-05,0.40115581589221694,64
15168,236,237,-363.66322464058726,-5.682237885009176,0.770746887966805,964,743,216,0,3.6406460296096905,6.0,743,5915.150257267324,5889.051132344828,26.099124922494013,92.42422276980194,0.005147575343298056,0.1286893835824514,8.043086473903213e-05,0.3997421516663455,64
15232,237,238,-261.4182771090025,-4.084660579828164,0.7730727470141151,921,712,198,0,3.688202247191011,6.0,712,5421.740644592505,5396.5597588745495,25.180885717954194,84.7146975717579,0.004076819800967556,0.1019204950241889,6.370030939011806e-05,0.39824408860211935,64
15296,238,239,-297.6503020525196,-4.650785969570618,0.7823275862068966,928,726,208,0,3.71900826446281,6.0,726,5197.04353908584,5170.585765598163,26.45777348767798,81.20380529821625,0.00445705171874481,0.11142629296862025,6.964143310538766e-05,0.39666768063715024,64
15360,239,240,-371.7685136544577,-5.808883025850902,0.7606837606837606,936,712,221,0,3.747191011235955,6.0,712,5859.751905428212,5832.635835338292,27.116070089923472,91.55862352231581,0.005149698953209004,0.1287424738302251,8.046404614389069e-05,0.39642677236358426,64
15424,240,241,-265.58039879931505,-4.149693731239298,0.7652838427947598,916,701,212,0,3.7475035663338088,6.0,701,4918.039960031155,4891.918319365706,26.12164066545052,76.8443743754868,0.004074580224153618,0.10186450560384044,6.366531600240028e-05,0.3962556332963956,64
15488,241,242,-420.80445412871927,-6.575069595761239,0.7712215320910973,966,745,229,0,3.7114093959731544,6.0,745,6529.877933013712,6502.398970455539,27.47896255817224,102.02934270333925,0.005709162673305874,0.14272906683264686,8.920566677040428e-05,0.39561740553251834,64
15552,242,243,-306.561952161594,-4.790030502524906,0.7758081334723671,959,744,208,0,3.736559139784946,6.0,744,5798.434913371489,5771.396246109161,27.038667262325212,90.60054552142951,0.004589247794044849,0.11473119485112124,7.170699678195077e-05,0.39516910856941956,64
15616,243,244,-362.9434394789191,-5.670991241858111,0.7656765676567657,909,696,217,0,3.8045977011494254,6.0,696,5702.792438432139,5675.907905482583,26.88453294955728,89.10613185050217,0.00502819043044263,0.12570476076106576,7.85654754756661e-05,0.3951873418503623,64
15680,244,245,-305.5052218606599,-4.773519091572811,0.7597061909758657,953,724,220,0,3.8687845303867405,6.0,724,5732.636989368755,5702.267550519273,30.369438849481917,89.5724529588868,0.004517159218085673,0.11292898045214184,7.058061278258865e-05,0.3943456382395676,64
15744,245,246,-273.6390966731052,-4.275610885517269,0.7821681864235056,987,772,225,0,3.9080310880829017,6.0,772,5582.745622668299,5552.101408373422,30.644214294876463,87.23040035419217,0.004309694879293718,0.10774237198234295,6.733898248896434e-05,0.3938476146440161,64
15808,246,247,-287.3193612500579,-4.489365019532155,0.7684563758389261,894,687,207,0,3.7947598253275108,6.0,687,4856.586787377991,4829.253641460143,27.333145917846632,75.8841685527811,0.0042633151233708935,0.10658287808427233,6.661429880267021e-05,0.3934669079362151,64
15872,247,248,-273.7952233666351,-4.278050365103674,0.7894179894179895,945,746,203,0,3.6474530831099194,6.0,746,5024.813782666101,4999.512992304533,25.300790361568232,78.51271535415783,0.004273935543438339,0.10684838858595848,6.678024286622405e-05,0.39309536214044016,64
15936,248,249,-261.46198505175056,-4.0853435164336025,0.7781456953642384,906,705,191,0,3.6156028368794324,6.0,705,4725.9695454574285,4700.477152783152,25.492392674277216,73.84327414777232,0.004067016942747803,0.10167542356869508,6.354713973043442e-05,0.3926936849788462,64
16000,249,250,-243.63312399458576,-3.8067675624154025,0.797945205479452,876,699,174,0,3.632331902718169,6.0,699,4807.9197077614035,4782.808030242898,25.111677518507502,75.12374543377193,0.003897117642993769,0.09742794107484423,6.0892463171777644e-05,0.39292868814448434,64
16064,250,251,-206.56555740403297,-3.227586834438015,0.7890625,896,707,191,0,3.6987270155586986,6.0,707,4511.777911571756,4485.84443474724,25.93347682451274,70.49652986830868,0.0035252183509376337,0.08813045877344085,5.5081536733400526e-05,0.3936807541037304,64
16128,251,252,-258.69247902708526,-4.042069984798207,0.8095238095238095,945,765,189,0,3.722875816993464,6.0,765,4933.346396270247,4906.9697635416405,26.376632728606,77.08353744172261,0.004186954541461166,0.10467386353652916,6.542116471033072e-05,0.3939019921076128,64
16192,252,253,-256.7515817958925,-4.01174346556082,0.7881002087682673,958,755,197,0,3.7867549668874174,6.0,755,5794.814820863066,5767.47508093971,27.33973992335873,90.54398157598541,0.004133111080650924,0.1033277770162731,6.45798606351707e-05,0.39412231920977514,64
16256,253,254,-226.76677015266756,-3.5432307836354306,0.7806122448979592,980,765,207,0,3.5359477124183005,6.0,765,5614.547727213281,5588.803464707157,25.744262506126077,87.72730823770752,0.0038458326215293106,0.09614581553823276,6.009113471139548e-05,0.39475104615619383,64
16320,254,255,-293.28937818821777,-4.582646534190903,0.8008752735229759,914,732,189,0,3.6543715846994536,6.0,732,5549.419013027517,5523.575415464011,25.843597563505064,86.70967207855496,0.004453843017185901,0.11134607542964753,6.95912971435297e-05,0.3962476247040711,64
16384,255,256,-202.80374329616242,-3.168808489002538,0.7947310647639956,911,724,185,0,3.649171270718232,6.0,724,5352.016846857713,5325.964950219878,26.051896637835355,83.62526323215177,0.0035362962323235033,0.08840740580808758,5.525462863005474e-05,0.3979595582293838,64
16448,256,257,-172.1225246238505,-2.689414447247664,0.8042986425339367,884,711,182,0,3.680731364275668,6.0,711,5158.611875320031,5133.760062073049,24.85181324697752,80.60331055187548,0.003201361813327904,0.08003404533319759,5.00212783332485e-05,0.399654064860108,64
16512,257,258,-226.83538491745395,-3.544302889335218,0.8058568329718004,922,743,181,0,3.519515477792732,6.0,743,4914.250767821634,4890.632797159047,23.617970662587485,76.78516824721304,0.0038265384679085778,0.09566346169771445,5.978966356107153e-05,0.4011353222373799,64
16576,258,259,-230.32566725715915,-3.5988385508931118,0.8117770767613038,951,772,176,0,3.435233160621762,6.0,772,6044.098426583402,6020.422153535597,23.676273047802624,94.43903791536566,0.003935112058188347,0.09837780145470866,6.148612590919292e-05,0.4024265875317635,64
16640,259,260,-262.6186438947248,-4.103416310855075,0.781183932346723,946,739,208,0,3.564276048714479,6.0,739,5876.684132406584,5852.0164216016055,24.667710804981557,91.82318956885287,0.004141549999531878,0.10353874998829694,6.471171874268559e-05,0.40464118629341606,64
16704,260,261,-236.90133688865728,-3.70158338888527,0.8041884816753927,955,768,188,0,3.7278645833333335,6.0,768,5703.464449800569,5677.178997857458,26.285451943107248,89.11663202813389,0.003979283167171477,0.09948207917928693,6.217629948705433e-05,0.405295571789979,64
16768,261,262,-291.31238583346544,-4.5517560286478975,0.7673216132368149,967,742,224,0,3.6576819407008085,6.0,742,6063.088324449652,6038.207130460945,24.881193988709313,94.73575506952581,0.004415550231774407,0.11038875579436017,6.89929723714751e-05,0.40614452190154615,64
16832,262,263,-315.61715555561807,-4.931518055556532,0.8155339805825242,927,756,169,0,3.4193121693121693,6.0,756,6065.999908569435,6043.444821391488,22.55508717795042,94.78124857139743,0.00475811703417345,0.11895292585433624,7.434557865896015e-05,0.4072037967651867,64
16896,263,264,-334.64536601741395,-5.228833844022093,0.7829787234042553,940,736,204,0,3.525815217391304,6.0,736,6003.810936672303,5979.643745693726,24.167190978578038,93.80954588550473,0.004859873752910248,0.12149684382275619,7.593552738922262e-05,0.407465546619046,64
16960,264,265,-224.4967168554007,-3.507761200865636,0.8035516093229744,901,724,175,0,3.5455801104972378,6.0,724,4689.6803308982535,4666.978330184031,22.702000714224248,73.27625517028521,0.0037645846857385415,0.09411461714346354,5.882163571466471e-05,0.4067968054538056,64
17024,265,266,-326.78003441662986,-5.105938037759842,0.772399588053553,971,750,214,0,3.536,6.0,750,5737.72529348349,5712.883070769609,24.842222713876158,89.65195771067953,0.004800128260985692,0.1200032065246423,7.500200407790144e-05,0.4058757290403747,64
17088,266,267,-278.68315453377016,-4.354424289590159,0.7936694021101993,853,677,186,0,3.583456425406204,6.0,677,5459.06374348577,5436.047008523654,23.016734962115184,85.29787099196515,0.00417832247291465,0.10445806182286625,6.528628863929141e-05,0.40464025741619225,64
17152,267,268,-246.9931250284272,-3.859267578569175,0.79841449603624,883,705,186,0,3.678014184397163,6.0,705,5104.690520837747,5079.852731604913,24.837789232834663,79.76078938808979,0.0039307766253491375,0.09826941563372843,6.141838477108027e-05,0.4030079959592311,64
17216,268,269,-221.01719599374815,-3.453393687402315,0.787847579814624,971,765,204,0,3.5986928104575164,6.0,765,5047.299358689775,5021.212104069536,26.087254620237616,78.86405247952773,0.003792314469143835,0.09480786172859587,5.925491358037242e-05,0.4020855901872043,64
17280,269,270,-283.2274091624246,-4.425428268162884,0.7880085653104925,934,736,188,0,3.7255434782608696,6.0,736,5840.4795255284935,5813.0996761158585,27.37984941263549,91.25749258638271,0.0043636402459942625,0.10909100614985656,6.818187884366035e-05,0.4011118490501038,64
17344,270,271,-347.9628021734405,-5.4369187839600075,0.7718715393133998,903,697,215,0,3.588235294117647,6.0,697,5414.27112271457,5389.411389086824,24.859733627744106,84.59798629241516,0.004883609064426115,0.12209022661065289,7.630639163165805e-05,0.3998360033623142,64
17408,271,272,-244.67842925952803,-3.8231004571801255,0.7808219178082192,949,741,198,0,3.6369770580296894,6.0,741,5697.915176008193,5672.3563814868485,25.55879452134176,89.02992462512802,0.0039804853502643,0.0995121337566075,6.219508359787969e-05,0.3995617393949793,64
17472,272,273,-289.2232192096068,-4.519112800150106,0.8128400435255713,919,747,178,0,3.7228915662650603,6.0,747,5599.090514939736,5573.023200426396,26.06731451333498,87.48578929593337,0.004460568765541855,0.11151421913854638,6.969638696159149e-05,0.39841566462349304,64
17536,273,274,-337.34004516942673,-5.270938205772293,0.7598752598752598,962,731,230,0,3.8002735978112177,6.0,731,5676.533141100346,5648.968770632189,27.5643704681588,88.69583032969291,0.00484210777188051,0.12105269429701275,7.565793393563297e-05,0.3973380964072971,64
17600,274,275,-344.9751956028699,-5.3902374312948425,0.7652947719688543,899,688,206,0,3.7747093023255816,6.0,688,5138.7395391408745,5112.052918191418,26.68662094945583,80.29280529907616,0.0048429373943823985,0.12107343485955996,7.567089678722498e-05,0.3962108271108862,64
17664,275,276,-439.9132262610387,-6.8736441603287295,0.762051282051282,975,743,223,0,3.80349932705249,6.0,743,6377.208478946646,6348.969253797441,28.239225149206316,99.64388248354135,0.00590329281220613,0.14758232030515325,9.223895019072078e-05,0.39495331729191896,64
17728,276,277,-231.97687713731364,-3.6246387052705256,0.7823204419889502,905,708,209,0,3.810734463276836,6.0,708,4518.185984585754,4491.21322743849,26.97275714726452,70.59665600915241,0.0037559703580800088,0.09389925895200021,5.868703684500014e-05,0.39449984914726277,64
17792,277,278,-337.1580044651404,-5.268093819767818,0.7481636935991606,953,713,223,0,3.9312762973352036,6.0,713,5707.422907558587,5677.854592028849,29.56831552974158,89.17848293060293,0.004804496193241428,0.1201124048310357,7.507025301939732e-05,0.39587267565925344,64
17856,278,279,-251.30513056930772,-3.926642665145433,0.7673649393605292,907,696,222,0,3.954022988505747,6.0,696,4716.038296257216,4687.594379099176,28.443917158040964,73.688098379019,0.0039061869266144725,0.09765467316536182,6.103417072835113e-05,0.39748660772179045,64
17920,279,280,-261.436734880937,-4.084948982514641,0.7834821428571429,896,702,187,0,3.7706552706552707,6.0,702,4448.0116204606065,4420.780529914757,27.231090545851597,69.50018156969698,0.004064380394886957,0.10160950987217392,6.35059436701087e-05,0.39857106379298846,64
17984,280,281,-360.00998186450306,-5.62515596663286,0.7353535353535353,990,728,252,0,3.8543956043956045,6.0,728,5504.622246332221,5473.652188289071,30.97005804315331,86.00972259894095,0.005032951378746247,0.12582378446865616,7.863986529291011e-05,0.3997433805259457,64
18048,281,282,-350.8193087925498,-5.481551699883591,0.7642706131078224,946,723,251,0,3.991701244813278,6.0,723,5270.675101208116,5239.428428478244,31.2466727298719,82.35429845637681,0.004930587996613364,0.1232646999153341,7.704043744708381e-05,0.40090057250523237,64
18112,282,283,-446.70258936730045,-6.9797279588640695,0.7442105263157894,950,707,232,0,3.835926449787836,6.0,707,6101.890457493346,6072.262972368924,29.62748512442349,95.34203839833353,0.005874871129449656,0.1468717782362414,9.179486139765088e-05,0.4008823416474053,64
18176,283,284,-352.85081273986015,-5.513293949060315,0.7722342733188721,922,712,216,0,3.769662921348315,6.0,712,5131.833293718136,5104.02909403203,27.804199686104567,80.18489521434587,0.004967431374975992,0.1241857843743998,7.761611523399987e-05,0.40211156195810993,64
18240,284,285,-446.8258834569826,-6.981654429015353,0.7776572668112798,922,717,207,0,3.7698744769874475,6.0,717,5611.074382642324,5584.053661642905,27.020720999420167,87.67303722878631,0.005928456735253133,0.1482114183813283,9.26321364883302e-05,0.40279825152058,64
18304,285,286,-364.3910837641664,-5.6936106838151,0.8045023696682464,844,679,172,0,3.748159057437408,6.0,679,4992.692730381285,4967.808527647622,24.88420273366292,78.01082391220758,0.005058430606323047,0.1264607651580762,7.903797822379762e-05,0.4030563301944666,64
18368,286,287,-255.32992957542476,-3.989530149616012,0.7794117647058824,952,742,196,0,3.7911051212938007,6.0,742,4710.916777568042,4682.53238481478,28.384392753260755,73.60807464950065,0.004087506341260876,0.1021876585315219,6.386728658220118e-05,0.4026941209881775,64
18432,287,288,-431.27119322672735,-6.738612394167615,0.7968421052631579,950,757,195,0,3.760898282694848,6.0,757,6372.371485991962,6345.4057129016355,26.96577309032535,99.5683044686244,0.005882426898975808,0.14706067247439522,9.1912920296497e-05,0.40318046201522917,64
18496,288,289,-285.11196518912465,-4.454874456080073,0.7745726495726496,936,725,215,0,3.740689655172414,6.0,725,5053.858978885533,5026.472860296202,27.386118589333392,78.96654654508646,0.0043232676858038265,0.10808169214509566,6.755105759068479e-05,0.40450655368226607,64
18560,289,290,-376.9574593916601,-5.889960302994689,0.7917981072555205,951,753,197,0,3.7104913678618856,6.0,753,5591.440681526757,5563.353750041583,28.086931485172105,87.36626064885557,0.005329128115998456,0.1332282028999614,8.326762681247588e-05,0.40608161869804704,64
18624,290,291,-371.1576130944577,-5.799337704600902,0.781390134529148,892,697,195,0,3.6556671449067433,6.0,697,5234.9225127423515,5209.736872828047,25.185639914302847,81.79566426159924,0.005142981635940029,0.12857454089850073,8.035908806156296e-05,0.4085415828921538,64
18688,291,292,-313.72516940549883,-4.901955771960919,0.7457805907172996,948,707,235,0,3.763790664780764,6.0,707,5146.941810262317,5118.1731227138125,28.768687548502253,80.4209657853487,0.00454254024645946,0.1135635061614865,7.097719135092906e-05,0.4113013220994436,64
18752,292,293,-266.5672047041648,-4.165112573502575,0.7884393063583816,865,682,183,0,3.7668621700879767,6.0,682,4662.950811498433,4637.440622788005,25.510188710429063,72.85860642966301,0.0040709839250481356,0.10177459812620339,6.360912382887712e-05,0.4125721052347985,64
18816,293,294,-413.83594913505374,-6.466186705235215,0.7769314472252449,919,714,207,0,3.6820728291316525,6.0,714,5622.318332262365,5594.596734789717,27.72159747264838,87.84872394159946,0.0055922731744478225,0.13980682936119557,8.737926835074723e-05,0.41331666039739373,64
18880,294,295,-350.1638186019855,-5.471309665656023,0.7478260869565218,920,688,222,0,3.7180232558139537,6.0,688,4804.13845032011,4778.110980722775,26.027469597334484,75.06466328625172,0.004874598681517325,0.12186496703793313,7.61656043987082e-05,0.41365944439711944,64
18944,295,296,-378.20356292866416,-5.909430670760377,0.7955465587044535,988,786,213,0,3.826972010178117,6.0,786,5982.598038763334,5952.937299935232,29.66073882810099,93.4780943556771,0.005403135528838926,0.13507838822097315,8.442399263810821e-05,0.41401373458949153,64
19008,296,297,-515.9482483091824,-8.061691379830975,0.7847295864262991,943,740,214,0,3.645945945945946,6.0,740,6125.766851186905,6098.93186141948,26.83498976742649,95.71510704979539,0.006664232933385368,0.1666058233346342,0.00010412863958414638,0.4139629670964942,64
19072,297,298,-397.45480075911144,-6.210231261861116,0.8046218487394958,952,766,185,0,3.677545691906005,6.0,766,5409.092559633923,5381.721191768596,27.371367865327795,84.51707124428005,0.005579509894506184,0.1394877473626546,8.717984210165913e-05,0.4136658027324971,64
19136,298,299,-339.9634760633834,-5.311929313490365,0.7709011943539631,921,710,203,0,3.604225352112676,6.0,710,4969.85536368215,4945.059477862479,24.795885819670463,77.65399005753359,0.00484984235229531,0.12124605880738275,7.577878675461422e-05,0.41316241566583345,64
19200,299,300,-438.10991794777533,-6.8454674679339895,0.7974683544303798,948,756,199,0,3.7314814814814814,6.0,756,5428.688207565742,5403.316355473091,25.371852092652055,84.82325324321472,0.005944439145794285,0.14861097864485712,9.28818616530357e-05,0.41216227240703057,64
19264,300,301,-386.27614605001776,-6.0355647820315275,0.8022099447513812,905,726,177,0,3.7520661157024793,6.0,726,5206.150278261997,5180.8263754079735,25.323902854023412,81.34609809784371,0.005380752435644339,0.13451881089110848,8.40742568069428e-05,0.411136092399773,64
19328,301,302,-475.39248399050393,-7.428007562351624,0.7914494264859229,959,759,199,0,3.6403162055335967,6.0,759,5233.283147045047,5207.1930489071365,26.090098137911358,81.77004917257887,0.006324881215853295,0.15812203039633238,9.882626899770774e-05,0.4097100255835837,64
19392,302,303,-486.73804825384883,-7.605282003966388,0.7855603448275862,928,729,204,0,3.5459533607681757,6.0,729,5748.972015129093,5723.86910572913,25.102909399960907,89.82768773639208,0.00635962363427338,0.1589905908568345,9.936911928552157e-05,0.4080328531223525,64
19456,303,304,-398.53353583462297,-6.227086497415984,0.7780126849894292,946,736,198,0,3.6385869565217392,6.0,736,5190.406565510411,5164.059057394892,26.34750811551689,81.10010258610018,0.005500972763174425,0.13752431907936064,8.59526994246004e-05,0.40696905991257754,64
19520,304,305,-425.148516227085,-6.642945566048203,0.8107810781078107,909,737,187,0,3.735413839891452,6.0,737,5645.915530405953,5620.6045433209365,25.310987085015007,88.21743016259302,0.005781929767387436,0.1445482441846859,9.034265261542868e-05,0.4069758479826753,64
19584,305,306,-317.6430565588917,-4.963172758732683,0.779463243873979,857,668,181,0,3.6332335329341316,6.0,668,4322.000903416968,4298.189611162159,23.811292254808162,67.53126411589012,0.0045533777856228645,0.11383444464057162,7.114652790035726e-05,0.40640861072540785,64
19648,306,307,-416.43088734946264,-6.506732614835354,0.8054110301768991,961,774,190,0,3.6511627906976742,6.0,774,5400.459555457528,5374.868319924008,25.59123553352107,84.38218055402388,0.005780252992894603,0.14450632482236508,9.031645301397817e-05,0.40549369812835423,64
19712,307,308,-371.71150952573146,-5.807992336339554,0.7762162162162162,925,718,209,0,3.767409470752089,6.0,718,5346.268361241917,5319.749255606169,26.519105635749032,83.53544314440495,0.005177623707278089,0.1294405926819522,8.090037042622014e-05,0.40495124728942944,64
19776,308,309,-277.3733618218351,-4.333958778466173,0.7628979143798024,911,695,209,0,3.6676258992805755,6.0,695,4416.785654337728,4392.9256906384535,23.859963699270917,69.012275849027,0.004177833715766546,0.10444584289416364,6.527865180885227e-05,0.4035816231805257,64
19840,309,310,-418.41255465046345,-6.537696166413491,0.8024691358024691,891,715,170,0,3.5622377622377623,6.0,715,5309.341749137649,5285.283713894952,24.058035242695375,82.95846483027576,0.0056828196644595225,0.14207049161148808,8.879405725718004e-05,0.40212169442142204,64
19904,310,311,-296.92253188290135,-4.639414560670334,0.7898789878987899,909,718,193,0,3.6657381615598887,6.0,718,5019.524320265739,4993.718573515255,25.80574675048194,78.43006750415218,0.0044504817843312875,0.11126204460828219,6.953877788017637e-05,0.40305180020431175,64
19968,311,312,-330.5539512151295,-5.164905487736398,0.7652838427947598,916,701,222,0,3.596291012838802,6.0,701,4437.100926740129,4411.75188888559,25.349037854537002,69.32970198031451,0.004711312337252564,0.1177828084313141,7.361425526957131e-05,0.4050089166552223,64
20032,312,313,-477.7154177708413,-7.464303402669396,0.7788944723618091,995,775,223,0,3.6658064516129034,6.0,775,6333.335283115518,6306.8323430835635,26.50294003195502,98.95836379867997,0.006356160035239608,0.1589040008809902,9.931500055061887e-05,0.4071638242492606,64
20096,313,314,-339.49029172583164,-5.304535808216119,0.7654723127035831,921,705,213,0,3.726241134751773,6.0,705,5014.265839472116,4988.180584583342,26.08525488877408,78.34790374175181,0.0048183737953955705,0.12045934488488927,7.528709055305579e-05,0.4088393807637637,64
20160,314,315,-331.91140830049983,-5.18611575469531,0.7566079295154186,908,687,202,0,3.7467248908296944,6.0,687,4855.023457677659,4830.1020519440535,24.92140573360482,75.85974152621343,0.004713249726933075,0.11783124317332687,7.364452698332929e-05,0.4095432030888845,64
20224,315,316,-293.28799098105105,-4.582624859078923,0.8035126234906695,911,732,191,0,3.808743169398907,6.0,732,5121.226765999626,5094.480198909692,26.74656708993465,80.01916821874416,0.004447407638264654,0.11118519095661636,6.949074434788522e-05,0.40948811560671117,64
20288,316,317,-322.0796209562678,-5.032494077441684,0.7632135306553911,946,722,208,0,3.662049861495845,6.0,722,5217.566596941287,5189.337217040635,28.22937990065162,81.5244780772076,0.004694903242001492,0.1173725810500373,7.335786315627331e-05,0.4099105303403349,64
20352,317,318,-406.2651970904684,-6.347893704538569,0.8148148148148148,918,748,191,0,3.787433155080214,6.0,748,6362.446916196693,6335.314118117623,27.13279807906631,99.41323306557332,0.005620430240187286,0.14051075600468216,8.781922250292634e-05,0.40971147651376216,64
20416,318,319,-267.99659383288144,-4.187446778638773,0.7816349384098544,893,698,202,0,3.683381088825215,6.0,698,5005.5605667648215,4980.163594983883,25.396971780937125,78.21188385570034,0.004103064175269587,0.10257660438173968,6.41103777385873e-05,0.4096476877280898,64
20480,319,320,-246.26632952046643,-3.847911398757288,0.7712264150943396,848,654,184,0,3.7752293577981653,6.0,654,4538.791633000399,4514.271481882872,24.52015111752414,70.91861926563124,0.003802360900523078,0.09505902251307695,5.941188907067309e-05,0.40846818121248857,64
20544,320,321,-267.01496712635645,-4.17210886134932,0.8182857142857143,875,716,166,0,3.624301675977654,6.0,716,4365.793235492472,4342.848328126067,22.944907366406248,68.21551930456988,0.004180051026566943,0.10450127566417357,6.531329729010848e-05,0.40587839800158654,64
20608,321,322,-235.85289517346536,-3.685201487085396,0.7636949516648764,931,711,217,0,3.7243319268635724,6.0,711,4614.090777115704,4587.875008754569,26.215768361135073,72.09516839243288,0.003794335142261595,0.09485837855653988,5.9286486597837424e-05,0.4037300536031311,64
20672,322,323,-346.6942996390316,-5.417098431859869,0.7884405670665212,917,723,197,0,3.6390041493775933,6.0,723,5794.856754710925,5770.8129474106845,24.043807300240857,90.5446367923582,0.004955192752982784,0.12387981882456961,7.7424886765356e-05,0.4027463118334659,64
20736,323,324,-314.3879402814114,-4.912311566897053,0.8093716719914803,939,760,179,0,3.607894736842105,6.0,760,5745.098683055884,5719.869114895149,25.22956816073554,89.76716692274819,0.004742981827736709,0.11857454569341773,7.410909105838608e-05,0.40338350930691946,64
20800,324,325,-468.6971344801275,-7.323392726251992,0.7723577235772358,984,760,212,0,3.7460526315789475,6.0,760,6290.862590019945,6262.724111467503,28.138478552444404,98.29472796906164,0.0062426196559153555,0.1560654913978839,9.754093212367743e-05,0.4041871447707619,64
20864,325,326,-271.8217419321609,-4.247214717690014,0.7695800227014756,881,678,222,0,3.687315634218289,6.0,678,4764.192718589109,4739.331054333837,24.861664255271457,74.44051122795483,0.004069243015554348,0.1017310753888587,6.358192211803669e-05,0.40444472922632657,64
20928,326,327,-176.75337654842713,-2.761771508569174,0.7740899357601713,934,723,189,0,3.7164591977869987,6.0,723,4350.0566917721935,4324.134402231615,25.922289540576298,67.96963580894052,0.003268716520699561,0.08171791301748901,5.107369563593064e-05,0.40325358477759254,64
20992,327,328,-261.93419897578866,-4.092721858996698,0.7892938496583144,878,693,191,0,3.919191919191919,6.0,693,4766.844248596966,4739.873656147742,26.970592449222906,74.4819413843276,0.004042349773451372,0.1010587443362843,6.316171521017769e-05,0.4013918637716429,64
21056,328,329,-261.2531565510349,-4.082080571109921,0.7952755905511811,889,707,183,0,3.727015558698727,6.0,707,5016.735652342111,4991.646744370835,25.08890797127773,78.38649456784549,0.0040804277529943485,0.10201069382485871,6.37566836405367e-05,0.400537197772737,64
21120,329,330,-277.45722703711107,-4.33526917245486,0.7982924226254002,937,748,197,0,3.7807486631016043,6.0,748,5294.301257906749,5268.070612083643,26.23064582310437,82.72345715479295,0.0043213860980021385,0.10803465245005346,6.752165778128341e-05,0.39901263312750634,64
21184,330,331,-288.08924842667113,-4.5013945066667365,0.7722165474974464,979,756,207,0,3.7208994708994707,6.0,756,5936.222140537803,5908.821116143284,27.40102439451795,92.75347094590317,0.004435562142622941,0.11088905356557352,6.930565847848345e-05,0.39810927830887716,64
21248,331,332,-301.5581585922767,-4.711846228004323,0.7926565874730022,926,734,190,0,3.683923705722071,6.0,734,5652.245317871552,5626.764522214324,25.480795657230445,88.316333091743,0.004537147726890225,0.11342869317225562,7.089293323265977e-05,0.39750554236828817,64
21312,332,333,-292.1125740960895,-4.564258970251398,0.7997835497835498,924,739,204,0,3.742895805142084,6.0,739,5638.397352491358,5611.938366662069,26.4589858292902,88.09995863267747,0.004439077630507055,0.11097694076267638,6.936058797667273e-05,0.39776370629354313,64
21376,333,334,-237.59549769884586,-3.7124296515444666,0.7776572668112798,922,717,203,0,3.7531380753138075,6.0,717,5893.798291526871,5867.040171112673,26.758120414198327,92.09059830510736,0.0038469272286331397,0.09617318071582849,6.010823794739281e-05,0.3983832213167061,64
21440,334,335,-246.40388134807148,-3.850060646063617,0.7833152762730228,923,723,194,0,3.7330567081604427,6.0,723,5574.979444541004,5548.4596714311165,26.519773109888693,87.10905382095319,0.003957920612998249,0.09894801532495621,6.184250957809764e-05,0.3994913312809596,64
21504,335,336,-202.42243976871129,-3.162850621386114,0.7600896860986547,892,678,216,0,3.6548672566371683,6.0,678,5185.487629289091,5159.678844972938,25.80878431615321,81.02324420764205,0.0033855018940325723,0.0846375473508143,5.289846709425894e-05,0.40049491103646273,64
21568,336,337,-169.61030670723983,-2.6501610423006223,0.7726315789473684,950,734,209,0,3.9019073569482288,6.0,734,4648.267799801161,4619.30874764146,28.959052159701013,72.62918437189315,0.003198246026780237,0.07995615066950593,4.99725941684412e-05,0.40016887974708726,64
21632,337,338,-250.74143425871108,-3.9178349102923606,0.7678958785249458,922,708,216,0,3.7387005649717513,6.0,708,5544.866947367097,5517.750177573573,27.116769793522522,86.63854605261089,0.003939645952328896,0.09849114880822239,6.1556968005139e-05,0.40038949577971933,64
21696,338,339,-226.0172370056793,-3.531519328213739,0.767342582710779,937,719,210,0,3.810848400556328,6.0,719,5476.367790745059,5448.581119492518,27.786671252543115,85.56824673039155,0.00372549238037515,0.09313730950937875,5.821081844336172e-05,0.40158417744801533,64
21760,339,340,-167.52712216431746,-2.6176112838174603,0.7889502762430939,905,714,206,0,3.7633053221288515,6.0,714,5011.078969687422,4985.033302399968,26.04566728745265,78.29810890136596,0.0031338809864789843,0.07834702466197462,4.896689041373413e-05,0.4019362503847681,64
21824,340,341,-259.83275184542833,-4.059886747584818,0.7991218441273326,911,728,187,0,3.6826923076923075,6.0,728,5306.620398149362,5280.898232142577,25.722166006786146,82.91594372108378,0.004110756171150461,0.10276890427876152,6.423056517422596e-05,0.4019733232579126,64
21888,341,342,-284.35771425652246,-4.443089285258163,0.7725752508361204,897,693,198,0,3.712842712842713,6.0,693,5415.297767909638,5389.396972211835,25.900795697802717,84.6140276235881,0.004259415995189239,0.10648539987973098,6.655337492483186e-05,0.4024393050789271,64
21952,342,343,-260.012869474432,-4.062701085538,0.7983453981385729,967,772,193,0,3.555699481865285,6.0,772,6140.4637654979815,6114.1430641537145,26.32070134426634,95.94474633590596,0.004213451822586559,0.10533629556466396,6.583518472791498e-05,0.40405464646778977,64
22016,343,344,-161.11396911893831,-2.517405767483411,0.8035294117647059,850,683,164,0,3.664714494875549,6.0,683,4241.23562223347,4217.248029772275,23.987592461195508,66.26930659739797,0.003046026226257618,0.07615065565644046,4.759415978527528e-05,0.4046060631303826,64
22080,344,345,-192.87562248534906,-3.013681601333579,0.786504424778761,904,711,203,0,3.828410689170183,6.0,711,4751.454567252748,4726.107836782994,25.346730469753762,74.2414776133242,0.0033862846552138925,0.08465711638034731,5.291069773771707e-05,0.40429774692985393,64
22144,345,346,-285.67028212107505,-4.463598158141798,0.7707423580786026,916,706,199,0,3.7138810198300285,6.0,706,5977.357288237609,5949.779108762443,27.57817947516619,93.39620762871265,0.0043040767656878165,0.10760191914219541,6.725119946387213e-05,0.4044070530029904,64
22208,346,347,-249.29260959661792,-3.895197024947155,0.7671641791044777,1005,771,223,0,3.7795071335927366,6.0,771,5554.739010087498,5525.220157072931,29.518853014563035,86.79279703261716,0.004067920700482671,0.10169801751206678,6.356126094504174e-05,0.4042918129489699,64
22272,347,348,-220.64999031876675,-3.4476560987307305,0.8094713656387665,908,735,192,0,3.779591836734694,6.0,735,5312.176767958519,5284.925491353943,27.251276604573384,83.00276199935186,0.003730190854976513,0.09325477137441283,5.828423210900802e-05,0.4038589551682405,64
22336,348,349,-200.22457334656593,-3.1285089585400927,0.7570621468926554,885,670,203,0,3.8417910447761194,6.0,670,4808.914117772818,4781.407854657924,27.50626311489583,75.13928309020028,0.0033592547708046795,0.08398136927011698,5.248835579382312e-05,0.40255506796310664,64
22400,349,350,-255.46072368167452,-3.9915738075261644,0.7897435897435897,975,770,204,0,3.838961038961039,6.0,770,5711.21702962716,5681.865482439332,29.351547187827645,89.23776608792437,0.004148963289590818,0.10372408223977045,6.482755139985653e-05,0.40099655256070693,64
22464,350,351,-247.82630181649262,-3.872285965882697,0.7667009249743063,973,746,233,0,4.03083109919571,6.0,746,5338.812747443201,5307.95236041249,30.86038703071104,83.41894917880002,0.003979382819827407,0.09948457049568518,6.217785655980324e-05,0.39954686779660453,64
22528,351,352,-208.05340009665514,-3.2508343765102365,0.782608695652174,897,702,190,0,3.8347578347578346,6.0,702,4732.850345316744,4705.825364405165,27.02498091157843,73.95078664557413,0.0035296504102187536,0.08824126025546884,5.5150787659668024e-05,0.39711832094641,64
22592,352,353,-280.6457233414938,-4.385089427210841,0.7815482502651113,943,737,210,0,3.8575305291723203,6.0,737,5331.209227847178,5302.488671430284,28.7205564168938,83.30014418511216,0.004312823630654176,0.1078205907663544,6.73878692289715e-05,0.39493324769738986,64
22656,353,354,-224.08056064233193,-3.5012587600364364,0.7688838782412627,887,682,211,0,3.9222873900293256,6.0,682,4594.658968355949,4566.511295635466,28.14767272048208,71.7915463805617,0.0036147473032051166,0.09036868258012791,5.6480426612579947e-05,0.39383225893868634,64
22720,354,355,-217.0947812200214,-3.392105956562834,0.737384140061792,971,716,253,0,3.7653631284916202,6.0,716,5193.775946270236,5163.881507915321,29.894438354915316,81.15274916047244,0.003575973947415557,0.08939934868538893,5.587459292836808e-05,0.3933694599901627,64
22784,355,356,-287.8195158371816,-4.4971799349559625,0.7757644394110985,883,685,206,0,3.8204379562043798,6.0,685,4922.893860771679,4895.555880963114,27.337979808565933,76.92021657455749,0.004264667011787439,0.10661667529468596,6.663542205917873e-05,0.39276103788467265,64
22848,356,357,-267.15591469214166,-4.1743111670647135,0.7650273224043715,915,700,203,0,3.7542857142857144,6.0,700,5042.721575135018,5016.134643837761,26.586931297256246,78.79252461148465,0.0040983947568000185,0.10245986892000046,6.403741807500029e-05,0.39268329480859415,64
22912,357,358,-322.62401403598466,-5.04100021931226,0.759453781512605,952,723,226,0,3.929460580912863,6.0,723,6086.3240375468895,6056.989121628981,29.33491591790687,95.09881308667015,0.00468402639360152,0.11710065984003801,7.318791240002375e-05,0.393244895635442,64
22976,358,359,-307.57903489989906,-4.805922420310923,0.7426067907995619,913,678,241,0,3.825958702064897,6.0,678,5211.987380740365,5184.626052771891,27.36132796847285,81.4373028240682,0.004403545797871012,0.11008864494677531,6.880540309173457e-05,0.394250384787685,64
23040,359,360,-302.0641394196865,-4.719752178432602,0.785097192224622,926,727,203,0,3.8486932599724897,6.0,727,5100.3626647839,5072.878091391824,27.484573392078296,79.69316663724844,0.004513280724032203,0.11283201810080506,7.052001131300317e-05,0.3942089764881207,64
23104,360,361,-305.0199086699652,-4.7659360729682065,0.7801268498942917,946,738,211,0,3.7981029810298104,6.0,738,5217.3029773744265,5189.728819572064,27.574157802361757,81.52035902147541,0.004557338958260174,0.11393347395650434,7.120842122281521e-05,0.3937826289413049,64
23168,361,362,-207.93951579874107,-3.249054934355329,0.7417989417989418,945,701,231,0,3.89586305278174,6.0,701,4526.045868697322,4496.938061800757,29.10780689656594,70.71946669839565,0.003476243998645077,0.08690609996612693,5.431631247882933e-05,0.39577467620499696,64
23232,362,363,-286.31289943992294,-4.473639053748796,0.7778981581798483,923,718,207,0,3.7757660167130918,6.0,718,4969.4926848124305,4942.789222621654,26.70346219077559,77.64832320019423,0.0043263047107703545,0.10815761776925886,6.759851110578679e-05,0.3981557295841318,64
23296,363,364,-292.2725195609096,-4.566758118139212,0.795142555438226,947,753,199,0,3.814077025232404,6.0,753,5269.893321798281,5242.278650698202,27.614671100079914,82.34208315309814,0.004479418301305621,0.11198545753264053,6.999091095790033e-05,0.39978460731459264,64
23360,364,365,-338.7943930724248,-5.293662391756637,0.767491926803014,929,713,212,0,3.8751753155680224,6.0,713,4998.065315949321,4969.110901599313,28.954414350006,78.09477056170815,0.004832777517922502,0.12081943794806255,7.551214871753909e-05,0.4000452681855752,64
23424,365,366,-232.65163287457565,-3.6351817636652446,0.770508826583593,963,742,224,0,3.8827493261455523,6.0,742,4780.137298113031,4751.378297061094,28.75900105193707,74.6896452830161,0.0038275142647955073,0.09568785661988768,5.98049103874298e-05,0.4003377197096518,64
23488,366,367,-233.57917642008874,-3.6496746315638866,0.7574421168687983,907,687,225,0,3.8427947598253276,6.0,687,4622.631937179583,4595.420255559708,27.211681619875257,72.22862401843098,0.0037063172812588927,0.09265793203147232,5.79112075196702e-05,0.39996719831483585,64
23552,367,368,-282.7034276223877,-4.417241056599808,0.7279569892473118,930,677,245,0,3.902511078286558,6.0,677,4883.516629785024,4853.525752008861,29.990877776163277,76.304947340391,0.004146058800998508,0.10365147002496271,6.478216876560169e-05,0.40019525443595794,64
23616,368,369,-335.8853893922858,-5.248209209254465,0.791578947368421,950,752,205,0,3.921542553191489,6.0,752,5387.440775005635,5357.902205335858,29.53856966977598,84.17876210946305,0.004906538584805611,0.12266346462014029,7.666466538758768e-05,0.4012539290945869,64
23680,369,370,-254.50316407888448,-3.97661193873257,0.7593643586833144,881,669,219,0,3.9252615844544096,6.0,669,4793.319765076792,4764.870796656678,28.448968420114937,74.89562132932487,0.0038777462104713977,0.09694365526178494,6.058978453861559e-05,0.40189836328659667,64
23744,370,371,-321.2011500947257,-5.018767970230089,0.7051416579223505,953,672,255,0,3.955357142857143,6.0,672,5117.884959978221,5085.690229466824,32.19473051139387,79.9669524996597,0.004507075923402988,0.1126768980850747,7.042306130317169e-05,0.40187692651195,64
23808,371,372,-305.2375368701319,-4.769336513595811,0.7794117647058824,884,689,206,0,3.863570391872279,6.0,689,5160.255220409973,5131.665664983753,28.58955542622045,80.62898781890583,0.00444794482281695,0.11119862057042375,6.949913785651484e-05,0.40217029437881685,64
23872,372,373,-249.17637455588536,-3.8933808524357087,0.768025078369906,957,735,220,0,3.8244897959183675,6.0,735,5468.568452275969,5439.433247298923,29.135204977050506,85.44638206681202,0.00398102746812958,0.0995256867032395,6.220355418952469e-05,0.4027760241016849,64
23936,373,374,-283.10949087979094,-4.423585794996733,0.7378435517970402,946,698,252,0,3.9469914040114613,6.0,698,5104.641206158083,5073.9677516332795,30.67345452480163,79.76001884622005,0.004193018347190955,0.10482545867977389,6.551591167485868e-05,0.40367955589347637,64
24000,374,375,-389.3478382681103,-6.083559972939224,0.7786177105831533,926,721,211,0,3.925104022191401,6.0,721,5796.999935410869,5768.77558553415,28.22434987671645,90.57812399079482,0.005358583972089763,0.13396459930224408,8.372787456390255e-05,0.4060885807934128,64
24064,375,376,-307.31977159126143,-4.80187143111346,0.7659804983748646,923,707,201,0,3.7185289957567185,6.0,707,5143.279061437793,5115.346723130474,27.932338307319135,80.36373533496551,0.004516977716518569,0.11292444291296422,7.057777682060263e-05,0.4076210903777694,64
24128,376,377,-226.22091580082733,-3.534701809387927,0.7779005524861878,905,704,219,0,3.8394886363636362,6.0,704,4423.232314064538,4396.102570562299,27.12974350223787,69.1130049072584,0.0036778117635913343,0.09194529408978336,5.74658088061146e-05,0.40914769599097733,64
24192,377,378,-328.05810860968126,-5.12590794702627,0.7918410041841004,956,757,186,0,3.6935270805812417,6.0,757,5436.875779804992,5409.578487095245,27.297292709749172,84.951184059453,0.004862095561787814,0.12155238904469534,7.597024315293459e-05,0.4096228853585764,64
24256,378,379,-267.84471728738094,-4.185073707615327,0.7537796976241901,926,698,229,0,3.7893982808022924,6.0,698,4658.995153423562,4631.35082334274,27.644330080820414,72.79679927224316,0.004068165084397885,0.10170412710994713,6.356507944371695e-05,0.41011203429143583,64
24320,379,380,-271.3579887129586,-4.239968573639978,0.7546346782988005,917,692,222,0,3.786127167630058,6.0,692,5119.664362976474,5092.546512857869,27.117850118602775,79.9947556715074,0.004099483595432558,0.10248708988581395,6.405443117863373e-05,0.4101265368848041,64
24384,380,381,-292.1722627519489,-4.565191605499201,0.7874449339207048,908,715,206,0,3.7748251748251747,6.0,715,5075.905173738207,5049.940532929538,25.964640808672257,79.31101833965948,0.004381705476249591,0.10954263690623976,6.846414806639985e-05,0.410138301615404,64
24448,381,382,-241.30897369069885,-3.7704527139171695,0.782791185729276,953,746,205,0,3.8083109919571045,6.0,746,4716.78675938186,4687.928149503461,28.858609878399964,73.69979311534156,0.003947450368926604,0.0986862592231651,6.167891201447818e-05,0.40970106589362565,64
24512,382,383,-327.60499926437876,-5.118828113505918,0.7647727272727273,880,673,202,0,3.6939078751857357,6.0,673,5265.782897985854,5240.698674807851,25.08422317800398,82.27785778102897,0.0046386491421236235,0.11596622855309059,7.247889284568162e-05,0.4091700253893513,64
24576,383,384,-293.3092881465967,-4.582957627290574,0.7624309392265194,905,690,219,0,3.765217391304348,6.0,690,4791.820643365875,4764.819063482053,27.00157988382355,74.8721975525918,0.004315637033451495,0.10789092583628737,6.74318286476796e-05,0.409678575754492,64
24640,384,385,-325.9684936524459,-5.093257713319467,0.7712215320910973,966,745,226,0,3.8174496644295304,6.0,745,5782.657201196664,5753.992813246271,28.664387950391795,90.35401876869787,0.0047639611220861,0.11909902805215249,7.44368925325953e-05,0.40999791886322035,64
24704,385,386,-330.1870850726166,-5.159173204259634,0.7399553571428571,896,663,221,0,3.6108597285067874,6.0,663,4990.462117337806,4964.705873697953,25.756243639853032,77.97597058340322,0.00461817042282415,0.11545426057060376,7.215891285662735e-05,0.40995868834456806,64
24768,386,387,-428.2514979688078,-6.691429655762622,0.7865528281750267,937,737,198,0,3.712347354138399,6.0,737,6092.7882871554275,6066.234346414005,26.553940741421595,95.19981698680355,0.005800098493372499,0.14500246233431247,9.06265389589453e-05,0.4097799999262466,64
24832,387,388,-317.84983834430557,-4.9664037241297745,0.8067520372526193,859,693,193,0,3.763347763347763,6.0,693,4617.777970006818,4592.918966647627,24.8590033591917,72.15278078135653,0.004599955859966719,0.11499889649916797,7.187431031197998e-05,0.4100419346303092,64
24896,388,389,-281.79480218929046,-4.4030437842076635,0.760655737704918,915,696,188,0,3.771551724137931,6.0,696,4965.026140794141,4937.761754131907,27.264386662235648,77.57853344990845,0.0042532851945393515,0.10633212986348378,6.645758116467737e-05,0.40991595440998135,64
24960,389,390,-335.39672549334205,-5.2405738358334695,0.7854889589905363,951,747,218,0,3.9062918340026775,6.0,747,5432.812174851903,5403.142386096758,29.66978875514513,84.88769023206099,0.004874993880497885,0.12187484701244712,7.617177938277945e-05,0.41084813562401745,64
25024,390,391,-346.7619788100271,-5.418155918906673,0.801255230125523,956,766,189,0,3.828981723237598,6.0,766,5304.641930621908,5275.983021044329,28.658909577577326,82.88503016596731,0.005066904520566375,0.12667261301415939,7.917038313384961e-05,0.4110554840585233,64
25088,391,392,-320.2620855554502,-5.004095086803909,0.7932535364526659,919,729,207,0,3.7338820301783264,6.0,729,4825.3067772376035,4798.557023986049,26.749753251555568,75.39541839433755,0.004693887010058104,0.1173471752514526,7.334198453215788e-05,0.41169870071257175,64
25152,392,393,-322.9549252530877,-5.046170707079495,0.7805907172995781,948,740,191,0,3.704054054054054,6.0,740,5060.307234378585,5033.1844153932025,27.12281898538298,79.0673005371654,0.00476333632554167,0.11908340813854175,7.44271300865886e-05,0.4116559386280678,64
25216,393,394,-341.4225495395468,-5.334727336555419,0.7860169491525424,944,742,201,0,3.797843665768194,6.0,742,5118.997815165384,5089.973742374768,29.024072790616426,79.98434086195913,0.0049424915291844534,0.12356228822961134,7.722643014350709e-05,0.41210543601107563,64
25280,394,395,-382.9156678998199,-5.983057310934686,0.752,1000,752,248,0,3.8789893617021276,6.0,752,6164.865952407631,6134.305171582915,30.560780824717167,96.32603050636924,0.005321781169943935,0.1330445292485984,8.315283078037399e-05,0.41215260108284973,64
25344,395,396,-411.53185159143925,-6.430185181116238,0.7857878475798146,971,763,205,0,3.7155963302752295,6.0,763,5816.727827410764,5789.447691308794,27.280136101968647,90.88637230329319,0.005686054499907093,0.14215136249767735,8.884460156104833e-05,0.4125085809747197,64
25408,396,397,-300.0597892062435,-4.688434206347555,0.7611056268509379,1013,771,243,0,3.9130998702983137,6.0,771,5428.9971093180675,5398.153569560961,30.843539757106726,84.8280798330948,0.0045478405814464475,0.11369601453616118,7.106000908510074e-05,0.41484433397813547,64
25472,397,398,-398.536619264893,-6.227134676013953,0.785097192224622,926,727,198,0,3.8266850068775793,6.0,727,5581.672366767838,5553.328152372623,28.34421439521441,87.21363073074747,0.005481245905618707,0.13703114764046767,8.56444672752923e-05,0.4171165604333459,64
25536,398,399,-307.8578244393678,-4.810278506865122,0.7839572192513369,935,733,198,0,3.8867667121418825,6.0,733,4956.576641557427,4929.04372637678,27.53291518064714,77.4465100243348,0.004589772731764508,0.1147443182941127,7.171519893382044e-05,0.41887266493439235,64
25600,399,400,-336.09842867233573,-5.251537948005246,0.7759562841530054,915,710,212,0,3.6901408450704225,6.0,710,4858.516582361561,4831.977273295157,26.539309066404712,75.91432159939939,0.004799301183281899,0.11998252958204747,7.498908098877967e-05,0.41997258409910077,64
25664,400,401,-332.69907948102434,-5.198423116891005,0.779379157427938,902,703,216,0,3.77524893314367,6.0,703,4905.459458050705,4878.413694505631,27.045763545073342,76.64780403204226,0.004741395723099922,0.11853489307749804,7.408430817343628e-05,0.42036263275426455,64
25728,401,402,-310.10236977683445,-4.845349527763038,0.7586933614330874,949,720,217,0,3.7930555555555556,6.0,720,5326.725423980632,5298.46023684646,28.265187134171548,83.23008474969737,0.004558086705625296,0.1139521676406324,7.122010477539525e-05,0.4201971731459973,64
25792,402,403,-376.7008536484828,-5.885950838257544,0.7628865979381443,970,740,225,0,3.747297297297297,6.0,740,5901.74272685476,5873.47127875517,28.271448099590774,92.21473010710562,0.005262385035452948,0.13155962588632372,8.222476617895232e-05,0.4201713713647727,64
25856,403,404,-320.5628870855254,-5.008795110711334,0.7839029768467475,907,711,195,0,3.7862165963431784,6.0,711,4981.164256107451,4953.451572186551,27.71268392090073,77.83069150167893,0.004665119157815871,0.11662797894539678,7.289248684087299e-05,0.41952384024442557,64
25920,404,405,-402.64538842709044,-6.291334194173288,0.8023887079261672,921,739,193,0,3.8687415426251692,6.0,739,5846.395764705854,5816.781361540177,29.614403165679484,91.34993382352897,0.005557588005906543,0.13893970014766358,8.683731259228974e-05,0.4176764191135417,64
25984,405,406,-305.11171288464675,-4.7673705138226055,0.7699115044247787,1017,783,215,0,3.867177522349936,6.0,783,5447.190581332819,5416.805882616009,30.384698716814537,85.1123528333253,0.004660814249639603,0.11652035624099008,7.28252226506188e-05,0.4158627959207808,64
26048,406,407,-206.97850628165378,-3.2340391606508403,0.7808988764044944,890,695,211,0,3.7280575539568344,6.0,695,3991.057490738106,3964.8957945398784,26.161696198228736,62.36027329278291,0.0034764826548808665,0.08691206637202166,5.432004148251354e-05,0.41359513065471987,64
26112,407,408,-257.3750255135171,-4.021484773648704,0.7575107296137339,932,706,202,0,3.7535410764872523,6.0,706,4605.87435074372,4577.995864196973,27.87848654674822,71.96678673037063,0.004014292790033743,0.10035731975084358,6.272332484427724e-05,0.4114625791493902,64
26176,408,409,-432.38012998067217,-6.755939530948003,0.7939590075512406,927,736,216,0,3.782608695652174,6.0,736,6232.770128584325,6203.744221503829,29.025907080493976,97.38703325913008,0.005820771257433982,0.14551928143584955,9.094955089740597e-05,0.4111929766838797,64
26240,409,410,-264.7816471144133,-4.137213236162708,0.7748049052396878,897,695,192,0,3.6949640287769783,6.0,695,5029.512093340985,5003.18500647169,26.32708686929575,78.5861264584529,0.0040763629636939545,0.10190907409234887,6.369317130771804e-05,0.4110928553175973,64
26304,410,411,-316.1420486810616,-4.939719510641588,0.7940528634361234,908,721,192,0,3.7281553398058254,6.0,721,6004.904510017214,5978.407696000305,26.496814016907553,93.82663296901897,0.004651243418949116,0.1162810854737279,7.267567842107994e-05,0.41093284861933754,64
26368,411,412,-241.1599128130677,-3.768123637704183,0.7472160356347439,898,671,208,0,3.7168405365126675,6.0,671,5390.059363143485,5362.574654811046,27.484708332436018,84.21967754911695,0.0037622785433628902,0.09405696358407226,5.878560224004516e-05,0.41057744451170947,64
26432,412,413,-277.7608133142903,-4.340012708035786,0.7956521739130434,920,732,204,0,3.9385245901639343,6.0,732,5602.616770493284,5573.53045361076,29.086316882524045,87.54088703895756,0.004280309346304264,0.1070077336576066,6.687983353600413e-05,0.4100500483272349,64
26496,413,414,-212.77441493013393,-3.3246002332833426,0.7799097065462754,886,691,195,0,3.898697539797395,6.0,691,4256.708295049732,4229.747240979214,26.9610540705165,66.51106711015207,0.003543423844297393,0.08858559610743483,5.536599756714676e-05,0.40824397357301184,64
26560,414,415,-389.99175115716207,-6.093621111830657,0.7714581178903827,967,746,218,0,3.923592493297587,6.0,746,5966.714485894048,5937.51091447351,29.203571420538157,93.2299138420945,0.005417782545886383,0.1354445636471596,8.465285227947474e-05,0.4068085500715598,64
26624,415,416,-376.7773557245881,-5.887146183196689,0.8014783526927138,947,759,195,0,3.7048748353096177,6.0,759,6061.298487344065,6034.531306621756,26.767180722306303,94.70778886475101,0.005344287780422294,0.13360719451055736,8.350449656909835e-05,0.40585284937181165,64
26688,416,417,-255.14640181789,-3.986662528404531,0.7639751552795031,966,738,210,0,3.731707317073171,6.0,738,5574.937344525454,5548.150032908179,26.787311617275094,87.10839600821022,0.0040604109668415204,0.10151027417103801,6.344392135689876e-05,0.4057308611427277,64
26752,417,418,-330.3281579728965,-5.161377468326508,0.8065194532071503,951,767,207,0,3.649282920469361,6.0,767,6539.619445669491,6512.380916190678,27.23852947881226,102.1815538385858,0.0048846561220081235,0.12211640305020309,7.632275190637693e-05,0.40638944660010645,64
26816,418,419,-212.349296432576,-3.317957756759,0.7840095465393795,838,657,168,0,3.9101978691019785,6.0,657,4936.723620840891,4910.833129418588,25.890491422302294,77.13630657563893,0.0034900750211032815,0.08725187552758204,5.453242220473877e-05,0.4065669791189671,64
26880,419,420,-205.05283441868025,-3.203950537791879,0.7739130434782608,920,712,195,0,3.9241573033707864,6.0,712,4952.627961086477,4923.725964357795,28.901996728682363,77.3848118919762,0.0035165736448661737,0.08791434112165435,5.4946463201033965e-05,0.40587121118679387,64
26944,420,421,-241.81468172841562,-3.778354402006494,0.8114035087719298,912,740,187,0,3.8405405405405406,6.0,740,5602.34563517849,5573.846676547542,28.498958630947435,87.5366505496639,0.0039601038719894914,0.09900259679973729,6.18766229998358e-05,0.4062828703439031,64
27008,421,422,-236.0978865061794,-3.6890294766590532,0.7854030501089324,918,721,200,0,3.7323162274618586,6.0,721,5162.27882863806,5136.171235032736,26.107593605321537,80.66060669746969,0.003842996568225625,0.09607491420564063,6.004682137852539e-05,0.40640866196168823,64
27072,422,423,-244.92400861884525,-3.826937634669457,0.7543323139653415,981,740,233,0,3.9351351351351354,6.0,740,5637.542134503419,5607.649630198863,29.89250430455876,88.08659585161593,0.003935846496702933,0.09839616241757332,6.149760151098333e-05,0.4066161262104434,64
27136,423,424,-191.20608119538647,-2.9875950186779137,0.7947598253275109,916,728,190,0,3.8324175824175826,6.0,728,4812.736168422731,4785.147176414015,27.5889920087181,75.19900263160517,0.0034243361796431728,0.08560840449107932,5.3505252806924575e-05,0.4055931980628234,64
27200,424,425,-203.8813878213876,-3.185646684709181,0.7970085470085471,936,746,197,0,3.8699731903485253,6.0,746,5475.28521642289,5447.789656713724,27.495559709165274,85.55133150660765,0.0035844074565290845,0.08961018641322711,5.6006366508266945e-05,0.4054328568238158,64
27264,425,426,-208.64210818888023,-3.2600329404512536,0.7668393782383419,965,740,217,0,3.710810810810811,6.0,740,4984.952633626071,4957.458119950904,27.494513675165894,77.88988490040735,0.003592725360383423,0.08981813400958558,5.613633375599098e-05,0.40542917878943807,64
27328,426,427,-200.78784401404266,-3.1373100627194166,0.7494714587737844,946,709,239,0,3.767277856135402,6.0,709,4718.391353487704,4689.440968352409,28.950385135295473,73.72486489824537,0.0034143737526949438,0.08535934381737359,5.3349589885858496e-05,0.40558466200153626,64
27392,427,428,-167.7264943204072,-2.6207264737563625,0.7505747126436781,870,653,231,0,3.909647779479326,6.0,653,4635.22115128133,4606.853772819519,28.367378461810908,72.42533048877078,0.002958501935790938,0.07396254839477345,4.6226592746733405e-05,0.40537274458252537,64
27456,428,429,-174.375656202374,-2.7246196281620936,0.7815699658703071,879,687,187,0,3.7903930131004366,6.0,687,4706.443759896862,4679.646967784069,26.796792112791582,73.53818374838846,0.0031602113068659376,0.07900528267164844,4.9378301669780275e-05,0.405130303336011,64
27520,429,430,-234.0363551883076,-3.656818049817306,0.7182377049180327,976,701,253,0,3.9529243937232525,6.0,701,5291.534049129972,5259.865566511391,31.668482618580324,82.68021951765581,0.0037088502114159027,0.09272125528539757,5.795078455337348e-05,0.40447382896916556,64
27584,430,431,-178.63898801267058,-2.791234187697978,0.7846836847946725,901,707,215,0,3.9405940594059405,6.0,707,4984.0925905579215,4955.624912511896,28.46767804602737,77.87644672746752,0.003217407785910836,0.0804351946477709,5.027199665485681e-05,0.40434877031844096,64
27648,431,432,-290.5531344908064,-4.53989272641885,0.7708333333333334,960,740,198,0,3.8635135135135137,6.0,740,5898.126874338163,5867.551811325572,30.575063012590913,92.1582324115338,0.004435260034597897,0.11088150086494744,6.930093804059215e-05,0.4041257841803636,64
27712,432,433,-243.79309938844733,-3.8092671779444895,0.7756202804746494,927,719,234,0,3.877607788595271,6.0,719,5503.621340623585,5475.084898508495,28.536442115090303,85.99408344724351,0.0038728958413704307,0.09682239603426077,6.051399752141298e-05,0.40351452628366835,64
27776,433,434,-157.36637730078903,-2.4588496453248285,0.7783964365256125,898,699,190,0,3.715307582260372,6.0,699,4380.41577005516,4354.227473279725,26.18829677543262,68.44399640711187,0.003015059760588102,0.07537649401470255,4.7110308759189095e-05,0.4025521056076035,64
27840,434,435,-190.27097200973535,-2.9729839376521148,0.7559912854030502,918,694,217,0,3.865994236311239,6.0,694,4974.739865814442,4945.6512105094,29.08865530504301,77.73031040335066,0.003299654836089842,0.08249137090224605,5.155710681390378e-05,0.4010588278850289,64
27904,435,436,-225.64625496740376,-3.525722733865684,0.78,900,702,207,0,3.6695156695156697,6.0,702,5166.371474069932,5139.95812161287,26.413352457062423,80.7245542823427,0.003684121459614236,0.0921030364903559,5.7564397806472435e-05,0.3993400551986136,64
27968,436,437,-210.36285939064152,-3.2869196779787737,0.7680084745762712,944,725,210,0,3.779310344827586,6.0,725,4660.900828123859,4633.4039237653,27.49690435856038,72.8265754394353,0.0035823339561713856,0.08955834890428464,5.59739680651779e-05,0.39726965448919477,64
28032,437,438,-188.93059634362487,-2.9520405678691386,0.7959413754227734,887,706,186,0,3.8512747875354107,6.0,706,4925.829428928399,4898.602559151682,27.226869776716367,76.96608482700623,0.0033514411696619426,0.08378602924154857,5.2366268275967853e-05,0.39479842346834493,64
28096,438,439,-197.4290631421578,-3.0848291115962154,0.7627856365614799,919,701,219,0,3.7289586305278175,6.0,701,4883.357232772454,4856.589727032304,26.76750574015109,76.3024567620696,0.0033850916240520438,0.0846272906013011,5.2892056625813184e-05,0.393338802550934,64
28160,439,440,-233.6560834999788,-3.6508763046871686,0.7680084745762712,944,725,206,0,3.717241379310345,6.0,725,5718.553561475014,5691.2065434004235,27.347018074591702,89.3523993980471,0.003819450047734943,0.09548625119337358,5.9678906995858485e-05,0.3919833928009868,64
28224,440,441,-152.5721932253755,-2.3839405191464924,0.7733473242392445,953,737,220,0,3.683853459972863,6.0,737,4855.792251628306,4829.455430463643,26.336821164662243,75.87175393169228,0.003019823930748725,0.07549559826871813,4.718474891794883e-05,0.39047702055594175,64
28288,441,442,-254.66002874762185,-3.9790629491815914,0.8021621621621622,925,742,207,0,3.77088948787062,6.0,742,5123.917170025384,5097.167932174661,26.7492378507198,80.06120578164662,0.00406991293166878,0.1017478232917195,6.359238955732468e-05,0.3894168640034623,64
28352,442,443,-228.65312724652927,-3.57270511322702,0.7897727272727273,880,695,183,0,3.677697841726619,6.0,695,5001.089754222458,4975.623986329256,25.46576789320114,78.14202740972591,0.003725130636084517,0.09312826590211293,5.820516618882058e-05,0.38855602696305813,64
28416,443,444,-222.61469225435326,-3.4783545664742697,0.7768508863399375,959,745,205,0,3.759731543624161,6.0,745,5074.674111507873,5046.513310863577,28.160800644299673,79.29178299231052,0.003757702275071286,0.09394255687678214,5.8714098047988843e-05,0.3873178879678092,64
28480,444,445,-246.20130548180242,-3.846895398153163,0.8100113765642776,879,712,171,0,3.7008426966292136,6.0,712,5345.006432272241,5319.553814250345,25.452618021895148,83.51572550425377,0.003956453831964671,0.09891134579911678,6.181959112444799e-05,0.3863671932968392,64
28544,445,446,-318.6052431148185,-4.978206923669039,0.775880469583778,937,727,210,0,3.7345254470426408,6.0,727,5850.149839821408,5822.960107925873,27.18973189553374,91.4085912472095,0.004667020375390279,0.11667550938475697,7.29221933654731e-05,0.3879942255045538,64
28608,446,447,-250.57514122231015,-3.915236581598596,0.7579062159214831,917,695,212,0,3.6517985611510793,6.0,695,4924.380936025576,4899.160889901269,25.220046124307803,76.94345212539963,0.003910720057961214,0.09776800144903036,6.110500090564397e-05,0.3905149825561687,64
28672,447,448,-277.37041087072066,-4.33391266985501,0.7891705069124424,868,685,189,0,3.781021897810219,6.0,685,4472.451148514044,4447.057625890576,25.393522623470314,69.88204919553193,0.004182631148617013,0.10456577871542531,6.535361169714083e-05,0.39297943848786554,64
28736,448,449,-323.89429861402647,-5.060848415844164,0.7687366167023555,934,718,208,0,3.7701949860724233,6.0,718,5811.609279175852,5784.815008876277,26.794270299576095,90.80639498712269,0.004702120176595775,0.11755300441489437,7.347062775930899e-05,0.39431215656972274,64
28800,449,450,-279.87268696109163,-4.373010733767057,0.7590618336886994,938,712,218,0,3.771067415730337,6.0,712,5313.841439895159,5286.623481622425,27.217958272733746,83.02877249836186,0.00423543657468675,0.10588591436716875,6.617869647948047e-05,0.39562290701881037,64
28864,450,451,-267.38323597445725,-4.1778630621008945,0.7875647668393783,965,760,222,0,3.942105263157895,6.0,760,5215.556167957963,5185.859087818383,29.697080139582138,81.49306512434318,0.004222508358854547,0.10556270897136366,6.597669310710229e-05,0.3961984814509668,64
28928,451,452,-231.50774874429203,-3.617308574129563,0.7926829268292683,902,715,191,0,3.848951048951049,6.0,715,4651.48963951109,4625.171005543965,26.318633967126495,72.67952561736078,0.0037920966620173207,0.09480241655043302,5.925151034402064e-05,0.39648724222065274,64
28992,452,453,-284.39037017923386,-4.443599534050529,0.7334004024144869,994,729,257,0,3.983539094650206,6.0,729,5536.286259583532,5504.553622592662,31.732636990868933,86.50447280599269,0.004274613987481034,0.10686534968702584,6.679084355439115e-05,0.3981585475216697,64
29056,453,454,-430.41468300370315,-6.725229421932862,0.7764589515331355,1011,785,227,0,3.8522292993630574,6.0,785,6179.887386023917,6149.918601907615,29.968784116299613,96.56074040662371,0.005903549931131515,0.14758874827828788,9.224296767392992e-05,0.400711071335503,64
29120,454,455,-451.66755268590236,-7.0573055107172245,0.7740628166160081,987,764,221,0,3.7657068062827226,6.0,764,6239.231488590668,6209.2958513248295,29.935637265838775,97.48799200922919,0.006073228916115714,0.15183072290289285,9.489420181430803e-05,0.4023765767899369,64
29184,455,456,-404.0332729607943,-6.313019890012411,0.7769709543568465,964,749,218,0,3.871829105473965,6.0,749,6375.529777887259,6345.840521719043,29.689256168212346,99.61765277948842,0.005562807062768455,0.13907017656921136,8.691886035575711e-05,0.4038045448726544,64
29248,456,457,-343.30678296941494,-5.364168483897108,0.7942122186495176,933,741,198,0,3.852901484480432,6.0,741,5169.625486171445,5141.233959942909,28.39152622853633,80.77539822142883,0.004961640020814963,0.12404100052037408,7.75256253252338e-05,0.4046672567576336,64
29312,457,458,-249.0024159784591,-3.8906627496634236,0.778751369112815,913,711,192,0,3.869198312236287,6.0,711,4428.506879241431,4399.66869372592,28.83818551551285,69.19541998814736,0.003954583170877497,0.09886457927193743,6.17903620449609e-05,0.40511662376649393,64
29376,458,459,-283.55244418289004,-4.430506940357657,0.8103070175438597,912,739,193,0,3.7239512855209744,6.0,739,4998.74691379669,4971.541437656749,27.205476139940615,78.10542052807328,0.004366654468863061,0.10916636172157654,6.822897607598533e-05,0.40572238441083774,64
29440,459,460,-252.9849729297265,-3.9528902020269765,0.7443365695792881,927,690,205,0,3.743478260869565,6.0,690,4603.84433641533,4576.843678006334,27.000658408998312,71.93506775648953,0.003929328519499767,0.09823321298749418,6.139575811718386e-05,0.4068309378035479,64
29504,460,461,-288.7055048847559,-4.511023513824311,0.7822318526543879,923,722,213,0,3.811634349030471,6.0,722,4954.764065084834,4928.309034009543,26.455031075290464,77.41818851695054,0.00435374015541314,0.1088435038853285,6.802718992833031e-05,0.4082070205010109,64
29568,461,462,-399.7404022593214,-6.245943785301897,0.779510022271715,898,700,191,0,3.642857142857143,6.0,700,4744.924362955475,4719.120714791145,25.80364816432969,74.1394431711793,0.005434680708963341,0.13586701772408352,8.49168860775522e-05,0.4084472249343448,64
29632,462,463,-275.58902025583416,-4.306078441497409,0.7646443514644351,956,731,228,0,3.744186046511628,6.0,731,4774.124080279885,4746.022955186319,28.101125093568783,74.5956887543732,0.004227356853789352,0.10568392134473381,6.605245084045863e-05,0.4086743593331994,64
29696,463,464,-341.9518139247799,-5.342997092574686,0.7963944856839873,943,751,186,0,3.6351531291611185,6.0,751,5024.691829015033,4999.85307827481,24.838750740223794,78.5108098283599,0.0049872282095966705,0.12468070523991677,7.792544077494798e-05,0.4083162623007226,64
29760,464,465,-297.8170416650372,-4.653391276016206,0.809575625680087,919,744,189,0,3.696236559139785,6.0,744,4729.986393114393,4704.272927510349,25.71346560404329,73.90603739241239,0.004525226962491168,0.1131306740622792,7.07066712889245e-05,0.4081588015431638,64
29824,465,466,-371.7845040326865,-5.809132875510727,0.7522222222222222,900,677,230,0,3.641063515509601,6.0,677,4869.161271390555,4843.7189925764405,25.442278814115085,76.08064486547742,0.005056597256911941,0.12641493142279853,7.900933213924908e-05,0.4066187597223856,64
29888,466,467,-297.08086892172304,-4.6418885769019225,0.7734864300626305,958,741,209,0,3.7624831309041835,6.0,741,4626.912491574372,4598.877887057861,28.034604516510015,72.29550768084957,0.004486225367445782,0.11215563418614455,7.009727136634034e-05,0.40539335163302015,64
29952,467,468,-330.2375274959674,-5.159961367124491,0.7481559536354057,949,710,223,0,3.7901408450704226,6.0,710,5065.1517176206535,5036.584860119335,28.566857501320722,79.14299558782271,0.0047259564737783585,0.11814891184445896,7.384306990278685e-05,0.40462443220534267,64
30016,468,469,-407.82749751623595,-6.372304648691187,0.7805864509605662,989,772,216,0,3.7409326424870466,6.0,772,5853.438475659582,5824.1866717290795,29.251803930501474,91.45997618218097,0.005659938015513391,0.14149845038783476,8.843653149239673e-05,0.40485697442466395,64
30080,469,470,-204.32487352041474,-3.1925761487564803,0.7713004484304933,892,688,214,0,3.739825581395349,6.0,688,4183.754713471149,4157.025191345864,26.72952212528644,65.37116739798671,0.0034271654797780817,0.08567913699445204,5.3549460621532526e-05,0.40495511497593323,64
30144,470,471,-360.54035889089346,-5.63344310767021,0.7762008733624454,916,711,210,0,3.9254571026722926,6.0,711,5625.74284323891,5596.960618250419,28.782224988487258,87.90223192560796,0.005048666542563858,0.12621666356409644,7.888541472756028e-05,0.4044200891413404,64
30208,471,472,-396.9625566926661,-6.202539948322908,0.782249742002064,969,758,209,0,3.825857519788918,6.0,758,5870.4658014137,5841.0677482449955,29.398053168701928,91.72602814708907,0.005526045249909798,0.13815113124774495,8.63444570298406e-05,0.4042976048491438,64
30272,472,473,-324.7285360724961,-5.073883376132752,0.7657082002129926,939,719,219,0,3.858136300417246,6.0,719,4997.115415116261,4967.75994693897,29.355468177291467,78.07992836119158,0.0046959990643921645,0.11739997660980411,7.337498538112757e-05,0.4051207238698253,64
30336,473,474,-312.55907564811776,-4.88373555700184,0.785876993166287,878,690,192,0,3.7376811594202897,6.0,690,4560.190641643061,4534.377436600142,25.813205042920575,71.25297877567283,0.0045413601691073275,0.11353400422768319,7.095875264230199e-05,0.40527319288386443,64
30400,474,475,-342.6934656904185,-5.354585401412789,0.761596548004315,927,706,224,0,3.7606232294617565,6.0,706,4656.8020550315605,4630.269610702783,26.532444328776513,72.76253210986813,0.004839843533258761,0.12099608833146902,7.562255520716814e-05,0.40524763773498473,64
30464,475,476,-277.26543905516326,-4.332272485236926,0.7610419026047565,883,672,204,0,3.681547619047619,6.0,672,4098.830863589108,4073.863823326009,24.967040263099257,64.04423224357981,0.004129472760459159,0.10323681901147896,6.452301188217435e-05,0.4043843141679655,64
30528,476,477,-248.78833860558782,-3.8873177907123098,0.7421171171171171,888,659,243,0,3.842185128983308,6.0,659,4260.572607042372,4233.690787626363,26.88181941600822,66.57144698503706,0.0037679782138423886,0.09419945534605971,5.887465959128732e-05,0.40351057209884905,64
30592,477,478,-298.9552663725059,-4.6711760370704045,0.7563218390804598,870,658,212,0,3.825227963525836,6.0,658,4468.970368651266,4441.981624192266,26.988744458997527,69.82766201017603,0.004303214545301417,0.10758036363253544,6.723772727033465e-05,0.4025392088432799,64
30656,478,479,-249.9179938683656,-3.9049686541932127,0.7526652452025586,938,706,212,0,3.9787535410764874,6.0,706,4803.160946917596,4773.418673564214,29.742273353378845,75.04938979558744,0.003929246868304205,0.09823117170760513,6.139448231725321e-05,0.4019597938999372,64
30720,479,480,-309.5706116358471,-4.837040806810111,0.7711771177117712,909,701,221,0,3.934379457917261,6.0,701,4932.978228717479,4905.245970372415,27.732258345065972,77.07778482371062,0.004500515222759686,0.11251288056899214,7.032055035562009e-05,0.40203879418392613,64
30784,480,481,-363.30861495646207,-5.67669710869472,0.7756613756613756,945,733,208,0,3.6330150068212825,6.0,733,5032.012905193445,5006.338723584377,25.674181609064963,78.62520164364757,0.005129024516766924,0.1282256129191731,8.014100807448318e-05,0.4031496191407986,64
30848,481,482,-246.31820244709826,-3.8487219132359103,0.7744874715261959,878,680,207,0,3.8132352941176473,6.0,680,4090.4751984376794,4063.3522319399312,27.12296649774723,63.91367497558874,0.0038363596239901886,0.09590899059975472,5.99431191248467e-05,0.40479766585689403,64
30912,482,483,-436.6846040024334,-6.823196937538022,0.7851690294438386,917,720,200,0,3.6486111111111112,6.0,720,5112.924519923307,5087.342289976232,25.58222994707663,79.88944562380168,0.005841889214693384,0.1460472303673346,9.127951897958413e-05,0.40630179866520233,64
30976,483,484,-270.0286049871198,-4.219196952923747,0.7618002195389681,911,694,213,0,3.632564841498559,6.0,694,4409.613877306723,4383.721321943321,25.89255536340088,68.90021683291755,0.004099390672974199,0.10248476682435496,6.405297926522185e-05,0.40734501063960205,64
31040,484,485,-312.9340198815089,-4.889594060648577,0.7411003236245954,927,687,228,0,3.7132459970887917,6.0,687,4701.553503928055,4674.19293847534,27.360565452714766,73.46177349887586,0.004492475438975529,0.11231188597438822,7.019492873399264e-05,0.40805096831099125,64
31104,485,486,-275.83607813643516,-4.309938720881799,0.7859569648924122,883,694,210,0,3.690201729106628,6.0,694,4309.684564658956,4285.021537093713,24.663027565242807,67.33882132279619,0.004161161334077915,0.10402903335194787,6.501814584496742e-05,0.40776703630384414,64
31168,486,487,-335.2087618344007,-5.237636903662511,0.7553793884484711,883,667,215,0,3.5472263868065967,6.0,667,4821.261141629594,4797.4481983707765,23.812943258818194,75.3322053379624,0.004684663183418037,0.11711657958545094,7.319786224090683e-05,0.4068489124176147,64
31232,487,488,-383.7511774191603,-5.9961121471743795,0.7518324607329843,955,718,225,0,3.735376044568245,6.0,718,5235.5811972168785,5208.063031003987,27.51816621289279,81.80595620651373,0.00527964520101505,0.13199113002537624,8.249445626586015e-05,0.4056079578615476,64
31296,488,489,-309.2819960275715,-4.832531187930805,0.7651282051282051,975,746,222,0,3.6742627345844503,6.0,746,5213.532374841703,5186.037842294627,27.49453254707586,81.46144335690161,0.004606377166611835,0.11515942916529587,7.197464322830992e-05,0.40435802901517726,64
31360,489,490,-387.0524975919982,-6.047695274874972,0.7847082494969819,994,780,228,0,3.7717948717948717,6.0,780,5621.799276867538,5592.742780988579,29.056495878956547,87.84061370105528,0.005456050959023627,0.13640127397559065,8.525079623474417e-05,0.4025541105705006,64
31424,490,491,-454.1686870411967,-7.096385735018698,0.7800650054171181,923,720,196,0,3.7555555555555555,6.0,720,6258.895694972147,6233.464284168764,25.43141080338536,97.7952452339398,0.006019055300502836,0.1504763825125709,9.404773907035681e-05,0.40112634455715446,64
31488,491,492,-264.3173029636764,-4.129957858807444,0.8090010976948409,911,737,183,0,3.659430122116689,6.0,737,4448.618001871841,4424.395053902845,24.222947968997225,69.50965627924752,0.004180663426840447,0.10451658567101117,6.532286604438198e-05,0.3989277612346276,64
31552,492,493,-345.20937300966654,-5.39389645327604,0.7655755015839493,947,725,210,0,3.7324137931034485,6.0,725,5401.084592391222,5375.074941672487,26.00965071873252,84.39194675611284,0.004931705362399581,0.12329263405998951,7.705789628749345e-05,0.3962742246422917,64
31616,493,494,-342.15746985894697,-5.346210466546046,0.7896405919661733,946,747,204,0,3.5234270414993305,6.0,747,5032.001596287026,5007.994551936085,24.007044350939935,78.62502494198478,0.0049583431940156695,0.12395857985039174,7.747411240649484e-05,0.39428905713704765,64
31680,494,495,-337.4847613846281,-5.273199396634814,0.7704026115342764,919,708,204,0,3.580508474576271,6.0,708,4680.4794290224545,4657.662968926019,22.8164600964389,73.13249107847585,0.004818836365078584,0.12047090912696459,7.529431820435287e-05,0.3928019261485637,64
31744,495,496,-341.0085592089892,-5.328258737640456,0.8150051387461459,973,793,180,0,3.6557377049180326,6.0,793,5381.242979210059,5354.865385139682,26.377594070376148,84.08192155015718,0.005088209390460291,0.12720523476150727,7.950327172594204e-05,0.3917034280041719,64
31808,496,497,-329.17876476367,-5.143418199432344,0.7778947368421053,950,739,213,0,3.722598105548038,6.0,739,4743.1328751327155,4717.706593033609,25.42628209910614,74.11145117394868,0.004799492015504726,0.11998730038761815,7.499206274226134e-05,0.39004329254360126,64
31872,497,498,-346.9592617506605,-5.421238464854071,0.7790339157245632,973,758,209,0,3.6015831134564644,6.0,758,5576.2180629955965,5551.1335373884685,25.0845256071279,87.1284072343062,0.00502611679580601,0.12565291989515026,7.853307493446891e-05,0.3886028075109396,64
31936,498,499,-274.07732554020043,-4.282458211565632,0.8032220943613348,869,698,184,0,3.554441260744986,6.0,698,5083.52426408624,5059.761626681605,23.762637404635843,79.4300666263475,0.004183978867845714,0.10459947169614285,6.537466981008928e-05,0.3875448462462418,64
32000,499,500,-348.42060502281527,-5.4440719534814885,0.744138634046891,981,730,247,0,3.673972602739726,6.0,730,6038.642808590991,6011.486144888952,27.156663702037477,94.35379388423424,0.004927425271491235,0.12318563178728087,7.699101986705055e-05,0.3863212668096772,64
