train_slots,rollout_index,updates,train_return,train_mean_slot_Rsys,train_cr,train_arrived,train_done,train_timeout,train_rejected,train_avg_delay_s,train_p95_delay_s,train_delay_samples,train_total_energy_j,train_energy_comp_j,train_energy_trans_j,train_avg_energy_j_per_slot,train_cum_hl_mean_satellite,train_cum_hl_system,train_avg_hl_per_sat_slot,train_avg_dod,train_n_slots
64,0,57,-84.65212392656939,-1.3226894363526467,0.7215469613259669,905,653,190,0,3.889739663093415,6.0,653,3743.796330599187,3715.728301295823,28.068029303364536,58.4968176656123,0.002181041164341822,0.05452602910854555,3.407876819284097e-05,0.3599799508454731,64
128,1,121,-178.40925007475803,-2.7876445324180943,0.7225186766275347,937,677,264,0,4.267355982274742,6.0,677,5538.662377681737,5503.413180294803,35.2491973869329,86.54159965127714,0.003084543539179143,0.07711358847947858,4.819599279967411e-05,0.35702815984117253,64
192,2,185,-226.6726762465645,-3.54176056635257,0.7119628339140535,861,613,247,0,4.719412724306689,7.0,613,6151.208240442073,6114.648258703815,36.55998173825662,96.11262875690738,0.003440748612087972,0.0860187153021993,5.376169706387456e-05,0.355794356926835,64
256,3,249,-186.01720675923684,-2.9065188556130757,0.7285559174809989,921,671,247,0,4.502235469448584,6.0,671,5350.104212771598,5314.063732935848,36.04047983574649,83.59537832455622,0.003166885098446131,0.07917212746115328,4.9482579663220796e-05,0.354033779576045,64
320,4,313,-249.3841206667139,-3.8966268854174047,0.6868686868686869,891,612,271,0,4.7026143790849675,6.0,612,6613.341512720885,6576.312971462324,37.028541258562164,103.33346113626382,0.0036340925515087196,0.09085231378771799,5.678269611732374e-05,0.3520066854054533,64
384,5,377,-328.4916225673848,-5.132681602615388,0.6598407281001137,879,580,312,0,5.029310344827586,7.0,580,7544.549755903901,7507.897715423682,36.652040480219384,117.88358993599846,0.004300889036026001,0.10752222590065003,6.720139118790627e-05,0.35259223449589683,64
448,6,441,-238.395041236412,-3.7249225193189375,0.6987315010570825,946,661,278,0,4.8245083207261725,7.0,661,6606.821779928766,6566.1660483804535,40.65573154831103,103.23159031138697,0.0036331627678272862,0.09082906919568215,5.676816824730135e-05,0.3524969511149262,64
512,7,505,-219.2277932354971,-3.4254342693046422,0.6796690307328606,846,575,285,0,4.789565217391305,6.2999999999999545,575,5628.007096546192,5591.938879942907,36.06821660328798,87.93761088353425,0.003227072203451883,0.08067680508629707,5.042300317893567e-05,0.35520460045261953,64
576,8,569,-247.93047631497785,-3.873913692421529,0.6854304635761589,906,621,282,0,4.7729468599033815,7.0,621,5922.915915423709,5883.577828024598,39.33808739910921,92.54556117849545,0.0036267267347079345,0.09066816836769837,5.666760522981148e-05,0.35712686733102006,64
640,9,633,-328.2362689505208,-5.128691702351888,0.6677631578947368,912,609,309,0,4.922824302134647,7.0,609,6344.905145347612,6305.722712378612,39.18243296900148,99.13914289605644,0.004368914411531913,0.10922286028829783,6.826428768018615e-05,0.36127465513039436,64
704,10,697,-180.65632328193362,-2.822755051280213,0.6850220264317181,908,622,265,0,4.778135048231511,6.949999999999932,622,4542.918523063524,4506.1550079116505,36.763515151874444,70.98310192286756,0.002977099915129753,0.07442749787824383,4.6517186173902394e-05,0.36413774240169244,64
768,11,761,-566.9716357665502,-8.858931808852347,0.66,900,594,310,0,4.962962962962963,7.0,594,8631.895494544791,8593.66866871843,38.22682582635931,134.87336710226236,0.006723198931267009,0.16807997328167523,0.00010504998330104702,0.3685242525900999,64
832,12,825,-345.98771755090945,-5.40605808673296,0.6817691477885652,927,632,301,0,4.734177215189874,6.449999999999932,632,6276.467527164695,6238.228690961745,38.238836202952015,98.06980511194836,0.004607019057903493,0.11517547644758733,7.198467277974208e-05,0.3738760709381609,64
896,13,889,-510.4949602691132,-7.976483754204894,0.6749482401656315,966,652,317,0,4.871165644171779,7.0,652,7192.824584562313,7150.800808343529,42.02377621878359,112.38788413378614,0.006284671930553832,0.1571167982638458,9.819799891490363e-05,0.3782621070293779,64
960,14,953,-523.2109140877094,-8.17517053262046,0.6587982832618026,932,614,320,0,4.908794788273616,7.0,614,7946.8661319796,7908.027144291031,38.83898768857268,124.16978331218125,0.006315235847582507,0.1578808961895627,9.867556011847668e-05,0.3855465607109543,64
1024,15,1017,-654.9353032111798,-10.233364112674684,0.6751322751322751,945,638,298,0,4.967084639498433,7.0,638,9006.979682755506,8967.825097679372,39.15458507613261,140.73405754305477,0.0077207339967611715,0.19301834991902928,0.0001206364686993933,0.39339134520172314,64
1088,16,1081,-374.28763491293796,-5.848244295514656,0.6938775510204082,980,680,285,0,4.663235294117647,6.0,680,5992.663108529386,5953.40738437639,39.25572415299617,93.63536107077165,0.005023223761528073,0.12558059403820182,7.848787127387614e-05,0.3997679800132693,64
1152,17,1145,-358.536270484954,-5.602129226327406,0.6932314410480349,916,635,302,0,4.6976377952755906,6.0,635,5392.486405913789,5353.460272970009,39.02613294377791,84.25760009240295,0.004736355482130026,0.11840888705325066,7.400555440828166e-05,0.4039829631012854,64
1216,18,1209,-912.7627498672946,-14.261917966676478,0.6430131004366813,916,589,335,0,5.062818336162988,7.0,589,7839.172236579062,7798.492466632012,40.67976994704808,122.48706619654784,0.010134538521620978,0.25336346304052443,0.00015835216440032777,0.4084757294216225,64
1280,19,1273,-469.6288005120426,-7.337950008000665,0.7070484581497798,908,642,259,0,4.769470404984424,7.0,642,6421.438166617067,6382.602517379918,38.83564923714925,100.33497135339167,0.005915847688560242,0.14789619221400604,9.243512013375378e-05,0.41274685448290227,64
1344,20,1337,-160.47834352704677,-2.507474117610106,0.7467811158798283,932,696,242,0,4.278735632183908,6.0,696,4301.725584694392,4269.16569822409,32.55988647029782,67.21446226084987,0.002976109698259411,0.07440274245648527,4.65017140353033e-05,0.4152222822730349,64
1408,21,1401,-313.72171751633346,-4.90190183619271,0.7476923076923077,975,729,244,0,4.1193415637860085,6.0,729,5845.891477991844,5812.548552580412,33.342925411429945,91.34205434362256,0.004582939890569004,0.11457349726422511,7.160843579014069e-05,0.41822777789713533,64
1472,22,1465,-339.64833840730546,-5.307005287614148,0.6985854189336235,919,642,261,0,4.484423676012461,6.0,642,5881.880339707305,5845.707624646656,36.17271506065175,91.90438030792664,0.004616735824109387,0.11541839560273467,7.213649725170917e-05,0.420330975024502,64
1536,23,1529,-630.2330490340587,-9.847391391157167,0.6530612244897959,931,608,313,0,5.172697368421052,7.0,608,7805.124416857087,7767.128532620711,37.99588423637859,121.95506901339199,0.007382764902255553,0.18456912255638883,0.00011535570159774302,0.4248315031522656,64
1600,24,1593,-351.19295009760356,-5.487389845275056,0.6965811965811965,936,652,303,0,4.780674846625767,7.0,652,5694.831767488069,5657.2876074830165,37.54416000505068,88.98174636700108,0.0047044668564762875,0.11761167141190719,7.350729463244199e-05,0.4278848617679636,64
1664,25,1657,-517.1193797201543,-8.07999030812741,0.6966413867822319,923,643,269,0,4.906687402799378,7.0,643,6569.958580487074,6530.124149704866,39.83443078220851,102.65560282011053,0.006391713000146642,0.15979282500366604,9.987051562729128e-05,0.4296197212675913,64
1728,26,1721,-450.99014127842656,-7.046720957475415,0.6848167539267016,955,654,300,0,4.646788990825688,6.0,654,6289.136393084295,6249.356454209367,39.77993887492759,98.26775614194212,0.005711700399964635,0.14279250999911589,8.924531874944743e-05,0.4315686810089663,64
1792,27,1785,-412.81863118661965,-6.450291112290932,0.7311475409836066,915,669,257,0,4.623318385650224,6.0,669,6028.946530775427,5991.344545975202,37.601984800222674,94.20228954336605,0.00541715008905811,0.13542875222645273,8.464297014153297e-05,0.43278302661987444,64
1856,28,1849,-299.7111340862257,-4.682986470097276,0.767515923566879,942,723,230,0,4.091286307053942,6.0,723,4937.9642202365585,4905.6814034753925,32.282816761162664,77.15569094119623,0.0044469775069767795,0.1111744376744195,6.948402354651218e-05,0.43462144861925256,64
1920,29,1913,-339.9749584699662,-5.312108726093222,0.725576289791438,911,661,245,0,4.1346444780635405,6.0,661,4810.779694342503,4779.053894076729,31.725800265774392,75.1684327241016,0.004686721740440032,0.1171680435110008,7.32300271943755e-05,0.4362660505668683,64
1984,30,1977,-478.12313897149164,-7.470674046429557,0.6871508379888268,895,615,267,0,4.547967479674797,6.0,615,5666.960477842107,5632.596268550701,34.36420929140677,88.54625746628292,0.005929002816386384,0.1482250704096596,9.264066900603725e-05,0.4394100231901829,64
2048,31,2041,-604.8321024896384,-9.4505016014006,0.6961206896551724,928,646,293,0,4.557275541795666,7.0,646,6566.191570280952,6528.596152547405,37.59541773354773,102.59674328563987,0.007237295724929219,0.18093239312323045,0.00011308274570201904,0.44298390501652557,64
2112,32,2105,-393.3122118632642,-6.1455033103635035,0.7574786324786325,936,709,226,0,4.077574047954866,6.0,709,5488.858281607881,5457.817228895625,31.041052712255567,85.76341065012313,0.0053535196293057795,0.1338379907326445,8.36487442079028e-05,0.44678173834425394,64
2176,33,2169,-379.1760302907765,-5.924625473293383,0.7209302325581395,903,651,249,0,3.953917050691244,6.0,651,5141.247974661639,5112.740123402127,28.507851259511014,80.33199960408811,0.005042038111147532,0.1260509527786883,7.878184548668018e-05,0.4494581788239488,64
2240,34,2233,-478.08347390999495,-7.470054279843671,0.7275675675675676,925,673,246,0,4.182763744427935,6.0,673,6549.46662173618,6517.893193298735,31.573428437443333,102.33541596462781,0.0060931148504316844,0.1523278712607921,9.520491953799507e-05,0.45267560160789055,64
2304,35,2297,-458.055722644843,-7.157120666325672,0.7957219251336899,935,744,208,0,3.786290322580645,6.0,744,6295.543353583514,6269.13646863412,26.40688494939043,98.3678648997424,0.006104877442331111,0.15262193605827779,9.538871003642361e-05,0.4563623878276406,64
2368,36,2361,-461.2398528748042,-7.206872701168816,0.7583081570996979,993,753,231,0,3.751660026560425,6.0,753,6515.892013902689,6488.603924513941,27.28808938874801,101.81081271722951,0.0061307850031089425,0.15326962507772357,9.579351567357723e-05,0.45972142428243706,64
2432,37,2425,-468.33161835006945,-7.317681536719835,0.787746170678337,914,720,204,0,3.7666666666666666,6.0,720,5907.350469617508,5882.2497903510075,25.100679266501768,92.30235108777356,0.006154337370184494,0.15385843425461235,9.616152140913272e-05,0.4620039439215634,64
2496,38,2489,-468.32711282904677,-7.317611137953856,0.7531572904707233,871,656,214,0,3.9588414634146343,6.0,656,5798.987210828191,5771.563606828055,27.423604000133615,90.60917516919048,0.005989565392710378,0.14973913481775944,9.358695926109965e-05,0.4623859718080289,64
2560,39,2553,-597.9418889692979,-9.34284201514528,0.7649527806925498,953,729,209,0,3.681755829903978,6.0,729,6658.074665107954,6630.777813350267,27.29685175768588,104.03241664231179,0.007465823401423717,0.18664558503559292,0.00011665349064724558,0.46168586435528025,64
2624,40,2617,-368.59138935968735,-5.759240458745115,0.7553191489361702,940,710,228,0,4.336619718309859,6.0,710,5257.884178192112,5222.073207205724,35.81097098639277,82.15444028425175,0.005103077534851581,0.12757693837128953,7.973558648205595e-05,0.46022429255917324,64
2688,41,2681,-295.4287473826464,-4.61607417785385,0.7645089285714286,896,685,225,0,3.9810218978102188,6.0,685,4548.094211501106,4519.87706020484,28.21715129626572,71.06397205470478,0.004318104627527251,0.10795261568818128,6.74703848051133e-05,0.4590290120992006,64
2752,42,2745,-368.2734742090884,-5.754273034517007,0.7554585152838428,916,692,220,0,3.8598265895953756,6.0,692,5177.553321750779,5148.545531490566,29.0077902602128,80.89927065235592,0.00507008058704735,0.12675201467618374,7.922000917261485e-05,0.45688810536184676,64
2816,43,2809,-496.02800593126074,-7.750437592675949,0.7620614035087719,912,695,218,0,3.9079136690647482,6.0,695,6187.522010219515,6158.654913422515,28.867096797001356,96.68003140967993,0.00635631235548285,0.15890780888707126,9.931738055441953e-05,0.4558130413157948,64
2880,44,2873,-549.8383695300677,-8.591224523907307,0.7538304392236976,979,738,253,0,4.162601626016261,6.0,738,6511.2922663083245,6476.897378466216,34.39488784210779,101.73894166106757,0.0069540978219591225,0.17385244554897805,0.00010865777846811129,0.45586035773836003,64
2944,45,2937,-531.811215416217,-8.30955024087839,0.7896995708154506,932,736,191,0,3.7051630434782608,6.0,736,6237.712261326356,6211.069856988972,26.642404337384555,97.46425408322432,0.006840812243128762,0.17102030607821905,0.0001068876912988869,0.4558806570798605,64
3008,46,3001,-445.10302224548536,-6.954734722585709,0.7685589519650655,916,704,212,0,3.7357954545454546,6.0,704,5748.775556535691,5721.683028432529,27.092528103161065,89.82461807087017,0.005875311407529321,0.14688278518823303,9.180174074264565e-05,0.45469702757530206,64
3072,47,3065,-586.828490916115,-9.169195170564297,0.7377398720682303,938,692,229,0,4.031791907514451,6.0,692,6365.107163149876,6332.803164394823,32.30399875505131,99.45479942421682,0.007244423672399843,0.18111059180999609,0.00011319411988124755,0.453563338855656,64
3136,48,3129,-542.1451163729796,-8.471017443327806,0.7605042016806722,952,724,240,0,4.201657458563536,7.0,724,6951.1829333083715,6919.889371515559,31.293561792810372,108.6122333329433,0.00685893724903848,0.17147343122596198,0.00010717089451622625,0.45395487694825876,64
3200,49,3193,-478.4359802573932,-7.475562191521769,0.8216276477146043,897,737,177,0,3.5156037991858886,6.0,737,5896.572553162421,5874.716031627192,21.85652153523197,92.13394614316283,0.006328406560152343,0.15821016400380858,9.888135250238036e-05,0.4536078376457476,64
3264,50,3257,-776.439101714968,-12.131860964296376,0.8294491525423728,944,783,135,0,2.9284802043422733,5.0,783,7666.608086455431,7653.75788900302,12.850197452411345,119.7907513508661,0.009464952640935316,0.2366238160233829,0.0001478898850146143,0.4530265641794553,64
3328,51,3321,-704.1802573352006,-11.00281652086251,0.8268398268398268,924,764,173,0,3.488219895287958,6.0,764,6817.3754206951435,6794.645913332059,22.729507363085975,106.52149094836162,0.008653383200813453,0.21633458002033634,0.0001352091125127102,0.45390152595323546,64
3392,52,3385,-560.3670786191877,-8.755735603424808,0.6984978540772532,932,651,264,0,4.28878648233487,6.0,651,6594.135438887226,6559.400880991428,34.73455789579527,103.0333662326129,0.006837612267257855,0.17094030668144636,0.00010683769167590398,0.4544930206974914,64
3456,53,3449,-725.3782103357613,-11.33403453649627,0.6783144912641316,973,660,302,0,4.775757575757575,7.0,660,8468.992294026119,8431.029348511169,37.96294551494668,132.3280045941581,0.008468077101897497,0.2117019275474374,0.00013231370471714838,0.45614631992361415,64
3520,54,3513,-738.2629548036659,-11.53535866880728,0.6906873614190687,902,623,289,0,4.635634028892456,7.0,623,8490.22766092564,8453.610947540736,36.61671338490161,132.65980720196313,0.008519910726461546,0.21299776816153865,0.00013312360510096165,0.45941816199814955,64
3584,55,3577,-864.9395876734768,-13.514681057398075,0.657922350472193,953,627,323,0,4.725677830940989,7.0,627,8966.078280805352,8929.572031895887,36.506248909469726,140.09497313758362,0.009758378970991874,0.24395947427479683,0.00015247467142174802,0.4608391234414213,64
3648,56,3641,-815.6797514849503,-12.744996116952349,0.7448770491803278,976,727,268,0,4.188445667125172,7.0,727,7641.932964757895,7608.706123528112,33.22684122978274,119.40520257434211,0.009569816310393766,0.23924540775984415,0.0001495283798499026,0.46267855447663697,64
3712,57,3705,-521.5896524450736,-8.149838319454275,0.7757313109425785,923,716,199,0,3.6885474860335195,6.0,716,5662.222146835385,5635.4752909258195,26.746855909564534,88.47222104430288,0.00668221361759512,0.16705534043987802,0.00010440958777492375,0.4614299178452608,64
3776,58,3769,-555.120380636896,-8.6737559474515,0.7580275229357798,872,661,211,0,4.057488653555219,6.0,661,5051.462214587627,5022.823433380244,28.638781207381264,78.92909710293168,0.006869917371787676,0.1717479342946919,0.00010734245893418244,0.4589351832776666,64
3840,59,3833,-587.3155241868486,-9.17680506541951,0.718716577540107,935,672,262,0,4.433035714285714,6.0,672,5828.615806831922,5791.488921454338,37.12688537758316,91.07212198174878,0.007158589320610434,0.17896473301526084,0.00011185295813453803,0.45683932055978305,64
3904,60,3897,-634.0684307928339,-9.907319231138029,0.7025316455696202,948,666,282,0,4.5825825825825826,7.0,666,6129.326386189698,6092.005116883015,37.321269306682666,95.77072478421402,0.007587332493291659,0.18968331233229146,0.00011855207020768217,0.45452568272826166,64
3968,61,3961,-493.34585525720274,-7.708528988393793,0.7211111111111111,900,649,255,0,4.4576271186440675,6.0,649,5009.136774702366,4974.052911049014,35.083863653352786,78.26776210472447,0.006171253388434562,0.15428133471086405,9.642583419429003e-05,0.45054715294825115,64
4032,62,4025,-674.6158930885716,-10.540873329508932,0.6991341991341992,924,646,272,0,4.561919504643963,7.0,646,6139.865489310072,6101.993888207732,37.87160110233711,95.93539827046988,0.00795962836817947,0.19899070920448675,0.0001243691932528042,0.44721463938850664,64
4096,63,4089,-485.5642527616903,-7.586941449401411,0.7203947368421053,912,657,255,0,4.3942161339421615,6.0,657,5173.368819282432,5138.093037635279,35.27578164715536,80.833887801288,0.006113393310989506,0.15283483277473764,9.552177048421103e-05,0.44431834565136163,64
4160,64,4153,-387.7332267123351,-6.058331667380236,0.7177777777777777,900,646,257,0,4.390092879256966,6.0,646,4776.0950628496275,4741.061213210238,35.033849639389445,74.62648535702543,0.005107358738752405,0.1276839684688101,7.980248029300633e-05,0.43999923509550376,64
4224,65,4217,-250.83747754448916,-3.919335586632643,0.7280898876404495,890,648,248,0,4.197530864197531,6.0,648,4559.727872454813,4526.1551404405545,33.57273201425952,71.24574800710646,0.003756589591422352,0.0939147397855588,5.869671236597425e-05,0.43570235966061427,64
4288,66,4281,-549.4049236655776,-8.58445193227465,0.6377277599142551,933,595,322,0,4.959663865546219,7.0,595,7395.301808372548,7357.34781045561,37.953997916937986,115.55159075582107,0.0065292478823505105,0.16323119705876277,0.00010201949816172673,0.43234089724697866,64
4352,67,4345,-1030.7453855767499,-16.105396649636717,0.6409714889123548,947,607,330,0,5.182866556836903,8.0,607,10160.657127383494,10120.152403141845,40.504724241649214,158.7602676153671,0.011365433284419975,0.28413583211049936,0.0001775848950690621,0.43182337476039345,64
4416,68,4409,-921.341504152223,-14.395961002378485,0.646733111849391,903,584,333,0,5.261986301369863,8.0,584,8980.857390247862,8942.256759042653,38.600631205209005,140.32589672262284,0.010217487946510992,0.2554371986627748,0.00015964824916423425,0.4327504452448751,64
4480,69,4473,-821.3037813673911,-12.832871583865487,0.6413586413586414,1001,642,355,0,4.91588785046729,7.0,642,8241.554572761463,8199.759714176089,41.794858585374115,128.77429019939785,0.00932152019920565,0.23303800498014124,0.00014564875311258828,0.43238859164030974,64
4544,70,4537,-385.20712833527494,-6.018861380238671,0.6747474747474748,990,668,321,0,4.505988023952096,6.0,668,6508.152832856246,6470.761896228322,37.390936627924454,101.68988801337885,0.005058795194607385,0.12646987986518463,7.90436749157404e-05,0.43204594533188045,64
4608,71,4601,-721.8909417081131,-11.279545964189268,0.6746611053180396,959,647,319,0,4.894899536321484,7.0,647,6725.152456330054,6684.97951615028,40.172940179775274,105.08050713015709,0.00838187209542325,0.20954680238558124,0.00013096675149098827,0.4305788400879348,64
4672,72,4665,-562.7166932157984,-8.79244833149685,0.7106382978723405,940,668,260,0,4.589820359281437,6.0,668,6544.3171817118855,6504.924126024788,39.39305568709743,102.25495596424821,0.006911089331196247,0.17277723327990618,0.00010798577079994136,0.42914517181966755,64
4736,73,4729,-615.4639763034013,-9.616624629740645,0.6677814938684504,897,599,309,0,4.565943238731219,7.0,599,6341.886011697794,6305.631103537732,36.254908160063394,99.09196893277803,0.007206827643879243,0.18017069109698108,0.00011260668193561317,0.4266521605883265,64
4800,74,4793,-747.5683863769967,-11.680756037140574,0.672538860103627,965,649,309,0,4.633281972265023,6.0,649,7450.19785216228,7411.05108305826,39.14676910402574,116.40934144003562,0.008651507119807719,0.21628767799519297,0.0001351797987469956,0.42407798632190974,64
4864,75,4857,-554.3387719907633,-8.661543312355677,0.7261280167890871,953,692,270,0,4.358381502890174,7.0,692,6788.0383699930535,6750.730258448358,37.30811154469675,106.06309953114146,0.006870360896892457,0.17175902242231142,0.00010734938901394464,0.42248362867094347,64
4928,76,4921,-656.2076822137478,-10.25324503458981,0.7133956386292835,963,687,285,0,4.443959243085881,6.0,687,7439.932385304044,7400.058222022241,39.874163281800634,116.24894352037569,0.007858489857571175,0.19646224643927937,0.00012278890402454961,0.4219174189814649,64
4992,77,4985,-590.1838629532199,-9.22162285864406,0.7169197396963124,922,661,255,0,4.3419062027231465,6.0,661,6927.5408201035325,6891.736770381592,35.8040497219357,108.2428253141177,0.007172277894542722,0.17930694736356806,0.00011206684210223004,0.4228925167956209,64
5056,78,5049,-502.4835519940779,-7.851305499907467,0.6638655462184874,952,632,299,0,4.522151898734177,6.0,632,6420.140637624606,6380.66851650754,39.47212111706943,100.31469746288447,0.00617687564284846,0.15442189107121151,9.651368191950719e-05,0.42351887967681257,64
5120,79,5113,-640.5735892679652,-10.008962332311956,0.6727078891257996,938,631,317,0,4.702060221870047,7.0,631,7859.218767037925,7819.640497433704,39.57826960422658,122.80029323496758,0.007533511192920658,0.18833777982301647,0.00011771111238938529,0.42588889786588546,64
5184,80,5177,-489.1371525809918,-7.642768009077997,0.7169197396963124,922,661,259,0,4.599092284417549,7.0,661,6346.205839931952,6308.554626980263,37.6512129516894,99.15946624893675,0.006155443225703678,0.15388608064259196,9.617880040161997e-05,0.4264269349201977,64
5248,81,5241,-560.6165738368398,-8.759633966200623,0.6819637139807898,937,639,306,0,4.755868544600939,7.0,639,6404.986932924559,6366.683981439054,38.30295148550321,100.07792082694624,0.006764566198972022,0.16911415497430055,0.00010569634685893784,0.42668861566110217,64
5312,82,5305,-397.3482455403152,-6.208566336567425,0.7065326633165829,995,703,288,0,4.661450924608819,7.0,703,6146.526672025987,6106.42213546903,40.10453655695449,96.03947925040605,0.005308168262884279,0.13270420657210696,8.294012910756686e-05,0.42681428277280714,64
5376,83,5369,-528.0146472288577,-8.250228862950902,0.6814159292035398,904,616,293,0,4.7353896103896105,7.0,616,5709.1798082315445,5671.40355789345,37.77625033809453,89.20593450361788,0.006401361516086039,0.16003403790215098,0.00010002127368884436,0.4269198141828696,64
5440,84,5433,-421.0302127667484,-6.578597074480443,0.6641711229946524,935,621,312,0,4.8341384863123995,7.0,621,5542.844011166953,5503.301756706676,39.54225446027283,86.60693767448365,0.005329390196073606,0.13323475490184014,8.327172181365009e-05,0.4257394910884698,64
5504,85,5497,-448.6881522439574,-7.010752378811834,0.6852459016393443,915,627,282,0,4.850079744816587,7.0,627,6218.078162105808,6178.874159372226,39.20400273358322,97.15747128290324,0.0056492715860818115,0.14123178965204528,8.82698685325283e-05,0.4246143507409965,64
5568,86,5561,-333.15697219464926,-5.205577690541395,0.6843853820598007,903,618,295,0,4.726537216828479,7.0,618,5477.966116176116,5438.921933947141,39.04418222897887,85.59322056525181,0.004452392958164409,0.11130982395411024,6.95686399713189e-05,0.42321646504853294,64
5632,87,5625,-348.4198528765612,-5.444060201196269,0.673773987206823,938,632,308,0,4.792721518987341,7.0,632,6257.8910630946275,6217.801125624337,40.08993747029083,97.77954786085355,0.004637471587975524,0.1159367896993881,7.246049356211756e-05,0.42189287429091804,64
5696,88,5689,-348.95494725582034,-5.452421050872193,0.6379126730564431,939,599,330,0,4.896494156928214,7.0,599,6839.093677866236,6799.244164733802,39.84951313243459,106.86083871665994,0.004536804253995996,0.11342010634989991,7.088756646868744e-05,0.4208856494038661,64
5760,89,5753,-690.1051897921284,-10.782893590502006,0.6637265711135611,907,602,329,0,5.0215946843853825,7.0,602,6801.170993617789,6762.9777929087495,38.19320070904247,106.26829677527795,0.007951154534152566,0.19877886335381414,0.00012423678959613385,0.4202318260454575,64
5824,90,5817,-329.95579579764205,-5.155559309338157,0.6527012127894156,907,592,284,0,4.66554054054054,6.0,592,5328.131337203524,5290.612506017622,37.51883118590279,83.25205214380506,0.004370645047488084,0.1092661261872021,6.829132886700131e-05,0.41920998239121754,64
5888,91,5881,-305.6354575984815,-4.775554024976273,0.665929203539823,904,602,290,0,4.764119601328904,7.0,602,5756.239787772742,5718.163461880868,38.076325891874404,89.94124668394909,0.004153637654641335,0.10384094136603338,6.490058835377086e-05,0.4181947188240402,64
5952,92,5945,-356.1281180219601,-5.564501844093127,0.7067254685777288,907,641,284,0,4.868954758190328,7.0,641,6117.458782840916,6078.972449154602,38.48633368631234,95.58529348188931,0.004758138756644185,0.11895346891610463,7.434591807256539e-05,0.41705699837253524,64
6016,93,6009,-332.61949753902115,-5.1971796490472055,0.7126567844925884,877,625,269,0,4.7072,7.0,625,5664.688327759751,5628.1911999096565,36.49712785009632,88.5107551212461,0.004495006027863278,0.11237515069658195,7.023446918536372e-05,0.41704257531031697,64
6080,94,6073,-397.9027283354985,-6.217230130242164,0.6865671641791045,938,644,291,0,4.787267080745342,7.0,644,7190.649174096082,7152.074289844211,38.57488425187035,112.35389334525128,0.005176681878287739,0.12941704695719347,8.088565434824593e-05,0.41723462804412476,64
6144,95,6137,-373.0014095279791,-5.828147023874673,0.6594827586206896,928,612,307,0,4.766339869281046,7.0,612,6331.446738264497,6292.230884123048,39.21585414144362,98.92885528538277,0.004824803160339794,0.12062007900849486,7.538754938030929e-05,0.41800001663865843,64
6208,96,6201,-360.71976350660515,-5.636246304790705,0.6928799149840595,941,652,281,0,4.846625766871166,7.0,652,7043.771125582114,7005.53632412851,38.2348014536045,110.05892383722053,0.0048284711124056325,0.12071177781014081,7.544486113133801e-05,0.418097233730672,64
6272,97,6265,-385.92121513678603,-6.030018986512282,0.6775280898876405,890,603,295,0,4.807628524046435,7.0,603,6410.188512624266,6373.702031507959,36.48648111630482,100.15919550975416,0.004955041072498723,0.12387602681246807,7.742251675779254e-05,0.4181491139854984,64
6336,98,6329,-244.52328400167127,-3.8206763125261136,0.6956031567080045,887,617,280,0,4.66612641815235,7.0,617,5209.330169868807,5175.396484453707,33.93368541509887,81.39578390420012,0.0035854112826077707,0.08963528206519426,5.602205129074642e-05,0.41718780137538086,64
6400,99,6393,-405.7350799598795,-6.339610624373117,0.6553147574819401,969,635,336,0,4.72755905511811,7.0,635,6728.708499129674,6690.1142631792945,38.59423595037742,105.13607029890116,0.005182215735165133,0.12955539337912833,8.09721208619552e-05,0.4150683351748876,64
6464,100,6457,-426.44720103352444,-6.663237516148819,0.6807851239669421,968,659,301,0,4.742033383915023,7.0,659,6930.687538822029,6892.086103215663,38.60143560636489,108.2919927940942,0.005479009798596343,0.13697524496490857,8.560952810306785e-05,0.41476100448691067,64
6528,101,6521,-471.30729706482015,-7.364176516637815,0.7037037037037037,945,665,285,0,4.91578947368421,7.0,665,7717.668826159653,7677.366203878025,40.302622281624885,120.58857540874457,0.005962092222376661,0.1490523055594165,9.315769097463533e-05,0.4151270074895067,64
6592,102,6585,-380.1018646257098,-5.939091634776716,0.687292817679558,905,622,273,0,4.884244372990354,7.0,622,5973.536598505351,5934.322191874388,39.214406630962905,93.33650935164611,0.004959331435784494,0.12398328589461236,7.748955368413273e-05,0.41514696671111134,64
6656,103,6649,-379.8093441328606,-5.934521002075947,0.7124463519313304,932,664,270,0,4.759036144578313,7.0,664,6549.542619482471,6512.565170327732,36.97744915474211,102.33660342941361,0.0050600748648120895,0.12650187162030224,7.90636697626889e-05,0.4154677485597963,64
6720,104,6713,-490.9305638586419,-7.67079006029128,0.6640079760717846,1003,666,328,0,4.753753753753754,7.0,666,6683.385270224328,6643.32548174517,40.05978847915857,104.42789484725513,0.006113557196899564,0.1528389299224891,9.552433120155569e-05,0.4156698124723097,64
6784,105,6777,-463.6475630929724,-7.244493173327694,0.7242841993637328,943,683,272,0,4.538799414348462,7.0,683,7622.116274326766,7586.106484071682,36.0097902550861,119.09556678635572,0.005946441120129341,0.14866102800323353,9.291314250202095e-05,0.41548739033272486,64
6848,106,6841,-255.32386980705027,-3.9894354657351605,0.7367816091954023,870,641,234,0,4.271450858034322,7.0,641,5903.161702531366,5873.746077189889,29.415625341477927,92.2369016020526,0.003806010730774421,0.09515026826936052,5.9468917668350326e-05,0.4168279653155998,64
6912,107,6905,-303.4912738990529,-4.742051154672701,0.7357456140350878,912,671,240,0,4.2324888226527575,7.0,671,5792.354988598963,5761.375410447359,30.979578151601846,90.5055466968588,0.00435364721137909,0.10884118028447726,6.802573767779828e-05,0.41742801888065906,64
6976,108,6969,-384.5563894784098,-6.008693585600153,0.6815352697095436,964,657,302,0,4.403348554033485,7.0,657,7029.8334204414905,6994.925724659833,34.90769578165594,109.84114719439829,0.005054823518033775,0.12637058795084435,7.898161746927773e-05,0.41868585802672303,64
7040,109,7033,-411.031039134122,-6.422359986470656,0.7268041237113402,970,705,269,0,4.392907801418439,7.0,705,7149.216945412675,7113.990181342938,35.226764069737904,111.70651477207305,0.005471823535484418,0.13679558838711045,8.549724274194403e-05,0.42092184680064026,64
7104,110,7097,-496.5458108733634,-7.758528294896303,0.7139896373056995,965,689,276,0,4.609579100145138,7.0,689,7132.830615471317,7094.777055653647,38.05355981766983,111.45047836673933,0.0062776020355857585,0.15694005088964397,9.808753180602748e-05,0.422243683661711,64
7168,111,7161,-483.9913894984219,-7.562365460912842,0.7072927072927073,1001,708,297,0,4.6158192090395485,7.0,708,8217.217928481316,8177.58894365305,39.628984828268045,128.39403013252056,0.0061794599237528815,0.15448649809382203,9.655406130863877e-05,0.42363431357473935,64
7232,112,7225,-303.69896034923744,-4.745296255456835,0.6881243063263041,901,620,281,0,4.337096774193548,7.0,620,6478.086957565002,6444.251409482296,33.835548082702275,101.22010871195316,0.004182020248645842,0.10455050621614603,6.534406638509127e-05,0.42565876450518425,64
7296,113,7289,-413.7550840942838,-6.464923188973184,0.7063829787234043,940,664,265,0,4.171686746987952,7.0,664,7198.152751755609,7166.291904983245,31.86084677236285,112.47113674618139,0.005405971040349888,0.1351492760087472,8.4468297505467e-05,0.4299940145325462,64
7360,114,7353,-488.0779594214577,-7.626218115960277,0.7565582371458552,953,721,239,0,4.30374479889043,7.0,721,7315.6308031239605,7282.7900609138715,32.84074221009053,114.30673129881188,0.006316623024446596,0.1579155756111649,9.869723475697807e-05,0.43338768930663596,64
7424,115,7417,-339.60061967905705,-5.306259682485266,0.7117021276595744,940,669,263,0,4.36322869955157,7.0,669,5932.473747384343,5897.729235987066,34.74451139727829,92.69490230288037,0.004677877105376541,0.11694692763441353,7.309182977150846e-05,0.43579415999559373,64
7488,116,7481,-278.41036594243957,-4.350161967850618,0.7340182648401826,876,643,244,0,4.3530326594090205,6.0,643,5758.295131471266,5726.880756660524,31.41437481074198,89.97336142923854,0.004030314747064079,0.10075786867660198,6.297366792287624e-05,0.4377665828749853,64
7552,117,7545,-411.50205850453835,-6.429719664133412,0.7231096911608094,939,679,258,0,4.403534609720177,7.0,679,7088.856451710135,7055.412635403662,33.44381630647086,110.76338205797086,0.005430638247500597,0.1357659561875149,8.485372261719683e-05,0.4403788789351484,64
7616,118,7609,-455.9118240356478,-7.123622250556997,0.6723768736616702,934,628,298,0,4.753184713375796,7.0,628,6362.583422620006,6324.660309527733,37.9231130922728,99.41536597843759,0.0057007714297866476,0.14251928574466619,8.907455359041637e-05,0.4436902865637167,64
7680,119,7673,-471.33174213450883,-7.3645584708517005,0.7016949152542373,885,621,277,0,4.689210950080516,7.0,621,6407.8157784395835,6372.587712592347,35.22806584723705,100.12212153811849,0.005864807740794838,0.14662019351987096,9.163762094991935e-05,0.4461030484432119,64
7744,120,7737,-491.84245822679463,-7.685038409793666,0.6976744186046512,946,660,282,0,4.359090909090909,7.0,660,7203.399317025007,7170.17932024409,33.21999678091441,112.55311432851573,0.006157354177296431,0.15393385443241078,9.620865902025674e-05,0.44811158721832794,64
7808,121,7801,-531.1330956408729,-8.298954619388638,0.7088331515812432,917,650,252,0,4.550769230769231,7.0,650,7125.913163885423,7088.86419133966,37.04897254576159,111.34239318570974,0.0065647415792220555,0.16411853948055138,0.00010257408717534462,0.450639617272809,64
7872,122,7865,-574.8096363973807,-8.981400568709073,0.6605603448275862,928,613,315,0,4.725938009787928,7.0,613,7055.911997325433,7017.894730509402,38.01726681603211,110.24862495820989,0.006829995606297052,0.17074989015742628,0.00010671868134839143,0.4522046869252546,64
7936,123,7929,-489.68433585634796,-7.651317747755437,0.7034764826175869,978,688,294,0,4.670058139534884,7.0,688,7372.741577550371,7333.177580802162,39.56399674820979,115.19908714922455,0.006185942785740044,0.1546485696435011,9.665535602718819e-05,0.45368047522121807,64
8000,124,7993,-393.19345747881914,-6.143647773106549,0.7062857142857143,875,618,262,0,4.6877022653721685,7.0,618,6563.348046464029,6530.693910328238,32.65413613579119,102.55231322600045,0.005097576743343994,0.12743941858359986,7.964963661474991e-05,0.4548790921821673,64
8064,125,8057,-455.564959246364,-7.118202488224438,0.6750524109014675,954,644,307,0,4.663043478260869,7.0,644,6795.241596058503,6758.1577328719295,37.08386318657736,106.17564993841411,0.005721368113017612,0.1430342028254403,8.939637676590019e-05,0.4556908740697677,64
8128,126,8121,-599.5690632349243,-9.368266613045693,0.6901688182720953,1007,695,316,0,5.044604316546763,7.0,695,8263.565148211335,8221.856672275675,41.70847593565701,129.11820544080211,0.007275748321647339,0.1818937080411835,0.00011368356752573968,0.4573432093654967,64
8192,127,8185,-435.4497118529622,-6.803901747702534,0.6288981288981289,962,605,360,0,4.986776859504133,8.0,605,6994.28534938317,6957.328292623342,36.95705675982607,109.28570858411203,0.005382774958214099,0.13456937395535248,8.41058587220953e-05,0.4590265052074829,64
8256,128,8249,-497.2165049061033,-7.769007889157864,0.6594871794871795,975,643,311,0,4.919129082426127,7.0,643,7118.730161345085,7081.003217368239,37.726943976849306,111.23015877101696,0.006137740839460715,0.1534435209865179,9.590220061657368e-05,0.4599095737519169,64
8320,129,8313,-492.78508418898855,-7.699766940452946,0.6845493562231759,932,638,309,0,4.890282131661442,7.0,638,6995.0064643893875,6958.506681999655,36.499782389728836,109.29697600608418,0.006078400369801793,0.15196000924504482,9.497500577815301e-05,0.4601928989251811,64
8384,130,8377,-582.1855946728549,-9.096649916763358,0.7185104052573932,913,656,275,0,4.913109756097561,7.0,656,7269.48116775271,7232.338716554227,37.14245119848234,113.58564324613609,0.007057146453841312,0.1764286613460328,0.0001102679133412705,0.45960585439925006,64
8448,131,8441,-550.8659349511602,-8.607280233611878,0.6573208722741433,963,633,300,0,4.868878357030016,7.0,633,8045.975824534172,8007.496185352741,38.479639181430926,125.71837225834643,0.00666305372766641,0.16657634319166026,0.00010411021449478766,0.4586694555956327,64
8512,132,8505,-382.48244102243257,-5.976288140975509,0.6673866090712743,926,618,312,0,4.794498381877022,7.0,618,7794.653915164303,7759.028493466976,35.62542169732944,121.79146742444223,0.004931396071896583,0.12328490179741457,7.70530636233841e-05,0.4585455944477877,64
8576,133,8569,-482.59253635331174,-7.540508380520496,0.6751322751322751,945,638,316,0,4.7884012539184955,7.0,638,6895.892999808583,6859.464888769788,36.42811103879462,107.74832812200911,0.005970133706539301,0.14925334266348253,9.328333916467658e-05,0.45733860971083695,64
8640,134,8633,-324.9342113161588,-5.077097051814981,0.7016949152542373,885,621,264,0,4.542673107890499,7.0,621,6070.744871067034,6039.255490733008,31.489380334026066,94.85538861042241,0.004419013939552469,0.11047534848881173,6.904709280550733e-05,0.4566857827121126,64
8704,135,8697,-385.65498777764384,-6.025859184025685,0.72840790842872,961,700,249,0,4.1414285714285715,7.0,700,7381.239099392448,7351.817535559554,29.421563832890605,115.331860928007,0.00522881548030084,0.130720387007521,8.170024187970063e-05,0.4565051453845388,64
8768,136,8761,-463.9847203600752,-7.249761255626175,0.745475113122172,884,659,256,0,3.8528072837632776,7.0,659,6743.956426836183,6719.025519980531,24.930906855648754,105.37431916931536,0.005913612684732662,0.14784031711831655,9.240019819894784e-05,0.4566752578747264,64
8832,137,8825,-533.5545269938015,-8.336789484278148,0.6645502645502646,945,628,284,0,4.660828025477707,7.0,628,8236.658027124628,8200.068136476879,36.58989064774558,128.6977816738223,0.0064976087564186285,0.1624402189104657,0.00010152513681904107,0.45736959599709476,64
8896,138,8889,-596.3847579704068,-9.318511843287606,0.67170626349892,926,622,317,0,4.665594855305466,7.0,622,8198.426667758136,8163.431239661208,34.99542809692577,128.10041668372088,0.007064000259627426,0.17660000649068566,0.00011037500405667854,0.4592338848515805,64
8960,139,8953,-487.7893581774881,-7.621708721523252,0.5815217391304348,920,535,382,0,4.912149532710281,8.0,535,7107.37836025827,7071.657519440208,35.72084081806301,111.05278687903547,0.005725315225407405,0.14313288063518514,8.945805039699071e-05,0.4606255452455581,64
9024,140,9017,-621.4900464089594,-9.71078197513999,0.6391534391534391,945,604,333,0,5.043046357615894,8.0,604,7960.3700816128985,7923.459781576628,36.91030003627398,124.38078252520154,0.0072594725073784755,0.18148681268446187,0.00011342925792778868,0.4623323440617466,64
9088,141,9081,-562.0081715566394,-8.78137768057249,0.563457330415755,914,515,419,0,4.7223300970873785,8.0,515,6906.027300609282,6872.179477638336,33.84782297094765,107.90667657202003,0.006383227548165332,0.1595806887041333,9.973793044008331e-05,0.46344087592124,64
9152,142,9145,-584.672993208138,-9.135515518877156,0.6315240083507306,958,605,336,0,4.730578512396694,7.0,605,7555.895679119098,7520.5595864623065,35.33609265678884,118.0608699862359,0.006891496267804278,0.17228740669510695,0.00010767962918444185,0.4641067820921514,64
9216,143,9209,-719.7369792636468,-11.245890300994482,0.6936619718309859,852,591,280,0,4.884940778341794,7.0,591,7357.077320686775,7322.484047170163,34.59327351661192,114.95433313573086,0.00826994359419768,0.20674858985494202,0.00012921786865933876,0.46507998766953085,64
9280,144,9273,-576.5590559936893,-9.008735249901395,0.6600660066006601,909,600,301,0,4.866666666666666,7.0,600,6524.241066947408,6485.223843441556,39.017223505853686,101.94126667105326,0.006839069528048786,0.17097673820121964,0.00010686046137576228,0.46456686495416366,64
9344,145,9337,-525.7836039678616,-8.215368811997838,0.695906432748538,855,595,261,0,4.7478991596638656,7.0,595,5681.368668054897,5647.991448129678,33.37721992521951,88.77138543835777,0.006366525772924626,0.15916314432311565,9.947696520194728e-05,0.4644396639990386,64
9408,146,9401,-568.2139964296306,-8.878343694212978,0.6800445930880713,897,610,293,0,4.781967213114754,7.0,610,7221.612402868611,7185.744039059746,35.86836380886536,112.83769379482204,0.0067856783615838166,0.16964195903959542,0.00010602622439974713,0.46502068016594755,64
9472,147,9465,-495.27898022045696,-7.73873406594464,0.6581740976645435,942,620,301,0,4.674193548387096,7.0,620,7256.760721866397,7218.771169242847,37.989552623548406,113.38688627916245,0.006074758409915903,0.15186896024789756,9.491810015493598e-05,0.4651952120607665,64
9536,148,9529,-618.6800519551726,-9.666875811799573,0.7054871220604704,893,630,294,0,4.933333333333334,7.0,630,8561.522519661092,8523.72579553203,37.79672412906049,133.77378936970456,0.007340324411309755,0.18350811028274389,0.00011469256892671492,0.4654353101297839,64
9600,149,9593,-520.4391397761515,-8.131861559002367,0.6843243243243243,925,633,268,0,4.60347551342812,7.0,633,6727.683815569664,6691.290184508985,36.39363106067979,105.120059618276,0.006393649092888602,0.15984122732221503,9.99007670763844e-05,0.4645453005699186,64
9664,150,9657,-465.63402015805946,-7.275531564969679,0.7378238341968912,965,712,253,0,4.334269662921348,7.0,712,7866.700819388564,7833.461987257302,33.23883213126567,122.91720030294631,0.006059427393733805,0.15148568484334513,9.46785530270907e-05,0.4636308230170105,64
9728,151,9721,-422.331548440492,-6.598930444382687,0.7621009268795057,971,740,250,0,4.128378378378378,7.0,740,8091.650201687524,8061.242924783613,30.40727690391381,126.43203440136756,0.005691387001970197,0.1422846750492549,8.892792190578432e-05,0.4644528835194124,64
9792,152,9785,-429.6784590843107,-6.713725923192355,0.8103813559322034,944,765,177,0,3.671895424836601,6.0,765,7807.452069627907,7784.606114387475,22.84595524043208,121.99143858793605,0.005913339791471395,0.14783349478678487,9.239593424174054e-05,0.46468552812995656,64
9856,153,9849,-530.3541307469472,-8.28678329292105,0.8262195121951219,984,813,167,0,3.2964329643296435,6.0,813,9136.307105693468,9119.041984577987,17.265121115484554,142.75479852646043,0.0070429087142857396,0.17607271785714348,0.00011004544866071468,0.46560065012680285,64
9920,154,9913,-498.622090964628,-7.7909701713223125,0.845350052246604,957,809,148,0,3.03955500618047,5.0,809,8744.697748474038,8732.070101474943,12.627646999101426,136.63590231990685,0.006739486218438568,0.16848715546096418,0.00010530447216310262,0.4676688237155865,64
9984,155,9977,-421.77452652775935,-6.59022697699624,0.8457556935817805,966,817,161,0,3.3843329253365972,6.0,817,9194.084005610319,9177.288677138793,16.795328471522836,143.65756258766123,0.005975040360216317,0.14937600900540793,9.336000562837995e-05,0.46880266489110534,64
10048,156,10041,-657.2051736422229,-10.268830838159733,0.8903654485049833,903,804,108,0,2.7786069651741294,5.0,804,9326.878439572387,9319.674705628082,7.203733944303701,145.73247561831855,0.008358648492386479,0.20896621230966198,0.00013060388269353873,0.4695481214108972,64
10112,157,10105,-585.199643078196,-9.143744423096813,0.8029818956336529,939,754,178,0,3.4615384615384617,6.0,754,8519.494386509605,8499.088834100463,20.405552409139805,133.11709978921257,0.007438571750542459,0.18596429376356147,0.00011622768360222592,0.4707149972692704,64
10176,158,10169,-387.7413101717997,-6.05845797143437,0.7643923240938166,938,717,217,0,3.5202231520223153,6.0,717,7346.123868416292,7323.492824398828,22.63104401746522,114.78318544400456,0.005333047192660993,0.1333261798165248,8.332886238532801e-05,0.47075416072988074,64
10240,159,10233,-388.43899976671696,-6.0693593713549525,0.7902388369678089,963,761,189,0,3.6202365308804203,6.0,761,7504.305369617438,7480.996152682095,23.309216935343674,117.25477140027247,0.005474808121219888,0.13687020303049718,8.554387689406075e-05,0.47080187739449697,64
10304,160,10297,-484.4345931484522,-7.569290517944566,0.7098976109215017,879,624,242,0,4.482371794871795,6.0,624,6555.70226557167,6523.504925524861,32.197340046809245,102.43284789955734,0.0060446097675374835,0.15111524418843708,9.444702761777318e-05,0.47101784004895864,64
10368,161,10361,-691.0879414653457,-10.798249085396026,0.6652221018418202,923,614,317,0,5.037459283387622,7.0,614,6458.607894321774,6420.487341312365,38.120553009407494,100.91574834877773,0.008001609389368572,0.20004023473421428,0.00012502514670888394,0.469838629391151,64
10432,162,10425,-900.9763707640252,-14.077755793187894,0.6549835706462213,913,598,307,0,5.016722408026756,7.0,598,8740.175775797814,8700.647976047889,39.52779974992468,136.56524649684084,0.01007580899617194,0.2518952249042985,0.00015743451556518657,0.46923401525642805,64
10496,163,10489,-668.852411705009,-10.450818932890765,0.6273684210526316,950,596,361,0,5.052013422818792,7.0,596,7902.159656404792,7863.0147287030295,39.144927701765,123.47124463132488,0.0076883496636746184,0.19220874159186546,0.00012013046349491591,0.4694744451968492,64
10560,164,10553,-997.0902647015748,-15.579535385962107,0.6068281938325991,908,551,362,0,5.136116152450091,8.0,551,8757.846458743592,8719.992208933054,37.854249810537276,136.84135091786862,0.010865350772277257,0.27163376930693145,0.00016977110581683214,0.4703181323249922,64
10624,165,10617,-893.8608197907935,-13.966575309231148,0.6207674943566591,886,550,326,0,5.04,7.0,550,8181.626464807247,8144.315286916327,37.31117789091972,127.83791351261324,0.009866700708195095,0.24666751770487738,0.00015416719856554837,0.469940052569754,64
10688,166,10681,-640.5339430897635,-10.008342860777555,0.6141248720573184,977,600,377,0,5.195,8.0,600,7493.354023440663,7453.790647740464,39.563375700198606,117.08365661626036,0.00740179722040753,0.18504493051018825,0.00011565308156886765,0.47026517201266943,64
10752,167,10745,-739.0015883761245,-11.546899818376945,0.5968063872255489,1002,598,411,0,5.1638795986622075,8.0,598,7840.630908514993,7798.644575747177,41.986332767817316,122.50985794554677,0.008355721096494103,0.20889302741235258,0.00013055814213272035,0.4712175049927269,64
10816,168,10809,-645.2587666211379,-10.082168228455279,0.6601607347876005,871,575,298,0,4.9165217391304346,7.0,575,7013.473393354723,6973.863630016028,39.60976333869149,109.58552177116755,0.007468867500809577,0.1867216875202394,0.00011670105470014964,0.4723802776857199,64
10880,169,10873,-752.8064627951996,-11.762600981174995,0.6481294236602629,989,641,344,0,4.965678627145086,7.0,641,7687.785416943439,7643.940678028471,43.84473891496855,120.12164713974123,0.008656155916115509,0.21640389790288772,0.00013525243618930482,0.47254585015381345,64
10944,170,10937,-809.5309141195014,-12.64892053311721,0.6293103448275862,928,584,345,0,5.152397260273973,8.0,584,8569.709382331186,8528.048136498744,41.66124583244109,133.90170909892478,0.009075891483604418,0.22689728709011045,0.00014181080443131903,0.4729212434927098,64
11008,171,11001,-933.7399917359369,-14.589687370874014,0.5770877944325482,934,539,390,0,5.192949907235621,9.0,539,6966.728349626124,6922.804540464453,43.92380916167374,108.85513046290819,0.010201514965909568,0.2550378741477392,0.000159398671342337,0.472159500196407,64
11072,172,11065,-847.6699647640711,-13.24484319943861,0.6853813559322034,944,647,306,0,4.726429675425039,7.0,647,7800.762865835862,7759.87206444393,40.89080139193304,121.88691977868534,0.00966117485581684,0.24152937139542102,0.00015095585712213814,0.47081820724748596,64
11136,173,11129,-463.85195878756076,-7.247686856055637,0.6846071044133477,929,636,284,0,4.672955974842767,7.0,636,6073.582709539396,6036.100796343374,37.481913196023754,94.89972983655306,0.0058193522158584456,0.14548380539646114,9.092737837278821e-05,0.4700005977160334,64
11200,174,11193,-538.0260057687709,-8.406656340137046,0.6684434968017058,938,627,308,0,4.684210526315789,7.0,627,7362.229488650044,7322.149486061003,40.08000258903937,115.03483576015694,0.0065176757665443,0.1629418941636075,0.00010183868385225469,0.46990518238951623,64
11264,175,11257,-723.818377017527,-11.30966214089886,0.6730769230769231,936,630,311,0,4.666666666666667,7.0,630,7842.429288157078,7805.2067971928245,37.222490964258625,122.53795762745435,0.0083687396403722,0.209218491009305,0.00013076155688081562,0.47045326483661154,64
11328,176,11321,-758.7707554221217,-11.855793053470652,0.654786150712831,982,643,331,0,4.9673405909797825,7.0,643,7764.883132024008,7723.771610825996,41.111521198011246,121.32629893787512,0.008730830451977693,0.21827076129944234,0.00013641922581215146,0.47000221549219173,64
11392,177,11385,-807.8701857792247,-12.622971652800386,0.7087053571428571,896,635,283,0,4.962204724409449,7.0,635,7915.195466901764,7877.443803539728,37.751663362035536,123.67492917034006,0.009254165570422681,0.23135413926056703,0.0001445963370378544,0.46995589621313716,64
11456,178,11449,-574.9080574503092,-8.982938397661082,0.6536842105263158,950,621,323,0,4.797101449275362,7.0,621,6866.476756392819,6830.091176437205,36.385579955612705,107.2886993186378,0.006850179224170718,0.17125448060426796,0.00010703405037766747,0.4696210269787767,64
11520,179,11513,-581.9922262526129,-9.093628535197077,0.7003405221339387,881,617,262,0,4.755267423014587,7.0,617,6476.533074902252,6442.113146383225,34.41992851902738,101.19582929534769,0.006979514969545555,0.17448787423863887,0.0001090549213991493,0.467722889664449,64
11584,180,11577,-682.5817440511148,-10.665339750798669,0.7142857142857143,966,690,267,0,4.272463768115942,6.0,690,7429.93974351134,7396.119658762259,33.82008474908343,116.09280849236468,0.008150710641477675,0.20376776603694188,0.00012735485377308867,0.4661156222521411,64
11648,181,11641,-404.8321306752407,-6.325502041800636,0.7876712328767124,876,690,201,0,3.873913043478261,6.0,690,6060.997410163764,6036.2895376045535,24.707872559210852,94.7030845338088,0.005455714024870601,0.136392850621765,8.524553163860314e-05,0.46551142288630465,64
11712,182,11705,-501.5833185600617,-7.837239352500964,0.7861990950226244,884,695,182,0,3.8028776978417267,6.0,695,7311.91021628588,7287.551876050566,24.35834023531643,114.24859712946687,0.006457080034928456,0.1614270008732114,0.00010089187554575713,0.46475149382457875,64
11776,183,11769,-514.9983484633824,-8.04684919474035,0.75,928,696,237,0,4.126436781609195,6.0,696,7279.979672315413,7250.4005100154045,29.57916230001205,113.74968237992833,0.0065241252417602095,0.16310313104400523,0.00010193945690250327,0.46461130276299845,64
11840,184,11833,-378.79306724637456,-5.9186416757246025,0.6834451901565995,894,611,274,0,4.409165302782324,7.0,611,5906.9075513294965,5874.623816065633,32.28373526386263,92.29543048952338,0.0049231385991844855,0.12307846497961214,7.692404061225759e-05,0.4639018730595188,64
11904,185,11897,-547.217007235851,-8.550265738060173,0.7154285714285714,875,626,249,0,4.354632587859425,6.75,626,7262.623507197925,7230.532157291092,32.091349906834985,113.47849229996758,0.006672336249712671,0.16680840624281676,0.00010425525390176048,0.46336977771647236,64
11968,186,11961,-633.902479271886,-9.904726238623219,0.7114788004136504,967,688,282,0,4.473837209302325,7.0,688,7718.188582439596,7682.0028971839965,36.18568525559728,120.59669660061869,0.007645683498973866,0.19114208747434666,0.00011946380467146666,0.4638312793839151,64
12032,187,12025,-533.6631221138468,-8.338486283028857,0.6930803571428571,896,621,290,0,4.650563607085346,7.0,621,6373.265984102278,6339.644173351913,33.621810750363764,99.58228100159809,0.0064716213542644705,0.16179053385661177,0.00010111908366038235,0.4634813282934864,64
12096,188,12089,-763.08774976859,-11.923246090134219,0.6606741573033708,890,588,277,0,4.790816326530612,7.0,588,7396.007355469428,7361.351926190375,34.65542927905283,115.56261492920981,0.008701856986516227,0.2175464246629057,0.00013596651541431605,0.46305356753897375,64
12160,189,12153,-749.4133674715077,-11.709583866742308,0.6132177681473456,923,566,360,0,5.0159010600706715,8.0,566,6925.36379782149,6887.81566004051,37.54813778098046,108.20880934096078,0.00842703200841881,0.21067580021047025,0.0001316723751315439,0.4645621996820897,64
12224,190,12217,-606.6931729762223,-9.479580827753473,0.6781354051054383,901,611,306,0,4.846153846153846,7.0,611,6830.30263096352,6793.13891349518,37.16371746834198,106.723478608805,0.0071623815516700115,0.1790595387917503,0.00011191221174484393,0.4655556094595281,64
12288,191,12281,-560.1629611322126,-8.752546267690821,0.6700564971751413,885,593,287,0,4.858347386172007,7.0,593,6303.015603028988,6267.410019302864,35.60558372612568,98.48461879732794,0.006669518574414665,0.16673796436036664,0.00010421122772522915,0.4678220492544985,64
12352,192,12345,-731.4215635692974,-11.428461930770272,0.6497354497354497,945,614,317,0,4.8387622149837135,7.0,614,7441.45372509674,7403.18961773949,38.26410735725158,116.27271445463656,0.008407350303691991,0.21018375759229976,0.00013136484849518736,0.4704688942137934,64
12416,193,12409,-691.3939063537056,-10.80302978677665,0.6930803571428571,896,621,288,0,4.6215780998389695,7.0,621,6868.446482592273,6833.706205826173,34.74027676609868,107.31947629050427,0.008047429109940989,0.20118572774852472,0.00012574107984282795,0.4725829163680294,64
12480,194,12473,-717.1919264843465,-11.206123851317914,0.7067254685777288,907,641,275,0,4.513260530421217,7.0,641,6568.367157311375,6535.294141410786,33.07301590059073,102.63073683299024,0.008377112416618086,0.20942781041545216,0.0001308923815096576,0.4733176996985258,64
12544,195,12537,-625.3411746576621,-9.77095585402597,0.7080808080808081,990,701,280,0,4.479315263908702,7.0,701,7230.697521064258,7192.42492261172,38.272598452536855,112.97964876662903,0.007587297908960309,0.18968244772400772,0.00011855152982750482,0.47424526528302696,64
12608,196,12601,-649.9216716695349,-10.155026119836483,0.7103594080338267,946,672,271,0,4.541666666666667,7.0,672,8059.900029753816,8021.844849180453,38.05518057336028,125.93593796490337,0.007776039659345939,0.19440099148364848,0.0001215006196772803,0.4761912173311027,64
12672,197,12665,-545.0498743999171,-8.516404287498705,0.6666666666666666,942,628,306,0,4.851910828025478,7.0,628,6550.112585793757,6510.340832531088,39.77175326266978,102.34550915302745,0.006579646523473224,0.1644911630868306,0.00010280697692926912,0.4775220238134198,64
12736,198,12729,-590.9609051958312,-9.233764143684862,0.6755037115588547,943,637,311,0,4.833594976452119,7.0,637,7440.476700672755,7400.550011673713,39.92668899904017,116.2574484480118,0.0070597314248385555,0.1764932856209639,0.00011030830351310243,0.47838388216997596,64
12800,199,12793,-582.6868092072103,-9.104481393862661,0.7008113590263692,986,691,293,0,4.78726483357453,7.0,691,7151.390297378368,7111.249624021251,40.140673357114714,111.740473396537,0.007124366829898442,0.17810917074746105,0.00011131823171716315,0.4794724072697839,64
12864,200,12857,-461.22600010800016,-7.206656251687503,0.6935123042505593,894,620,276,0,4.412903225806452,6.0,620,5914.625709120556,5882.301608867369,32.32410025318801,92.41602670500869,0.0057581023989891865,0.14395255997472967,8.997034998420604e-05,0.4816870517066175,64
12928,201,12921,-403.1741052893383,-6.299595395145911,0.7432735426008968,892,663,234,0,4.173453996983409,6.0,663,5904.597023539566,5874.4962903692995,30.100733170267773,92.25932849280572,0.005332517540457923,0.1333129385114481,8.332058656965505e-05,0.48235767794376705,64
12992,202,12985,-498.7857068480969,-7.793526669501514,0.7172489082969432,916,657,270,0,4.315068493150685,6.0,657,5970.323120105151,5938.979731633008,31.343388472142074,93.28629875164299,0.006235362213583911,0.1558840553395978,9.742753458724861e-05,0.48263354773033224,64
13056,203,13049,-592.1789489585449,-9.252796077477264,0.7485089463220675,1006,753,256,0,3.853917662682603,6.0,753,8429.232948595361,8401.045839220946,28.187109374415407,131.70676482180252,0.007412367230737831,0.18530918076844577,0.00011581823798027861,0.4835294038482444,64
13120,204,13113,-444.74843448436104,-6.949194288818141,0.7574468085106383,940,712,218,0,3.821629213483146,6.0,712,6427.504090660383,6399.7176362354885,27.78645442489694,100.42975141656848,0.005884983627707812,0.1471245906926953,9.195286918293456e-05,0.48457828320466734,64
13184,205,13177,-429.40815743205104,-6.7095024598757975,0.7032608695652174,920,647,269,0,4.403400309119011,7.0,647,5535.828065870344,5504.553328981643,31.274736888700385,86.49731352922413,0.005511483977589362,0.13778709943973405,8.611693714983378e-05,0.4837761469083555,64
13248,206,13241,-603.7114410361436,-9.432991266189743,0.6846747519294377,907,621,276,0,4.584541062801932,7.0,621,6683.59393246551,6650.318821781161,33.27511068435437,104.4311551947736,0.007182855613020813,0.17957139032552033,0.0001122321189534502,0.48285714701280125,64
13312,207,13305,-713.6888157288695,-11.151387745763586,0.70620239390642,919,649,282,0,4.7919876733436055,7.0,649,6805.83342616742,6771.9069424351,33.926483732322,106.34114728386594,0.008351766734424596,0.2087941683606149,0.0001304963552253843,0.4822542324566002,64
13376,208,13369,-615.9503935998407,-9.624224899997511,0.6926188068756319,989,685,312,0,4.556204379562044,7.0,685,7827.520525117747,7790.116094695903,37.404430421841724,122.30500820496479,0.0074234210967413705,0.18558552741853426,0.00011599095463658391,0.48139965474701774,64
13440,209,13433,-461.5901707236444,-7.212346417556944,0.6840958605664488,918,628,281,0,4.42515923566879,7.0,628,5964.44883928768,5931.861408772611,32.587430515068576,93.19451311387,0.00577771456694652,0.144442864173663,9.027679010853937e-05,0.4812696238559508,64
13504,210,13497,-557.172352368902,-8.705818005764094,0.7119021134593994,899,640,253,0,4.56875,7.0,640,6672.622864870481,6638.784601542575,33.83826332790784,104.25973226360126,0.00679279836648863,0.16981995916221576,0.00010613747447638485,0.48039484136504496,64
13568,211,13561,-661.6600307611765,-10.338437980643382,0.6862745098039216,969,665,312,0,4.858646616541353,7.0,665,7154.774850870855,7117.187829453867,37.5870214169898,111.7933570448571,0.007822677267356205,0.19556693168390513,0.0001222293323024407,0.48035879080553223,64
13632,212,13625,-431.5493214897226,-6.742958148276916,0.6713286713286714,858,576,288,0,4.741319444444445,7.0,576,5204.373783204395,5171.520201075758,32.85358212863707,81.31834036256868,0.005341537868069269,0.1335384467017317,8.346152918858232e-05,0.4800053871407933,64
13696,213,13689,-626.0560831129011,-9.78212629863908,0.6797814207650273,915,622,282,0,4.882636655948553,7.0,622,7220.771100611815,7183.8974143064015,36.873686305416356,112.82454844705961,0.007404227559952847,0.18510568899882118,0.00011569105562426324,0.4802884304917062,64
13760,214,13753,-732.8384934878225,-11.450601460747226,0.6727078891257996,938,631,300,0,4.941362916006339,7.0,631,7374.891244276178,7334.94900621863,39.942238057545104,115.23267569181529,0.008472083080358784,0.2118020770089696,0.000132376298130606,0.4809699563054334,64
13824,215,13817,-742.7291453611638,-11.605142896268184,0.6731601731601732,924,622,317,0,4.927652733118971,7.0,622,7139.516420894648,7103.023440963004,36.492979931645934,111.55494407647888,0.008527429879214793,0.21318574698036982,0.00013324109186273113,0.48181490605185245,64
13888,216,13881,-706.2333335097377,-11.034895836089651,0.640807651434644,941,603,307,0,5.008291873963516,7.0,603,7163.247894526719,7123.629900756348,39.61799377037176,111.92574835197999,0.008133185934895476,0.2033296483723869,0.00012708103023274182,0.4813975093567944,64
13952,217,13945,-810.415683787377,-12.662745059177766,0.6593406593406593,910,600,322,0,4.97,7.0,600,7304.539119501545,7265.855146596126,38.68397290541589,114.13342374221165,0.009150704407154443,0.22876761017886107,0.00014297975636178817,0.48004704972143614,64
14016,218,14009,-628.7956443751348,-9.82493194336148,0.6604189636163176,907,599,305,0,4.794657762938231,7.0,599,6328.91135353544,6292.369506073102,36.54184746233705,98.88923989899125,0.007351468537055982,0.18378671342639955,0.00011486669589149972,0.4781899295300223,64
14080,219,14073,-777.9810675421901,-12.15595418034672,0.6774530271398748,958,649,322,0,4.90446841294299,7.0,649,7268.820386721567,7230.275560395544,38.54482632602761,113.57531854252449,0.008945858490114603,0.22364646225286505,0.00013977903890804067,0.47747478928231674,64
14144,220,14137,-679.4748105160199,-10.616793914312812,0.6742424242424242,924,623,292,0,4.826645264847512,7.0,623,6880.453188362761,6844.063205018605,36.38998334415398,107.50708106816813,0.0079232635820462,0.19808158955115499,0.00012380099346947186,0.4757858409008004,64
14208,221,14201,-694.1018880972586,-10.845342001519665,0.6405579399141631,932,597,329,0,4.909547738693467,7.0,597,6458.6124470621235,6421.7831611201,36.82928594202382,100.91581948534568,0.007967869689205485,0.1991967422301371,0.0001244979638938357,0.47472046329211665,64
14272,222,14265,-682.8683410264093,-10.669817828537646,0.6681034482758621,928,620,314,0,4.840322580645161,7.0,620,6264.343407792044,6228.171486945774,36.17192084627149,97.88036574675068,0.007927450407781509,0.19818626019453772,0.00012386641262158608,0.472352774940716,64
14336,223,14329,-843.9401212044855,-13.186564393820086,0.6831483350151363,991,677,315,0,4.834564254062038,7.0,677,7511.890655462551,7472.207210337655,39.68344512489801,117.37329149160236,0.009676343098524737,0.24190857746311845,0.00015119286091444902,0.4703530079787912,64
14400,224,14393,-853.32257472483,-13.333165230075469,0.6681564245810055,895,598,312,0,4.954849498327759,7.0,598,6749.6275766943045,6714.816281948454,34.81129474585172,105.46293088584851,0.009578022460600844,0.23945056151502112,0.0001496566009468882,0.46866379800041646,64
14464,225,14457,-740.871809898984,-11.576122029671625,0.6761041902604756,883,597,266,0,4.966499162479062,7.0,597,6213.271029448817,6178.2634757856395,35.00755366317539,97.08235983513777,0.008506077903660382,0.21265194759150954,0.00013290746724469346,0.46600605876071116,64
14528,226,14521,-753.7474535560341,-11.777303961813033,0.702819956616052,922,648,287,0,5.098765432098766,7.0,648,7198.13552512325,7158.352971155433,39.78255396781368,112.47086758005078,0.008741164408055968,0.2185291102013992,0.0001365806938758745,0.46388430682939374,64
14592,227,14585,-752.6014671879714,-11.759397924812053,0.6569832402234637,895,588,306,0,4.901360544217687,7.0,588,7066.383440689561,7029.364934704419,37.018505985143044,110.4122412607744,0.008555920932003495,0.21389802330008736,0.0001336862645625546,0.46208161862190433,64
14656,228,14649,-685.9569448517262,-10.718077263308222,0.6603982300884956,904,597,285,0,4.95142378559464,7.0,597,6867.564575762459,6829.949976680232,37.61459908222722,107.30569649628842,0.007941158794116807,0.19852896985292018,0.00012408060615807511,0.45953145452128785,64
14720,229,14713,-697.3056976666933,-10.895401526042082,0.7055150884495317,961,678,314,0,4.705014749262537,7.0,678,7854.908907548605,7816.7317082250265,38.17719932357894,122.73295168044696,0.008209892624712983,0.20524731561782456,0.00012827957226114035,0.457446659578157,64
14784,230,14777,-743.874735252597,-11.623042738321828,0.6738894907908992,923,622,307,0,4.659163987138264,7.0,622,7197.283818455479,7162.286966809635,34.996851645843385,112.45755966336687,0.008549764123523356,0.2137441030880839,0.00013359006443005244,0.4549011616497355,64
14848,231,14841,-557.8525352799161,-8.716445863748689,0.688034188034188,936,644,280,0,4.543478260869565,6.0,644,6274.884328300126,6244.019406994292,30.864921305837903,98.04506762968947,0.00677804522165582,0.16945113054139552,0.00010590695658837219,0.4524725052460791,64
14912,232,14905,-615.6378522926398,-9.619341442072496,0.7247132429614181,959,695,261,0,4.471942446043165,7.0,695,7255.723060444327,7224.676840665825,31.046219778500017,113.3706728194426,0.007503009656740336,0.1875752414185084,0.00011723452588656775,0.45098954671757474,64
14976,233,14969,-623.1295559904145,-9.736399312350226,0.7283298097251586,946,689,269,0,4.428156748911466,7.0,689,7354.604202767039,7322.961640062238,31.642562704803666,114.91569066823499,0.007549617041119697,0.18874042602799243,0.00011796276626749526,0.44938347577687376,64
15040,234,15033,-682.982344231743,-10.671599128620985,0.7379958246346555,958,707,246,0,4.144271570014144,7.0,707,7818.053089255467,7789.637107564868,28.415981690600752,122.15707951961667,0.00822055845024197,0.20551396125604923,0.00012844622578503078,0.44763133709839276,64
15104,235,15097,-607.9235399506088,-9.498805311728262,0.7639680729760547,877,670,216,0,3.873134328358209,6.0,670,7474.284143188361,7449.553651887318,24.730491301046836,116.78568973731814,0.0074176602586691846,0.1854415064667296,0.00011590094154170601,0.44647644597684943,64
15168,236,15161,-669.2642888871999,-10.457254513862498,0.7178423236514523,964,692,262,0,4.092485549132948,6.0,692,7250.887388997334,7222.655635874314,28.231753123018105,113.29511545308334,0.008030234883483285,0.20075587208708215,0.00012547242005442634,0.4457074169038365,64
15232,237,15225,-660.2317710659468,-10.316121422905418,0.7133550488599348,921,657,256,0,4.459665144596651,7.0,657,6890.744046435148,6857.486684929359,33.257361505787664,107.6678757255492,0.007861091655331887,0.19652729138329716,0.00012282955711456073,0.44357898080363584,64
15296,238,15289,-661.6756756676101,-10.338682432306408,0.7219827586206896,928,670,265,0,4.350746268656716,7.0,670,7069.259477404662,7038.002567232868,31.256910171788878,110.45717933444784,0.007897205582994742,0.19743013957486855,0.00012339383723429284,0.44266733809618997,64
15360,239,15353,-767.4867771651564,-11.991980893205568,0.6997863247863247,936,655,280,0,4.413740458015267,7.0,655,8169.021160986641,8135.697710032869,33.323450953776444,127.64095564041627,0.008902649406499185,0.22256623516247964,0.00013910389697654977,0.4422610950331402,64
15424,240,15417,-683.0060541273567,-10.671969595739949,0.712882096069869,916,653,257,0,4.413476263399693,6.399999999999977,653,7410.27453087958,7376.500704335764,33.773826543817954,115.78553954499344,0.008073580382787469,0.20183950956968671,0.0001261496934810542,0.44167137556322944,64
15488,241,15481,-837.9880109264278,-13.093562670725435,0.6925465838509317,966,669,314,0,4.530642750373692,7.0,669,8413.796580995002,8377.755064128816,36.04151686618329,131.4655715780469,0.009599060127722272,0.2399765031930568,0.0001499853144956605,0.4409479667975692,64
15552,242,15545,-918.7487419220558,-14.355449092532123,0.7142857142857143,959,685,260,0,4.232116788321168,7.0,685,7925.404568040558,7894.09263036721,31.311937673347423,123.83444637563372,0.010511261136186105,0.26278152840465263,0.0001642384552529079,0.440203509290742,64
15616,243,15609,-848.8829868305356,-13.26379666922712,0.7733773377337734,909,703,221,0,3.805120910384068,7.0,703,8565.386610126703,8542.579892982854,22.80671714384576,133.83416578322974,0.009908822030080656,0.2477205507520164,0.00015482534422001025,0.4395152876147821,64
15680,244,15673,-749.6712232754883,-11.713612863679504,0.7817418677859391,953,745,201,0,3.5664429530201343,6.0,745,9647.724420370769,9627.675583550306,20.048836820459204,150.74569406829326,0.009027973941969067,0.22569934854922669,0.00014106209284326667,0.44069264298829214,64
15744,245,15737,-766.0815026123639,-11.970023478318186,0.8044579533941236,987,794,201,0,3.556675062972292,6.0,794,10329.832540460522,10308.442398824622,21.390141635903735,161.40363344469566,0.00931557212266075,0.23288930306651878,0.00014555581441657423,0.4421742769815674,64
15808,246,15801,-816.5130009585292,-12.75801563997702,0.8557046979865772,894,765,143,0,2.977777777777778,5.0,765,9411.769486524345,9401.820291851565,9.9491946727732,147.0588982269429,0.009816611154939784,0.2454152788734946,0.00015338454929593413,0.4445964327539763,64
15872,247,15865,-823.7266332488045,-12.870728644512571,0.8867724867724868,945,838,109,0,2.6873508353221958,5.0,838,10025.73162318854,10020.229084835342,5.502538353198841,156.65205661232093,0.010103921305449426,0.25259803263623565,0.00015787377039764729,0.447476264760563,64
15936,248,15929,-652.9364509661998,-10.202132046346872,0.8322295805739515,906,754,132,0,2.843501326259947,5.0,754,8334.427462678856,8324.374214478257,10.05324820059807,130.22542910435712,0.008169233518440903,0.20423083796102257,0.0001276442737256391,0.4505362944685809,64
16000,249,15993,-494.3987481337997,-7.72498043959062,0.8356164383561644,876,732,134,0,3.3155737704918034,6.0,732,7196.734295389656,7182.1164550596295,14.61784033002592,112.44897336546337,0.006529155628493909,0.16322889071234772,0.00010201805669521733,0.45225524293144387,64
16064,250,16057,-772.9487442068573,-12.077324128232146,0.7354910714285714,896,659,235,0,4.261001517450683,7.0,659,7990.768479996509,7960.625112005607,30.143367990905343,124.85575749994545,0.009017091045659106,0.22542727614147767,0.00014089204758842354,0.4536677503713834,64
16128,251,16121,-706.4340715687033,-11.038032368260989,0.7047619047619048,945,666,289,0,4.633633633633633,7.0,666,7789.442233067373,7752.994933340703,36.44729972667377,121.71003489167771,0.008309055515307431,0.20772638788268577,0.00012982899242667862,0.4553180975073542,64
16192,252,16185,-643.4977496174685,-10.054652337772945,0.708768267223382,958,679,269,0,4.525773195876289,7.0,679,7683.196318679222,7649.269793009562,33.92652566965599,120.04994247936284,0.00773324754006309,0.19333118850157727,0.00012083199281348578,0.4562982104711415,64
16256,253,16249,-491.51333135688725,-7.679895802451363,0.6959183673469388,980,682,292,0,4.403225806451613,6.0,682,6847.328607388665,6811.045107393338,36.283499995324284,106.98950949044789,0.006191686262831735,0.15479215657079337,9.674509785674586e-05,0.4564749789770185,64
16320,254,16313,-474.08571960595503,-7.407589368843047,0.6892778993435449,914,630,284,0,4.652380952380953,7.0,630,6301.003163833686,6265.262139841152,35.7410239925357,98.45317443490134,0.005901872468167994,0.14754681170419984,9.22167573151249e-05,0.45539157565680877,64
16384,255,16377,-576.8562513753541,-9.013378927739907,0.7102085620197585,911,647,272,0,4.650695517774343,7.0,647,7211.2253274022305,7174.224433766316,37.00089363591148,112.67539574065985,0.006990287328036049,0.17475718320090122,0.00010922323950056327,0.455008242207103,64
16448,256,16441,-732.5702199706965,-11.446409687042133,0.7070135746606335,884,625,271,0,4.6832,7.0,625,7527.395091836497,7491.502004958348,35.89308687814642,117.61554830994527,0.008492586817125967,0.2123146704281492,0.00013269666901759324,0.4541676914136026,64
16512,257,16505,-551.5785449500625,-8.618414764844726,0.7017353579175705,922,647,270,0,4.680061823802164,7.0,647,6557.473519073892,6520.06768990071,37.40582917318158,102.46052373552956,0.006738678163099836,0.1684669540774959,0.00010529184629843494,0.45300203360092894,64
16576,258,16569,-624.1127710634253,-9.75176204786602,0.6645636172450052,951,632,313,0,4.738924050632911,7.0,632,6966.464837015849,6925.33494327155,41.12989374430059,108.85101307837265,0.007377408559423867,0.18443521398559667,0.00011527200874099792,0.45288741641103947,64
16640,259,16633,-727.2888989853466,-11.36388904664604,0.6501057082452432,946,615,332,0,4.765853658536585,7.0,615,6881.54925796571,6840.042811974962,41.50644599074873,107.52420715571422,0.008348681809723821,0.20871704524309553,0.0001304481532769347,0.45287652474747087,64
16704,260,16697,-923.2295529199055,-14.425461764373523,0.6837696335078534,955,653,303,0,4.839203675344564,7.0,653,8302.618941901477,8259.993687788085,42.62525411339171,129.72842096721058,0.010428618616363811,0.2607154654090953,0.00016294716588068455,0.45296658235086273,64
16768,261,16761,-926.7510962561666,-14.480485879002604,0.6297828335056876,967,609,349,0,4.858784893267652,7.0,609,7222.146298978843,7179.112987300741,43.03331167810331,112.84603592154443,0.010299927598399004,0.2574981899599751,0.00016093636872498444,0.45212212107815536,64
16832,262,16825,-810.0289535567358,-12.656702399323997,0.6774541531823085,927,628,302,0,4.74203821656051,7.0,628,6580.924724738188,6541.237432614571,39.687292123616885,102.82694882403419,0.009234843485882547,0.23087108714706367,0.0001442944294669148,0.4494284612390286,64
16896,263,16889,-923.2323145578705,-14.425504914966726,0.6861702127659575,940,645,299,0,4.657364341085271,7.0,645,7260.588673862955,7219.913464180223,40.67520968273158,113.44669802910867,0.010416383860693839,0.26040959651734596,0.00016275599782334123,0.4466433566804859,64
16960,264,16953,-747.1255430867865,-11.673836610731039,0.7036625971143174,901,634,259,0,4.392744479495268,6.0,634,7213.01412484847,7177.085029047301,35.92909580116838,112.70334570075734,0.00867212100724445,0.21680302518111125,0.00013550189073819452,0.4441484185773823,64
17024,265,17017,-756.4895302706807,-11.820148910479386,0.6776519052523172,971,658,308,0,4.642857142857143,7.0,658,7721.951601201309,7682.48735095547,39.464250245836645,120.65549376877046,0.008764794877755224,0.2191198719438806,0.00013694991996492537,0.4442968969487591,64
17088,266,17081,-765.6211718017967,-11.962830809403073,0.7268464243845252,853,620,247,0,4.340322580645161,7.0,620,7428.514152879559,7395.7193142502765,32.794838629281294,116.07053363874311,0.00883631850773521,0.22090796269338026,0.00013806747668336267,0.4437676299717843,64
17152,267,17145,-550.8158468777608,-8.606497607465013,0.7497168742921857,883,662,231,0,4.3459214501510575,7.0,662,6960.458162899375,6928.972849684439,31.485313214929967,108.75715879530273,0.0068131529943673205,0.17032882485918302,0.00010645551553698938,0.4415579401715185,64
17216,268,17209,-659.2256354773733,-10.300400554333958,0.772399588053553,971,750,221,0,3.985333333333333,6.0,750,8390.012647570997,8357.906299359089,32.10634821190418,131.09394761829682,0.008118187851376309,0.2029546962844077,0.00012684668517775482,0.43964978891197504,64
17280,269,17273,-398.9838046560671,-6.234121947751048,0.8094218415417559,934,756,177,0,3.712962962962963,6.0,756,7564.9567641209105,7539.332931523486,25.62383259742417,118.20244943938923,0.005583674680718463,0.13959186701796156,8.724491688622598e-05,0.43789989704711124,64
17344,270,17337,-263.0861926885565,-4.110721760758695,0.7873754152823921,903,711,196,0,3.549929676511955,6.0,711,7076.206485712653,7053.653267264688,22.5532184479662,110.56572633926021,0.0040930566357414355,0.10232641589353589,6.395400993345993e-05,0.4366943736459792,64
17408,271,17401,-436.99454091743576,-6.828039701834934,0.8408851422550052,949,798,147,0,3.192982456140351,6.0,798,9190.817887478579,9173.5286116657,17.289275812884203,143.6065294918528,0.0061003125321909225,0.15250781330477306,9.531738331548316e-05,0.4372194379464067,64
17472,272,17465,-606.8196184897995,-9.481556538903117,0.8661588683351469,919,796,128,0,3.008793969849246,5.0,796,10337.395236430013,10323.9765735515,13.418662878506954,161.52180056921895,0.007813424915120005,0.19533562287800013,0.00012208476429875008,0.44086784305013793,64
17536,273,17529,-590.3462176241475,-9.224159650377304,0.8222453222453222,962,791,171,0,3.2414664981036663,6.0,791,9630.089038724327,9612.150502606073,17.93853611825034,150.4701412300676,0.007585787528696333,0.18964468821740832,0.00011852793013588021,0.443449816798421,64
17600,274,17593,-461.9356199051342,-7.217744061017722,0.796440489432703,899,716,183,0,3.39804469273743,6.0,716,6860.428396696348,6839.789977410344,20.638419286000463,107.19419369838043,0.006107651530618097,0.15269128826545242,9.543205516590776e-05,0.44311085532211536,64
17664,275,17657,-579.026158054922,-9.047283719608156,0.8174358974358974,975,797,169,0,3.396486825595985,6.0,797,8785.110391072327,8762.66859501588,22.441796056445952,137.2673498605051,0.0074876517278043885,0.18719129319510971,0.00011699455824694357,0.4422073855258044,64
17728,276,17721,-423.6858260911448,-6.620091032674138,0.8232044198895028,905,745,168,0,3.438926174496644,6.0,745,7058.532080563195,7038.041885912354,20.490194650838145,110.28956375879993,0.005813389664911844,0.1453347416227961,9.083421351424756e-05,0.4429974431687269,64
17792,277,17785,-556.8796989533835,-8.701245296146617,0.7691500524658972,953,733,203,0,3.7366984993178716,6.0,733,7722.329564704256,7696.708243495527,25.621321208729036,120.661399448504,0.007078551061210218,0.17696377653025544,0.00011060236033140966,0.44486036140902885,64
17856,278,17849,-499.52562613513703,-7.805087908361516,0.7761852260198456,907,704,212,0,3.9488636363636362,6.0,704,6889.809158493709,6862.732440298067,27.076718195643654,107.6532681014642,0.006421126100247602,0.16052815250619004,0.00010033009531636878,0.446077213279048,64
17920,279,17913,-520.4227962804717,-8.131606191882371,0.7712053571428571,896,691,195,0,4.001447178002894,6.0,691,6323.251655622338,6294.2236533475325,29.028002274805992,98.80080711909903,0.006618275940936834,0.16545689852342085,0.00010341056157713804,0.4458292147421618,64
17984,280,17977,-631.9239529633264,-9.873811765051975,0.7212121212121212,990,714,265,0,3.9705882352941178,6.0,714,7561.273421994391,7530.911847098803,30.361574895591854,118.14489721866236,0.007701736734927719,0.19254341837319297,0.00012033963648324561,0.44585143930421733,64
18048,281,18041,-794.3640584265517,-12.41193841291487,0.758985200845666,946,718,256,0,4.0654596100278555,6.0,718,8138.266791035093,8107.3646723819675,30.902118653127346,127.16041860992333,0.009352429036103954,0.23381072590259885,0.00014613170368912428,0.44719760062537195,64
18112,282,18105,-764.630533465596,-11.947352085399938,0.7526315789473684,950,715,226,0,3.7664335664335664,6.0,715,8232.181610119773,8204.722737452836,27.45887266693788,128.62783765812145,0.009078025466893071,0.2269506366723268,0.00014184414792020424,0.44816309694884626,64
18176,283,18169,-682.7878998692313,-10.668560935456739,0.7993492407809111,922,737,192,0,3.5006784260515604,6.0,737,7688.63973567352,7665.949467399607,22.69026827391427,120.13499586989875,0.008358417821998325,0.20896044554995813,0.00013060027846872383,0.44867239922548763,64
18240,284,18233,-732.4107245298002,-11.443917570778128,0.7863340563991323,922,725,197,0,3.663448275862069,6.0,725,7758.06623786861,7733.754120545756,24.312117322854277,121.21978496669703,0.008813844142114826,0.22034610355287065,0.00013771631472054416,0.44940679129563627,64
18304,285,18297,-600.0425916177564,-9.375665494027444,0.7950236966824644,844,671,178,0,3.5797317436661698,6.0,671,6673.311431210064,6652.010727760582,21.30070344947787,104.27049111265725,0.0073842621686063935,0.18460655421515984,0.0001153790963844749,0.45105901014658123,64
18368,286,18361,-637.7496413584412,-9.964838146225643,0.7888655462184874,952,751,186,0,3.5912117177097205,6.0,751,7485.542277293125,7462.966021251895,22.576256041231876,116.96159808270508,0.007942811797797827,0.19857029494494569,0.00012410643434059105,0.45342200569069196,64
18432,287,18425,-708.9127110041923,-11.076761109440504,0.7736842105263158,950,735,215,0,3.7333333333333334,6.0,735,7639.060179553765,7613.672910092309,25.387269461455798,119.36031530552758,0.008580719698810177,0.21451799247025444,0.00013407374529390901,0.4557191935468794,64
18496,288,18489,-930.6985371012033,-14.542164642206302,0.719017094017094,936,673,271,0,4.218424962852898,7.0,673,7761.526064464953,7731.866384653076,29.65967981187619,121.2738447572649,0.010583007157210663,0.26457517893026655,0.0001653594868314166,0.45866023450027943,64
18560,289,18553,-798.0796740690064,-12.469994907328225,0.7613038906414301,951,724,230,0,3.9599447513812156,6.850000000000023,724,7120.182683583981,7092.57217805148,27.610505532499868,111.2528544309997,0.009431374798725954,0.23578436996814886,0.00014736523123009304,0.46167763326182365,64
18624,290,18617,-871.3814413473458,-13.615335021052278,0.7780269058295964,892,694,196,0,3.7564841498559076,6.0,694,7868.932534136433,7844.817811347668,24.114722788767406,122.95207084588176,0.010131639641635201,0.25329099104088004,0.00015830686940055002,0.46357743386309536,64
18688,291,18681,-559.6027746125285,-8.743793353320758,0.7310126582278481,948,693,239,0,3.832611832611833,6.0,693,7466.257366591592,7438.55453459387,27.702831997723717,116.66027135299362,0.006962284356375107,0.17405710890937767,0.00010878569306836105,0.4655240768500736,64
18752,292,18745,-827.8915073793046,-12.935804802801634,0.7028901734104046,865,608,258,0,4.4769736842105265,7.0,608,6455.007496398278,6425.890575908102,29.11692049017321,100.85949213122309,0.00942395118363309,0.23559877959082723,0.00014724923724426702,0.4660413982630009,64
18816,293,18809,-641.9358476735529,-10.030247619899264,0.7225244831338411,919,664,258,0,4.212349397590361,7.0,664,6950.425879799171,6918.502535853633,31.92334394553827,108.60040437186204,0.007692498358462344,0.1923124589615586,0.00012019528685097412,0.4663328508378787,64
18880,294,18873,-650.7663881070822,-10.16822481417316,0.7086956521739131,920,652,255,0,4.371165644171779,7.0,652,6572.143176059273,6540.068943725651,32.074232333622604,102.68973712592614,0.007755004411800204,0.19387511029500512,0.0001211719439343782,0.46613155788880933,64
18944,295,18937,-782.3030671646236,-12.223485424447244,0.7074898785425101,988,699,299,0,4.579399141630901,7.0,699,8104.072200605307,8067.122494114045,36.94970649126185,126.62612813445793,0.009133429522854624,0.22833573807136562,0.0001427098362946035,0.4669573223878325,64
19008,296,19001,-746.9947064477444,-11.671792288246007,0.7486744432661718,943,706,253,0,4.257790368271955,6.0,706,7182.9987082925045,7151.266732666795,31.73197562570831,112.23435481707038,0.008849205265924535,0.22123013164811337,0.00013826883228007086,0.4682864136363777,64
19072,297,19065,-771.7188294823212,-12.058106710661269,0.7258403361344538,952,691,255,0,4.273516642547033,7.0,691,7515.502659178828,7484.121756337509,31.38090284131838,117.42972904966919,0.009062230995698521,0.22655577489246304,0.0001415973593077894,0.46856316306475876,64
19136,298,19129,-566.6275129615622,-8.853554890024409,0.7014115092290988,921,646,268,0,4.377708978328173,7.0,646,5951.86084767727,5921.104649120969,30.756198556300202,92.99782574495734,0.006882024542696382,0.17205061356740955,0.00010753163347963097,0.46846553013252723,64
19200,299,19193,-713.7283183933273,-11.152004974895739,0.7352320675105485,948,697,256,0,4.370157819225251,7.0,697,6670.501386753913,6638.891058690714,31.610328063199947,104.22658416802989,0.008490811931935903,0.21227029829839755,0.00013266893643649848,0.4679046307026622,64
19264,300,19257,-796.288824794677,-12.442012887416828,0.7171270718232045,905,649,254,0,4.49768875192604,7.0,649,6881.163908400627,6849.740227584679,31.423680815946067,107.5181860687598,0.009206807008424236,0.2301701752106059,0.0001438563595066287,0.46640923723110095,64
19328,301,19321,-807.6078195339346,-12.618872180217728,0.6986444212721585,959,670,287,0,4.588059701492537,7.0,670,6798.825107895444,6765.643881644648,33.181226250792186,106.2316423108663,0.009329345472131623,0.23323363680329057,0.0001457710230020566,0.4654358952646651,64
19392,302,19385,-602.6900179533775,-9.417031530521523,0.6767241379310345,928,628,305,0,4.539808917197452,6.0,628,6011.441271294676,5974.385098020094,37.05617327458276,93.92876986397931,0.00715471483809372,0.178867870952343,0.00011179241934521437,0.463716618679629,64
19456,303,19449,-700.3592493803053,-10.94311327156727,0.6987315010570825,946,661,273,0,4.475037821482602,7.0,661,6019.068180395832,5984.0111782196345,35.057002176200854,94.04794031868488,0.008250572310021735,0.20626430775054339,0.0001289151923440896,0.46224992089668515,64
19520,304,19513,-716.0758526352425,-11.188685197425665,0.7348734873487349,909,668,258,0,4.655688622754491,7.0,668,6823.982170185701,6788.8714698362755,35.110700349429095,106.62472140915158,0.00843803205104685,0.21095080127617127,0.00013184425079760704,0.4616832465114206,64
19584,305,19577,-563.6876328778689,-8.8076192637167,0.7619603267211202,857,653,202,0,4.136294027565084,6.0,653,5761.8183182517905,5734.211184773982,27.607133477809775,90.02841122268423,0.006954465460677753,0.1738616365169438,0.00010866352282308989,0.4611886093305926,64
19648,306,19641,-726.7126713174132,-11.354885489334581,0.7315296566077003,961,703,252,0,4.3456614509246085,7.0,703,6936.099921646066,6902.855482759101,33.24443888696561,108.37656127571978,0.008637224259933558,0.21593060649833895,0.00013495662906146184,0.45887923010583875,64
19712,307,19705,-588.6309662068879,-9.197358846982624,0.7470270270270271,925,691,242,0,4.308248914616498,6.0,691,6451.606355228281,6420.867334659778,30.739020568503186,100.8063493004419,0.007240455620827292,0.1810113905206823,0.00011313211907542644,0.4555341939704117,64
19776,308,19769,-715.9914304740273,-11.187366101156677,0.7003293084522503,911,638,265,0,4.382445141065831,6.0,638,7178.3108245161075,7146.477092823491,31.83373169261602,112.16110663306418,0.008365243370483036,0.2091310842620759,0.00013070692766379744,0.45125154142699464,64
19840,309,19833,-505.23365788081026,-7.89427590438766,0.7104377104377104,891,633,251,0,4.285939968404423,6.0,633,6363.943237833202,6331.368912122641,32.5743257105608,99.43661309114378,0.006255937365896793,0.15639843414741983,9.77490213421374e-05,0.44723815608336787,64
19904,310,19897,-437.05147905443243,-6.828929360225507,0.6985698569856986,909,635,272,0,4.507086614173228,7.0,635,6189.52011804305,6156.149557383064,33.37056065998517,96.71125184442266,0.005557133581078134,0.13892833952695335,8.683021220434585e-05,0.4430714082737684,64
19968,311,19961,-537.2721287264886,-8.394877011351385,0.6954148471615721,916,637,285,0,4.637362637362638,6.0,637,5093.480755092099,5060.194130448396,33.28662464369812,79.58563679831404,0.006541840988950788,0.1635460247237697,0.00010221626545235606,0.43792477935957697,64
20032,312,20025,-542.2001157113611,-8.471876807990018,0.7095477386934673,995,706,300,0,4.556657223796034,7.0,706,6235.54370384485,6200.014731729953,35.52897211489831,97.43037037257578,0.006750402798420333,0.16876006996050832,0.00010547504372531771,0.4322176437306957,64
20096,313,20089,-323.86508466050645,-5.060391947820413,0.6818675352877307,921,628,288,0,4.484076433121019,7.0,628,6662.696830618841,6629.153756670843,33.54307394799815,104.10463797841939,0.004394232900123234,0.10985582250308086,6.865988906442554e-05,0.4296974436954165,64
20160,314,20153,-338.1271263132428,-5.283236348644419,0.683920704845815,908,621,268,0,4.568438003220612,7.0,621,6544.354912864476,6512.561911454759,31.793001409717796,102.25554551350744,0.004545240231687676,0.1136310057921919,7.101937862011994e-05,0.42825370088778386,64
20224,315,20217,-261.0671647227124,-4.079174448792381,0.6937431394072447,911,632,285,0,4.620253164556962,7.0,632,7495.598709439422,7459.9431246945105,35.65558474491383,117.11872983499097,0.00377971972563778,0.0944929931409445,5.905812071309031e-05,0.4284022869206461,64
20288,316,20281,-452.31564880733873,-7.067432012614668,0.6775898520084567,946,641,288,0,4.666146645865835,7.0,641,6616.63525132701,6580.00176503475,36.63348629225915,103.38492580198454,0.005704587493379162,0.14261468733447905,8.91341795840494e-05,0.4292282018685381,64
20352,317,20345,-475.8467319674129,-7.4351051869908265,0.7211328976034859,918,662,282,0,4.901812688821752,7.0,662,6737.566731678033,6701.158797601246,36.40793407678749,105.27448018246926,0.006003211913931608,0.1500802978482902,9.380018615518137e-05,0.4282496326290688,64
20416,318,20409,-329.4150894852202,-5.147110773206566,0.6741321388577828,893,602,297,0,4.840531561461794,7.0,602,5319.201194479254,5285.180792848138,34.02040163111904,83.11251866373834,0.00437336508548566,0.1093341271371415,6.833382946071344e-05,0.4270365878439133,64
20480,319,20473,-185.55186705348203,-2.8992479227106567,0.6792452830188679,848,576,262,0,4.852430555555555,7.0,576,5985.3167247625415,5952.115967934752,33.20075682779072,93.52057382441471,0.0029180733414822585,0.07295183353705646,4.559489596066029e-05,0.4253932764810623,64
20544,320,20537,-303.83390099163745,-4.747404702994335,0.7005714285714286,875,613,274,0,4.848287112561175,7.0,613,5800.320060305132,5765.173912605614,35.14614769951962,90.63000094226769,0.004180980064780572,0.1045245016195143,6.532781351219644e-05,0.42342204116202076,64
20608,321,20601,-348.58213827443217,-5.446595910538003,0.6680988184747583,931,622,303,0,4.972668810289389,7.0,622,6934.44425742848,6895.787357477956,38.65689995052663,108.35069152232,0.004613309392160969,0.11533273480402423,7.208295925251514e-05,0.42197554117924513,64
20672,322,20665,-335.44734210344075,-5.241364720366262,0.6543075245365322,917,600,314,0,4.915,7.0,600,6110.808952734613,6072.882077010178,37.92687572443124,95.48138988647833,0.004409955926053153,0.11024889815132882,6.890556134458051e-05,0.42085852656366673,64
20736,323,20729,-468.22226366251346,-7.315972869726773,0.6698615548455804,939,629,316,0,4.987281399046105,7.0,629,7743.365647178892,7703.602874460921,39.762772717970094,120.99008823717018,0.005809382634775913,0.14523456586939784,9.077160366837365e-05,0.41911964791055645,64
20800,324,20793,-632.544858903445,-9.883513420366327,0.625,984,615,350,0,5.173983739837398,7.0,615,8445.274786615813,8403.309674404254,41.96511221155956,131.95741854087208,0.00737675659722669,0.18441891493066725,0.00011526182183166703,0.41862019786598226,64
20864,325,20857,-474.4719340980525,-7.41362397028207,0.6390465380249716,881,563,333,0,5.024866785079929,7.0,563,6019.853609584915,5984.235934926563,35.617674658351085,94.0602126497643,0.005691051755680087,0.14227629389200216,8.892268368250136e-05,0.41854714942058696,64
20928,326,20921,-560.2865924059431,-8.754478006342861,0.6563169164882227,934,613,309,0,4.969004893964111,7.0,613,7735.218924579044,7696.067721600249,39.15120297879636,120.86279569654756,0.0067003542126857964,0.1675088553171449,0.00010469303457321557,0.4188944913166896,64
20992,327,20985,-602.702691156662,-9.417229549322844,0.664009111617312,878,583,301,0,5.216123499142367,8.0,583,7806.460370288729,7768.822963945047,37.637406343684205,121.97594328576139,0.007062234381345154,0.17655585953362884,0.00011034741220851803,0.42110819219675966,64
21056,328,21049,-734.6169577240966,-11.478389964439009,0.6591676040494938,889,586,296,0,4.991467576791809,7.0,586,8235.032256265817,8197.970882579823,37.061373685996024,128.67237900415338,0.008390717132682291,0.2097679283170573,0.0001311049551981608,0.4247471166363007,64
21120,329,21113,-819.389781316753,-12.802965333074265,0.6488794023479189,937,608,342,0,5.136513157894737,8.0,608,8715.272099508778,8674.547791383413,40.7243081253611,136.17612655482466,0.009241067461318869,0.23102668653297173,0.00014439167908310733,0.42875740497225245,64
21184,330,21177,-912.0426050676939,-14.250665704182717,0.6414708886618999,979,628,335,0,4.976114649681529,7.0,628,8523.744758199327,8482.280892452143,41.463865747185274,133.1835118468645,0.010217333609539348,0.2554333402384837,0.00015964583764905231,0.4345847330607776,64
21248,331,21241,-959.2261651818934,-14.987908830967084,0.6479481641468683,926,600,326,0,5.011666666666667,7.0,600,8225.082280220662,8184.505939668811,40.57634055184874,128.51691062844785,0.010638926177308645,0.26597315443271613,0.00016623322152044758,0.4397537818856597,64
21312,332,21305,-1033.1736715538573,-16.14333861802902,0.6417748917748918,924,593,341,0,5.021922428330523,7.0,593,8738.349399095052,8697.880053802235,40.46934529281641,136.5367093608602,0.011335255117012841,0.28338137792532103,0.00017711336120332564,0.44161994643351715,64
21376,333,21369,-1079.3748947314266,-16.86523273017854,0.6540130151843818,922,603,330,0,5.021558872305141,7.0,603,8890.185774503463,8850.078146123022,40.10762838043906,138.9091527266166,0.011836714642307067,0.29591786605767667,0.00018494866628604792,0.44342872772433184,64
21440,334,21433,-709.3379561733984,-11.08340556520935,0.6576381365113759,923,607,304,0,4.978583196046128,7.0,607,7234.659337507252,7195.074486699912,39.584850807339855,113.0415521485508,0.008180772999784392,0.20451932499460979,0.00012782457812163112,0.44365681242874766,64
21504,335,21497,-772.1670238031406,-12.065109746924072,0.6109865470852018,892,545,346,0,5.115596330275229,8.0,545,8183.317186410505,8147.341070412929,35.97611599757702,127.86433103766414,0.008610963582385263,0.21527408955963157,0.00013454630597476973,0.4439221025761295,64
21568,336,21561,-753.6855624587461,-11.776336913417907,0.6494736842105263,950,617,327,0,5.074554294975689,7.0,617,8029.322881218869,7989.384037658018,39.93884356084944,125.45817001904483,0.008622386075186768,0.2155596518796692,0.00013472478242479324,0.4442271541369811,64
21632,337,21625,-818.3406999971106,-12.786573437454853,0.6746203904555315,922,622,307,0,4.755627009646302,7.0,622,8404.546887667822,8365.792872459268,38.75401520855614,131.32104511980972,0.009298130411914353,0.23245326029785884,0.00014528328768616177,0.44498412715040836,64
21696,338,21689,-542.4701451578012,-8.476096018090644,0.655282817502668,937,614,317,0,4.928338762214984,7.0,614,7410.943124690245,7373.142384149174,37.800740541068116,115.79598632328508,0.006519532536563133,0.16298831341407832,0.00010186769588379895,0.4454518537723355,64
21760,339,21753,-359.5563729096427,-5.618068326713167,0.6828729281767956,905,618,298,0,4.621359223300971,7.0,618,5667.332153880141,5630.307666254035,37.02448762610475,88.5520649043772,0.004714447517648199,0.11786118794120497,7.36632424632531e-05,0.44443785823521453,64
21824,340,21817,-577.29718845653,-9.02026856963328,0.6915477497255763,911,630,286,0,4.819047619047619,7.0,630,7155.56412613769,7117.690374922457,37.87375121523402,111.80568947090141,0.006937242560359049,0.17343106400897623,0.00010839441500561014,0.44262653586135353,64
21888,341,21881,-546.2217382786386,-8.534714660603727,0.6744704570791528,897,605,288,0,4.634710743801653,7.0,605,6849.046501749704,6812.691177615695,36.35532413401069,107.01635158983912,0.006559514339159947,0.1639878584789987,0.00010249241154937418,0.4405566200136364,64
21952,342,21945,-516.7173139073598,-8.073708029802496,0.6690796277145812,967,647,315,0,4.4451313755795985,7.0,647,7401.907261721754,7363.251597745701,38.655663976057276,115.65480096440241,0.006333372515219947,0.15833431288049868,9.895894555031167e-05,0.4396280425223277,64
22016,343,22009,-417.08993990449034,-6.5170303110076615,0.7082352941176471,850,602,252,0,4.43687707641196,7.0,602,6393.261811264944,6361.140258580291,32.12155268465587,99.89471580101475,0.00531120748122574,0.1327801870306435,8.298761689415219e-05,0.43866648064839725,64
22080,344,22073,-567.6678988989489,-8.869810920296077,0.7278761061946902,904,658,257,0,4.51063829787234,7.0,658,7901.05429404662,7868.6031060162695,32.451188030346785,123.45397334447844,0.006947064180217245,0.17367660450543113,0.00010854787781589445,0.4394629729886741,64
22144,345,22137,-495.0993551348251,-7.735927423981642,0.6975982532751092,916,639,264,0,4.226917057902973,7.0,639,7211.147123161932,7179.396654030033,31.75046913189884,112.67417379940518,0.006164622933568849,0.1541155733392212,9.632223333701326e-05,0.4405124104902527,64
22208,346,22201,-588.1097135894584,-9.189214274835287,0.6597014925373135,1005,663,324,0,4.631975867269985,8.0,663,7731.109557824849,7693.95575439327,37.15380343157939,120.79858684101326,0.0070808333592385884,0.17702083398096471,0.00011063802123810294,0.4414286559528952,64
22272,347,22265,-633.2087108436597,-9.893886106932182,0.7257709251101322,908,659,276,0,4.48103186646434,7.0,659,8353.53459439404,8321.635776757357,31.8988176366837,130.52397803740686,0.007577414292452299,0.18943535731130748,0.00011839709831956717,0.4424277586586379,64
22336,348,22329,-497.6239637053951,-7.775374432896799,0.6870056497175141,885,608,267,0,4.282894736842105,7.0,608,6683.264533425468,6652.392065082385,30.872468343079895,104.42600833477293,0.006111960379059031,0.1527990094764758,9.549938092279736e-05,0.4419574422124022,64
22400,349,22393,-663.0791973584959,-10.360612458726498,0.7087179487179487,975,691,284,0,4.215629522431259,7.0,691,8550.605789755891,8518.950930906525,31.65485884936775,133.6032154649358,0.007945879159020276,0.1986469789755069,0.0001241543618596918,0.4419794046069738,64
22464,350,22457,-717.4755650233913,-11.210555703490488,0.7132579650565262,973,694,282,0,4.380403458213256,8.0,694,8877.497578617727,8845.874150639682,31.62342797804589,138.710899665902,0.008505363500476064,0.21263408751190158,0.0001328963046949385,0.4440764038179418,64
22528,351,22521,-547.0539944165915,-8.547718662759243,0.7279821627647715,897,653,238,0,4.151607963246555,7.0,653,6520.4224613535525,6492.545763295199,27.876698058353217,101.88160095864926,0.006745577291749331,0.1686394322937333,0.0001053996451835833,0.44516308362136076,64
22592,352,22585,-654.7704819821361,-10.230788780970876,0.7317073170731707,943,690,264,0,4.246376811594203,7.0,690,8338.484477023243,8308.514469329994,29.97000769324822,130.28881995348817,0.00788048450318676,0.197012112579669,0.00012313257036229312,0.4466854100989758,64
22656,353,22649,-780.5558252714133,-12.196184769865832,0.733934611048478,887,651,229,0,4.0153609831029184,7.0,651,8211.124964867035,8186.124254156831,25.00071071020385,128.29882757604742,0.009089226157431513,0.2272306539357878,0.0001420191587098674,0.44918982526376666,64
22720,354,22713,-786.0433826611452,-12.281927854080394,0.721936148300721,971,701,280,0,4.002853067047075,7.0,701,8049.347550870948,8021.437090847621,27.910460023325285,125.77105548235856,0.009201394321173229,0.2300348580293307,0.0001437717862683317,0.4520577542711761,64
22784,355,22777,-824.3642590603055,-12.880691547817273,0.7587768969422424,883,670,222,0,3.7701492537313435,6.0,670,8364.440967975857,8341.77943046966,22.66153750620016,130.69439012462277,0.009579950943619181,0.23949877359047952,0.0001496867334940497,0.45433596205246046,64
22848,356,22841,-913.578743507223,-14.274667867300359,0.7311475409836066,915,669,229,0,3.695067264573991,7.0,669,8646.235133767741,8623.837895365226,22.397238402516955,135.09742396512095,0.010456773626026254,0.26141934065065636,0.00016338708790666022,0.45656501442795794,64
22912,357,22905,-892.9335372250242,-13.952086519141004,0.7426470588235294,952,707,245,0,3.7666195190947667,7.0,707,8381.453662279311,8358.489269167958,22.96439311135469,130.96021347311424,0.010325135175374959,0.25812837938437394,0.00016133023711523373,0.4585588665290897,64
22976,358,22969,-780.2434047981244,-12.191303199970694,0.7272727272727273,913,664,251,0,3.9578313253012047,7.0,664,7353.039117288683,7326.866573305533,26.17254398314863,114.89123620763567,0.009081945880624748,0.2270486470156187,0.00014190540438476168,0.4605569979547648,64
23040,359,23033,-785.0552341172324,-12.266488033081757,0.7483801295896328,926,693,233,0,4.240981240981241,7.0,693,7559.506175443561,7530.158241874618,29.347933568944455,118.11728399130564,0.009225566866074054,0.23063917165185135,0.0001441494822824071,0.46326207756252846,64
23104,360,23097,-700.6179778141943,-10.947155903346786,0.7346723044397463,946,695,258,0,4.338129496402877,7.0,695,7688.7619883509915,7657.03435755994,31.727630791048455,120.13690606798424,0.008352928839104736,0.2088232209776184,0.0001305145131110115,0.46638654626011256,64
23168,361,23161,-616.3135117040287,-9.629898620375448,0.6412698412698413,945,606,323,0,4.726072607260726,7.0,606,6528.76002697888,6491.240479325902,37.519547652975916,102.011875421545,0.007225700947558691,0.18064252368896727,0.00011290157730560455,0.46957423587256886,64
23232,362,23225,-530.0416813285635,-8.281901270758805,0.6793066088840737,923,627,301,0,4.652312599681021,7.0,627,6860.022947195341,6824.736286704796,35.286660490543746,107.1878585499272,0.006431889386429847,0.16079723466074616,0.00010049827166296636,0.47336899853789577,64
23296,363,23289,-538.8244369454787,-8.419131827273105,0.6916578669482577,947,655,293,0,4.888549618320611,7.0,655,7486.167825624941,7447.715952956224,38.45187266871602,116.9713722753897,0.006600862567883355,0.16502156419708386,0.00010313847762317742,0.47666372200290036,64
23360,364,23353,-342.4064795931506,-5.350101243642978,0.6684607104413348,929,621,298,0,4.790660225442834,7.0,621,5970.653011321234,5932.302764438527,38.35024688270663,93.29145330189428,0.004543396989452975,0.11358492473632438,7.099057796020274e-05,0.47855459133946154,64
23424,365,23417,-432.5866001463004,-6.7591656272859435,0.6728971962616822,963,648,320,0,5.132716049382716,7.0,648,7517.163707138003,7477.134367025135,40.02934011286797,117.4556829240313,0.005493594527951721,0.13733986319879302,8.583741449924563e-05,0.48058400393559364,64
23488,366,23481,-533.9855085284834,-8.343523570757553,0.6438809261300992,907,584,331,0,5.053082191780822,7.0,584,8192.381146455522,8153.446869495517,38.93427696000584,128.00595541336753,0.006343615332117638,0.15859038330294095,9.911898956433809e-05,0.48441487093049523,64
23552,367,23545,-499.28963736355706,-7.801400583805579,0.6236559139784946,930,580,345,0,4.972413793103448,7.0,580,7045.710570257719,7005.757630453858,39.95293980386297,110.08922766027686,0.00596299483489711,0.14907487087242774,9.317179429526734e-05,0.4870901592504501,64
23616,368,23609,-785.2137930528377,-12.268965516450589,0.66,950,627,325,0,4.9585326953748,7.0,627,9289.235007750682,9247.499099314544,41.73590843613785,145.1442969961044,0.008958708934052713,0.22396772335131782,0.00013997982709457364,0.49065247269920426,64
23680,369,23673,-667.7539418643348,-10.433655341630232,0.637911464245176,881,562,327,0,5.074733096085409,7.0,562,7823.68859868578,7784.666653778312,39.021944907469965,122.2451343544653,0.007627186980115328,0.1906796745028832,0.000119174796564302,0.493151562762113,64
23744,370,23737,-668.6480132918591,-10.447625207685299,0.6002098635886673,953,572,352,0,5.101398601398602,7.0,572,7613.7093961423025,7571.3409663756875,42.36842976661751,118.96420931472348,0.007625091222051464,0.19062728055128658,0.00011914205034455412,0.49368631337300706,64
23808,371,23801,-774.9077794355427,-12.107934053680355,0.669683257918552,884,592,313,0,4.956081081081081,7.0,592,8317.977133190034,8278.335015746954,39.64211744307652,129.96839270609428,0.008785173764797644,0.2196293441199411,0.00013726834007496319,0.4932434968534175,64
23872,372,23865,-757.3393358935314,-11.833427123336428,0.6614420062695925,957,633,316,0,4.900473933649289,7.0,633,7950.935987220086,7909.313205092661,41.62278212742497,124.23337480031384,0.008703064661213466,0.21757661653033664,0.0001359853853314604,0.4916629288238813,64
23936,373,23929,-624.0993134459834,-9.75155177259349,0.6395348837209303,946,605,343,0,5.016528925619835,7.0,605,6849.972601299408,6808.680128854353,41.29247244505628,107.03082189530325,0.007280013483183335,0.18200033707958335,0.0001137502106747396,0.4906325806977927,64
24000,374,23993,-679.1574954937747,-10.61183586709023,0.661987041036717,926,613,319,0,4.99184339314845,7.0,613,7828.747219954954,7788.8577059810905,39.88951397386181,122.32417531179615,0.007869930500813712,0.1967482625203428,0.00012296766407521426,0.4899197633200447,64
24064,375,24057,-591.1901622998088,-9.237346285934512,0.6522210184182016,923,602,307,0,4.921926910299003,7.0,602,6949.276767859613,6909.774652878418,39.50211498119289,108.58244949780645,0.006977181845467477,0.17442954613668693,0.00010901846633542933,0.4886777138402302,64
24128,376,24121,-545.5124922572113,-8.523632691518927,0.6740331491712708,905,610,318,0,4.916393442622951,7.0,610,6279.926328621865,6242.768615535062,37.157713086802055,98.12384888471664,0.0065266912579717866,0.16316728144929465,0.00010197955090580916,0.4869988937997514,64
24192,377,24185,-666.0896001247197,-10.407650001948745,0.6736401673640168,956,644,295,0,4.877329192546584,7.0,644,7563.788153538832,7522.021095293639,41.76705824519197,118.18418989904426,0.007846234364818966,0.19615585912047415,0.00012259741195029634,0.4848972950319457,64
24256,378,24249,-452.2863124335166,-7.066973631773697,0.6393088552915767,926,592,332,0,4.983108108108108,7.0,592,5810.127337250094,5770.972995381924,39.154341868169354,90.78323964453271,0.005536088927334336,0.1384022231833584,8.6501389489599e-05,0.48260921300116977,64
24320,379,24313,-550.0100829393982,-8.593907545928097,0.6499454743729552,917,596,319,0,4.798657718120805,7.0,596,6386.930399548992,6348.874879679386,38.05551986960632,99.795787492953,0.006535098766362609,0.16337746915906523,0.00010211091822441577,0.47858323056464036,64
24384,380,24377,-577.5262341917563,-9.023847409246192,0.6629955947136564,908,602,321,0,4.941860465116279,7.0,602,6879.242868542,6841.226865977676,38.016002564321894,107.48816982096875,0.006822634879547835,0.17056587198869588,0.00010660366999293492,0.47513218089707226,64
24448,381,24441,-496.58640237235466,-7.7591625370680415,0.6852046169989506,953,653,302,0,4.837672281776417,7.0,653,6610.182051574758,6571.677951736959,38.50409983779755,103.28409455585559,0.006165131120009306,0.15412827800023265,9.633017375014541e-05,0.47194571756201087,64
24512,382,24505,-503.47721198285694,-7.86683143723214,0.6352272727272728,880,559,314,0,4.926654740608229,7.0,559,5988.081678493713,5952.284263475764,35.79741501795113,93.56377622646427,0.005992359612283667,0.1498089903070917,9.36306189419323e-05,0.4682975352471793,64
24576,383,24569,-391.0926795400052,-6.110823117812581,0.6662983425414365,905,603,303,0,4.960199004975125,7.0,603,6312.265082862704,6275.333782478235,36.93130038446949,98.62914191972975,0.00498341395698604,0.124585348924651,7.786584307790687e-05,0.46517376258430376,64
24640,384,24633,-465.32718474612733,-7.2707372616582395,0.6697722567287785,966,647,327,0,4.927357032457496,7.0,647,7119.386445204948,7081.288068359229,38.09837684571919,111.24041320632732,0.005805614673915453,0.1451403668478863,9.071272927992895e-05,0.4628869009475659,64
24704,385,24697,-308.9758305314766,-4.827747352054322,0.6350446428571429,896,569,310,0,4.917398945518453,7.0,569,6855.017621989137,6818.198357235165,36.819264753972035,107.10965034358027,0.0040835250057397856,0.10208812514349463,6.380507821468415e-05,0.46153465960881573,64
24768,386,24761,-333.282733097586,-5.207542704649781,0.663820704375667,937,622,310,0,4.985530546623794,7.0,622,6765.523240038177,6725.614297827893,39.908942210281964,105.71130062559652,0.004444333388260176,0.11110833470650439,6.944270919156525e-05,0.4604936080496771,64
24832,387,24825,-391.96109627692164,-6.124392129326901,0.6880093131548312,859,591,301,0,4.9847715736040605,7.0,591,6737.492313208136,6700.415671590592,37.07664161754398,105.27331739387712,0.00497275889577933,0.12431897239448325,7.769935774655203e-05,0.4591624532537746,64
24896,388,24889,-458.7432641876757,-7.167863502932433,0.6459016393442623,915,591,292,0,4.983079526226734,7.0,591,6984.948590732487,6946.716975035995,38.23161569648802,109.13982173019511,0.005649690586470487,0.14124226466176218,8.827641541360137e-05,0.4575694593089191,64
24960,389,24953,-738.7300351404879,-11.542656799070123,0.6656151419558359,951,633,333,0,5.061611374407583,7.0,633,9218.52442193385,9179.880534877186,38.64388705666431,144.0394440927164,0.008505520752312834,0.21263801880782085,0.00013289876175488804,0.45776272479733165,64
25024,390,25017,-653.1972381728438,-10.206206846450684,0.6799163179916318,956,650,306,0,5.135384615384615,7.0,650,8026.19389423115,7986.409565794918,39.78432843623227,125.40927959736172,0.007722854800692188,0.1930713700173047,0.00012066960626081544,0.4579600194731468,64
25088,391,25081,-573.5260358020887,-8.961344309407636,0.6822633297062024,919,627,307,0,4.968102073365231,7.0,627,7450.173427616022,7413.241364941993,36.93206267402906,116.40895980650035,0.006864907503021431,0.17162268757553578,0.00010726417973470986,0.4580187755434926,64
25152,392,25145,-555.1781848359449,-8.674659138061639,0.6719409282700421,948,637,293,0,4.941915227629513,7.0,637,7630.625128689257,7591.430814293333,39.19431439592283,119.22851763576963,0.006719369590745584,0.1679842397686396,0.00010499014985539975,0.4572057537186873,64
25216,393,25209,-587.9400929582682,-9.186563952472941,0.673728813559322,944,636,310,0,5.015723270440252,7.0,636,7544.221532883726,7503.946087528847,40.275445354879956,117.87846145130821,0.007028477636550959,0.17571194091377396,0.00010981996307110873,0.45754492098634925,64
25280,394,25273,-718.3303706445578,-11.223912041321215,0.639,1000,639,349,0,5.025039123630673,7.0,639,8147.124043625834,8103.05006225229,44.073981373545124,127.29881318165366,0.00829577008546038,0.20739425213650947,0.00012962140758531843,0.45780632600511323,64
25344,395,25337,-698.1427503227235,-10.908480473792554,0.6776519052523172,971,658,316,0,4.9832826747720365,7.0,658,8281.346015578067,8240.891801307203,40.45421427086623,129.3960314934073,0.00817376160433348,0.204344040108337,0.00012771502506771064,0.4583561121620573,64
25408,396,25401,-676.0278215531539,-10.56293471176803,0.6663376110562685,1013,675,347,0,5.001481481481481,7.0,675,8330.657981124868,8287.073201734469,43.584779390400314,130.16653095507607,0.00795707052009499,0.19892676300237475,0.00012432922687648422,0.45846339920791584,64
25472,397,25465,-584.4290558252217,-9.131703997269089,0.6695464362850972,926,620,300,0,5.014516129032258,7.0,620,6799.819778941514,6760.748981443071,39.07079749844445,106.24718404596116,0.00696264217085172,0.17406605427129299,0.00010879128391955812,0.45786698925957675,64
25536,398,25529,-554.0977106785433,-8.65777672935224,0.6759358288770053,935,632,299,0,5.045886075949367,7.0,632,6646.210966493645,6606.578299840543,39.63266665310007,103.8470463514632,0.006693351832060751,0.16733379580151878,0.00010458362237594924,0.4563087512604621,64
25600,399,25593,-558.7158985034107,-8.729935914115792,0.6786885245901639,915,621,304,0,4.8647342995169085,7.0,621,6311.084783602614,6271.934352661395,39.15043094121561,98.61069974379085,0.0067022147223921675,0.1675553680598042,0.00010472210503737762,0.4554905484477524,64
25664,400,25657,-694.11857600805,-10.845602750125781,0.6618625277161863,902,597,318,0,4.986599664991624,7.0,597,7103.329306562685,7064.681235500041,38.64807106264512,110.98952041504195,0.007983154218715349,0.19957885546788373,0.00012473678466742733,0.4541905682214372,64
25728,401,25721,-738.5180349979897,-11.53934429684359,0.6438356164383562,949,611,321,0,5.075286415711948,7.0,611,7307.822120996413,7267.241012450914,40.58110854550144,114.18472064056895,0.00846140689081585,0.21153517227039623,0.00013220948266899765,0.4520829957271526,64
25792,402,25785,-748.4937932713852,-11.695215519865394,0.6577319587628866,970,638,334,0,4.9890282131661445,7.0,638,7761.301585527339,7721.115257764988,40.18632776234841,121.27033727386467,0.008608991297715732,0.2152247824428933,0.00013451548902680831,0.4508542172812139,64
25856,403,25849,-777.5942333519948,-12.14990989612492,0.6868798235942668,907,623,286,0,4.932584269662922,7.0,623,7388.085123135017,7349.743105798422,38.34201733659334,115.43883004898464,0.008915732674264326,0.22289331685660815,0.0001393083230353801,0.4493698742121482,64
25920,404,25913,-647.1869209796091,-10.112295640306392,0.6948968512486428,921,640,288,0,4.928125,7.0,640,7455.174347898179,7414.728953858729,40.445394039450505,116.48709918590905,0.007653102828882243,0.19132757072205608,0.00011957973170128505,0.448100726661229,64
25984,405,25977,-715.7205013617236,-11.18313283377693,0.6696165191740413,1017,681,318,0,5.027900146842878,7.0,681,8091.898298103923,8048.580324936658,43.31797316726185,126.43591090787379,0.008403173726127262,0.21007934315318155,0.00013129958947073847,0.447271575463408,64
26048,406,26041,-735.3298751031178,-11.489529298486216,0.6404494382022472,890,570,337,0,5.152631578947369,7.0,570,6057.257110953314,6020.561901439729,36.695209513582334,94.64464235864553,0.008307582637425417,0.20768956593563542,0.00012980597870977214,0.4451961627707173,64
26112,407,26105,-923.3507900103968,-14.42735609391245,0.6266094420600858,932,584,322,0,4.972602739726027,7.0,584,7628.458992497438,7590.01001686896,38.44897562847482,119.19467175777247,0.010235626535579172,0.2558906633894793,0.00015993166461842457,0.44211434279256573,64
26176,408,26169,-876.6054926751824,-13.696960823049725,0.6699029126213593,927,621,327,0,5.066022544283414,7.0,621,7369.242110490272,7330.624859574201,38.617250916071534,115.1444079764105,0.009858647413118449,0.24646618532796122,0.00015404136582997577,0.4393073521212332,64
26240,409,26233,-754.3559019681189,-11.786810968251858,0.6722408026755853,897,603,284,0,4.935323383084577,7.0,603,6781.801883808822,6745.200261751371,36.60162205745111,105.96565443451284,0.008637370115032761,0.21593425287581902,0.0001349589080473869,0.4368255858733594,64
26304,410,26297,-645.8381810567864,-10.091221579012288,0.6905286343612335,908,627,298,0,5.035087719298246,7.0,627,6990.642663957726,6951.835832645799,38.80683131192736,109.22879162433946,0.007597203620628179,0.18993009051570447,0.0001187063065723153,0.4351812261072375,64
26368,411,26361,-437.7077557154944,-6.8391836830546,0.6414253897550112,898,576,304,0,4.722222222222222,7.0,576,6445.678445088762,6406.502504489708,39.17594059905533,100.7137257045119,0.00538407265233334,0.1346018163083335,8.412613519270844e-05,0.434388418247764,64
26432,412,26425,-433.905109292585,-6.779767332696641,0.7195652173913043,920,662,270,0,4.803625377643504,7.0,662,6504.331835722163,6463.806582126202,40.52525359596546,101.6301849331588,0.005596140827708346,0.13990352069270864,8.74397004329429e-05,0.4329516901874439,64
26496,413,26489,-397.27082473375094,-6.2073566364648585,0.6817155756207675,886,604,285,0,4.824503311258278,7.0,604,6499.669553208163,6460.439713434167,39.22983977399409,101.55733676887755,0.005074196683622599,0.12685491709056498,7.928432318160311e-05,0.43323180454345833,64
26560,414,26553,-411.0990421368721,-6.423422533388626,0.671147880041365,967,649,298,0,4.852080123266564,7.0,649,7684.680590346609,7640.750819192779,43.929771153827275,120.07313422416577,0.005308671312564131,0.13271678281410326,8.294798925881454e-05,0.43581696993239355,64
26624,415,26617,-450.6773236374589,-7.041833181835296,0.6853220696937699,947,649,309,0,4.909090909090909,7.0,649,7141.4451654002105,7099.0421193596885,42.40304604052274,111.58508070937829,0.005687966799118279,0.14219916997795698,8.887448123622312e-05,0.43850544681070813,64
26688,416,26681,-373.01489515116333,-5.828357736736927,0.6490683229813664,966,627,323,0,4.880382775119617,7.0,627,6464.5185436558495,6421.04777772455,43.47076593130305,101.00810224462265,0.004838913724452894,0.12097284311132234,7.560802694457646e-05,0.44069253633226046,64
26752,417,26745,-457.4125504587843,-7.147071100918505,0.6845425867507886,951,651,326,0,4.831029185867895,7.0,651,7649.083390059121,7605.603016212026,43.48037384709475,119.51692796967376,0.005734124936277114,0.14335312340692785,8.959570212932991e-05,0.44193493540153794,64
26816,418,26809,-412.9124537093019,-6.451757089207842,0.7040572792362768,838,590,245,0,4.835593220338983,7.0,590,6784.799855181784,6746.335998479453,38.4638567023336,106.01249773721537,0.005246062721361212,0.1311515680340303,8.196973002126894e-05,0.4431018517374705,64
26880,419,26873,-529.8474149766348,-8.278865859009919,0.6826086956521739,920,628,274,0,4.942675159235669,7.0,628,7132.095060804267,7088.778621673625,43.31643913064341,111.43898532506667,0.006469528003315595,0.16173820008288986,0.00010108637505180617,0.44384248451403996,64
26944,420,26937,-479.1311633687993,-7.486424427637489,0.6962719298245614,912,635,293,0,4.8771653543307085,7.0,635,6348.4055955808535,6307.032881679246,41.372713901606055,99.19383743095084,0.005954562502099323,0.14886406255248308,9.304003909530192e-05,0.44384153671427706,64
27008,421,27001,-485.6485839019854,-7.5882591234685215,0.6830065359477124,918,627,298,0,4.810207336523126,7.0,627,6495.531344649437,6456.172481850921,39.3588627985172,101.49267726014746,0.006001447018850616,0.1500361754712654,9.377260966954088e-05,0.44529625540825946,64
27072,422,27065,-520.123018673159,-8.126922166768109,0.6534148827726809,981,641,331,0,4.78003120124805,7.0,641,6511.44823005249,6469.09709306707,42.35113698541684,101.74137859457015,0.006331532546671333,0.15828831366678334,9.893019604173958e-05,0.44711005550833205,64
27136,423,27129,-483.5115125738645,-7.5548673839666325,0.6986899563318777,916,640,272,0,4.66875,7.0,640,6881.548148972469,6843.015658708771,38.53249026369683,107.52418982769483,0.006035155229132645,0.15087888072831612,9.429930045519757e-05,0.4481437020873942,64
27200,424,27193,-570.4689884390223,-8.913577944359723,0.6987179487179487,936,654,284,0,4.770642201834862,7.0,654,7361.506436661002,7321.474021785657,40.03241487534679,115.02353807282816,0.006923492073995305,0.17308730184988264,0.00010817956365617665,0.4495276168027811,64
27264,425,27257,-583.834040348579,-9.122406880446547,0.7295336787564767,965,704,262,0,4.0866477272727275,7.0,704,7738.4436676246105,7705.633743974938,32.80992364967183,120.91318230663454,0.007206979402276807,0.18017448505692019,0.00011260905316057511,0.4516275219425395,64
27328,426,27321,-551.7414687702972,-8.620960449535893,0.7082452431289641,946,670,280,0,4.1895522388059705,7.0,670,7022.012102208937,6989.286600681536,32.72550152740151,109.71893909701464,0.006779197935064715,0.16947994837661787,0.00010592496773538617,0.4532978986460901,64
27392,427,27385,-487.9812643712813,-7.624707255801271,0.7620689655172413,870,663,225,0,4.161387631975868,7.0,663,6816.085762906372,6786.974435170351,29.111327736019042,106.50134004541206,0.006189687684995877,0.15474219212489693,9.671387007806058e-05,0.45450625027425784,64
27456,428,27449,-466.7244800271627,-7.292570000424417,0.7849829351535836,879,690,180,0,3.7217391304347824,6.0,690,6866.695766414628,6843.212557794909,23.483208619718418,107.29212135022857,0.006099865330809048,0.1524966332702262,9.531039579389138e-05,0.45566232910453486,64
27520,429,27513,-453.4604696212135,-7.085319837831461,0.7889344262295082,976,770,195,0,3.307792207792208,6.0,770,8289.645587860416,8269.031228204938,20.614359655477234,129.525712310319,0.006138572224993674,0.15346430562484184,9.591519101552616e-05,0.45737818448896905,64
27584,430,27577,-337.1461763329174,-5.267909005201834,0.8235294117647058,901,742,170,0,3.4703504043126685,6.0,742,6800.85487702576,6779.544794671523,21.310082354239913,106.2633574535275,0.0049381917801494014,0.12345479450373503,7.71592465648344e-05,0.4594925906813553,64
27648,431,27641,-350.64247515436955,-5.478788674287024,0.8239583333333333,960,791,155,0,3.43109987357775,6.0,791,7374.462209369112,7353.936174988083,20.526034381029334,115.22597202139238,0.0052103443893215485,0.1302586097330387,8.14116310831492e-05,0.46199944914086316,64
27712,432,27705,-473.34026965256203,-7.395941713321282,0.7508090614886731,927,696,237,0,3.7313218390804597,6.0,696,7457.906369687418,7431.802447486979,26.103922200440245,116.52978702636591,0.00611442858250846,0.1528607145627115,9.553794660169468e-05,0.4641606805867618,64
27776,433,27769,-484.08426116438227,-7.563816580693473,0.7427616926503341,898,667,228,0,4.074962518740629,6.0,667,7819.459309449524,7789.833496528098,29.62581292142693,122.17905171014881,0.0061611299360506125,0.1540282484012653,9.626765525079082e-05,0.4670183526120536,64
27840,434,27833,-504.4260644113318,-7.88165725642706,0.7505446623093682,918,689,233,0,4.11611030478955,7.0,689,7853.379474149382,7823.695887201438,29.683586947945486,122.7090542835841,0.006412963428922413,0.16032408572306034,0.0001002025535769127,0.4694761732987431,64
27904,435,27897,-581.57701857847,-9.087140915288593,0.78,900,702,206,0,3.8447293447293447,7.0,702,8635.14776114222,8611.76652311755,23.381238024672886,134.92418376784718,0.007244786364109235,0.1811196591027309,0.0001131997869392068,0.4713005031992512,64
27968,436,27961,-536.2607175933216,-8.37907371239565,0.7457627118644068,944,704,228,0,3.8167613636363638,6.0,704,8323.563746354002,8297.40455655848,26.159189795526537,130.0556835367813,0.006772074120262063,0.16930185300655157,0.00010581365812909473,0.4731772948315397,64
28032,437,28025,-575.0762138279625,-8.985565841061915,0.8207440811724915,887,728,166,0,3.7005494505494507,6.0,728,8208.377321853968,8187.300688585903,21.07663326806888,128.25589565396825,0.007289982103194116,0.1822495525798529,0.00011390597036240806,0.4744013264746684,64
28096,438,28089,-499.48617443815203,-7.8044714755961255,0.7464635473340587,919,686,232,0,3.861516034985423,6.0,686,6656.0811542593865,6627.596276334272,28.484877925114745,104.00126803530291,0.0063534111633441704,0.15883527908360426,9.927204942725266e-05,0.47519984409801347,64
28160,439,28153,-628.4459040099385,-9.81946725015529,0.7436440677966102,944,702,229,0,4.183760683760684,7.0,702,8193.648393278743,8164.2409719555435,29.407421323199827,128.02575614498036,0.007691575504766821,0.19228938761917053,0.00012018086726198158,0.4756177235345531,64
28224,440,28217,-602.9678172964907,-9.421372145257667,0.7187827911857293,953,685,273,0,4.035036496350365,6.7999999999999545,685,7392.913966152599,7362.382085520886,30.53188063171295,115.51428072113436,0.007336778444450218,0.18341946111125546,0.00011463716319453466,0.47533236292007125,64
28288,441,28281,-683.13883384197,-10.674044278780782,0.8086486486486486,925,748,203,0,3.7553475935828877,6.0,748,8313.42526768751,8289.843318297717,23.581949389789177,129.89726980761733,0.00837515441855777,0.20937886046394424,0.00013086178778996514,0.47648532928279674,64
28352,442,28345,-512.3149475391809,-8.004921055299702,0.7465909090909091,880,657,211,0,3.8812785388127855,6.0,657,6398.341546696333,6372.432315398666,25.90923129767193,99.97408666713021,0.006435569491563321,0.16088923728908303,0.00010055577330567689,0.4761493677533976,64
28416,443,28409,-576.0414229648734,-9.000647233826147,0.7643378519290928,959,733,220,0,4.124147339699864,7.0,733,7275.354430841563,7246.326341768526,29.028089073038778,113.67741298189942,0.007242689742264686,0.18106724355661716,0.00011316702722288573,0.47553022501858533,64
28480,444,28473,-689.6898945978031,-10.776404603090674,0.8043230944254836,879,707,179,0,3.826025459688826,6.0,707,7605.967924612523,7580.391818263566,25.576106348955967,118.84324882207068,0.008364435408993879,0.20911088522484697,0.00013069430326552935,0.4756828909509917,64
28544,445,28537,-846.8288942463823,-13.231701472599724,0.7865528281750267,937,737,202,0,3.75033921302578,6.0,737,9117.564296347107,9094.434824644934,23.12947170217106,142.46194213042355,0.009978792459799863,0.24946981149499659,0.00015591863218437286,0.4746097271433116,64
28608,446,28601,-771.9817561848283,-12.062214940387943,0.7993456924754635,917,733,177,0,3.3942701227830834,6.0,733,8180.209889807504,8161.010358982898,19.199530824603908,127.81577952824225,0.009253232147228079,0.23133080368070197,0.00014458175230043873,0.4736364107726731,64
28672,447,28665,-685.6450021274787,-10.713203158241855,0.8617511520737328,868,748,133,0,3.2580213903743314,6.0,748,7374.182669548087,7357.465907677296,16.71676187078875,115.22160421168886,0.008480479197608306,0.21201197994020765,0.00013250748746262977,0.47249921514781024,64
28736,448,28729,-657.810054064029,-10.278282094750454,0.8179871520342612,934,764,157,0,3.337696335078534,6.0,764,8169.228632044571,8148.6507897179,20.57784232666974,127.64419737569642,0.008210054365053808,0.2052513591263452,0.00012828209945396575,0.47129176271985895,64
28800,449,28793,-497.7974882791795,-7.77808575436218,0.7590618336886994,938,712,206,0,3.8146067415730336,6.0,712,7392.70020926107,7367.224669285053,25.47553997602024,115.51094076970422,0.006430316611161356,0.1607579152790339,0.00010047369704939619,0.47134779290173034,64
28864,450,28857,-775.0463555332447,-12.110099305206948,0.7305699481865285,965,705,279,0,4.547517730496454,7.0,705,10116.33922018296,10084.411756349014,31.92746383394204,158.06780031535874,0.009101386228264464,0.2275346557066116,0.00014220915981663225,0.4733714882009824,64
28928,451,28921,-647.4751046713153,-10.116798510489302,0.7527716186252772,902,679,220,0,4.27540500736377,7.0,679,8479.716503390138,8450.98573756608,28.730765824057467,132.4955703654709,0.007831276929700103,0.19578192324250257,0.0001223637020265641,0.476831917243672,64
28992,452,28985,-703.1921221763363,-10.987376909005254,0.6941649899396378,994,690,304,0,4.420289855072464,7.0,690,8425.075132254497,8393.048023990003,32.0271082644962,131.6417989414765,0.008315437831751642,0.20788594579379105,0.0001299287161211194,0.47929591832173885,64
29056,453,29049,-776.6455715466996,-12.13508705541718,0.705242334322453,1011,713,299,0,4.6016830294530155,7.0,713,8874.191297900723,8839.11359244302,35.077705457709094,138.6592390296988,0.009108586169620769,0.22771465424051923,0.00014232165890032451,0.48171741566680426,64
29120,454,29113,-587.7410181196525,-9.18345340811957,0.7142857142857143,987,705,273,0,4.377304964539007,7.0,705,7646.930491876997,7614.282714001131,32.647777875861436,119.48328893557807,0.007235223669681985,0.18088059174204962,0.00011305036983878102,0.4817785526911128,64
29184,455,29177,-840.6809603451188,-13.135640005392482,0.7655601659751037,964,738,239,0,4.1287262872628725,7.0,738,8468.82690226359,8440.950600501106,27.87630176248154,132.3254203478686,0.00988235801085794,0.2470589502714485,0.00015441184391965532,0.4814118655672663,64
29248,456,29241,-752.6431002190714,-11.76004844092299,0.7470525187566989,933,697,241,0,4.116212338593974,7.0,697,7624.835459937898,7597.94277103278,26.892688905117357,119.13805406152966,0.00890851538365723,0.22271288459143074,0.00013919555286964422,0.48069960010967505,64
29312,457,29305,-563.6582023780115,-8.80715941215643,0.7962760131434831,913,727,184,0,3.6657496561210454,6.0,727,6741.8687577957235,6718.518789864186,23.349967931537755,105.34169934055818,0.007144322285829538,0.17860805714573844,0.00011163003571608653,0.4798474524068814,64
29376,458,29369,-662.9092396407925,-10.357956869387383,0.8070175438596491,912,736,186,0,3.707880434782609,6.0,736,7267.644737870943,7242.38419904941,25.260538821535196,113.55694902923348,0.008159552353460435,0.20398880883651088,0.0001274930055228193,0.47872651644175446,64
29440,459,29433,-573.6554760862746,-8.96336681384804,0.785329018338727,927,728,172,0,3.5851648351648353,6.0,728,6664.11223454459,6640.285794086197,23.826440458394238,104.12675366475922,0.00726701689003141,0.18167542225078526,0.00011354713890674078,0.4772690067970413,64
29504,460,29497,-466.77464533596435,-7.293353833374443,0.761646803900325,923,703,226,0,4.058321479374111,7.0,703,6096.0086447467565,6067.790430328797,28.218214417959516,95.25013507416807,0.006071855053242839,0.151796376331071,9.487273520691936e-05,0.47559063178148325,64
29568,461,29561,-640.1142333037742,-10.001784895371472,0.8396436525612472,898,754,146,0,3.40053050397878,6.0,754,7577.136886406023,7556.792108330208,20.344778075811696,118.39276385009411,0.00802577834266714,0.2006444585666785,0.00012540278660417407,0.47282698352751396,64
29632,462,29625,-569.9005380487042,-8.904695907011003,0.7824267782426778,956,748,202,0,3.7393048128342246,6.0,748,6912.1576393792,6887.653238589066,24.50440079013626,108.0024631153,0.0072432736373706395,0.181081840934266,0.00011317615058391624,0.47006234938912456,64
29696,463,29689,-671.557220907202,-10.493081576675031,0.823966065747614,943,777,170,0,3.5572715572715574,6.0,777,8326.196068645313,8304.992192721807,21.20387592350424,130.09681357258302,0.008365934352511283,0.20914835881278207,0.0001307177242579888,0.4674229878765729,64
29760,464,29753,-484.0386323130065,-7.563103629890726,0.7573449401523396,919,696,225,0,4.224137931034483,7.0,696,6808.092047961702,6777.1472230239015,30.94482493780231,106.37643824940159,0.006232043910465761,0.15580109776164403,9.737568610102752e-05,0.46538098511020537,64
29824,465,29817,-467.2728294843596,-7.301137960693119,0.6966666666666667,900,627,285,0,4.258373205741627,6.0,627,6521.7884057414785,6492.196533817181,29.591871924295607,101.9029438397106,0.005826304429986127,0.14565761074965317,9.103600671853323e-05,0.4623287357824664,64
29888,466,29881,-446.8775537968177,-6.982461778075277,0.7379958246346555,958,707,243,0,4.2135785007072135,7.0,707,6317.466085270955,6286.5084988594235,30.95758641153422,98.71040758235867,0.0058656434311818864,0.14664108577954715,9.165067861221698e-05,0.45912196317083387,64
29952,467,29945,-552.4575117495285,-8.632148621086383,0.7513171759747103,949,713,221,0,3.9228611500701263,6.0,713,7595.184961273495,7567.332116615669,27.852844657822168,118.67476501989836,0.0069568945589027625,0.17392236397256905,0.00010870147748285566,0.4580525349394575,64
30016,468,30009,-637.4582931500537,-9.960285830469589,0.7542972699696663,989,746,238,0,3.9691689008042896,6.0,746,8154.44719555563,8124.224256937993,30.222938617636192,127.41323743055672,0.007868197540293715,0.19670493850734286,0.0001229405865670893,0.457466968861553,64
30080,469,30073,-397.56997390578493,-6.21203084227789,0.7376681614349776,892,658,250,0,4.227963525835866,7.0,658,5963.022628159893,5932.567428414668,30.455199745226217,93.17222856499833,0.005244788344306707,0.13111970860766767,8.194981787979229e-05,0.4567554194247547,64
30144,470,30137,-353.06881889372096,-5.51670029521439,0.7445414847161572,916,682,242,0,4.281524926686217,7.0,682,7031.864909293825,6999.524624868637,32.34028442518592,109.87288920771601,0.0048726396410397515,0.12181599102599379,7.613499439124612e-05,0.4552988531425032,64
30208,471,30201,-375.20772248262506,-5.8626206637910165,0.7389060887512899,969,716,250,0,4.122905027932961,7.0,716,6736.625728936226,6704.757847424025,31.86788151219844,105.25977701462853,0.005163049869906268,0.1290762467476567,8.067265421728544e-05,0.45316964880381794,64
30272,472,30265,-422.5797000471632,-6.602807813236925,0.7486687965921193,939,703,233,0,3.9559032716927454,6.0,703,6827.09551294425,6797.675219900252,29.420293043999756,106.6733673897539,0.005620351666849824,0.14050879167124558,8.78179947945285e-05,0.450506256593814,64
30336,473,30329,-435.8449745245385,-6.810077726945914,0.765375854214123,878,672,216,0,4.023809523809524,6.0,672,7707.30600827981,7679.575611633379,27.73039664643365,120.42665637937203,0.005700411219072586,0.14251028047681466,8.906892529800916e-05,0.4481623902142897,64
30400,474,30393,-339.6930134535169,-5.307703335211202,0.7443365695792881,927,690,226,0,3.9304347826086956,6.0,690,6329.4470120020715,6300.335255845422,29.11175615664972,98.89760956253237,0.004771370774821117,0.11928426937052791,7.455266835657995e-05,0.44821264396981986,64
30464,475,30457,-425.68406857269525,-6.651313571448363,0.7349943374858438,883,649,229,0,4.066255778120185,6.0,649,6415.184696965722,6386.138805294545,29.045891671176133,100.2372608900894,0.005528040393222594,0.13820100983056485,8.637563114410303e-05,0.44808444203240155,64
30528,476,30521,-388.66108418764725,-6.072829440431988,0.7533783783783784,888,669,237,0,4.086696562032885,7.0,669,6513.300369945556,6484.851045236965,28.449324708588026,101.77031828039931,0.005201937185230218,0.13004842963075544,8.128026851922215e-05,0.4475398369655966,64
30592,477,30585,-422.3924895795335,-6.599882649680211,0.7494252873563219,870,652,215,0,3.996932515337423,6.0,652,6576.840759298609,6548.840759396416,27.999999902193156,102.76313686404076,0.005522999158694759,0.13807497896736898,8.629686185460562e-05,0.4468415947898541,64
30656,478,30649,-323.7790335648457,-5.059047399450714,0.7270788912579957,938,682,235,0,4.439882697947214,7.0,682,5953.450635198738,5919.504075855323,33.94655934341413,93.02266617498029,0.0045824483301549175,0.11456120825387293,7.160075515867059e-05,0.44547580812534404,64
30720,479,30713,-426.9207973672909,-6.67063745886392,0.7172717271727173,909,652,269,0,4.636503067484663,7.0,652,7286.86972056706,7251.917733469286,34.95198709777263,113.8573393838603,0.005504729661097813,0.1376182415274453,8.601140095465332e-05,0.44381635030000866,64
30784,480,30777,-446.19794505102567,-6.971842891422276,0.7015873015873015,945,663,283,0,4.508295625942685,6.0,663,6677.720859675339,6643.036618290878,34.68424138445869,104.33938843242717,0.0057045187456728754,0.14261296864182188,8.913310540113868e-05,0.44267336749001623,64
30848,481,30841,-346.0072514421943,-5.4063633037842855,0.7835990888382688,878,688,199,0,3.991279069767442,6.0,688,5921.555179583992,5893.063611775354,28.491567808638898,92.52429968099987,0.0048644419760911,0.1216110494022775,7.600690587642344e-05,0.4405494860877808,64
30912,482,30905,-330.74101570879577,-5.167828370449934,0.732824427480916,917,672,237,0,4.190476190476191,6.0,672,6005.461806582713,5973.077061015619,32.3847455670937,93.83534072785488,0.004625825500736342,0.11564563751840856,7.227852344900535e-05,0.4405061221475351,64
30976,483,30969,-388.5406833748772,-6.070948177732456,0.7310647639956093,911,666,245,0,4.147147147147147,6.0,666,6561.301667749878,6530.323005768859,30.978661981018856,102.52033855859185,0.005182504066901944,0.1295626016725486,8.097662604534288e-05,0.44111913157938465,64
31040,484,31033,-356.046306329357,-5.563223536396203,0.7022653721682848,927,651,265,0,4.2642089093702,6.0,651,6187.2270499840015,6153.734922266529,33.4921277174753,96.67542265600002,0.004799416139204939,0.11998540348012347,7.499087717507717e-05,0.4419715098402426,64
31104,485,31097,-365.3275647143214,-5.708243198661272,0.7440543601359003,883,657,239,0,4.223744292237443,6.0,657,6005.512018007251,5975.141641052219,30.370376955033077,93.8361252813633,0.004936586168413998,0.12341465421034994,7.713415888146872e-05,0.44237676562273864,64
31168,486,31161,-438.5578590293426,-6.852466547333478,0.7293318233295584,883,644,249,0,4.2313664596273295,6.0,644,6635.620281363897,6603.330805476412,32.28947588748393,103.6815668963109,0.0056236977752998595,0.1405924443824965,8.78702777390603e-05,0.4430693791020767,64
31232,487,31225,-541.6081073884386,-8.462626677944353,0.7507853403141361,955,717,224,0,4.032078103207811,6.0,717,7760.1691860615565,7728.316817330886,31.852368730671962,121.25264353221182,0.006857927903141558,0.17144819757853894,0.00010715512348658684,0.4441632433092392,64
31296,488,31289,-352.0406339114669,-5.50063490486667,0.7476923076923077,975,729,241,0,4.138545953360768,6.0,729,6731.659158658505,6697.717680966309,33.94147769219711,105.18217435403913,0.004970543377076117,0.12426358442690293,7.766474026681433e-05,0.44530861127849264,64
31360,489,31353,-548.7375217821707,-8.574023777846417,0.7434607645875252,994,739,256,0,4.204330175913396,7.0,739,7535.306955042016,7502.390557558632,32.91639748338498,117.7391711725315,0.006946073425451655,0.17365183563629139,0.00010853239727268211,0.44576626867774605,64
31424,490,31417,-397.5244182902064,-6.211319035784475,0.7269772481040087,923,671,256,0,4.305514157973175,6.0,671,6022.590446924752,5990.797337664484,31.793109260265364,94.10297573319924,0.005268717962238047,0.1317179490559512,8.232371815996949e-05,0.4456395419336099,64
31488,491,31481,-438.3417368318494,-6.849089637997647,0.7925356750823271,911,722,206,0,4.0069252077562325,6.0,722,6733.004565516071,6706.479793040715,26.52477247535238,105.20319633618861,0.005858853769556963,0.14647134423892408,9.154459014932755e-05,0.4459368676814075,64
31552,492,31545,-475.02247172183525,-7.422226120653676,0.7360084477296727,947,697,235,0,4.0832137733142035,6.0,697,7924.090661681463,7893.1763268939,30.91433478756185,123.81391658877286,0.006131822517411189,0.1532955629352797,9.580972683454983e-05,0.4462060406630153,64
31616,493,31609,-380.67276756920756,-5.948011993268868,0.7325581395348837,946,693,248,0,4.062049062049062,6.0,693,7388.584305608987,7358.46252073561,30.121784873376992,115.44662977514042,0.005163053665538895,0.12907634163847237,8.067271352404523e-05,0.44610075927107484,64
31680,494,31673,-567.9563818798875,-8.874318466873243,0.7519042437431991,919,691,228,0,4.065123010130246,7.0,691,7800.742678443271,7771.238565575465,29.504112867807414,121.88660435067611,0.007059274884363907,0.17648187210909766,0.00011030117006818604,0.44552269160138525,64
31744,495,31737,-554.0230946360614,-8.65661085368846,0.789311408016444,973,768,210,0,3.984375,6.0,768,8450.332637222376,8420.52661662722,29.806020595158667,132.03644745659963,0.007123344449953469,0.17808361124883673,0.00011130225703052295,0.4458310881569743,64
31808,496,31801,-425.9277455188087,-6.655121023731386,0.7873684210526316,950,748,202,0,3.8101604278074865,6.0,748,7678.010045391214,7650.539760312668,27.470285078547043,119.96890695923771,0.005804009977725883,0.14510024944314706,9.068765590196692e-05,0.44650815127319454,64
31872,497,31865,-433.00041683991213,-6.765631513123627,0.7738951695786228,973,753,212,0,3.7742363877822047,6.0,753,8514.129486725751,8488.08515803679,26.044328688959354,133.03327323008986,0.0058741186958146405,0.14685296739536602,9.178310462210376e-05,0.44735696292475696,64
31936,498,31929,-440.75814425272836,-6.886846003948881,0.7836593785960875,869,681,197,0,3.9647577092511015,6.0,681,6539.194722599695,6511.226229454463,27.968493145235325,102.17491754062023,0.005798684945118907,0.14496712362797268,9.060445226748292e-05,0.44752068458636796,64
32000,499,31993,-597.9336654934482,-9.342713523335128,0.6564729867482161,981,644,330,0,4.619565217391305,7.0,644,8097.866232629319,8059.581592172737,38.28464045658592,126.5291598848331,0.007121727170981958,0.17804317927454896,0.0001112769870465931,0.44753750603345077,64
