train_slots,rollout_index,updates,train_return,train_mean_slot_Rsys,train_satisfaction,train_cr,train_arrived,train_done,train_timeout,train_rejected,train_system_delay_overhead_s_per_slot,train_delay_sum_s,train_avg_completed_e2e_delay_s,train_p95_completed_e2e_delay_s,train_delay_samples,train_system_energy_overhead_kj_per_slot,train_total_dynamic_energy_j,train_energy_comp_j,train_energy_trans_j,train_cumulative_lifetime_loss,train_cum_hl_mean_satellite,train_avg_hl_per_sat_slot,train_avg_dod,train_n_slots
64,0,59,376.30189889515157,5.879717170236743,0.728490832157969,0.728490832157969,1418,1033,307,0,52.15625,3338.0,3.2313649564375604,5.0,1033,0.03108533069723546,1989.4611646230696,1948.0549704402006,41.4061941828682,0.01764254692913154,0.0007057018771652616,1.1026591830707213e-05,0.3518317438817052,64
128,1,123,366.97873318065143,5.734042705947679,0.7562776957163959,0.7562776957163959,1354,1024,334,0,55.25,3536.0,3.453125,5.0,1024,0.03174130033850543,2031.4432216643477,1986.1172742007188,45.325947463628644,0.01811491297550127,0.0007245965190200509,1.1321820609688295e-05,0.3479463175797115,64
192,2,187,343.8712134468043,5.372987710106317,0.7142857142857143,0.7142857142857143,1393,995,380,0,57.28125,3666.0,3.684422110552764,6.0,995,0.033273669822462416,2129.5148686375946,2080.1603611017536,49.35450753584096,0.01854270988436624,0.0007417083953746497,1.1589193677728901e-05,0.3440648079724378,64
256,3,251,387.09172909235826,6.048308267068098,0.7596626844694307,0.7596626844694307,1423,1081,358,0,60.46875,3870.0,3.5800185013876042,6.0,1081,0.03379074542823539,2162.607707407065,2117.8298289589497,44.77787844811489,0.019164898036632103,0.0007665959214652842,1.1978061272895065e-05,0.3403572122517119,64
320,4,315,357.3418863459211,5.583466974155018,0.7185964912280701,0.7185964912280701,1425,1024,380,0,56.828125,3637.0,3.5517578125,6.0,1024,0.03231870273452452,2068.3969750095694,2021.0369660418787,47.36000896769107,0.019024351400930374,0.000760974056037215,1.1890219625581484e-05,0.3364448396008818,64
384,5,379,360.7445008585898,5.636632825915465,0.7260748959778086,0.7260748959778086,1442,1047,405,0,62.96875,4030.0,3.8490926456542502,7.0,1047,0.03511858662404759,2247.589543939046,2198.633534645528,48.9560092935182,0.021315892598175717,0.0008526357039270287,1.3322432873859823e-05,0.3327609022115802,64
448,6,443,398.635732816811,6.228683325262672,0.772695285010556,0.772695285010556,1421,1098,335,0,57.828125,3701.0,3.3706739526411655,5.0,1098,0.0321795121059363,2059.4887747799235,2016.2948673397689,43.193907440153794,0.01833760889970175,0.0007335043559880699,1.1461005562313592e-05,0.32890781434542093,64
512,7,507,335.6285434495929,5.244195991399889,0.6987270155586988,0.6987270155586988,1414,988,410,0,62.546875,4003.0,4.051619433198381,6.0,988,0.03164985617793516,2025.5907953878502,1970.30339367427,55.287401713579996,0.018412922419654993,0.0007365168967861997,1.150807651228437e-05,0.32499788835189414,64
576,8,571,275.92188702911756,4.311279484829962,0.6203389830508474,0.6203389830508474,1475,915,539,0,64.640625,4137.0,4.521311475409836,7.0,915,0.03623644917952346,2319.1327474895015,2259.3768229277675,59.75592456173576,0.02322092557832312,0.0009288370231329248,1.451307848645195e-05,0.3211914203466095,64
640,9,635,363.27375335749605,5.676152396210876,0.7335664335664336,0.7335664335664336,1430,1049,407,0,64.109375,4103.0,3.911344137273594,6.0,1049,0.03047533868859287,1950.4216760699437,1897.765005666958,52.656670402985746,0.017203846707640424,0.0006881538683056169,1.0752404192275264e-05,0.3180168041730439,64
704,10,699,384.2272269727364,6.003550421449006,0.7626154939587776,0.7626154939587776,1407,1073,359,0,63.953125,4093.0,3.814538676607642,5.0,1073,0.030022873466759577,1921.463901872613,1870.6992316153253,50.76467025728749,0.01667872095284089,0.0006671488381136357,1.0424200595525557e-05,0.3156495478099933,64
768,11,763,348.3127234241518,5.442386303502372,0.7115384615384616,0.7115384615384616,1404,999,382,0,59.828125,3829.0,3.8328328328328327,5.0,999,0.02852537627798303,1825.624081790914,1772.483872714647,53.14020907626694,0.015614335738626839,0.0006245734295450736,9.758959836641774e-06,0.31428600276411495,64
832,12,827,359.32257459759796,5.614415228087468,0.7149725274725275,0.7149725274725275,1456,1041,411,0,64.984375,4159.0,3.9951969260326607,6.0,1041,0.030445879480889153,1948.5362867769059,1892.2792320808458,56.257054696060806,0.01679569693148372,0.0006718278772593488,1.0497310582177325e-05,0.31281922348604385,64
896,13,891,375.15557720967695,5.861805893901202,0.7300068352699932,0.7300068352699932,1463,1068,398,0,66.0625,4228.0,3.958801498127341,6.0,1068,0.03049428197255727,1951.6340462436651,1896.0294254216687,55.60462082199618,0.01633378731708132,0.0006533514926832527,1.0208617073175824e-05,0.31131007576849956,64
960,14,955,332.98490074036323,5.2028890740681755,0.6911357340720221,0.6911357340720221,1444,998,436,0,69.90625,4474.0,4.482965931863728,6.0,998,0.03621208903220905,2317.573698061379,2258.7559868373405,58.817711224038305,0.020460124667315175,0.000818404986692607,1.2787577917071984e-05,0.3107638128240109,64
1024,15,1019,291.3510662675393,4.5523604104303015,0.6569186875891584,0.6569186875891584,1402,921,479,0,62.59375,4006.0,4.3496199782844736,6.0,921,0.032390144222212716,2072.969230221614,2016.7632146569038,56.2060155647101,0.020166416678008857,0.0008066566671203543,1.2604010423755536e-05,0.31094616554557314,64
1088,16,1083,329.9844977619173,5.1560077775299575,0.6861111111111111,0.6861111111111111,1440,988,446,0,65.203125,4173.0,4.223684210526316,6.0,988,0.028772453497591687,1841.437023845868,1781.2851714542473,60.15185239162086,0.016038874886873892,0.0006415549954749557,1.0024296804296183e-05,0.3106135363546658,64
1152,17,1147,310.69519795893456,4.8546124681083525,0.6895544192841491,0.6895544192841491,1369,944,451,0,64.453125,4125.0,4.369703389830509,6.0,944,0.030135614599086903,1928.6793343415618,1869.8145976146202,58.86473672694208,0.016351643593159576,0.0006540657437263831,1.0219777245724736e-05,0.30979113072391007,64
1216,18,1211,293.389570952815,4.5842120461377345,0.6554199569274947,0.6554199569274947,1393,913,464,0,63.75,4080.0,4.468784227820373,7.0,913,0.03349945218079132,2143.964939570644,2085.137439107878,58.827500462764704,0.016792829585220798,0.0006717131834088318,1.0495518490762998e-05,0.3092545751402892,64
1280,19,1275,222.50124963170913,3.476582025495455,0.5665976535541752,0.5665976535541752,1449,821,618,0,65.34375,4182.0,5.093788063337393,9.0,821,0.03851922636527482,2465.2304873775884,2402.9292786032797,62.30120877430828,0.023505147499164894,0.0009402058999665958,1.4690717186978059e-05,0.3092936652338239,64
1344,20,1339,287.3141803144673,4.489284067413552,0.6510638297872341,0.6510638297872341,1410,918,515,0,66.515625,4257.0,4.637254901960785,8.0,918,0.031541564303677175,2018.6601154353393,1958.7140750836772,59.94604035166215,0.018295820753016633,0.0007318328301206653,1.1434887970635396e-05,0.30971621075638434,64
1408,21,1403,347.2095810232066,5.4251497034876035,0.6993243243243243,0.6993243243243243,1480,1035,440,0,64.234375,4111.0,3.9719806763285024,5.0,1035,0.030289987796530495,1938.5592189779518,1881.407201711775,57.15201726617597,0.020377693874142296,0.0008151077549656918,1.2736058671338934e-05,0.3099140410632881,64
1472,22,1467,281.6797493468512,4.40124608354455,0.6582466567607727,0.6582466567607727,1346,886,443,0,61.921875,3963.0,4.472911963882619,6.0,886,0.030202536718456182,1932.9623499811958,1878.5182022254123,54.444147755783774,0.021846693069477507,0.0008738677227791003,1.3654183168423442e-05,0.3099471699351006,64
1536,23,1531,267.83948627946427,4.184991973116629,0.6286713286713287,0.6286713286713287,1430,899,529,0,67.625,4328.0,4.814238042269188,7.0,899,0.03869032436518491,2476.180759371834,2414.3777834814,61.802975890435285,0.02910248768661696,0.0011640995074646784,1.81890548041356e-05,0.3096727199429031,64
1600,24,1595,276.4956652225676,4.320244769102619,0.6551475881929446,0.6551475881929446,1389,910,495,0,65.984375,4223.0,4.640659340659341,7.0,910,0.03665422996612767,2345.8707178321706,2286.8610455048265,59.009672327343274,0.027417055938550434,0.0010966822375420174,1.713565996159402e-05,0.30939290633388117,64
1664,25,1659,212.18492594001285,3.3153894678127007,0.5685986793837124,0.5685986793837124,1363,775,565,0,61.25,3920.0,5.058064516129032,9.0,775,0.033300210050733914,2131.2134432469707,2073.167219909508,58.04622333746254,0.024626204059152848,0.000985048162366114,1.539137753697053e-05,0.30966236950584203,64
1728,26,1723,200.48730858536945,3.1326141966463976,0.5553145336225597,0.5553145336225597,1383,768,621,0,58.828125,3765.0,4.90234375,8.0,768,0.03294449851196493,2108.4479047657555,2048.6362258185277,59.81167894722738,0.023164747466154847,0.0009265898986461939,1.447796716634678e-05,0.30980054783870814,64
1792,27,1787,243.2923420688959,3.8014428448264983,0.6032078103207811,0.6032078103207811,1434,865,585,0,65.890625,4217.0,4.8751445086705205,8.0,865,0.035775336071247256,2289.621508559824,2229.3844377896385,60.23707077018605,0.026031965602787456,0.0010412786241114982,1.626997850174216e-05,0.3096529552025362,64
1856,28,1851,194.72202024444363,3.0425315663194317,0.5373864430468204,0.5373864430468204,1431,769,646,0,65.34375,4182.0,5.438231469440832,9.0,769,0.038107919128152395,2438.9068242017534,2378.640802568556,60.26602163319695,0.02145905800597805,0.000858362320239122,1.3411911253736281e-05,0.3091061099387329,64
1920,29,1915,167.7460821775842,2.6210325340247533,0.5131860299358517,0.5131860299358517,1403,720,675,0,59.890625,3833.0,5.323611111111111,9.0,720,0.03601246134667527,2304.797526187217,2246.387456389131,58.4100697980861,0.022844458179005208,0.0009137783271602083,1.4277786361878254e-05,0.3081308634639287,64
1984,30,1979,233.2136299301677,3.6439629676588705,0.6001461988304093,0.6001461988304093,1368,821,557,0,65.703125,4205.0,5.121802679658953,8.0,821,0.038057896481630056,2435.7053748243234,2376.7966869819898,58.90868784233417,0.02345232865078144,0.0009380931460312576,1.46577054067384e-05,0.30689960343403455,64
2048,31,2043,211.51699069699754,3.3049529796405865,0.5646306818181818,0.5646306818181818,1408,795,607,0,64.53125,4130.0,5.19496855345912,9.0,795,0.03765731003976268,2410.0678425448114,2350.847733047423,59.22010949738832,0.02283003454703762,0.0009132013818815047,1.4268771591898511e-05,0.3054983073378563,64
2112,32,2107,271.446247008334,4.241347609505219,0.6463501063075833,0.6463501063075833,1411,912,524,0,66.46875,4254.0,4.6644736842105265,8.0,912,0.034704777767610225,2221.1057771270544,2162.03517756616,59.070599560894145,0.028140608802507225,0.001125624352100289,1.7587880501567016e-05,0.3040358122796506,64
2176,33,2171,308.943132868168,4.827236451065125,0.6606905710491368,0.6606905710491368,1506,995,506,0,70.015625,4481.0,4.503517587939698,6.0,995,0.037081259196452956,2373.200588572989,2309.447700489454,63.75288808353425,0.029697273794536152,0.001187890951781446,1.8560796121585094e-05,0.30317057426340704,64
2240,34,2235,300.902240797565,4.701597512461953,0.6588881262868909,0.6588881262868909,1457,960,493,0,71.0,4544.0,4.733333333333333,8.0,960,0.036019272570231124,2305.233444494792,2244.808701297923,60.42474319686824,0.02638561887659063,0.0010554247550636252,1.6491011797869144e-05,0.3027712280281853,64
2304,35,2299,242.80614108283604,3.793845954419313,0.6243425995492111,0.6243425995492111,1331,831,509,0,59.125,3784.0,4.5535499398315284,7.0,831,0.030208769304522917,1933.3612354894667,1877.690862843302,55.67037264616416,0.027465138693776883,0.0010986055477510753,1.716571168361055e-05,0.30201470349306003,64
2368,36,2363,245.3704011617594,3.8339125181524905,0.6180193596425912,0.6180193596425912,1343,830,516,0,63.34375,4054.0,4.88433734939759,8.0,830,0.03522389591076695,2254.329338289085,2198.2159351875976,56.113403101487876,0.02045385945455632,0.0008181543781822528,1.27836621590977e-05,0.30140176259519147,64
2432,37,2427,211.2525546593883,3.300821166552942,0.5504908835904628,0.5504908835904628,1426,785,608,0,62.59375,4006.0,5.103184713375796,9.0,785,0.03649753172284477,2335.8420302620652,2275.2045045647196,60.63752569734602,0.01990050190195964,0.0007960200760783856,1.2437813688724775e-05,0.3011485304263095,64
2496,38,2491,228.0581291321746,3.563408267690228,0.5836350470673425,0.5836350470673425,1381,806,578,0,60.84375,3894.0,4.831265508684863,9.0,806,0.031146894075869718,1993.401220855662,1935.444036648277,57.957184207385914,0.017894651897458428,0.0007157860758983371,1.1184157435911518e-05,0.3005552212677557,64
2560,39,2555,177.01242466779578,2.765819135434309,0.5150665732305536,0.5150665732305536,1427,735,694,0,62.234375,3983.0,5.419047619047619,9.0,735,0.036226635449480675,2318.504668766763,2257.921151952896,60.58351681386813,0.018499572481272583,0.0007399828992509034,1.1562232800795365e-05,0.29967482972166287,64
2624,40,2619,183.37516737259142,2.865236990196741,0.5208775654635527,0.5208775654635527,1413,736,669,0,64.21875,4110.0,5.584239130434782,10.0,736,0.037283678201879375,2386.15540492028,2326.936606072435,59.21879884784481,0.019207327114945702,0.0007682930845978281,1.2004579446841063e-05,0.2986566709760366,64
2688,41,2683,124.01574929496454,1.9377460827338209,0.4361111111111111,0.4361111111111111,1440,628,787,0,54.515625,3489.0,5.555732484076433,10.0,628,0.033295475127134384,2130.9104081366004,2068.6466905307093,62.2637176058914,0.015957410733482082,0.0006382964293392833,9.973381708426302e-06,0.29727441243182695,64
2752,42,2747,225.80257906041425,3.5281652978189726,0.5811965811965812,0.5811965811965812,1404,816,622,0,64.15625,4106.0,5.0318627450980395,8.0,816,0.034546112405866095,2210.95119397543,2151.3969330144046,59.55426096102475,0.02131220545798896,0.0008524882183195584,1.33201284112431e-05,0.29547475408513507,64
2816,43,2811,261.6954947926722,4.088992106135503,0.6277056277056277,0.6277056277056277,1386,870,504,0,61.609375,3943.0,4.532183908045977,7.0,870,0.032185639788359435,2059.880946455004,2002.4100047324825,57.47094172252225,0.025821742705134394,0.0010328697082053757,1.6138589190708995e-05,0.2933502737104,64
2880,44,2875,235.52723505303933,3.6801130477037396,0.5875350140056023,0.5875350140056023,1428,839,619,0,59.484375,3807.0,4.537544696066746,7.0,839,0.031573047814770605,2020.6750601453189,1959.7317903724759,60.94326977284356,0.022339030979650083,0.0008935612391860033,1.3961894362281302e-05,0.2909033731503082,64
2944,45,2939,260.7320322936316,4.073938004587994,0.6316171138506164,0.6316171138506164,1379,871,516,0,63.671875,4075.0,4.6785304247990815,8.0,871,0.03320371480949567,2125.0377478077226,2067.494878622968,57.542869184755325,0.02409913118176129,0.0009639652472704516,1.5061956988600807e-05,0.2881534289990527,64
3008,46,3003,295.5401087783266,4.617814199661353,0.6609808102345416,0.6609808102345416,1407,930,478,0,65.40625,4186.0,4.501075268817204,6.0,930,0.03120604885167195,1997.1871265070047,1940.0911603970321,57.095966109972295,0.021773371660502937,0.0008709348664201175,1.3608357287814336e-05,0.28513998407522556,64
3072,47,3067,226.90771717416038,3.545433080846256,0.5755189692197566,0.5755189692197566,1397,804,572,0,61.71875,3950.0,4.912935323383085,8.0,804,0.036169063052018065,2314.8200353291563,2256.5616812472203,58.2583540819352,0.019000356042482753,0.0007600142416993101,1.1875222526551721e-05,0.2820577470193365,64
3136,48,3131,236.55060228522547,3.696103160706648,0.5918958031837916,0.5918958031837916,1382,818,573,0,59.4375,3804.0,4.65036674816626,7.0,818,0.03282997869482404,2101.1186364687387,2043.4434305406362,57.67520592810343,0.016326590173511644,0.0006530636069404657,1.0204118858444777e-05,0.27888574228665874,64
3200,49,3195,269.837870322796,4.216216723793687,0.6227586206896552,0.6227586206896552,1450,903,567,0,64.265625,4113.0,4.554817275747508,7.0,903,0.031825889225300746,2036.8569104192477,1976.0143361883527,60.84257423089615,0.019029393961900974,0.000761175758476039,1.189337122618811e-05,0.2752409079691204,64
3264,50,3259,305.2664106692031,4.769787666706298,0.6772058823529412,0.6772058823529412,1360,921,417,0,63.328125,4053.0,4.400651465798045,6.0,921,0.029575463568902817,1892.8296684097802,1833.9303498211673,58.89931858861311,0.01700976729756001,0.0006803906919024004,1.0631104560975006e-05,0.2714904346435583,64
3328,51,3323,302.4642860408194,4.726004469387803,0.6466165413533834,0.6466165413533834,1463,946,510,0,66.765625,4273.0,4.516913319238901,7.0,946,0.030009619306316807,1920.6156356042757,1856.8280320477913,63.78760355648463,0.019300136424430816,0.0007720054569772326,1.206258526526926e-05,0.2676712319381602,64
3392,52,3387,310.2933914038896,4.848334240685775,0.6830985915492958,0.6830985915492958,1420,970,475,0,66.84375,4278.0,4.410309278350516,6.0,970,0.034474968720455225,2206.3979981091343,2145.5288410443313,60.86915706480201,0.023441817604021996,0.0009376727041608799,1.4651136002513748e-05,0.26380877976199735,64
3456,53,3451,263.1482661097144,4.111691657964288,0.6145833333333334,0.6145833333333334,1440,885,549,0,61.9375,3964.0,4.47909604519774,6.7999999999999545,885,0.03127270665235068,2001.4532257504434,1937.851127544485,63.602098205957496,0.020548324807856594,0.0008219329923142638,1.2842703004910372e-05,0.26050495409437113,64
3520,54,3515,277.0029442751363,4.328171004299005,0.6316160903316866,0.6316160903316866,1417,895,510,0,64.046875,4099.0,4.579888268156425,6.2999999999999545,895,0.03298796975486492,2111.230064311355,2049.9480052238996,61.2820590874555,0.019856318534128038,0.0007942527413651216,1.2410199083830025e-05,0.25797861434968217,64
3584,55,3579,242.55690961770165,3.7899517127765883,0.5982532751091703,0.5982532751091703,1374,822,557,0,60.359375,3863.0,4.699513381995134,8.0,822,0.03090886586637499,1978.1674154479992,1918.8594313329231,59.30798411507579,0.018653247325667265,0.0007461298930266906,1.165827957854204e-05,0.2553811167859049,64
3648,56,3643,229.53542335245953,3.58649098988218,0.5837004405286343,0.5837004405286343,1362,795,556,0,56.546875,3619.0,4.552201257861635,7.0,795,0.028618407665259214,1831.5780905765896,1772.0419001383186,59.53619043827071,0.01797432128564279,0.0007189728514257115,1.1233950803526743e-05,0.2525517880737691,64
3712,57,3707,291.5835209736521,4.5559925152133145,0.6580829756795422,0.6580829756795422,1398,920,489,0,65.078125,4165.0,4.5271739130434785,6.0,920,0.03169008599179526,2028.1655034748962,1970.956595635162,57.20890783973406,0.01913749356264288,0.0007654997425057151,1.1960933476651799e-05,0.24958218093044937,64
3776,58,3771,296.0693012078319,4.626082831372374,0.6635242929659173,0.6635242929659173,1379,915,459,0,65.6875,4204.0,4.594535519125683,7.0,915,0.0340662714263214,2180.2413712845696,2119.2158927978053,61.02547848676432,0.017263547172375666,0.0006905418868950266,1.0789716982734791e-05,0.24660010060796983,64
3840,59,3835,205.55916012000296,3.211861876875046,0.5617647058823529,0.5617647058823529,1360,764,600,0,61.265625,3921.0,5.132198952879581,9.0,764,0.0365840954358741,2341.382107895942,2281.624293496385,59.75781439955731,0.01842451142516364,0.0007369804570065457,1.1515319640727277e-05,0.24357709238757086,64
3904,60,3899,156.83257610845695,2.45050900169464,0.4914651493598862,0.4914651493598862,1406,691,714,0,60.25,3856.0,5.580318379160636,10.0,691,0.03566331724338841,2282.452303576858,2221.9429308319063,60.50937274495234,0.01986270941350237,0.0007945083765400949,1.2414193383438982e-05,0.24051368691548436,64
3968,61,3963,151.924436432819,2.3738193192627968,0.4860614724803431,0.4860614724803431,1399,680,693,0,61.90625,3962.0,5.826470588235294,10.0,680,0.035709968308957216,2285.437971773262,2224.8147517503944,60.623220022866704,0.019479711926691727,0.0007791884770676691,1.217481995418233e-05,0.2372436745948257,64
4032,62,4027,117.57015652697743,1.8370336957340223,0.4329268292682927,0.4329268292682927,1476,639,829,0,57.921875,3707.0,5.801251956181534,10.0,639,0.03499121161755751,2239.4375435236807,2174.5366442682853,64.90089925539561,0.019937193044984973,0.0007974877217993989,1.2460745653115608e-05,0.23399505442997504,64
4096,63,4091,223.68755983412927,3.49511812240827,0.5886262924667651,0.5886262924667651,1354,797,605,0,63.6875,4076.0,5.114178168130489,9.0,797,0.035463889564775045,2269.688932145603,2211.581022225068,58.10790992053495,0.019910876872717875,0.0007964350749087149,1.244429804544867e-05,0.23057117107594288,64
4160,64,4155,217.6871726626288,3.401362072853575,0.565123010130246,0.565123010130246,1382,781,580,0,60.171875,3851.0,4.930857874519846,8.0,781,0.033001908502626326,2112.122144168085,2054.2744869754906,57.84765719259398,0.016672780031981405,0.0006669112012792562,1.0420487519988379e-05,0.22700340753480297,64
4224,65,4219,169.9752581928356,2.6558634092630564,0.46820405310971347,0.46820405310971347,1431,670,749,0,47.015625,3009.0,4.491044776119403,7.0,670,0.023217088191432145,1485.8936442516572,1426.7102843958464,59.18335985581047,0.011772699799369074,0.000470907991974763,7.3579373746056715e-06,0.2230902463175342,64
4288,66,4283,145.51700741916233,2.2737032409244113,0.4301833568406206,0.4301833568406206,1418,610,801,0,42.8125,2740.0,4.491803278688525,6.0,610,0.02131439980846738,1364.1215877419124,1304.7810893737696,59.3404983681427,0.010142572875932664,0.00040570291503730653,6.3391080474579146e-06,0.21872816578874102,64
4352,67,4347,127.67327521863328,1.994894925291145,0.42411347517730497,0.42411347517730497,1410,598,827,0,46.796875,2995.0,5.008361204013378,9.0,598,0.025149445916234223,1609.5645386389904,1549.744831432579,59.8197072064116,0.011435502522371695,0.00045742010089486776,7.147189076482309e-06,0.2144004093278847,64
4416,68,4411,111.79797642315674,1.746843381611824,0.43582306018854244,0.43582306018854244,1379,601,767,0,51.53125,3298.0,5.487520798668885,10.0,601,0.026442642736755676,1692.3291351523633,1635.3850547082259,56.94408044413842,0.012344586846052543,0.0004937834738421018,7.71536677878284e-06,0.21047403252505809,64
4480,69,4475,124.00149421158127,1.9375233470559574,0.4033557046979866,0.4033557046979866,1490,601,899,0,46.546875,2979.0,4.956738768718802,9.0,601,0.02522233794266198,1614.2296283303667,1552.4180810695373,61.81154726082913,0.011477048363609781,0.0004590819345443913,7.173155227256114e-06,0.20671005016694963,64
4544,70,4539,135.9065400380049,2.1235396880938264,0.41978798586572436,0.41978798586572436,1415,594,807,0,43.609375,2791.0,4.698653198653199,7.0,594,0.022540980377005988,1442.6227441283831,1384.1246063783099,58.4981377500728,0.009723956996865266,0.00038895827987461064,6.077473123040791e-06,0.20262281148860375,64
4608,71,4603,160.4723510181687,2.507380484658886,0.46203904555314534,0.46203904555314534,1383,639,750,0,46.703125,2989.0,4.677621283255086,7.0,639,0.02331083823213918,1491.8936468569075,1432.9855676696304,58.9080791872773,0.01058905647914366,0.0004235622591657464,6.618160299464788e-06,0.1987892326677383,64
4672,72,4667,148.16852045529888,2.315133132114045,0.4592057761732852,0.4592057761732852,1385,636,768,0,48.59375,3110.0,4.889937106918239,8.0,636,0.0271291969974317,1736.268607835629,1677.3249667562627,58.943641079366294,0.012549526647864519,0.0005019810659145807,7.843454154915324e-06,0.19535250690663292,64
4736,73,4731,211.8558357029971,3.3102474328593297,0.5585651537335286,0.5585651537335286,1366,763,606,0,58.265625,3729.0,4.8872870249017035,8.0,763,0.0317756909675075,2033.6442219204798,1977.3994335673822,56.24478835309846,0.014089977895319374,0.000563599115812775,8.806236184574609e-06,0.1921557778410084,64
4800,74,4795,230.85687628712023,3.6071386919862536,0.5644937586685159,0.5644937586685159,1442,814,610,0,64.953125,4157.0,5.106879606879607,8.0,814,0.036562879641860266,2340.024297079057,2278.8680225261305,61.156274552925275,0.016986696041571832,0.0006794678416628733,1.0616685025982395e-05,0.18965689572674424,64
4864,75,4859,150.61560303770028,2.353368797464067,0.4690831556503198,0.4690831556503198,1407,660,739,0,52.875,3384.0,5.127272727272727,9.0,660,0.028722949570462224,1838.2687725095823,1783.5256265549244,54.74314595465812,0.012275747669661004,0.0004910299067864401,7.672342293538127e-06,0.18701727566660936,64
4928,76,4923,124.65643845448562,1.9477568508513379,0.43964886613021215,0.43964886613021215,1367,601,788,0,47.5,3040.0,5.058236272878536,9.0,601,0.026229084650599022,1678.6614176383375,1626.1397796416409,52.52163799669642,0.011094029717004968,0.0004437611886801987,6.933768573128105e-06,0.18394187865871758,64
4992,77,4987,176.03929209205813,2.7506139389384083,0.49647390691114246,0.49647390691114246,1418,704,674,0,57.921875,3707.0,5.265625,9.0,704,0.0348705444211582,2231.714842954125,2176.691504197201,55.02333875692532,0.014506023759122494,0.0005802409503648997,9.066264849451558e-06,0.18083603406725127,64
5056,78,5051,214.77176780726433,3.355808871988505,0.5529081990189209,0.5529081990189209,1427,789,633,0,70.296875,4499.0,5.702154626108999,10.0,789,0.038584037249075546,2469.378383940835,2414.1176785562375,55.26070538459671,0.015864320013292667,0.0006345728005317067,9.915200008307917e-06,0.1783540811447026,64
5120,79,5115,126.77875244063382,1.9809180068849035,0.43952180028129395,0.43952180028129395,1422,625,796,0,55.96875,3582.0,5.7312,10.0,625,0.03348712020452984,2143.1756930899096,2086.8142952837075,56.36139780620182,0.01487734051657941,0.0005950936206631764,9.298337822862132e-06,0.1759370660815352,64
5184,80,5179,133.75064283399388,2.0898537942811544,0.45384073291050037,0.45384073291050037,1419,644,785,0,53.21875,3406.0,5.288819875776397,9.0,644,0.030347550592818517,1942.2432379403851,1888.2364287662176,54.00680917416715,0.012859457141920296,0.0005143782856768119,8.037160713700185e-06,0.17323474694251745,64
5248,81,5243,163.57996728113693,2.5559369887677645,0.4918032786885246,0.4918032786885246,1403,690,733,0,60.515625,3873.0,5.613043478260869,10.0,690,0.03474492411144375,2223.6751431323996,2171.533711121724,52.141432010675295,0.011908257395587327,0.0004763302958234931,7.44266087224208e-06,0.17010490064840106,64
5312,82,5307,192.930396100908,3.0145374390766877,0.5358187134502924,0.5358187134502924,1368,733,627,0,61.8125,3956.0,5.39699863574352,9.0,733,0.03455903994889914,2211.778556729545,2156.2805409823313,55.49801574721381,0.015681511813518973,0.0006272604725407589,9.800944883449359e-06,0.16704508243002797,64
5376,83,5371,161.1530301582018,2.518016096221903,0.4960231381055676,0.4960231381055676,1383,686,694,0,60.109375,3847.0,5.607871720116618,10.0,686,0.03425280638311958,2192.1796085196534,2135.4112909240603,56.768317595592364,0.015836671787892567,0.0006334668715157027,9.897919867432854e-06,0.1645168062785112,64
5440,84,5435,194.270502655922,3.0354766039987813,0.5372604684173172,0.5372604684173172,1409,757,680,0,62.171875,3979.0,5.256274768824307,9.0,757,0.038200548274778034,2444.8350895857943,2388.719063857811,56.116025727983654,0.01654767518711755,0.000661907007484702,1.0342296991948468e-05,0.16339203305621686,64
5504,85,5499,202.10687027568096,3.157919848057515,0.5466377440347071,0.5466377440347071,1383,756,603,0,62.796875,4019.0,5.3161375661375665,9.0,756,0.035542259669593165,2274.7046188539625,2218.8761862603506,55.82843259361235,0.016696016574695206,0.0006678406629878083,1.0435010359184504e-05,0.1624139157006505,64
5568,86,5563,182.11376594946643,2.845527592960413,0.5183850036049027,0.5183850036049027,1387,719,671,0,60.078125,3845.0,5.347705146036161,9.0,719,0.03627289682007858,2321.465396485029,2264.9328459716935,56.53255051333585,0.01499811548315108,0.0005999246193260432,9.373822176969425e-06,0.16119697748353837,64
5632,87,5627,174.89258038444856,2.732696568507009,0.5020661157024794,0.5020661157024794,1452,729,733,0,63.3125,4052.0,5.558299039780521,10.0,729,0.03825533168446205,2448.341227805571,2391.478654371975,56.86257343359647,0.015150647484416623,0.0006060258993766649,9.469154677760389e-06,0.1597926420089122,64
5696,88,5691,201.05410614047906,3.1414704084449854,0.55,0.55,1380,759,617,0,63.0625,4036.0,5.317523056653491,9.0,759,0.034835099034377134,2229.446338200137,2174.1110716132685,55.335266586869004,0.01633134796459601,0.0006532539185838404,1.0207092477872506e-05,0.15876256455034649,64
5760,89,5755,192.75105482391442,3.0117352316236627,0.5359154929577464,0.5359154929577464,1420,761,664,0,62.578125,4005.0,5.26281208935611,9.0,761,0.03824697664146408,2447.806505053701,2386.7372173081967,61.06928774550413,0.018566561442247876,0.000742662457689915,1.1604100901404922e-05,0.15824045808579434,64
5824,90,5819,228.38340291727707,3.568490670582454,0.5855263157894737,0.5855263157894737,1368,801,570,0,64.265625,4113.0,5.134831460674158,8.0,801,0.037047153091657035,2371.0177978660504,2315.5824451327567,55.43535273329387,0.017645465777823062,0.0007058186311129225,1.1028416111139415e-05,0.1575853660149925,64
5888,91,5883,198.43800861893487,3.1005938846708574,0.541757443718228,0.541757443718228,1377,746,615,0,64.46875,4126.0,5.53083109919571,9.0,746,0.03408996362880571,2181.7576722435656,2126.6540775912613,55.10359465230428,0.015795618778963225,0.000631824751158529,9.872261736852015e-06,0.15682846033349918,64
5952,92,5947,189.52364754325026,2.9613069928632854,0.5129224652087475,0.5129224652087475,1509,774,729,0,66.0,4224.0,5.457364341085271,9.0,774,0.03788977086674726,2424.945335471825,2360.7561688121855,64.18916665963945,0.018831272632344527,0.0007532509052937811,1.176954539521533e-05,0.1564511979481771,64
6016,93,6011,169.4615980981615,2.6478374702837733,0.5071633237822349,0.5071633237822349,1396,708,693,0,60.0625,3844.0,5.429378531073446,9.0,708,0.033928960569821635,2171.4534764685845,2114.26050301677,57.192973451814595,0.017448000464085574,0.0006979200185634229,1.0905000290053483e-05,0.1564317733356549,64
6080,94,6075,122.01115519035751,1.9064242998493361,0.45113886847905954,0.45113886847905954,1361,614,761,0,53.421875,3419.0,5.568403908794788,10.0,614,0.031365625636572005,2007.4000407406081,1950.7667378919168,56.633302848690654,0.014923469917178066,0.0005969387966871226,9.32716869823629e-06,0.15609165994087332,64
6144,95,6139,187.55388713896957,2.9305294865463996,0.525,0.525,1440,756,688,0,64.40625,4122.0,5.4523809523809526,9.0,756,0.039845605327323036,2550.1187409486743,2491.5218333347666,58.59690761390783,0.019666524109375735,0.0007866609643750294,1.2291577568359834e-05,0.15651189656728068,64
6208,96,6203,219.7890143727049,3.4342033495735143,0.5595238095238095,0.5595238095238095,1428,799,612,0,65.65625,4202.0,5.259073842302879,9.0,799,0.039980943328144364,2558.7803730012392,2500.312237959017,58.46813504222247,0.018969094322970968,0.0007587637729188387,1.1855683951856855e-05,0.15708765988581705,64
6272,97,6267,123.67171978185763,1.9323706215915255,0.4409221902017291,0.4409221902017291,1388,612,782,0,52.25,3344.0,5.4640522875816995,9.0,612,0.030877915416784057,1976.1865866741796,1923.533191122368,52.65339555181136,0.012486018015131424,0.000499440720605257,7.80376125945714e-06,0.1571209242527271,64
6336,98,6331,165.4754694020931,2.5855542094077046,0.47950819672131145,0.47950819672131145,1464,702,745,0,59.015625,3777.0,5.380341880341881,9.0,702,0.03400270553191752,2176.1731540427213,2116.42287269777,59.75028134495192,0.014507195178063025,0.000580287807122521,9.066996986289391e-06,0.15666780672239175,64
6400,99,6395,208.51474564732825,3.258042900739504,0.5682492581602374,0.5682492581602374,1348,766,600,0,63.53125,4066.0,5.308093994778068,9.0,766,0.03658590059913105,2341.4976383443873,2287.900509330278,53.59712901410923,0.01603393569873459,0.0006413574279493837,1.002120981170912e-05,0.1561148332943934,64
6464,100,6459,208.72302181862847,3.26129721591607,0.5640648011782032,0.5640648011782032,1358,766,606,0,63.3125,4052.0,5.289817232375979,9.0,766,0.03550969138907899,2272.620248901055,2218.3811366697328,54.239112231323716,0.015373743146285064,0.0006149497258514026,9.608589466428165e-06,0.15557295028370194,64
6528,101,6523,188.9879003001355,2.952935942189617,0.5202513966480447,0.5202513966480447,1432,745,677,0,61.5625,3940.0,5.2885906040268456,9.0,745,0.03479221491786696,2226.7017547434853,2166.987412989003,59.714341754482476,0.016574402796173573,0.000662976111846943,1.0359001747608484e-05,0.15544689899872227,64
6592,102,6587,212.1076480857443,3.3141820013397547,0.546831955922865,0.546831955922865,1452,794,655,0,62.625,4008.0,5.047858942065491,8.0,794,0.03387168496863778,2167.787837992818,2106.4326682328924,61.35516975992578,0.015524738322943748,0.0006209895329177499,9.702961451839843e-06,0.15549872430725786,64
6656,103,6651,183.7279457247755,2.8707491519496173,0.5146036161335188,0.5146036161335188,1438,740,695,0,60.390625,3865.0,5.222972972972973,9.0,740,0.033969263913631656,2174.032890472426,2115.090469915206,58.94242055721943,0.01555832871247959,0.0006223331484991836,9.723955445299744e-06,0.15572193268727952,64
6720,104,6715,128.5086151880442,2.0079471123131905,0.44903777619387025,0.44903777619387025,1403,630,773,0,52.015625,3329.0,5.284126984126984,9.0,630,0.029313822343671695,1876.0846299949885,1813.9414137436884,62.143216251300736,0.012811998836196343,0.0005124799534478537,8.007499272622714e-06,0.15544497273997607,64
6784,105,6779,157.64183802172357,2.463153719089431,0.495964783565664,0.495964783565664,1363,676,693,0,58.90625,3770.0,5.576923076923077,10.0,676,0.03337833819187287,2136.2136442798637,2076.4018051793737,59.81183910048902,0.014415882236354184,0.0005766352894541674,9.009926397721365e-06,0.15552442521470136,64
6848,106,6843,181.9950270077871,2.8436722969966732,0.5140252454417953,0.5140252454417953,1426,733,688,0,60.015625,3841.0,5.240109140518418,9.0,733,0.035178279937252796,2251.409915984179,2190.358397784907,61.05151819927092,0.01674438713317516,0.0006697754853270065,1.0465241958234477e-05,0.15588686300363117,64
6912,107,6907,139.49895905172457,2.1796712351831964,0.48236196319018404,0.48236196319018404,1304,629,694,0,52.625,3368.0,5.354531001589825,9.0,629,0.030561040104363855,1955.9065666792867,1902.9017469065684,53.0048197727196,0.014378154137104502,0.0005751261654841801,8.986346335690314e-06,0.15586456494280415,64
6976,108,6971,169.6954750564006,2.6514917977562593,0.5,0.5,1384,692,683,0,57.328125,3669.0,5.3020231213872835,9.0,692,0.03309719760582206,2118.220646772612,2058.761472368542,59.45917440406929,0.014273313355349905,0.0005709325342139962,8.92082084709369e-06,0.1556352659975676,64
7040,109,7035,150.56858354390963,2.352634117873588,0.47585724282715186,0.47585724282715186,1429,680,732,0,57.890625,3705.0,5.448529411764706,9.049999999999955,680,0.034638376125892385,2216.8560720571127,2154.5926691306636,62.26340292644853,0.01438236551747942,0.0005752946206991768,8.988978448424638e-06,0.154959300700785,64
7104,110,7099,165.81555443262585,2.590868038009779,0.5051020408163265,0.5051020408163265,1372,693,697,0,57.6875,3692.0,5.327561327561328,9.0,693,0.03424122439154504,2191.4383610588825,2133.4428295733114,57.99553148557113,0.01359208648324989,0.0005436834593299956,8.495054052031181e-06,0.15408562352975358,64
7168,111,7163,160.9907769186314,2.515480889353616,0.4974471188913202,0.4974471188913202,1371,682,684,0,55.25,3536.0,5.18475073313783,9.0,682,0.032063372557915186,2052.055843706572,1992.3906524070617,59.66519129950979,0.012463815655967915,0.0004985526262387166,7.789884784979946e-06,0.15294223707424776,64
7232,112,7227,120.29182381682106,1.8795597471378291,0.4396914446002805,0.4396914446002805,1426,627,780,0,57.515625,3681.0,5.8708133971291865,10.0,627,0.034767447777664225,2225.1166577705103,2160.6910198320456,64.42563793846391,0.014442188921634937,0.0005776875568653974,9.026368076021835e-06,0.15259981313164253,64
7296,113,7291,169.04295756323774,2.6412962119255896,0.4937673130193906,0.4937673130193906,1444,713,737,0,60.09375,3846.0,5.394109396914446,9.0,713,0.03737314848934345,2391.881503317981,2323.9493104675116,67.9321928504693,0.015308051987483452,0.0006123220794993381,9.567532492177158e-06,0.15293609173227884,64
7360,114,7355,152.45712862522157,2.382142634769087,0.47750362844702465,0.47750362844702465,1378,658,714,0,56.546875,3619.0,5.5,9.0,658,0.033318557894734036,2132.387705262978,2073.4000261957353,58.987679067243036,0.011120099710857829,0.00044480398843431315,6.950062319286143e-06,0.15305956621444022,64
7424,115,7419,94.4950398529831,1.476484997702861,0.4026610644257703,0.4026610644257703,1428,575,868,0,50.453125,3229.0,5.615652173913044,9.0,575,0.02712130639480242,1735.763609267355,1675.8766333423566,59.88697592499877,0.009377599466776377,0.00037510397867105506,5.860999666735235e-06,0.1532555198500049,64
7488,116,7483,143.4449701166646,2.2413276580728843,0.46061036195883603,0.46061036195883603,1409,649,737,0,59.046875,3779.0,5.822804314329738,10.0,649,0.035073190245514044,2244.6841757128987,2183.476026800403,61.20814891249612,0.012404031290903691,0.0004961612516361476,7.752519556814807e-06,0.1535313119331136,64
7552,117,7547,150.54213612526476,2.352220876957262,0.49407407407407405,0.49407407407407405,1350,667,717,0,57.421875,3675.0,5.509745127436282,10.0,667,0.03468436227864825,2219.7991858334876,2161.5102215786737,58.28896425481365,0.01333698576787371,0.0005334794307149484,8.335616104921069e-06,0.15355869122085516,64
7616,118,7611,142.5583408219042,2.2274740753422533,0.4592901878914405,0.4592901878914405,1437,660,776,0,56.1875,3596.0,5.448484848484848,10.0,660,0.031307339963265374,2003.6697576489837,1942.102663763092,61.5670938858916,0.0128284468438723,0.000513137873754892,8.017779277420187e-06,0.1542284809461232,64
7680,119,7675,239.65913547613337,3.744673991814584,0.6017830609212481,0.6017830609212481,1346,810,548,0,61.40625,3930.0,4.851851851851852,8.0,810,0.03530777187539547,2259.6974000253103,2203.460094327274,56.23730569803618,0.013234234969329798,0.0005293693987731919,8.271396855831123e-06,0.1547557748913386,64
7744,120,7739,190.32229626458962,2.973785879134213,0.5287272727272727,0.5287272727272727,1375,727,611,0,58.375,3736.0,5.1389270976616235,9.0,727,0.035283082897664395,2258.117305450521,2197.9735027622296,60.14380268829119,0.015288398109307943,0.0006115359243723177,9.555248818317464e-06,0.1549913811072995,64
7808,121,7803,129.28241211791993,2.020037689342499,0.4459753444525018,0.4459753444525018,1379,615,764,0,53.546875,3427.0,5.572357723577236,10.0,615,0.03065280896372133,1961.779773678165,1900.3850740986968,61.39469957946829,0.012348109770524267,0.0004939243908209707,7.717568606577667e-06,0.15482274388751857,64
7872,122,7867,153.97270859683334,2.405823571825521,0.47655703289013296,0.47655703289013296,1429,681,753,0,57.875,3704.0,5.439060205580029,10.0,681,0.035077262997047026,2244.94483181101,2185.025193259884,59.91963855112681,0.013574873554920715,0.0005429949421968286,8.484295971825446e-06,0.15434603824792936,64
7936,123,7931,202.40547630031654,3.162585567192446,0.5387931034482759,0.5387931034482759,1392,750,638,0,61.5625,3940.0,5.253333333333333,9.0,750,0.036855964721967435,2358.7817422059156,2298.6863311737134,60.095411032201504,0.013765366030714155,0.0005506146412285662,8.603353769196346e-06,0.1539862173955821,64
8000,124,7995,118.59136869513677,1.852990135861512,0.43004115226337447,0.43004115226337447,1458,627,842,0,54.921875,3515.0,5.606060606060606,10.0,627,0.03172205863747514,2030.2117527984087,1966.9661096469,63.24564315150827,0.012970989073361017,0.0005188395629344407,8.106868170850636e-06,0.15389633547371445,64
8064,125,8059,79.94767328225696,1.249182395035265,0.3863150392017106,0.3863150392017106,1403,542,857,0,46.96875,3006.0,5.546125461254612,9.949999999999932,542,0.030569468206287413,1956.4459652023945,1894.002191217589,62.44377398480528,0.013241699469848978,0.0005296679787939591,8.276062168655611e-06,0.15355778733588527,64
8128,126,8123,209.81713237641588,3.278392693381498,0.5626801152737753,0.5626801152737753,1388,781,642,0,64.859375,4151.0,5.314980793854033,9.0,781,0.03791315396575754,2426.441853808483,2367.58795942965,58.85389437883358,0.017627998056963558,0.0007051199222785423,1.1017498785602224e-05,0.1540654796097385,64
8192,127,8187,221.9547853620137,3.468043521281464,0.5629090909090909,0.5629090909090909,1375,774,550,0,63.453125,4061.0,5.246770025839793,9.0,774,0.03739131329742571,2393.0440510352455,2336.5137081442836,56.530342890960654,0.014131574640352298,0.0005652629856140919,8.832234150220187e-06,0.15427949762692741,64
8256,128,8251,176.21807488380767,2.753407420059495,0.5136887608069164,0.5136887608069164,1388,713,699,0,59.046875,3779.0,5.300140252454418,9.0,713,0.032880274764715875,2104.337584941816,2046.5822993842203,57.75528555759649,0.011891174105412912,0.00047564696421651645,7.4319838158830695e-06,0.15419087943579263,64
8320,129,8315,213.1695273616903,3.330773865026411,0.5532670454545454,0.5532670454545454,1408,779,623,0,61.78125,3954.0,5.075738125802311,8.099999999999909,779,0.035140546940970074,2248.995004222085,2191.966232157428,57.02877206465744,0.013043200734286681,0.0005217280293714672,8.152000458929175e-06,0.15402562398315944,64
8384,130,8379,156.13559261124615,2.439618634550721,0.4941348973607038,0.4941348973607038,1364,674,694,0,58.140625,3721.0,5.5207715133531154,9.0,674,0.03381946436684705,2164.4457194782112,2106.4887520665543,57.95696741165598,0.012959892260009554,0.0005183956904003822,8.099932662505972e-06,0.15434095878118295,64
8448,131,8443,192.70438531335046,3.011006020521101,0.5372076541459957,0.5372076541459957,1411,758,658,0,64.0625,4100.0,5.408970976253298,9.0,758,0.04010551325933948,2566.752848597727,2508.6613354140445,58.09151318368245,0.01491739927606233,0.0005966959710424932,9.323374547538957e-06,0.15449768144586215,64
8512,132,8507,204.02410123976256,3.18787658187129,0.5330490405117271,0.5330490405117271,1407,750,625,0,60.640625,3881.0,5.174666666666667,9.0,750,0.03627956796996543,2321.892350077788,2264.136312219487,57.75603785830044,0.012533256427883,0.00050133025711532,7.833285267426874e-06,0.15507020411120556,64
8576,133,8571,151.98599730573903,2.3747812079021724,0.4902102973168963,0.4902102973168963,1379,676,734,0,59.796875,3827.0,5.661242603550296,10.0,676,0.033937367498317515,2171.991519892321,2115.0250851365663,56.96643475575567,0.011375177508811523,0.00045500710035246094,7.109485943007202e-06,0.15516313705539725,64
8640,134,8635,189.43319053389885,2.9598936020921696,0.5149617258176757,0.5149617258176757,1437,740,673,0,62.40625,3994.0,5.397297297297297,9.0,740,0.03638269765219503,2328.492649740482,2270.010363437676,58.482286302805434,0.01405695633217348,0.0005622782532869392,8.785597707608425e-06,0.15492074835789893,64
8704,135,8699,182.61678005212025,2.853387188314379,0.5205965909090909,0.5205965909090909,1408,733,688,0,60.515625,3873.0,5.283765347885402,9.0,733,0.03636593956491669,2327.420132154668,2268.721453537795,58.69867861687386,0.014160368732659677,0.0005664147493063871,8.850230457912299e-06,0.15454052150270703,64
8768,136,8763,199.93135467757895,3.123927416837171,0.5536639526276832,0.5536639526276832,1351,748,612,0,63.03125,4034.0,5.393048128342246,9.0,748,0.03715922943643132,2378.1906839316043,2322.1051863154826,56.08549761612016,0.013590263061776455,0.0005436105224710582,8.493914413610284e-06,0.15434350432916893,64
8832,137,8827,163.8711762012715,2.5604871281448673,0.486013986013986,0.486013986013986,1430,695,713,0,57.640625,3689.0,5.307913669064749,9.0,695,0.034018954656457184,2177.2130980132597,2118.025773699647,59.18732431361217,0.013632622962804285,0.0005453049185121714,8.520389351752678e-06,0.15458823865282106,64
8896,138,8891,152.33277359887614,2.3801995874824398,0.4779874213836478,0.4779874213836478,1431,684,756,0,57.28125,3666.0,5.359649122807017,9.0,684,0.0330531655005697,2115.4025920364606,2054.748960061933,60.65363197452746,0.013625685878994986,0.0005450274351597995,8.516053674371867e-06,0.15532577506914275,64
8960,139,8955,142.91887688478198,2.2331074513247184,0.4779735682819383,0.4779735682819383,1362,651,721,0,55.1875,3532.0,5.425499231950845,9.0,651,0.03299679474404227,2111.794863618705,2055.9790158003034,55.815847818401444,0.012600583499936492,0.0005040233399974597,7.875364687460308e-06,0.15583526934978595,64
9024,140,9019,160.9495040159087,2.5148360002485735,0.4836692147324531,0.4836692147324531,1439,696,749,0,58.921875,3771.0,5.418103448275862,9.0,696,0.03415477681830857,2185.9057163717484,2126.188875887243,59.716840484506235,0.013906950753221443,0.0005562780301288577,8.691844220763402e-06,0.15599710480471063,64
9088,141,9083,179.51582934178947,2.8049348334654605,0.5246636771300448,0.5246636771300448,1338,702,650,0,56.71875,3630.0,5.170940170940171,9.0,702,0.03321673737811083,2125.871192199093,2070.1379734374527,55.73321876164042,0.013737983145284481,0.0005495193258113792,8.5862394658028e-06,0.15592740826046353,64
9152,142,9147,195.07641948028413,3.0480690543794395,0.537463976945245,0.537463976945245,1388,746,633,0,60.203125,3853.0,5.164879356568365,9.0,746,0.03733050311298586,2389.152199231095,2330.805835577003,58.346363654092556,0.016494678910044094,0.0006597871564017637,1.0309174318777558e-05,0.15571255382109328,64
9216,143,9211,159.360471654943,2.4900073696084846,0.48467569493941554,0.48467569493941554,1403,680,714,0,57.09375,3654.0,5.373529411764705,9.0,680,0.03068768249368396,1964.0116795957733,1905.0886336723752,58.923045923397666,0.013944645774754806,0.0005577858309901922,8.715403609221754e-06,0.15565713816941423,64
9280,144,9275,164.50030507288312,2.570317266763799,0.48802190280629704,0.48802190280629704,1461,713,745,0,57.921875,3707.0,5.199158485273492,9.0,713,0.03423564002341903,2191.080961498818,2130.732602464248,60.34835903457107,0.014596676954454732,0.0005838670781781892,9.122923096534207e-06,0.1556167256119596,64
9344,145,9339,181.53404087460464,2.8364693886656975,0.5283714075165807,0.5283714075165807,1357,717,642,0,57.875,3704.0,5.165969316596931,9.0,717,0.03373916793380799,2159.3067477637114,2102.4111767477793,56.89557101593273,0.01512421585851271,0.0006049686343405084,9.452634911570444e-06,0.15543732952157946,64
9408,146,9403,149.07438651433569,2.329287289286495,0.4625706214689266,0.4625706214689266,1416,655,737,0,54.9375,3516.0,5.36793893129771,9.0,655,0.029906552367413596,1914.0193515144701,1855.8607165684332,58.158634946037864,0.013563742956635148,0.0005425497182654059,8.477339347896968e-06,0.15478229353760503,64
9472,147,9467,135.27954836551092,2.113742943211108,0.45343839541547276,0.45343839541547276,1396,633,780,0,51.71875,3310.0,5.229067930489731,9.0,633,0.027796740647211497,1778.9914014215358,1721.2525885437078,57.738812877827655,0.011622633982118637,0.00046490535928474545,7.264146238824148e-06,0.15387860877525378,64
9536,148,9531,166.31535593093224,2.5986774364208163,0.4932287954383464,0.4932287954383464,1403,692,692,0,57.9375,3708.0,5.358381502890174,10.0,692,0.03321677392492275,2125.873531195056,2067.603446725793,58.27008446926208,0.014626443720948026,0.0005850577488379211,9.141527325592517e-06,0.1526684103671868,64
9600,149,9595,162.8532290493438,2.544581703895997,0.501412429378531,0.501412429378531,1416,710,733,0,60.21875,3854.0,5.428169014084507,9.0,710,0.034570374103996875,2212.5039426558,2153.804591041207,58.69935161459374,0.01610769669046445,0.000644307867618578,1.0067310431540281e-05,0.15211910835290388,64
9664,150,9659,165.37362317643954,2.5839628621318678,0.49856527977044474,0.49856527977044474,1394,695,701,0,56.046875,3587.0,5.16115107913669,9.0,695,0.03340422124712512,2137.8701598160073,2080.9806331177374,56.88952669827052,0.015178808106427579,0.0006071523242571032,9.486755066517237e-06,0.15234394795149608,64
9728,151,9723,153.27838346616727,2.3949747416588636,0.46552949538024163,0.46552949538024163,1407,655,732,0,51.8125,3316.0,5.062595419847328,8.0,655,0.031437025461942325,2011.969629564309,1953.3460901018566,58.62353946245204,0.013935890340443157,0.0005574356136177263,8.709931462776973e-06,0.15215817362959932,64
9792,152,9787,184.4783423513469,2.8824740992397953,0.5422960725075529,0.5422960725075529,1324,718,634,0,60.65625,3882.0,5.406685236768802,9.0,718,0.03763666408860082,2408.7465016704527,2352.4846909582784,56.26181071217339,0.017571095002581822,0.0007028438001032729,1.0981934376613639e-05,0.15182858382783504,64
9856,153,9851,102.15723419698867,1.596206784327948,0.39956958393113345,0.39956958393113345,1394,557,823,0,45.53125,2914.0,5.231597845601437,9.0,557,0.025050364928069235,1603.223355396431,1543.655003820345,59.568351576085405,0.011321952383399924,0.00045287809533599695,7.076220239624952e-06,0.15103923281530005,64
9920,154,9915,120.5685055404185,1.883882899069039,0.45461309523809523,0.45461309523809523,1344,611,734,0,54.21875,3470.0,5.6792144026186575,10.0,611,0.030494565330590747,1951.6521811578077,1895.4724761410293,56.17970501677763,0.014479886222335227,0.0005791954488934091,9.049928888959517e-06,0.14974989310035677,64
9984,155,9979,116.20381400737648,1.8156845938652575,0.43745583038869257,0.43745583038869257,1415,619,795,0,57.296875,3667.0,5.924071082390953,10.0,619,0.03361292168272308,2151.2269876942773,2092.5114755862382,58.71551210803888,0.016122319097185405,0.0006448927638874162,1.0076449435740878e-05,0.1488821311170012,64
10048,156,10043,135.15797445170895,2.1118433508079524,0.45663082437275987,0.45663082437275987,1395,637,746,0,57.3125,3668.0,5.758241758241758,10.0,637,0.03521873015780853,2253.998730099746,2194.8574893329296,59.141240766816104,0.016804811179399134,0.0006721924471759654,1.0503006987124459e-05,0.14939243870242624,64
10112,157,10107,105.88685278951651,1.6544820748361955,0.42248603351955305,0.42248603351955305,1432,605,832,0,53.703125,3437.0,5.68099173553719,10.0,605,0.0335916242991266,2149.8639551441024,2089.348015868072,60.515939276030814,0.01670317353676965,0.000668126941470786,1.0439483460481031e-05,0.15019442424570345,64
10176,158,10171,148.39685812194665,2.3187009081554164,0.4840764331210191,0.4840764331210191,1413,684,747,0,61.484375,3935.0,5.752923976608187,10.0,684,0.038727196356573394,2478.540566820697,2418.765239596301,59.775327224396285,0.02107792803129221,0.0008431171212516885,1.3173705019557633e-05,0.1513791314669854,64
10240,159,10235,167.05330669303214,2.610207917078627,0.527714502657555,0.527714502657555,1317,695,633,0,60.0625,3844.0,5.530935251798561,9.0,695,0.03591939045613554,2298.8409891926744,2244.626857662692,54.21413152998147,0.019939802695324617,0.0007975921078129846,1.2462376684577885e-05,0.15247266625854997,64
10304,160,10299,180.2397019751632,2.816245343361925,0.5319465081723626,0.5319465081723626,1346,716,625,0,61.03125,3906.0,5.455307262569832,9.0,716,0.03580088261143448,2291.256487131807,2236.131537400762,55.12494973104397,0.02038079672397025,0.0008152318689588101,1.2737997952481408e-05,0.1530699962597813,64
10368,161,10363,169.13142376346946,2.6426784963042103,0.5110619469026548,0.5110619469026548,1356,693,643,0,56.4375,3612.0,5.212121212121212,9.0,693,0.03511545797565377,2247.389310441841,2190.735641150162,56.653669291679606,0.02103283573521358,0.0008413134294085432,1.3145522334508488e-05,0.15338366526520805,64
10432,162,10427,154.29619675287194,2.410878074263624,0.48210526315789476,0.48210526315789476,1425,687,702,0,57.6875,3692.0,5.374090247452693,9.0,687,0.036531561620379245,2338.0199437042716,2278.194126483127,59.82581722114383,0.022719014619935578,0.000908760584797423,1.4199384137459735e-05,0.1532655917383337,64
10496,163,10491,105.56015892099494,1.6493774831405459,0.4211590296495957,0.4211590296495957,1484,625,884,0,55.546875,3555.0,5.688,10.0,625,0.03373238307849816,2158.872517023882,2095.8560567802206,63.016460243660575,0.02101367406352109,0.0008405469625408436,1.3133546289700682e-05,0.1528574805435201,64
10560,164,10555,110.6044024683153,1.7281937885674266,0.4357388316151203,0.4357388316151203,1455,634,830,0,56.453125,3613.0,5.698738170347003,10.0,634,0.03288789153164301,2104.8250580251524,2044.4210421900652,60.40401583508803,0.019657484265674735,0.0007862993706269893,1.2285927666046709e-05,0.1520251815715538,64
10624,165,10619,127.35749549352235,1.9899608670862867,0.4624561403508772,0.4624561403508772,1425,659,787,0,60.34375,3862.0,5.860394537177542,10.0,659,0.03607923792427161,2309.071227153383,2249.5097944907766,59.561432662606755,0.02271776697725949,0.0009087106790903795,1.419860436078718e-05,0.151239686590331,64
10688,166,10683,149.0795883749734,2.3293685683589596,0.5003750937734434,0.5003750937734434,1333,667,643,0,58.640625,3753.0,5.626686656671664,10.0,667,0.03746539489472225,2397.7852732622237,2343.117242805672,54.66803045655148,0.02572751203498809,0.0010291004813995236,1.6079695021867556e-05,0.15148227614941237,64
10752,167,10747,128.86405234167708,2.0135008178387044,0.45359385903698535,0.45359385903698535,1433,650,779,0,55.609375,3559.0,5.475384615384615,10.0,650,0.0343129197257137,2196.026862445677,2137.1447560315287,58.88210641414792,0.023690316096305016,0.0009476126438522006,1.4806447560190635e-05,0.15208044528303089,64
10816,168,10811,126.21043176969752,1.9720379964015238,0.4624113475177305,0.4624113475177305,1410,652,752,0,57.859375,3703.0,5.679447852760736,10.0,652,0.03438388069275203,2200.56836433613,2143.0257876050955,57.54257673103362,0.023683872672267396,0.0009473549068906959,1.4802420420167123e-05,0.15261310299691333,64
10880,169,10875,60.435513392586,0.9443048967591563,0.36899119837508465,0.36899119837508465,1477,545,938,0,49.9375,3196.0,5.864220183486238,10.0,545,0.029507279196022206,1888.4658685454212,1826.030538461296,62.4353300841255,0.019152891072960015,0.0007661156429184006,1.197055692060001e-05,0.1537090117836154,64
10944,170,10939,90.57811609664411,1.4152830640100642,0.4135546334716459,0.4135546334716459,1446,598,838,0,53.359375,3415.0,5.710702341137123,10.0,598,0.03403417946365357,2178.1874856738286,2118.8300062449584,59.35747942887044,0.02338635419886399,0.0009354541679545596,1.4616471374289994e-05,0.15507932010333397,64
11008,171,11003,136.44536331669326,2.131958801823332,0.48142857142857143,0.48142857142857143,1400,674,756,0,58.609375,3751.0,5.5652818991097925,10.0,674,0.035756951481659444,2288.4448948262043,2231.296851436263,57.14804338994275,0.024441524056305657,0.0009776609622522262,1.5275952535191035e-05,0.1564858577169656,64
11072,172,11067,99.08644047088319,1.5482256323575498,0.4036697247706422,0.4036697247706422,1526,616,880,0,51.6875,3308.0,5.37012987012987,9.0,616,0.030810617867467322,1971.8795435179086,1908.4305683878792,63.44897513002868,0.019897318650776884,0.0007958927460310753,1.2435824156735552e-05,0.1575241046863386,64
11136,173,11131,93.27190765156607,1.4573735570557198,0.4160887656033287,0.4160887656033287,1442,600,862,0,54.59375,3494.0,5.823333333333333,10.0,600,0.03277713825680056,2097.7368484352355,2038.0553197868262,59.68152864840958,0.021303669787550033,0.0008521467915020013,1.331479361721877e-05,0.1580223344597936,64
11200,174,11195,83.08087109694573,1.298138610889777,0.40221914008321774,0.40221914008321774,1442,580,863,0,54.0625,3460.0,5.9655172413793105,10.0,580,0.03112957673564792,1992.2929110814669,1932.0417167295443,60.25119435192169,0.02035494406987654,0.0008141977627950615,1.2721840043672836e-05,0.15824854709209296,64
11264,175,11259,71.74499557919516,1.1210155559249244,0.38381742738589214,0.38381742738589214,1446,555,888,0,50.203125,3213.0,5.789189189189189,10.0,555,0.02938299713503766,1880.5118166424102,1820.3836196784805,60.12819696392995,0.018376505497052904,0.0007350602198821161,1.1485315935658065e-05,0.15801403143893872,64
11328,176,11323,124.49747951823572,1.9452731174724331,0.45677233429394815,0.45677233429394815,1388,634,745,0,57.15625,3658.0,5.769716088328075,10.0,634,0.03243492070233364,2075.834924949353,2017.4701555795948,58.36476936975711,0.02113893518041684,0.0008455574072166735,1.3211834487760523e-05,0.15749166960391803,64
11392,177,11387,106.07498522372691,1.657421644120733,0.438483547925608,0.438483547925608,1398,613,787,0,54.734375,3503.0,5.714518760195759,10.0,613,0.033918047959718534,2170.7550694219863,2113.274496265925,57.48057315606273,0.021986532462148392,0.0008794612984859356,1.3741582788842744e-05,0.15749004001858186,64
11456,178,11451,153.48063274590294,2.3981348866547334,0.4981791697013838,0.4981791697013838,1373,684,700,0,59.46875,3806.0,5.564327485380117,9.850000000000023,684,0.03377443985718456,2161.564150859812,2104.4868166509013,57.07733420891014,0.019282097580861482,0.0007712839032344592,1.2051310988038425e-05,0.157509742720182,64
11520,179,11515,131.20024088563247,2.0500037638380073,0.4641589779985806,0.4641589779985806,1409,654,743,0,58.046875,3715.0,5.680428134556575,10.0,654,0.034624968776133205,2215.9980016725253,2156.482274690592,59.515726981933284,0.02090160651785941,0.0008360642607143765,1.3063504073662133e-05,0.15722275651698003,64
11584,180,11579,155.00138381002574,2.4218966220316522,0.4827109266943292,0.4827109266943292,1446,698,734,0,61.078125,3909.0,5.600286532951289,9.0,698,0.03532988546737265,2261.11266991185,2202.627441995788,58.4852279160611,0.02012231606798616,0.0008048926427194463,1.2576447542491349e-05,0.15674768923545074,64
11648,181,11643,132.46646455640393,2.0697885086938115,0.4633972992181947,0.4633972992181947,1407,652,770,0,58.09375,3718.0,5.7024539877300615,10.0,652,0.03589661903938943,2297.3836185209234,2237.6161373585774,59.767481162346634,0.02061711882927146,0.0008246847531708585,1.2885699268294664e-05,0.1560008519956072,64
11712,182,11707,131.5900633658594,2.0560947400915532,0.46841731724627395,0.46841731724627395,1409,660,753,0,58.59375,3750.0,5.681818181818182,10.0,660,0.03649366053750605,2335.5942744003873,2275.736808901738,59.85746549864887,0.021089967628080932,0.0008435987051232373,1.3181229767550583e-05,0.15505773216203086,64
11776,183,11771,119.32894773710653,1.8645148083922896,0.44482522275531183,0.44482522275531183,1459,649,818,0,56.90625,3642.0,5.61171032357473,10.0,649,0.03396703895519787,2173.890493132664,2113.492980066535,60.39751306612899,0.019048660034332667,0.0007619464013733067,1.1905412521457917e-05,0.15438009824457843,64
11840,184,11835,159.84276537358156,2.497543208962212,0.5,0.5,1420,710,715,0,60.75,3888.0,5.476056338028169,9.549999999999955,710,0.03604404288210775,2306.818744454896,2247.1106997020615,59.708044752835555,0.01959339559132427,0.0007837358236529708,1.224587224457767e-05,0.1545263608243544,64
11904,185,11899,88.93139776212774,1.389553090033246,0.4070422535211268,0.4070422535211268,1420,578,835,0,53.5625,3428.0,5.930795847750865,10.0,578,0.03335573995499217,2134.767357119499,2073.8489659458746,60.91839117362374,0.01855814573393611,0.0007423258293574444,1.159884108371007e-05,0.1545601080051518,64
11968,186,11963,186.71171611582577,2.9173705643097776,0.5436390532544378,0.5436390532544378,1352,735,631,0,60.203125,3853.0,5.242176870748299,9.0,735,0.036454637903626165,2333.0968258320745,2278.6292652049997,54.46756062707422,0.019552648580475777,0.0007821059432190312,1.2220405362797362e-05,0.15430244094042442,64
12032,187,12027,166.19358011722844,2.5967746893316943,0.5061998541210795,0.5061998541210795,1371,694,668,0,58.984375,3775.0,5.439481268011527,9.0,694,0.030654068707829465,1961.8603973010856,1905.113454762628,56.74694253845773,0.016740854841726355,0.0006696341936690542,1.0463034276078972e-05,0.1535495195373771,64
12096,188,12091,177.6298077257683,2.7754657457151297,0.5288531775018261,0.5288531775018261,1369,724,653,0,60.875,3896.0,5.3812154696132595,9.0,724,0.03624868379750675,2319.915763040432,2264.448547649335,55.46721539109754,0.020065746064592684,0.0008026298425837074,1.2541091290370427e-05,0.15245729056997304,64
12160,189,12155,83.61948885609463,1.3065545133764787,0.38239339752407153,0.38239339752407153,1454,556,878,0,47.515625,3041.0,5.469424460431655,10.0,556,0.02687812790706522,1720.200186052174,1660.7652965427621,59.43488950941215,0.016877096128477508,0.0006750838451391003,1.0548185080298443e-05,0.15129980074401428,64
12224,190,12219,131.19213500606787,2.0498771094698105,0.46962115796997855,0.46962115796997855,1399,657,755,0,58.109375,3719.0,5.660578386605784,10.0,657,0.035194151279436696,2252.4256818839485,2192.645081216362,59.7806006675865,0.01857842822805913,0.0007431371291223653,1.1611517642536958e-05,0.15067073246673457,64
12288,191,12283,149.75568659976963,2.3399326031214005,0.4729824561403509,0.4729824561403509,1425,674,728,0,57.015625,3649.0,5.413946587537092,9.0,674,0.03287166472076457,2103.7865421289325,2048.4486953189557,55.337846809977115,0.017365916473407142,0.0006946366589362856,1.0853697795879463e-05,0.15002381451522956,64
12352,192,12347,100.04051279259305,1.5631330123842664,0.38800827015851136,0.38800827015851136,1451,563,884,0,50.171875,3211.0,5.703374777975133,10.0,563,0.029092645078262366,1861.9292850087913,1803.9347582840442,57.994526724747615,0.01318591419488192,0.0005274365677952768,8.2411963718012e-06,0.1489817677661779,64
12416,193,12411,134.00597727451418,2.093843394914284,0.4422809457579972,0.4422809457579972,1438,636,821,0,54.15625,3466.0,5.449685534591195,10.0,636,0.03163708119244097,2024.7731963162223,1966.1290938446061,58.64410247161667,0.016320338492265277,0.0006528135396906111,1.0200211557665799e-05,0.14791127386533715,64
12480,194,12475,51.94034073525087,0.8115678239882949,0.3178621659634318,0.3178621659634318,1422,452,951,0,38.46875,2462.0,5.446902654867257,10.0,452,0.023050252049974358,1475.2161311983589,1417.817229177079,57.398902021280485,0.013997271248146611,0.0005598908499258645,8.748294530091632e-06,0.14743949649049942,64
12544,195,12539,101.6166793692996,1.5877606151453063,0.39632902787219576,0.39632902787219576,1471,583,880,0,51.015625,3265.0,5.600343053173241,10.0,583,0.030656605062321353,1962.0227239885667,1906.8704184199712,55.152305568595786,0.015553596848142653,0.0006221438739257061,9.720998030089158e-06,0.14670331380324142,64
12608,196,12603,94.33585670194408,1.4739977609678763,0.4066811909949165,0.4066811909949165,1377,560,840,0,49.171875,3147.0,5.619642857142857,10.0,560,0.028510658795689224,1824.6821629241103,1770.2594557172083,54.42270720690174,0.015659535263834422,0.0006263814105533769,9.787209539896513e-06,0.1461941110056717,64
12672,197,12667,54.589493510992156,0.8529608361092524,0.34941520467836257,0.34941520467836257,1368,478,895,0,41.65625,2666.0,5.577405857740586,10.0,478,0.026518330974915696,1697.1731823946045,1643.1966545814528,53.97652781315116,0.010396475240976664,0.0004158590096390666,6.4977970256104155e-06,0.14612154748481976,64
12736,198,12731,71.80311741158835,1.121923709556068,0.3488210818307906,0.3488210818307906,1442,503,912,0,43.453125,2781.0,5.52882703777336,10.0,503,0.023491176887219103,1503.4353207820225,1448.454738756488,54.98058202553399,0.01219594789559106,0.00048783791582364237,7.622467434744412e-06,0.14588257594452111,64
12800,199,12795,44.75054666376039,0.6992272916212561,0.31654186521443156,0.31654186521443156,1469,465,1002,0,41.5,2656.0,5.711827956989247,10.0,465,0.02330531355720937,1491.5400676613997,1436.1727025807616,55.36736508063833,0.009488459648408065,0.00037953838593632257,5.93028728025504e-06,0.1453468435914685,64
12864,200,12859,113.51704355936127,1.7737038056150198,0.4126113776559287,0.4126113776559287,1459,602,856,0,51.140625,3273.0,5.43687707641196,9.949999999999932,602,0.028066137657614836,1796.2328100873494,1740.9440672060773,55.288742881271176,0.013603115715037702,0.0005441246286015081,8.501947321898564e-06,0.14536012385968744,64
12928,201,12923,71.24587651573721,1.1132168205583939,0.3659574468085106,0.3659574468085106,1410,516,923,0,46.484375,2975.0,5.765503875968992,10.0,516,0.02503945871771172,1602.5253579335501,1548.3657212212674,54.1596367122828,0.012836977541285544,0.0005134791016514217,8.023110963303464e-06,0.14585309496321375,64
12992,202,12987,109.24489009671304,1.7069514077611412,0.4085794655414909,0.4085794655414909,1422,581,848,0,48.234375,3087.0,5.313253012048193,10.0,581,0.025924807985165957,1659.1877110506211,1605.3710117960104,53.8166992546108,0.011998054722212147,0.0004799221888884859,7.498784201382592e-06,0.14609391009842074,64
13056,203,13051,146.23865632690723,2.2849790051079255,0.4584527220630373,0.4584527220630373,1396,640,738,0,52.40625,3354.0,5.240625,9.0,640,0.02931904555349752,1876.4189154238413,1821.4948264162842,54.92408900755794,0.012168076316565617,0.0004867230526626247,7.605047697853511e-06,0.1462540770495242,64
13120,204,13115,112.34503594960182,1.7553911867125285,0.41731724627395317,0.41731724627395317,1409,588,817,0,49.0625,3140.0,5.340136054421769,10.0,588,0.02734631378909858,1750.164082502309,1693.446608433768,56.717474068541314,0.011394368448010828,0.00045577473792043314,7.121480280006768e-06,0.14606518095198093,64
13184,205,13179,140.79453197001615,2.1999145620315024,0.44613259668508287,0.44613259668508287,1448,646,805,0,52.34375,3350.0,5.185758513931889,9.0,646,0.029583894119458165,1893.3692236453226,1836.3480087868177,57.021214858504905,0.01109537635049091,0.0004438150540196364,6.9346102190568185e-06,0.1455432401907494,64
13248,206,13243,82.8765963180173,1.2949468174690204,0.3819918144611187,0.3819918144611187,1466,560,884,0,50.203125,3213.0,5.7375,10.0,560,0.030761977860220512,1968.7665830541127,1912.3001908334663,56.466392220645766,0.01144851786022378,0.00045794071440895116,7.155323662639862e-06,0.1449839809236333,64
13312,207,13307,173.42199916267785,2.7097187369168414,0.500709219858156,0.500709219858156,1410,706,750,0,59.625,3816.0,5.405099150141643,9.0,706,0.032912397336606246,2106.3934295428,2053.572076845795,52.82135269700528,0.011752248023787906,0.00047008992095151625,7.3451550148674414e-06,0.1439119774481184,64
13376,208,13371,206.016527901356,3.2190082484586875,0.5257104194857916,0.5257104194857916,1478,777,681,0,62.953125,4029.0,5.185328185328185,9.0,777,0.034983163714176244,2238.9224777072795,2182.795706568692,56.1267711385878,0.01143599807264143,0.0004574399229056572,7.147498795400894e-06,0.1430256166001314,64
13440,209,13435,134.23198919869404,2.0973748312295943,0.4604105571847507,0.4604105571847507,1364,628,770,0,53.640625,3433.0,5.4665605095541405,10.0,628,0.03030585510950263,1939.5747270081683,1887.670537818357,51.904189189810836,0.008994538668342789,0.00035978154673371157,5.621586667714243e-06,0.14231230019793759,64
13504,210,13499,202.43679146038593,3.16307486656853,0.5341660543717854,0.5341660543717854,1361,727,604,0,59.25,3792.0,5.21595598349381,9.0,727,0.03308890672114102,2117.6900301530254,2064.895312091788,52.79471806123738,0.010132483451527641,0.00040529933806110566,6.332802157204776e-06,0.14150071598341218,64
13568,211,13563,198.84829622471452,3.1070046285111643,0.5362526920315865,0.5362526920315865,1393,747,665,0,59.375,3800.0,5.087014725568943,8.699999999999932,747,0.03442119475234077,2202.956464149809,2149.149805908264,53.806658241545584,0.010838114920949738,0.0004335245968379895,6.7738218255935856e-06,0.14060708806594424,64
13632,212,13627,208.49446402693047,3.2577260004207886,0.5287356321839081,0.5287356321839081,1479,782,700,0,63.203125,4045.0,5.172634271099744,9.0,782,0.0361879000177032,2316.025601133005,2257.7558681077758,58.2697330252292,0.011313369845348541,0.00045253479381394165,7.070856153342838e-06,0.1397457040896768,64
13696,213,13691,188.1392398882522,2.9396756232539407,0.5110635260528195,0.5110635260528195,1401,716,658,0,62.390625,3993.0,5.576815642458101,9.0,716,0.03478348297633679,2226.1429104855542,2174.1160080459326,52.02690243962156,0.011860754086320192,0.0004744301634528077,7.41297130395012e-06,0.1392517398692767,64
13760,214,13755,183.269652157922,2.863588314967531,0.5215453194650818,0.5215453194650818,1346,702,659,0,56.234375,3599.0,5.126780626780627,9.0,702,0.03400842350445784,2176.5391042853016,2124.645669687117,51.89343459818508,0.010449021447064406,0.0004179608578825762,6.530638404415253e-06,0.13858874847227287,64
13824,215,13819,215.4784356335231,3.3668505567737985,0.5501754385964912,0.5501754385964912,1425,784,635,0,64.796875,4147.0,5.2895408163265305,9.0,784,0.03799935984033063,2431.95902978116,2375.168420676148,56.79060910501312,0.011450617117503585,0.0004580246847001434,7.1566356984397405e-06,0.1374387079326646,64
13888,216,13883,218.41754776950938,3.412774183898584,0.5525946704067322,0.5525946704067322,1426,788,656,0,65.8125,4212.0,5.345177664974619,9.0,788,0.0381791313942425,2443.4644092315198,2387.2694797526756,56.19492947884428,0.010377355854570927,0.0004150942341828371,6.48584740910683e-06,0.13662098301448267,64
13952,217,13947,240.12518515294926,3.751956018014832,0.5834512022630834,0.5834512022630834,1414,825,581,0,66.421875,4251.0,5.152727272727272,9.0,825,0.03898061316214027,2494.7592423769775,2439.4888484820012,55.27039389497699,0.011811089534733591,0.00047244358138934364,7.381930959208494e-06,0.13595386897170203,64
14016,218,14011,206.0596191658629,3.219681549466608,0.5402298850574713,0.5402298850574713,1392,752,629,0,59.65625,3818.0,5.077127659574468,8.449999999999932,752,0.03459889583662916,2214.3293335442663,2157.8733311196925,56.456002424573256,0.00948136154145476,0.0003792544616581904,5.925850963409225e-06,0.13486973684789894,64
14080,219,14075,221.8273391944224,3.46605217491285,0.5708154506437768,0.5708154506437768,1398,798,640,0,64.703125,4141.0,5.18922305764411,9.0,798,0.036642490187162355,2345.1193719783905,2287.325474530218,57.79389744817401,0.01119551454073175,0.00044782058162927,6.997196587957344e-06,0.13335093751124205,64
14144,220,14139,173.3666388704338,2.708853732350528,0.4889502762430939,0.4889502762430939,1448,708,716,0,56.265625,3601.0,5.086158192090395,9.0,708,0.032913118091351015,2106.439557846465,2048.713368179848,57.726189666616534,0.010202515683657315,0.0004081006273462926,6.376572302285822e-06,0.132378791344012,64
14208,221,14203,164.20220642489252,2.5656594753889457,0.4923413566739606,0.4923413566739606,1371,675,686,0,53.65625,3434.0,5.087407407407407,9.0,675,0.03179019828143047,2034.5726900115499,1981.2668380250082,53.30585198654242,0.009652241024058315,0.0003860896409623326,6.0326506400364465e-06,0.13268380699149473,64
14272,222,14267,184.33381266313478,2.880215822861481,0.5181818181818182,0.5181818181818182,1430,741,694,0,61.28125,3922.0,5.292847503373819,9.0,741,0.03757009794834074,2404.4862686938077,2344.1473620698143,60.33890662399264,0.011713341003129556,0.0004685336401251822,7.320838126955972e-06,0.13293360290732845,64
14336,223,14331,223.58644499617245,3.4935382030651945,0.5683453237410072,0.5683453237410072,1390,790,614,0,63.4375,4060.0,5.139240506329114,8.0,790,0.034769793658816106,2225.2667941642308,2171.332372635803,53.93442152842769,0.01053214848595027,0.00042128593943801076,6.582592803718918e-06,0.13307440648914085,64
14400,224,14395,226.86868605325049,3.544823219582039,0.5730909090909091,0.5730909090909091,1375,788,569,0,63.984375,4095.0,5.196700507614213,9.0,788,0.036632496112363244,2344.4797511912475,2289.7409936395065,54.738757551741,0.011609043180372121,0.0004643617272148849,7.255651987732576e-06,0.1333071454047481,64
14464,225,14459,198.97482226717796,3.1089815979246556,0.53328611898017,0.53328611898017,1412,753,651,0,59.671875,3819.0,5.0717131474103585,8.0,753,0.035257234876125476,2256.4630320720303,2200.5180263219763,55.94500575005429,0.010756108890735855,0.0004302443556294342,6.722568056709909e-06,0.13344544213746568,64
14528,226,14523,207.47916909606118,3.241862017125956,0.5414908579465542,0.5414908579465542,1422,770,660,0,64.0,4096.0,5.3194805194805195,9.0,770,0.038037773615447704,2434.417511388653,2377.8013762876026,56.616135101049686,0.01052193836868013,0.0004208775347472052,6.576211480425081e-06,0.13356112491744362,64
14592,227,14587,256.5156726872249,4.008057385737889,0.6140477914554671,0.6140477914554671,1381,848,547,0,66.890625,4281.0,5.048349056603773,8.0,848,0.0403826381980808,2584.488844677171,2530.9818527192224,53.5069919579494,0.012312679171744164,0.0004925071668697666,7.695424482340103e-06,0.13477151804497484,64
14656,228,14651,254.875916965824,3.982436202591,0.6022646850672329,0.6022646850672329,1413,851,555,0,68.6875,4396.0,5.165687426556992,9.0,851,0.0402190826796039,2574.0212914946496,2519.1185454633605,54.90274603128916,0.01222572637060241,0.0004890290548240964,7.641078981626507e-06,0.13629779900967115,64
14720,229,14715,235.3930448955974,3.6780163264937094,0.5940520446096654,0.5940520446096654,1345,799,543,0,64.015625,4097.0,5.127659574468085,9.0,799,0.037851119620465994,2422.4716557098236,2369.9251860531667,52.546469656657635,0.011798060358702738,0.00047192241434810953,7.3737877241892115e-06,0.13740967382989228,64
14784,230,14779,137.59095062401792,2.14985860350028,0.453180843459614,0.453180843459614,1399,634,766,0,51.71875,3310.0,5.220820189274448,9.0,634,0.0305271227476602,1953.7358558502528,1899.4058185792494,54.33003727100384,0.009708015238015516,0.00038832060952062066,6.067509523759698e-06,0.1380313715784128,64
14848,231,14843,208.08478604202466,3.2513247819066353,0.5608308605341247,0.5608308605341247,1348,756,595,0,61.125,3912.0,5.174603174603175,9.0,756,0.03715445294579259,2377.8849885307254,2323.6900650162816,54.19492351444548,0.012275276975022767,0.0004910110790009107,7.67204810938923e-06,0.13851932865489988,64
14912,232,14907,223.3492958529505,3.4898327477023514,0.574468085106383,0.574468085106383,1363,783,576,0,63.40625,4058.0,5.182630906768837,9.0,783,0.0350211135992923,2241.3512703547076,2189.2645047993374,52.08676555537084,0.011859063830967308,0.00047436255323869236,7.411914894354568e-06,0.13972020438854504,64
14976,233,14971,209.55015720890674,3.274221206389168,0.5542691751085383,0.5542691751085383,1382,766,605,0,64.65625,4138.0,5.402088772845953,9.0,766,0.036346275925909374,2326.1616592582,2272.5378676649602,53.623791593239595,0.01272025862580695,0.000508810345032278,7.950161641129343e-06,0.1406247299076701,64
15040,234,15035,226.06108166475462,3.532204401011791,0.5692414752957551,0.5692414752957551,1437,818,640,0,67.703125,4333.0,5.297066014669927,9.0,818,0.03686208976598121,2359.1737450227974,2301.470833386347,57.70291163644972,0.011424022207582643,0.0004569608883033057,7.140013879739152e-06,0.1410882757585367,64
15104,235,15099,233.40893951604312,3.6470146799381737,0.5778251599147122,0.5778251599147122,1407,813,583,0,66.1875,4236.0,5.210332103321033,9.0,813,0.03980877471938588,2547.7615820406963,2490.1190832838693,57.64249875682624,0.012591760746596771,0.0005036704298638709,7.869850466622982e-06,0.14113362158708506,64
15168,236,15163,180.61922715373936,2.8221754242771775,0.5185995623632386,0.5185995623632386,1371,711,645,0,57.734375,3695.0,5.19690576652602,9.0,711,0.03453727388906059,2210.3855288998775,2154.3069799054406,56.078548994438506,0.011081782944171937,0.0004432713177668775,6.926114340107461e-06,0.14162534131119825,64
15232,237,15227,151.33600098408775,2.364625015376371,0.46443228454172364,0.46443228454172364,1462,679,766,0,59.28125,3794.0,5.587628865979381,10.0,679,0.03355164002120714,2147.304961357257,2089.4646392859045,57.840322071351984,0.010272760538894777,0.0004109104215557911,6.420475336809236e-06,0.14189337867295537,64
15296,238,15291,134.2642135781566,2.097878337158697,0.44653179190751446,0.44653179190751446,1384,618,792,0,50.28125,3218.0,5.207119741100324,9.0,618,0.02825861393355008,1808.5512917472051,1753.305937692664,55.24535405454115,0.009187863412762419,0.0003675145365104968,5.742414632976512e-06,0.14169569460671444,64
15360,239,15355,131.23980570945852,2.0506219642102894,0.42595204513399154,0.42595204513399154,1418,604,817,0,46.96875,3006.0,4.97682119205298,9.0,604,0.024286368473167876,1554.327582282744,1498.650129196037,55.677453086708034,0.007531966820373901,0.000301278672814956,4.707479262733688e-06,0.14183307166562195,64
15424,240,15419,194.00685877891377,3.0313571684205276,0.5147563486616334,0.5147563486616334,1457,750,688,0,65.84375,4214.0,5.618666666666667,10.0,750,0.03865070843029769,2473.645339539052,2417.203722241516,56.44161729753532,0.011622604442168848,0.0004649041776867539,7.26412777635553e-06,0.14274017175755366,64
15488,241,15483,178.57501053725986,2.7902345396446853,0.510548523206751,0.510548523206751,1422,726,717,0,60.8125,3892.0,5.360881542699724,10.0,726,0.033588024824812705,2149.633588788013,2096.3331185139878,53.30047027402566,0.010384325072644572,0.0004153730029057829,6.490203170402858e-06,0.14405842147617354,64
15552,242,15547,198.45392523850694,3.100842581851671,0.5354558610709117,0.5354558610709117,1382,740,636,0,61.0,3904.0,5.275675675675676,9.049999999999955,740,0.0332839254791375,2130.1712306648,2079.2999573499746,50.87127331482655,0.011072393802327336,0.00044289575209309343,6.920246126454585e-06,0.14506836168747927,64
15616,243,15611,174.37615958820942,2.724627493565772,0.49003436426116836,0.49003436426116836,1455,713,752,0,57.296875,3667.0,5.143057503506311,9.0,713,0.03459834772119604,2214.2942541565467,2159.207619144232,55.08663501231405,0.01177460087242239,0.00047098403489689557,7.359125545263993e-06,0.14591051621110973,64
15680,244,15675,148.79206771788085,2.3248760580918884,0.4618104667609618,0.4618104667609618,1414,653,742,0,53.96875,3454.0,5.289433384379786,9.0,653,0.029408835041959337,1882.1654426853975,1826.894543511267,55.270899174130435,0.010671884097601662,0.0004268753639040665,6.669927561001039e-06,0.14624414674599823,64
15744,245,15739,246.93132470620841,3.8583019485345065,0.6042120551924474,0.6042120551924474,1377,832,566,0,64.8125,4148.0,4.985576923076923,8.0,832,0.03777454486379249,2417.5708712827195,2362.6086450682856,54.96222621443544,0.013679548350718605,0.0005471819340287442,8.549717719199128e-06,0.1463242886275296,64
15808,246,15803,196.47091319232874,3.0698580186301365,0.533235938641344,0.533235938641344,1369,730,631,0,57.265625,3665.0,5.02054794520548,8.0,730,0.03275149413408765,2096.0956245816096,2043.3030242972575,52.79260028435219,0.011872500025529895,0.0004749000010211958,7.420312515956185e-06,0.14664459634345392,64
15872,247,15867,247.33718416346454,3.8646435025541335,0.5916193181818182,0.5916193181818182,1408,833,547,0,69.125,4424.0,5.310924369747899,9.0,833,0.03907856353921693,2501.0280665098835,2445.338992402174,55.689074107709494,0.014490421422264185,0.0005796168568905674,9.056513388915116e-06,0.14752185863249573,64
15936,248,15931,161.5574349905901,2.5243349217279705,0.49254790631653655,0.49254790631653655,1409,694,727,0,60.53125,3874.0,5.582132564841499,10.0,694,0.03487387043680837,2231.9277079557355,2178.973353610293,52.954354345441956,0.01211906375690384,0.0004847625502761536,7.5744148480649e-06,0.14802607807847912,64
16000,249,15995,142.49049179832346,2.226413934348804,0.44659546061415223,0.44659546061415223,1498,669,837,0,58.78125,3762.0,5.623318385650224,10.0,669,0.03423943925619943,2191.3241123967637,2128.9847588292732,62.339353567489965,0.012429997336278666,0.0004971998934511467,7.768748335174166e-06,0.1481301168137497,64
16064,250,16059,156.34780543448022,2.4429344599137535,0.4837570621468927,0.4837570621468927,1416,685,748,0,59.9375,3836.0,5.6,10.0,685,0.03570436126527707,2285.079120977732,2223.5270287191843,61.55209225854715,0.013624812610730522,0.0005449925044292208,8.515507881706576e-06,0.14891150962287508,64
16128,251,16123,185.08610451390592,2.89197038302978,0.513121546961326,0.513121546961326,1448,743,702,0,59.640625,3817.0,5.137281292059219,9.0,743,0.03483010544398726,2229.1267484151845,2166.806262592096,62.32048582308944,0.013536329824639131,0.0005414531929855653,8.460206140399457e-06,0.150349753728308,64
16192,252,16187,147.64753930289217,2.30699280160769,0.4602510460251046,0.4602510460251046,1434,660,752,0,54.640625,3497.0,5.298484848484849,9.0,660,0.03123354083928007,1998.9466137139245,1936.7412296371933,62.205384076730915,0.012366831050648355,0.0004946732420259342,7.729269406655222e-06,0.15168891629331643,64
16256,253,16251,125.69367236517854,1.9639636307059147,0.4420391061452514,0.4420391061452514,1432,633,801,0,53.609375,3431.0,5.420221169036335,10.0,633,0.03092681841789822,1979.3163787454862,1917.503112848686,61.81326589680063,0.012886258590614303,0.0005154503436245721,8.05391161913394e-06,0.15260737453426892,64
16320,254,16315,174.51891977444956,2.7268581214757743,0.5056417489421721,0.5056417489421721,1418,717,703,0,59.125,3784.0,5.277545327754533,9.0,717,0.03558824292933144,2277.647547477212,2215.483693568969,62.163853908243034,0.015755706210553888,0.0006302282484221555,9.84731638159618e-06,0.1533319637870863,64
16384,255,16379,113.35086915536637,1.7711073305525995,0.4175744371822803,0.4175744371822803,1377,575,802,0,47.859375,3063.0,5.32695652173913,9.299999999999955,575,0.027748433604856966,1775.8997507108459,1714.5544222936644,61.34532841718205,0.010574679160968803,0.0004229871664387521,6.6091744756055015e-06,0.15450097188507503,64
16448,256,16443,67.63208774064285,1.0567513709475445,0.3508896797153025,0.3508896797153025,1405,493,920,0,41.25,2640.0,5.354969574036511,9.0,493,0.025068724836865,1604.39838955936,1542.132554628877,62.2658349304834,0.01104332101912413,0.0004417328407649652,6.902075636952581e-06,0.15530746806660556,64
16512,257,16507,76.13219184603253,1.1895654975942582,0.3647140864714086,0.3647140864714086,1434,523,902,0,43.484375,2783.0,5.321223709369025,9.0,523,0.02517861513079734,1611.4313683710297,1548.0859163231285,63.34545204790104,0.011084606684835942,0.0004433842673934377,6.927879178022464e-06,0.15570486459760524,64
16576,258,16571,51.36864556662849,0.8026350869785701,0.3357825128581925,0.3357825128581925,1361,457,935,0,39.640625,2537.0,5.5514223194748356,10.0,457,0.023199885124401954,1484.7926479617252,1423.568964555321,61.223683406405364,0.010661217234756435,0.0004264486893902574,6.663260771722772e-06,0.15566589107308987,64
16640,259,16635,155.90416650812404,2.436002601689438,0.4525691699604743,0.4525691699604743,1518,687,791,0,53.75,3440.0,5.0072780203784575,8.0,687,0.031562491606509445,2019.9994628166044,1954.927070265711,65.07239255089317,0.013303912834731008,0.0005321565133892403,8.31494552170688e-06,0.1558983480284818,64
16704,260,16699,141.05657112947148,2.204008923897992,0.4757772957339118,0.4757772957339118,1383,658,741,0,55.015625,3521.0,5.351063829787234,9.0,658,0.03284377966636164,2102.001898647145,2042.9850637234836,59.016834923661385,0.015475274296876684,0.0006190109718750673,9.672046435547927e-06,0.15683691205567138,64
16768,261,16763,152.1255723448148,2.3769620678877312,0.47749648382559773,0.47749648382559773,1422,679,757,0,58.84375,3766.0,5.546391752577319,10.0,679,0.03390060028504888,2169.6384182431284,2108.787667699963,60.85075054316566,0.015798759410344317,0.0006319503764137726,9.874224631465197e-06,0.15736668330005096,64
16832,262,16827,131.287776832583,2.0513715130091095,0.45314685314685316,0.45314685314685316,1430,648,765,0,57.859375,3703.0,5.714506172839506,10.0,648,0.03664405855334056,2345.219747413796,2285.1730499592127,60.046697454582,0.016618195466803275,0.000664727818672131,1.0386372166752047e-05,0.15747714982899394,64
16896,263,16891,129.21760906529647,2.0190251416452574,0.45147375988497485,0.45147375988497485,1391,628,747,0,57.28125,3666.0,5.837579617834395,10.0,628,0.03297700575998136,2110.528368638807,2051.19845304857,59.32991559023605,0.015303665820897644,0.0006121466328359058,9.564791138061028e-06,0.15758505559187871,64
16960,264,16955,147.29870730811206,2.301542301689251,0.48328488372093026,0.48328488372093026,1376,665,728,0,58.015625,3713.0,5.583458646616541,10.0,665,0.034198912064564775,2188.7303721321455,2129.738008813414,58.9923633187319,0.01593843095411439,0.0006375372381645757,9.961519346321496e-06,0.15817482323454132,64
17024,265,17019,175.01810271067478,2.7346578548542935,0.5202952029520295,0.5202952029520295,1355,705,662,0,56.984375,3647.0,5.173049645390071,9.0,705,0.03331395957120642,2132.0934125572107,2072.5578183560865,59.53559420112379,0.015371588871321102,0.0006148635548528441,9.60724304457569e-06,0.15857677399915143,64
17088,266,17083,117.83077873921525,1.8411059178002382,0.40987124463519314,0.40987124463519314,1398,573,818,0,46.015625,2945.0,5.139616055846423,9.0,573,0.02620807317249397,1677.316683039614,1618.12079228304,59.19589075657479,0.011329880008563147,0.00045319520034252587,7.081175005351967e-06,0.15832821873987163,64
17152,267,17147,175.65813739103805,2.7446583967349696,0.5095271700776288,0.5095271700776288,1417,722,691,0,59.1875,3788.0,5.246537396121884,9.0,722,0.03655380048424408,2339.443230991621,2277.8214609986035,61.621769993016954,0.015653817959425727,0.0006261527183770291,9.78363622464108e-06,0.15782628071783286,64
17216,268,17211,125.33626508775507,1.958379141996173,0.4392129304286718,0.4392129304286718,1423,625,766,0,53.375,3416.0,5.4656,10.0,625,0.031139815894292596,1992.9482172347261,1932.2533626321008,60.69485460262524,0.012570654543782117,0.0005028261817512846,7.856659089863823e-06,0.15726298715144807,64
17280,269,17275,107.23918216564098,1.6756122213381404,0.42496493688639553,0.42496493688639553,1426,606,842,0,52.78125,3378.0,5.574257425742574,10.0,606,0.032688907629686674,2092.090088299947,2031.0680597466458,61.0220285533009,0.01319439600706453,0.0005277758402825812,8.246497504415332e-06,0.15617831438967067,64
17344,270,17339,123.08003006412869,1.9231254697520108,0.4435028248587571,0.4435028248587571,1416,628,806,0,58.1875,3724.0,5.929936305732484,10.0,628,0.03462341435445137,2215.8985186848877,2155.0029900946415,60.895528590246585,0.014201679861256873,0.0005680671944502749,8.876049913285545e-06,0.15602312312162583,64
17408,271,17403,179.37564282612567,2.8027444191582136,0.5205091937765205,0.5205091937765205,1414,736,694,0,64.1875,4108.0,5.581521739130435,9.0,736,0.038667027225109264,2474.689742406993,2412.8334412027743,61.85630120421754,0.015601347777680586,0.0006240539111072235,9.750842361050367e-06,0.15654885715281386,64
17472,272,17467,147.42381997390484,2.303497187092263,0.45467224546722457,0.45467224546722457,1434,652,780,0,52.28125,3346.0,5.131901840490798,9.0,652,0.031732085214048016,2030.853453699073,1967.0784530774745,63.77500062159879,0.012667987133227877,0.0005067194853291151,7.917491958267423e-06,0.15670744455615618,64
17536,273,17531,198.71678080234955,3.1049497000367117,0.5340990667623834,0.5340990667623834,1393,744,645,0,58.75,3760.0,5.053763440860215,8.850000000000023,744,0.033321469687104116,2132.574059974663,2072.391864850322,60.18219512434059,0.012622348420488833,0.0005048939368195533,7.88896776280552e-06,0.15648995868490917,64
17600,274,17595,271.28915654090883,4.2388930709517005,0.6260683760683761,0.6260683760683761,1404,879,517,0,67.140625,4297.0,4.888509670079636,8.0,879,0.03864542568981318,2473.3072441480435,2414.087464660983,59.21977948705963,0.014313773224398951,0.000572550928975958,8.946108265249344e-06,0.15662141627377363,64
17664,275,17659,271.8974442603669,4.248397566568233,0.6132971506105834,0.6132971506105834,1474,904,575,0,71.5625,4580.0,5.066371681415929,8.0,904,0.04065994857476693,2602.2367087850835,2541.1798639296003,61.05684485548389,0.014917936462653195,0.0005967174585061278,9.323710289158247e-06,0.15687387019157834,64
17728,276,17723,221.203050896206,3.456297670253219,0.5621007806955287,0.5621007806955287,1409,792,625,0,62.8125,4020.0,5.075757575757576,8.0,792,0.03592958582545839,2299.493492829337,2241.4581698656925,58.035322963645974,0.014440223602153303,0.0005776089440861322,9.025139751345815e-06,0.15694029744662935,64
17792,277,17787,235.5406235671254,3.6803222432363345,0.5784313725490197,0.5784313725490197,1428,826,604,0,64.421875,4123.0,4.991525423728813,8.0,826,0.034609774450090905,2215.025564805818,2158.5192888102742,56.50627599554258,0.014874577344686404,0.0005949830937874562,9.296610840429003e-06,0.15668050260246846,64
17856,278,17851,222.64681666680934,3.478856510418896,0.5707142857142857,0.5707142857142857,1400,799,597,0,63.984375,4095.0,5.1251564455569465,9.0,799,0.041673905528095294,2667.129953798099,2608.6579465230443,58.47200727505371,0.017313944250582563,0.0006925577700233025,1.0821215156614102e-05,0.1562291856350579,64
17920,279,17915,208.40535023403157,3.2563335974067433,0.5434933890048712,0.5434933890048712,1437,781,657,0,63.984375,4095.0,5.243277848911652,9.0,781,0.03950805660715637,2528.5156228580076,2465.302973628203,63.212649229804605,0.015033588780228124,0.000601343551209125,9.395992987642577e-06,0.15555361693176217,64
17984,280,17979,226.50156243375102,3.5390869130273597,0.5463576158940397,0.5463576158940397,1510,825,650,0,66.71875,4270.0,5.175757575757576,9.0,825,0.04042478834860194,2587.1864543105244,2521.813176158436,65.37327815208783,0.01373640772602117,0.0005494563090408468,8.58525482876323e-06,0.1544430248398158,64
18048,281,18043,234.4679660287808,3.6635619691997,0.5726027397260274,0.5726027397260274,1460,836,631,0,69.71875,4462.0,5.337320574162679,9.0,836,0.040413781700180285,2586.4820288115384,2521.9626184319086,64.51941037963014,0.0148337865243174,0.000593351460972696,9.271116577698375e-06,0.15410736266673355,64
18112,282,18107,195.07131953420452,3.0479893677219456,0.512542372881356,0.512542372881356,1475,756,718,0,63.984375,4095.0,5.416666666666667,10.0,756,0.03570541667276308,2285.146667056837,2223.0430518829266,62.103615173911344,0.01314334006389008,0.0005257336025556032,8.2145875399313e-06,0.15434663586433903,64
18176,283,18171,98.98115021173976,1.5465804720584337,0.39104477611940297,0.39104477611940297,1340,524,808,0,41.890625,2681.0,5.116412213740458,9.0,524,0.021570749257276527,1380.5279524656978,1325.3131184564734,55.21483400922435,0.008360654318152926,0.0003344261727261171,5.225408948845579e-06,0.15403246932140754,64
18240,284,18235,45.44478305321901,0.7100747352065471,0.3262618873445501,0.3262618873445501,1367,446,953,0,37.03125,2370.0,5.313901345291479,9.0,446,0.020457497075473362,1309.2798128302952,1251.7864856852354,57.49332714505998,0.009320852265845798,0.0003728340906338319,5.825532666153623e-06,0.15381300225218653,64
18304,285,18299,200.04720529896872,3.1257375827963862,0.5209176788124157,0.5209176788124157,1482,772,701,0,64.03125,4098.0,5.308290155440415,9.0,772,0.039271964434604255,2513.4057238146725,2450.9590478199543,62.44667599471949,0.014986510026208672,0.0005994604010483469,9.36656876638042e-06,0.15393825147342638,64
18368,286,18363,187.79686661079847,2.934326040793726,0.5336712527154236,0.5336712527154236,1381,737,674,0,59.03125,3778.0,5.126187245590231,8.0,737,0.03560688406120844,2278.84057991734,2220.90493439164,57.935645525699144,0.013532505028726962,0.0005413002011490785,8.457815642954352e-06,0.15398706800077328,64
18432,287,18427,189.5246957770864,2.961323371516975,0.5179224579370885,0.5179224579370885,1367,708,612,0,55.34375,3542.0,5.002824858757062,8.0,708,0.03112628805425336,1992.0824354722151,1935.8767341683192,56.205701303896554,0.011662888057931895,0.0004665155223172758,7.289305036207434e-06,0.15357962358486793,64
18496,288,18491,129.84035665615127,2.0287555727523636,0.43745583038869257,0.43745583038869257,1415,619,805,0,51.125,3272.0,5.2859450726979,9.0,619,0.031217060518009085,1997.8918731525814,1938.1248178439726,59.76705530860891,0.012108339893737172,0.0004843335957494869,7.567712433585733e-06,0.15255883897761452,64
18560,289,18555,169.7293046388885,2.6520203849826327,0.48520302821748107,0.48520302821748107,1453,705,727,0,56.71875,3630.0,5.148936170212766,9.0,705,0.03445545010245819,2205.1488065573244,2142.3878484487964,62.760958108528236,0.012174844410745551,0.00048699377642982204,7.609277756715969e-06,0.1513792447360136,64
18624,290,18619,166.8198733061211,2.6065605204081423,0.49396735273243436,0.49396735273243436,1409,696,744,0,56.78125,3634.0,5.221264367816092,9.0,696,0.030730937666025252,1966.7800106256161,1909.316028695871,57.46398192974527,0.011425313950271973,0.00045701255801087895,7.140821218919984e-06,0.1499082981355869,64
18688,291,18683,198.70456845113483,3.1047588820489818,0.5239398084815321,0.5239398084815321,1462,766,685,0,64.828125,4149.0,5.4164490861618795,9.0,766,0.03862978477740304,2472.3062257537945,2410.349692839957,61.9565329138384,0.0146647175509728,0.000586588702038912,9.165448469358e-06,0.14949666008081072,64
18752,292,18747,218.5885059866585,3.415445406041539,0.5574348132487668,0.5574348132487668,1419,791,630,0,62.96875,4030.0,5.094816687737041,9.0,791,0.03648379877241064,2334.9631214342808,2277.179885372046,57.78323606223558,0.013453765443946816,0.0005381506177578727,8.40860340246676e-06,0.14990528335872372,64
18816,293,18811,206.64926852030987,3.228894820629842,0.5379746835443038,0.5379746835443038,1422,765,656,0,61.75,3952.0,5.166013071895425,9.0,765,0.03508019377463362,2245.1324015765513,2187.033176539451,58.09922503710018,0.01269507209480306,0.0005078028837921224,7.934420059251912e-06,0.14974990199745153,64
18880,294,18875,269.13708636964543,4.20526697452571,0.6335493160547156,0.6335493160547156,1389,880,544,0,69.984375,4479.0,5.089772727272727,8.0,880,0.03879243772440835,2482.7160143621345,2425.3755486081054,57.34046575402911,0.013798233585328844,0.0005519293434131538,8.623895990830527e-06,0.14924575417185376,64
18944,295,18939,194.82117483121323,3.0440808567377067,0.5271816881258942,0.5271816881258942,1398,737,636,0,60.1875,3852.0,5.226594301221167,9.0,737,0.03425163360103673,2192.1045504663507,2132.7097679962767,59.39478247007388,0.012131556232913591,0.0004852622493165437,7.582222645570995e-06,0.14845130620216146,64
19008,296,19003,237.40115095321232,3.7093929836439425,0.5868306801736614,0.5868306801736614,1382,811,570,0,66.390625,4249.0,5.23921085080148,9.0,811,0.04018911579450034,2572.1034108480217,2513.724582276659,58.37882857136097,0.014362651280902826,0.000574506051236113,8.976657050564266e-06,0.1474262379729463,64
19072,297,19067,249.42563945387514,3.897275616466799,0.6034607065609229,0.6034607065609229,1387,837,552,0,68.984375,4415.0,5.27479091995221,8.0,837,0.03904063161131599,2498.600423124223,2442.7250248450323,55.87539827919158,0.013977908088885313,0.0005591163235554125,8.73619255555332e-06,0.1461384881758034,64
19136,298,19131,241.07184987861052,3.7667476543532894,0.5889526542324247,0.5889526542324247,1394,821,574,0,66.0625,4228.0,5.149817295980512,9.0,821,0.03694231751352326,2364.308320865489,2306.781181052528,57.52713981296087,0.014132613297703205,0.0005653045319081282,8.832883311064503e-06,0.1446535378639882,64
19200,299,19195,153.34577226670388,2.396027691667248,0.4842632331902718,0.4842632331902718,1398,677,726,0,57.515625,3681.0,5.437223042836042,10.0,677,0.03348363037624163,2142.952344079464,2081.934557288628,61.01778679083518,0.014036794884738727,0.0005614717953895491,8.772996802961704e-06,0.1437673397630826,64
19264,300,19259,222.87638025739543,3.4824434415218035,0.5689778413152251,0.5689778413152251,1399,796,602,0,64.21875,4110.0,5.163316582914573,9.0,796,0.038053415300345755,2435.4185792221283,2378.0970425013074,57.32153672082138,0.015420423058532657,0.0006168169223413063,9.63776441158291e-06,0.14440322209701806,64
19328,301,19323,246.2739763960378,3.8480308811880906,0.5951048951048951,0.5951048951048951,1430,851,600,0,68.625,4392.0,5.160987074030552,8.0,851,0.03859131232262271,2469.843988647853,2409.5735269913757,60.270461656476904,0.015617642594048126,0.0006247057037619251,9.76102662128008e-06,0.14535334321846183,64
19392,302,19387,239.49393063824755,3.742092666222618,0.5863539445628998,0.5863539445628998,1407,825,569,0,65.625,4200.0,5.090909090909091,8.0,825,0.037316243036459085,2388.2395543333814,2331.5242151624093,56.71533917097181,0.014466344992176975,0.000578653799687079,9.041465620110609e-06,0.14587983675632415,64
19456,303,19451,208.0705871316926,3.251102923932697,0.5512091038406828,0.5512091038406828,1406,775,636,0,62.8125,4020.0,5.187096774193549,9.0,775,0.0365297395322083,2337.903330061331,2277.85592413609,60.04740592524071,0.015284339422962138,0.0006113735769184855,9.552712139351337e-06,0.14576882111517253,64
19520,304,19515,208.7706726662381,3.2620417604099705,0.5398601398601398,0.5398601398601398,1430,772,642,0,61.96875,3966.0,5.137305699481865,8.449999999999932,772,0.036844137757543596,2358.0248164827904,2297.1388797369996,60.885936745789955,0.01566113625594846,0.0006264454502379384,9.788210159967787e-06,0.1457766298285204,64
19584,305,19579,211.75121908229323,3.3086127981608318,0.5646970830216903,0.5646970830216903,1337,755,593,0,57.828125,3701.0,4.901986754966887,8.0,755,0.031094165865580798,1990.026615397171,1933.5603699666613,56.46624543051045,0.012252062908731176,0.0004900825163492471,7.657539317956986e-06,0.14705796617980593,64
19648,306,19643,200.04305216087042,3.1256726900136003,0.5452522255192879,0.5452522255192879,1348,735,598,0,59.375,3800.0,5.170068027210885,9.0,735,0.03368463489375242,2155.8166332001547,2099.600732317174,56.21590088297966,0.013626652937467228,0.0005450661174986891,8.516658085917018e-06,0.1482392765705156,64
19712,307,19707,220.83005082517604,3.4504695441433757,0.5643776824034334,0.5643776824034334,1398,789,631,0,61.765625,3953.0,5.010139416983524,8.0,789,0.0332387321586009,2127.278858150458,2068.2620912538273,59.01676689662976,0.013286560737407112,0.0005314624294962845,8.304100460879445e-06,0.14906912011125492,64
19776,308,19771,217.21710174627717,3.3940172147855807,0.547925608011445,0.547925608011445,1398,766,604,0,59.578125,3813.0,4.977806788511749,8.0,766,0.032267480571121915,2065.1187565518026,2006.7405389284065,58.378217623396026,0.01301724035848048,0.0005206896143392192,8.1357752240503e-06,0.14961062058728863,64
19840,309,19835,196.63532771372806,3.072426995527001,0.5272601794340924,0.5272601794340924,1449,764,692,0,65.421875,4187.0,5.480366492146596,9.0,764,0.03745491699091282,2397.1146874184205,2336.6398277854983,60.474859632922126,0.015990557140587287,0.0006396222856234915,9.994098212867055e-06,0.1499027091949297,64
19904,310,19899,242.19616935204562,3.7843151461257127,0.6021897810218978,0.6021897810218978,1370,825,562,0,65.65625,4202.0,5.093333333333334,8.0,825,0.03615910300876988,2314.182592561272,2256.724884424687,57.4577081365845,0.014549587991375922,0.0005819835196550369,9.093492494609951e-06,0.14993451351007062,64
19968,311,19963,210.1819667219695,3.2840932300307735,0.5410764872521246,0.5410764872521246,1412,764,618,0,60.546875,3875.0,5.071989528795812,8.0,764,0.03551949644556669,2273.2477725162685,2216.4520926590903,56.795679857177106,0.013740276395617182,0.0005496110558246873,8.587672747260739e-06,0.15030137272633384,64
20032,312,20027,228.7327445653812,3.5739491338340814,0.5936811168258633,0.5936811168258633,1361,808,599,0,64.65625,4138.0,5.121287128712871,9.0,808,0.03705246041927143,2371.3574668333717,2314.5989130648045,56.758553768567374,0.014235623474609082,0.0005694249389843633,8.897264671630676e-06,0.15077129339846732,64
20096,313,20091,196.45864599460722,3.069666343665738,0.5271816881258942,0.5271816881258942,1398,737,610,0,57.28125,3666.0,4.974219810040705,9.0,737,0.03297969618398531,2110.70055577506,2054.3582442959987,56.34231147906105,0.013219657106579153,0.0005287862842631661,8.26228569161197e-06,0.15085362765110313,64
20160,314,20155,245.66454843329734,3.838508569270271,0.5970359915314044,0.5970359915314044,1417,846,596,0,65.921875,4219.0,4.986997635933806,8.0,846,0.037550784137164846,2403.25018477855,2345.2413738285004,58.00881095005138,0.013897129312114447,0.0005558851724845778,8.685705820071529e-06,0.150723053229142,64
20224,315,20219,229.62313028418717,3.5878614106904245,0.5706174591909156,0.5706174591909156,1409,804,584,0,63.390625,4057.0,5.046019900497512,8.0,804,0.03655913029603576,2339.7843389462887,2278.522136540506,61.262202405782645,0.012628143415492038,0.0005051257366196815,7.892589634682524e-06,0.15039246547215063,64
20288,316,20283,257.94101894258347,4.030328420977867,0.6167621776504298,0.6167621776504298,1396,861,564,0,67.734375,4335.0,5.034843205574913,8.0,861,0.03807018455432006,2436.491811476484,2377.5652169344216,58.92659454206497,0.013834486645877936,0.0005533794658351174,8.64655415367371e-06,0.15042719565667706,64
20352,317,20347,209.15561216674968,3.2680564401054637,0.5496017378711079,0.5496017378711079,1381,759,604,0,60.890625,3897.0,5.134387351778656,9.0,759,0.03598452541681818,2303.0096266763635,2245.994604241305,57.01502243505874,0.013343130030211262,0.0005337252012084505,8.339456268882039e-06,0.15042311270980233,64
20416,318,20411,212.20705325918823,3.315735207174816,0.5391061452513967,0.5391061452513967,1432,772,644,0,61.21875,3918.0,5.075129533678757,8.0,772,0.03343009741466971,2139.5262345388614,2078.7041383565343,60.82209618232742,0.011729380818824431,0.0004691752327529772,7.330863011765269e-06,0.1498892235641341,64
20480,319,20475,196.55434611699175,3.071161658077996,0.5298295454545454,0.5298295454545454,1408,746,672,0,59.78125,3826.0,5.128686327077748,8.0,746,0.03576682647927369,2289.076894673516,2227.7421241299285,61.33477054358876,0.012548795085840187,0.0005019518034336075,7.842996928650116e-06,0.1488889781396099,64
20544,320,20539,214.647260389824,3.353863443591,0.5528511821974965,0.5528511821974965,1438,795,645,0,65.921875,4219.0,5.306918238993711,9.0,795,0.038871732784131335,2487.7908981844053,2428.0644126761485,59.72648550825753,0.013718080196812704,0.0005487232078725081,8.57380012300794e-06,0.1478965666008633,64
20608,321,20603,218.66120251935172,3.4165812893648706,0.5645863570391872,0.5645863570391872,1378,778,598,0,63.234375,4047.0,5.201799485861183,9.0,778,0.0366181174638684,2343.5595176875777,2287.5434896668507,56.01602802072718,0.013634233145623375,0.000545369325824935,8.52139571601461e-06,0.1469759915439679,64
20672,322,20667,196.514562166317,3.070540033848703,0.5314735336194564,0.5314735336194564,1398,743,668,0,58.78125,3762.0,5.063257065948856,8.0,743,0.033986094611948986,2175.110055164735,2119.20236241963,55.90769274510584,0.012774878666359776,0.0005109951466543911,7.98429916647486e-06,0.14635845958938754,64
20736,323,20731,194.38783597037082,3.037309937037044,0.5349361382419233,0.5349361382419233,1331,712,591,0,57.765625,3697.0,5.192415730337078,9.0,712,0.03280904471784007,2099.7788619417643,2045.4714000334313,54.307461908332485,0.011368521538844944,0.00045474086155379773,7.1053259617780896e-06,0.14532104151184486,64
20800,324,20795,164.162917871575,2.565045591743359,0.49820531227566406,0.49820531227566406,1393,694,718,0,60.859375,3895.0,5.612391930835735,9.0,694,0.03710452239232743,2374.689433108955,2318.477926527502,56.21150658145397,0.012946313407670796,0.0005178525363068318,8.091445879794247e-06,0.14518148754343546,64
20864,325,20859,246.99719823436342,3.8593312224119285,0.5827538247566064,0.5827538247566064,1438,838,599,0,67.5,4320.0,5.155131264916467,8.0,838,0.03806682094503558,2436.276540482277,2378.719662332648,57.55687814962869,0.014667346025274168,0.0005866938410109667,9.167091265796355e-06,0.14654572513274478,64
20928,326,20923,176.02531026784746,2.7503954729351165,0.48462064251537934,0.48462064251537934,1463,709,750,0,55.859375,3575.0,5.042313117066291,8.0,709,0.03208807900999851,2053.6370566399046,1994.6357121759663,59.001344463938956,0.012134070659995042,0.00048536282639980165,7.583794162496901e-06,0.14779412368211625,64
20992,327,20987,138.56485714547009,2.16507589289797,0.42857142857142855,0.42857142857142855,1393,597,793,0,46.25,2960.0,4.958123953098827,8.0,597,0.02586559638331731,1655.3981685323079,1599.4494274568433,55.94874107546465,0.009770609327373638,0.0003908243730949455,6.106630829608524e-06,0.14848882003090996,64
21056,328,21051,175.14906974356248,2.7367042147431637,0.4887005649717514,0.4887005649717514,1416,692,712,0,54.8125,3508.0,5.069364161849711,8.0,692,0.03233030555483789,2069.1395555096246,2011.654260101985,57.48529540763983,0.01319357287550293,0.0005277429150201172,8.245983047189331e-06,0.148994066798853,64
21120,329,21115,134.25370183566466,2.0977140911822603,0.42071881606765327,0.42071881606765327,1419,597,843,0,46.375,2968.0,4.971524288107203,8.0,597,0.026019890540916937,1665.272994618684,1605.172228330537,60.10076628814756,0.010376404050584959,0.00041505616202339835,6.485252531615599e-06,0.14913385406552526,64
21184,330,21179,151.91624901415446,2.3736913908461634,0.4481534090909091,0.4481534090909091,1408,631,781,0,49.078125,3141.0,4.977812995245642,8.0,631,0.02862281797615942,1831.8603504742027,1773.70778944591,58.152561028292055,0.0115503320094639,0.00046201328037855603,7.218957505914938e-06,0.14880428192653639,64
21248,331,21243,130.3579077246971,2.036842308198392,0.41383989145183175,0.41383989145183175,1474,610,869,0,46.1875,2956.0,4.845901639344262,8.0,610,0.0271337340834749,1736.5589813423935,1676.3739634258368,60.185017916556596,0.010732003364414756,0.0004292801345765902,6.707502102759222e-06,0.148179925625429,64
21312,332,21307,153.32852350930204,2.3957581798328444,0.44776119402985076,0.44776119402985076,1474,660,816,0,51.796875,3315.0,5.0227272727272725,8.0,660,0.02976993361649567,1905.275751455723,1845.3595799828515,59.916171472871696,0.012193682828387488,0.0004877473131354995,7.621051767742179e-06,0.14721570141251578,64
21376,333,21371,152.01514435389004,2.375236630529532,0.4614840989399293,0.4614840989399293,1415,653,759,0,50.390625,3225.0,4.938744257274119,8.0,653,0.029508523122030637,1888.5454798099609,1830.1010709702177,58.44440883974228,0.013029921895918789,0.0005211968758367516,8.143701184949243e-06,0.1476069027904585,64
21440,334,21435,162.46936514475266,2.5385838303867603,0.481294964028777,0.481294964028777,1390,669,723,0,51.96875,3326.0,4.971599402092676,8.0,669,0.027629338655088237,1768.2776739256472,1711.3532513664793,56.9244225591665,0.011792255407001294,0.00047169021628005173,7.370159629375808e-06,0.14839657392165412,64
21504,335,21499,160.6523473348983,2.510192927107786,0.46863468634686345,0.46863468634686345,1355,635,722,0,47.34375,3030.0,4.771653543307087,8.0,635,0.02398928300913738,1535.3141125847922,1477.8617477396544,57.45236484513833,0.009544891573731402,0.0003817956629492561,5.965557233582126e-06,0.14869855360100365,64
21568,336,21563,153.8832224807774,2.4044253512621467,0.467201166180758,0.467201166180758,1372,641,728,0,49.09375,3142.0,4.901716068642746,8.0,641,0.02823038734868167,1806.744790315627,1748.092409961271,58.652380354356566,0.012265398701917198,0.0004906159480766879,7.665874188698249e-06,0.14930664443357106,64
21632,337,21627,160.17811625718616,2.5027830665185338,0.4456902592852137,0.4456902592852137,1427,636,768,0,47.765625,3057.0,4.806603773584905,8.0,636,0.026173927210054827,1675.131341443509,1616.4433026241286,58.6880388193802,0.01056661311908508,0.00042266452476340315,6.604133199428174e-06,0.15005225026941968,64
21696,338,21691,175.46912983187042,2.7417051536229753,0.47905405405405405,0.47905405405405405,1480,709,803,0,53.984375,3455.0,4.873060648801128,8.0,709,0.030877981739606184,1976.1908313347958,1915.035062083441,61.155769251354464,0.012980268053202796,0.0005192107221281118,8.112667533251748e-06,0.15050513770849955,64
21760,339,21755,203.40699308155712,3.17823426689933,0.5258992805755396,0.5258992805755396,1390,731,631,0,54.828125,3509.0,4.800273597811217,7.0,731,0.029816301875408603,1908.2433200261505,1849.4470778694417,58.79624215670858,0.01395166248596947,0.0005580664994387788,8.719789053730919e-06,0.1507283182089102,64
21824,340,21819,118.91877467999596,1.858105854374937,0.3910386965376782,0.3910386965376782,1473,576,879,0,44.9375,2876.0,4.993055555555555,9.0,576,0.026150313705017577,1673.620077121125,1608.8898963245708,64.7301807965542,0.012426394651528106,0.0004970557860611242,7.766496657205066e-06,0.1508833701277972,64
21888,341,21883,95.33456087440631,1.4896025136625985,0.37430555555555556,0.37430555555555556,1440,539,922,0,42.25,2704.0,5.01669758812616,9.0,539,0.026062858618553862,1668.022951587447,1606.395692665021,61.62725892242577,0.012006487014279886,0.00048025948057119544,7.504054383924929e-06,0.15147948760546107,64
21952,342,21947,111.33863710307153,1.7396662047354927,0.3870967741935484,0.3870967741935484,1426,552,873,0,43.625,2792.0,5.057971014492754,9.0,552,0.02404770551536646,1539.0531529834534,1478.7616393191295,60.29151366432338,0.010464874470870298,0.0004185949788348119,6.540546544293936e-06,0.15170788605913332,64
22016,343,22011,85.8237750983861,1.3409964859122827,0.3698060941828255,0.3698060941828255,1444,534,914,0,44.90625,2874.0,5.382022471910112,9.0,534,0.027380158091178504,1752.3301178354243,1691.9781176107854,60.35200022463816,0.012983767052501366,0.0005193506821000546,8.114854407813354e-06,0.15158312529938195,64
22080,344,22075,118.58431678751657,1.8528799498049464,0.42498205312275666,0.42498205312275666,1393,592,816,0,46.953125,3005.0,5.076013513513513,8.449999999999932,592,0.02624632344856818,1679.7647007083635,1622.115586215055,57.64911449330797,0.011926303748187735,0.0004770521499275094,7.453939842617335e-06,0.15121971403904977,64
22144,345,22139,127.16738785578278,1.986990435246606,0.43523316062176165,0.43523316062176165,1351,588,749,0,47.5625,3044.0,5.1768707482993195,9.0,588,0.026123368181994396,1671.8955636476414,1617.2654196864441,54.63014396119794,0.010703309055344628,0.00042813236221378513,6.689568159590393e-06,0.15050236763903707,64
22208,346,22203,84.00967213409886,1.3126511270952947,0.37281009110021024,0.37281009110021024,1427,532,895,0,43.953125,2813.0,5.287593984962406,9.0,532,0.026369554356050418,1687.6514787872268,1628.6222316338426,59.029247153384524,0.011690724582771844,0.00046762898331087374,7.306702864232402e-06,0.149559778139854,64
22272,347,22267,107.61158171085489,1.6814309642321077,0.42183098591549295,0.42183098591549295,1420,599,824,0,54.09375,3462.0,5.779632721202003,10.0,599,0.03131227319342784,2003.9854843793814,1946.5005733454875,57.48491103389455,0.014270357088675068,0.0005708142835470027,8.918973180421917e-06,0.14997565932955753,64
22336,348,22331,125.80449895362342,1.965695296150366,0.4117647058823529,0.4117647058823529,1479,609,858,0,48.25,3088.0,5.070607553366174,8.0,609,0.029505309947803697,1888.3398366594365,1826.5365282437722,61.803308415663,0.012195907759021074,0.000487836310360843,7.622442349388172e-06,0.15038117455126823,64
22400,349,22395,84.22475556822366,1.3160118057534946,0.3716502115655853,0.3716502115655853,1418,527,901,0,44.484375,2847.0,5.402277039848197,9.699999999999989,527,0.026674576689418535,1707.172908122786,1649.632525778562,57.540382344224454,0.011708181512174284,0.00046832726048697134,7.317613445108927e-06,0.15044012311332777,64
22464,350,22459,115.88274902592705,1.8106679535301102,0.42066420664206644,0.42066420664206644,1355,570,792,0,47.28125,3026.0,5.3087719298245615,9.0,570,0.027090385989558742,1733.7847033317596,1680.5007378221312,53.28396550962831,0.010917655293739758,0.00043670621174959033,6.823534558587349e-06,0.15006772958763212,64
22528,351,22523,86.2838505994143,1.3481851656158483,0.36764705882352944,0.36764705882352944,1428,525,889,0,43.109375,2759.0,5.255238095238095,9.0,525,0.023217076206408244,1485.8928772101276,1431.2485946208803,54.64428258924728,0.008543767310356084,0.00034175069241424333,5.339854568972552e-06,0.14916295333838397,64
22592,352,22587,71.40025412254958,1.1156289706648372,0.3528550512445095,0.3528550512445095,1366,482,871,0,41.296875,2643.0,5.483402489626556,10.0,482,0.02541237914365581,1626.3922651939718,1572.6581873882274,53.73407780574387,0.009254263171999826,0.00037017052687999305,5.783914482499891e-06,0.14792113849357175,64
22656,353,22651,113.10423633212655,1.7672536926894773,0.4357414448669201,0.4357414448669201,1315,573,774,0,49.21875,3150.0,5.49738219895288,10.0,573,0.02681503368177155,1716.1621556333794,1667.391615150228,48.77054048315147,0.010823976582828332,0.00043295906331313323,6.764985364267707e-06,0.14636320196015895,64
22720,354,22715,209.52294023492635,3.2737959411707243,0.5526122148638705,0.5526122148638705,1359,751,603,0,61.703125,3949.0,5.25832223701731,9.0,751,0.03368372835781727,2155.7586149003055,2106.5656437460534,49.192971154251566,0.011594087806457584,0.00046376351225830333,7.2463048790359896e-06,0.14472023699876363,64
22784,355,22779,218.7326560954905,3.4176977514920392,0.574169741697417,0.574169741697417,1355,778,592,0,64.875,4152.0,5.336760925449871,9.0,778,0.038338324510041696,2453.6527686426684,2402.9694652888525,50.68330335381453,0.011653259194291011,0.00046613036777164044,7.283286996431882e-06,0.1430138081380505,64
22848,356,22843,204.4847307837627,3.195073918496292,0.5345323741007194,0.5345323741007194,1390,743,610,0,61.484375,3935.0,5.296096904441454,9.0,743,0.03718573250216957,2379.8868801388526,2326.347845030694,53.53903510815745,0.010905872075270932,0.00043623488301083727,6.816170047044332e-06,0.14100192043576742,64
22912,357,22907,108.83104680584748,1.7004851063413668,0.4022906227630637,0.4022906227630637,1397,562,836,0,47.140625,3017.0,5.368327402135232,10.0,562,0.027102355995582098,1734.5507837172543,1683.9952851855778,50.555498531676164,0.008504471049139558,0.00034017884196558233,5.315294405712224e-06,0.1396378924301706,64
22976,358,22971,127.07079138805483,1.9854811154383567,0.4326388888888889,0.4326388888888889,1440,623,836,0,52.859375,3383.0,5.430176565008026,10.0,623,0.0306340655909771,1960.5801978225343,1902.3468696652092,58.233328157325346,0.010055818241654692,0.0004022327296661877,6.284886401034183e-06,0.1389505515258192,64
23040,359,23035,186.7402880136201,2.917817000212814,0.5303468208092486,0.5303468208092486,1384,734,657,0,61.078125,3909.0,5.325613079019074,9.0,734,0.038283972169414794,2450.174218842547,2390.5286947366994,59.645524105849006,0.01427098752915943,0.0005708395011663772,8.919367205724644e-06,0.13901254234319918,64
23104,360,23099,174.48139827893186,2.7262718481083104,0.49442119944211993,0.49442119944211993,1434,709,682,0,60.390625,3865.0,5.451339915373766,10.0,709,0.03528831400642793,2258.4520964113876,2195.3016938445408,63.15040256684801,0.013740410771559871,0.0005496164308623949,8.58775673222492e-06,0.13886735730933694,64
23168,361,23163,171.51346556951313,2.6798978995236427,0.503859649122807,0.503859649122807,1425,718,748,0,59.515625,3809.0,5.305013927576602,9.0,718,0.033663883135943526,2154.488520700386,2092.6291501951932,61.85937050519291,0.011257489859440355,0.00045029959437761416,7.035931162150221e-06,0.1382450964871897,64
23232,362,23227,199.45123185907144,3.1164254977979913,0.5324675324675324,0.5324675324675324,1386,738,647,0,59.953125,3837.0,5.199186991869919,9.0,738,0.03301938949505113,2113.2409276832723,2054.1433548177406,59.097572865531994,0.013147166186411888,0.0005258866474564755,8.21697886650743e-06,0.13743114508234425,64
23296,363,23291,206.96561866714995,3.233837791674218,0.5496017378711079,0.5496017378711079,1381,759,612,0,62.890625,4025.0,5.303030303030303,9.0,759,0.03606417959197723,2308.107493886543,2247.3212805480402,60.78621333850352,0.014140974401578795,0.0005656389760631518,8.838109000986747e-06,0.13634390788998418,64
23360,364,23355,173.36724471383002,2.708863198653594,0.4868965517241379,0.4868965517241379,1450,706,731,0,57.515625,3681.0,5.213881019830028,9.0,706,0.03296475190174034,2109.744121711382,2045.8870525429295,63.85706916845226,0.012489315654227817,0.0004995726261691126,7.805822283892385e-06,0.1356949618170635,64
23424,365,23419,118.31232272560985,1.8486300425876538,0.4342007434944238,0.4342007434944238,1345,584,768,0,48.0,3072.0,5.260273972602739,9.0,584,0.027200819825888897,1740.8524688568893,1680.5674861850875,60.28498267180094,0.010962284980990866,0.0004384913992396346,6.851428113119291e-06,0.13507412319213413,64
23488,366,23483,144.70175281130042,2.260964887676569,0.44622093023255816,0.44622093023255816,1376,614,781,0,49.421875,3163.0,5.151465798045603,9.0,614,0.026929017829497335,1723.4571410878295,1660.2323136453829,63.224827442446184,0.01251998855333284,0.0005007995421333136,7.824992845833025e-06,0.13509616171528777,64
23552,367,23547,112.50737299273071,1.7579277030114173,0.40853217642805495,0.40853217642805495,1383,565,821,0,44.40625,2842.0,5.030088495575221,9.0,565,0.025147949396529243,1609.4687613778715,1549.2172664865052,60.251494891366704,0.011152206174567714,0.00044608824698270857,6.970128859104821e-06,0.13570101404430282,64
23616,368,23611,181.27976434408066,2.8324963178762603,0.5048678720445062,0.5048678720445062,1438,726,693,0,58.15625,3722.0,5.126721763085399,9.0,726,0.033658057655273486,2154.1156899375032,2090.2711879097965,63.844502027706206,0.012138658208873427,0.0004855463283549371,7.586661380545892e-06,0.13635281644973196,64
23680,369,23675,187.37533554950272,2.92773961796098,0.5192582025677603,0.5192582025677603,1402,728,659,0,59.3125,3796.0,5.214285714285714,9.0,728,0.03347245314669992,2142.237001388795,2080.0135504482573,62.22345094053755,0.012310863386300245,0.0004924345354520098,7.694289616437653e-06,0.13672298970029112,64
23744,370,23739,181.27180136718707,2.832371896362298,0.5103942652329749,0.5103942652329749,1395,712,687,0,57.46875,3678.0,5.165730337078652,9.0,712,0.033097313219559596,2118.228046051814,2055.0730387204894,63.15500733132495,0.013367423536489172,0.0005346969414595669,8.354639710305732e-06,0.13676013574741197,64
23808,371,23803,160.83408698697826,2.5130326091715354,0.47697841726618706,0.47697841726618706,1390,663,741,0,52.484375,3359.0,5.066365007541478,9.0,663,0.03115172075791969,1993.7101285068602,1929.922461244451,63.78766726240992,0.01256039736880201,0.0005024158947520805,7.850248355501257e-06,0.13707510221394426,64
23872,372,23867,145.74470930104926,2.2772610828288946,0.4573002754820937,0.4573002754820937,1452,664,793,0,55.015625,3521.0,5.302710843373494,9.0,664,0.032347623897491525,2070.2479294394575,2004.7482084350818,65.49972100437556,0.012322599472970684,0.0004929039789188273,7.701624670606677e-06,0.13800696318195094,64
23936,373,23931,153.43354378596453,2.397399121655696,0.4696441032798325,0.4696441032798325,1433,673,760,0,56.078125,3589.0,5.332838038632986,9.0,673,0.030635075916329756,1960.6448586451045,1896.4272050370905,64.21765360801346,0.012783458888767134,0.0005113383555506853,7.989661805479458e-06,0.13943994548728955,64
24000,374,23995,142.9778247658473,2.234028511966364,0.44452198185624564,0.44452198185624564,1433,637,802,0,50.890625,3257.0,5.1130298273155415,9.0,637,0.02750758821894928,1760.4856460127537,1697.5886567147793,62.89698929797423,0.011483712434957511,0.00045934849739830044,7.177320271848444e-06,0.14044527714208124,64
24064,375,24059,125.58896829506259,1.962327629610353,0.43000669792364365,0.43000669792364365,1493,642,831,0,56.65625,3626.0,5.64797507788162,10.0,642,0.033330129687943924,2133.128300028411,2065.255310022427,67.87299000598439,0.013628307288272176,0.000545132291530887,8.51769205517011e-06,0.14121134240698585,64
24128,376,24123,113.00676297090095,1.7657306714203274,0.425531914893617,0.425531914893617,1410,600,796,0,54.265625,3473.0,5.788333333333333,10.0,600,0.0339871646295778,2175.178536292979,2116.8070963966375,58.37143989634172,0.013506513454560328,0.0005402605381824131,8.441570909100205e-06,0.14180681596404507,64
24192,377,24187,120.5782234155198,1.884034740867497,0.45076586433260396,0.45076586433260396,1371,618,762,0,54.140625,3465.0,5.606796116504855,10.0,618,0.03159742703997842,2022.2353305586191,1964.0682860098655,58.16704454875285,0.011907841260259799,0.00047631365041039196,7.442400787662374e-06,0.1419161542987286,64
24256,378,24251,167.91827395612864,2.62372303056451,0.5122131754256106,0.5122131754256106,1351,692,700,0,58.65625,3754.0,5.42485549132948,10.0,692,0.03411709765501414,2183.494249920905,2119.8928742119992,63.6013757089065,0.01299575307081986,0.0005198301228327944,8.122345669262412e-06,0.14168966858368004,64
24320,379,24315,175.67456169960872,2.744915026556386,0.49645390070921985,0.49645390070921985,1410,700,668,0,55.75,3568.0,5.097142857142857,9.0,700,0.03251254021090655,2080.8025734980192,2018.155014251439,62.64755924657943,0.012863371580817401,0.000514534863232696,8.039607238010875e-06,0.1414194358769492,64
24384,380,24379,154.49667313879573,2.4140105177936833,0.48940832724616506,0.48940832724616506,1369,670,723,0,55.703125,3565.0,5.32089552238806,9.0,670,0.033904955677018386,2169.9171633291767,2108.8486459990863,61.06851733008954,0.01360719133589466,0.0005442876534357865,8.504494584934163e-06,0.14150374092326573,64
24448,381,24443,84.8653837865468,1.3260216216647938,0.3869346733668342,0.3869346733668342,1393,539,845,0,46.328125,2965.0,5.500927643784786,10.0,539,0.026957396727013593,1725.2733905288699,1669.2872303708123,55.986160158057515,0.010168210505996311,0.00040672842023985244,6.355131566247694e-06,0.14140181352684544,64
24512,382,24507,99.77529013200574,1.5589889083125896,0.40454222853087296,0.40454222853087296,1409,570,818,0,46.96875,3006.0,5.273684210526316,9.0,570,0.027416680460042992,1754.6675494427516,1697.9329450047092,56.73460443804241,0.010167749685261768,0.0004067099874104707,6.354843553288605e-06,0.1408217985501634,64
24576,383,24571,138.32440190533958,2.161318779770931,0.45119453924914676,0.45119453924914676,1465,661,831,0,54.234375,3471.0,5.251134644478063,9.0,661,0.03171371910458966,2029.6780226937383,1971.3240180907974,58.35400460294038,0.011343190833536507,0.0004537276333414603,7.089494270960317e-06,0.14061885075429098,64
24640,384,24635,91.66865153703648,1.432322680266195,0.3872791519434629,0.3872791519434629,1415,548,852,0,47.953125,3069.0,5.600364963503649,10.0,548,0.02820059234715439,1804.8379102178808,1746.0161746398778,58.82173557800414,0.0108225785182565,0.00043290314073026,6.764111573910313e-06,0.14071036053380837,64
24704,385,24699,84.95839594352367,1.3274749366175573,0.3941391941391941,0.3941391941391941,1365,538,849,0,46.109375,2951.0,5.485130111524164,10.0,538,0.024208012426431287,1549.3127952916025,1494.6140158531462,54.69877943845589,0.009028435044127947,0.0003611374017651179,5.642771902579967e-06,0.14103808515403513,64
24768,386,24763,125.2869343566544,1.957608349322725,0.43509789702683105,0.43509789702683105,1379,600,761,0,50.0625,3204.0,5.34,9.0,600,0.027491547206592776,1759.4590212219377,1704.5259685665324,54.93305265540489,0.009783757338999286,0.0003913502935599714,6.114848336874553e-06,0.14122746507328357,64
24832,387,24827,149.46657196784525,2.335415186997582,0.47643219724437996,0.47643219724437996,1379,657,725,0,55.109375,3527.0,5.3683409436834095,9.199999999999932,657,0.03128313916450332,2002.1209065282126,1942.7253901392385,59.39551638897377,0.011115084300352324,0.00044460337201409294,6.946927687720202e-06,0.1412529507137601,64
24896,388,24891,110.98467018090923,1.7341354715767068,0.4077079107505071,0.4077079107505071,1479,603,867,0,53.734375,3439.0,5.703150912106136,9.0,603,0.0324989250524508,2079.9312033568513,2012.000934911478,67.93026844537314,0.01144276945022268,0.00045771077800890725,7.151730906389176e-06,0.1411033367112028,64
24960,389,24955,128.0597450611267,2.0009335165801048,0.44356578001437813,0.44356578001437813,1391,617,786,0,52.390625,3353.0,5.434359805510534,9.0,617,0.03118043086301658,1995.5475752330613,1933.1321947073552,62.41538052570603,0.011065852648063965,0.00044263410592255856,6.9161579050399775e-06,0.140525491221347,64
25024,390,25019,151.94309687341638,2.374110888647131,0.4617467840216655,0.4617467840216655,1477,682,787,0,58.453125,3741.0,5.4853372434017595,9.0,682,0.035216570666091275,2253.8605226298414,2186.5070306993366,67.35349193050408,0.012173027454047232,0.00048692109816188923,7.608142158779519e-06,0.1396906457965709,64
25088,391,25083,115.31073998980646,1.801730312340726,0.42817487855655795,0.42817487855655795,1441,617,821,0,54.3125,3476.0,5.633711507293355,10.0,617,0.03149255131875115,2015.5232844000739,1949.0854063679749,66.43787803209945,0.010777706436510853,0.00043110825746043414,6.736066522819283e-06,0.13857669623599012,64
25152,392,25147,165.6730720008793,2.588641750013739,0.49747292418772565,0.49747292418772565,1385,689,707,0,56.796875,3635.0,5.2757619738751815,9.0,689,0.03465740002107685,2218.0736013489186,2155.014454814651,63.05914653426745,0.011530341569913784,0.00046121366279655134,7.206463481196115e-06,0.1370213843259486,64
25216,393,25211,182.5142282609397,2.8517848165771826,0.518097941802697,0.518097941802697,1409,730,670,0,62.984375,4031.0,5.521917808219178,9.0,730,0.03900664701662418,2496.4254090639474,2435.2023036905466,61.22310537340102,0.014115648018456203,0.0005646259207382481,8.822280011535127e-06,0.13548365449289432,64
25280,394,25275,152.77987449341197,2.387185538959562,0.46597222222222223,0.46597222222222223,1440,671,748,0,57.4375,3676.0,5.478390461997019,9.0,671,0.0339247001678893,2171.180810744915,2106.1879306770716,64.99288006784305,0.01177478523858645,0.00047099140954345804,7.359240774116532e-06,0.1351445984983167,64
25344,395,25339,150.93763499359886,2.3584005467749822,0.47309573724668064,0.47309573724668064,1431,677,767,0,58.09375,3718.0,5.4918759231905465,9.0,677,0.03405197256437285,2179.326244119862,2114.0045347558957,65.32170936396622,0.011687626374571113,0.0004675050549828445,7.3047664841069454e-06,0.13543500638598951,64
25408,396,25403,88.39628717289202,1.3811919870764378,0.39516702203269366,0.39516702203269366,1407,556,858,0,51.296875,3283.0,5.904676258992806,10.0,556,0.03165114298851393,2025.6731512648914,1959.5760485671578,66.09710269773387,0.010599952930660177,0.00042399811722640705,6.62497058166261e-06,0.1356221275475087,64
25472,397,25467,129.33642708961912,2.0208816732752988,0.443666899930021,0.443666899930021,1429,634,791,0,53.34375,3414.0,5.384858044164038,9.0,634,0.03429859734483693,2195.1102300695634,2129.2941358873527,65.81609418221016,0.012647615459981465,0.0005059046183992586,7.904759662488416e-06,0.13628240744943587,64
25536,398,25531,146.28370452734387,2.285682883239748,0.4780701754385965,0.4780701754385965,1368,654,716,0,58.96875,3774.0,5.770642201834862,10.0,654,0.03267321400488073,2091.0856963123665,2027.4090281523181,63.6766681600493,0.012733246585820543,0.0005093298634328218,7.95827911613784e-06,0.13672299190462223,64
25600,399,25595,127.33537839356302,1.9896152873994222,0.4559659090909091,0.4559659090909091,1408,642,791,0,59.234375,3791.0,5.904984423676012,10.0,642,0.03493147307201026,2235.614276608657,2169.5040008813253,66.11027572733084,0.01416134066006821,0.0005664536264027284,8.85083791254263e-06,0.13699183100316825,64
25664,400,25659,177.39489181177146,2.771795184558929,0.4924137931034483,0.4924137931034483,1450,714,672,0,61.59375,3942.0,5.5210084033613445,9.0,714,0.038206999433154705,2445.247963721901,2379.1732495445663,66.07471417733359,0.01564434047988648,0.0006257736191954593,9.777712799929051e-06,0.13712334872015186,64
25728,401,25723,137.8975697267186,2.154649526979978,0.46030640668523676,0.46030640668523676,1436,661,812,0,55.9375,3580.0,5.416036308623298,10.0,661,0.03558718359083285,2277.5797498133024,2210.4631369629683,67.11661285033574,0.013449807716015645,0.0005379923086406258,8.406129822509778e-06,0.13684200573156757,64
25792,402,25787,167.86190560726544,2.6228422751135225,0.5014144271570015,0.5014144271570015,1414,709,697,0,61.703125,3949.0,5.569816643159379,10.0,709,0.03826650610530918,2449.0563907397873,2385.411545989636,63.64484475015005,0.0163369033913987,0.000653476135655948,1.0210564619624188e-05,0.1366110043981298,64
25856,403,25851,138.58172373709584,2.1653394333921225,0.46970776906628653,0.46970776906628653,1403,659,766,0,56.109375,3591.0,5.449165402124431,9.0,659,0.033160395894131695,2122.2653372244285,2059.8293870879434,62.435950136484635,0.013422122077634118,0.0005368848831053647,8.388826298521324e-06,0.13760845588801082,64
25920,404,25915,167.10369342707165,2.6109952097979945,0.5096085409252669,0.5096085409252669,1405,716,703,0,61.828125,3957.0,5.526536312849162,9.0,716,0.035918858565399156,2298.806948185546,2237.9065688453948,60.90037934015105,0.015787527175569766,0.0006315010870227907,9.867204484731105e-06,0.13844857045241393,64
25984,405,25979,165.52676769217115,2.586355745190174,0.4802494802494803,0.4802494802494803,1443,693,724,0,56.96875,3646.0,5.261183261183261,9.0,693,0.032835633644867086,2101.4805532714936,2040.4916284722128,60.98892479928157,0.012644401798870273,0.0005057760719548109,7.90275112429392e-06,0.13907035843412147,64
26048,406,26043,139.39374228195263,2.17802722315551,0.4512455516014235,0.4512455516014235,1405,634,783,0,54.0625,3460.0,5.457413249211356,9.0,634,0.031633722879915685,2024.5582643146038,1964.6280257143685,59.930238600234944,0.010888240307964847,0.00043552961231859387,6.805150192478029e-06,0.14009556397977335,64
26112,407,26107,166.12345431244506,2.595678973631954,0.4867383512544803,0.4867383512544803,1395,679,711,0,55.40625,3546.0,5.222385861561119,9.0,679,0.03118407767591354,1995.7809712584667,1936.8987082116246,58.882263046842944,0.011813129718669194,0.0004725251887467678,7.383206074168247e-06,0.1412125717110992,64
26176,408,26171,101.65569085109402,1.588370169548344,0.3797554347826087,0.3797554347826087,1472,559,896,0,46.28125,2962.0,5.298747763864043,9.0,559,0.027066374434314762,1732.2479637961449,1669.7553989717346,62.49256482441044,0.010010892299985703,0.0004004356919994281,6.256807687491064e-06,0.14179598977521163,64
26240,409,26235,112.19050587286672,1.7529766542635425,0.42783505154639173,0.42783505154639173,1358,581,775,0,47.96875,3070.0,5.283993115318417,9.0,581,0.031122781727928088,1991.8580305873977,1934.5263386951456,57.331691892251804,0.011192369434620826,0.00044769477738483305,6.995230896638016e-06,0.14228292875195303,64
26304,410,26299,134.90192465902257,2.1078425727972276,0.46058394160583943,0.46058394160583943,1370,631,770,0,53.34375,3414.0,5.410459587955626,9.0,631,0.03019218767164031,1932.30001098498,1875.9923350916824,56.30767589329773,0.011437552256287889,0.00045750209025151556,7.1484701601799306e-06,0.14323731491519523,64
26368,411,26363,107.08747688015534,1.6732418262524271,0.41032798325191905,0.41032798325191905,1433,588,837,0,52.546875,3363.0,5.719387755102041,10.0,588,0.03098333441180925,1982.9334023557922,1922.0548467377043,60.87855561808892,0.011914404101430553,0.0004765761640572221,7.4465025633940955e-06,0.14446350560902826,64
26432,412,26427,118.87506590434496,1.85742290475539,0.40997977073499664,0.40997977073499664,1483,608,865,0,52.203125,3341.0,5.495065789473684,10.0,608,0.029569579327680943,1892.4530769715805,1832.3585275338314,60.09454943774902,0.01142422637698708,0.0004569690550794832,7.140141485616925e-06,0.1451811853422899,64
26496,413,26491,115.32380026386042,1.801934379122819,0.4335965541995693,0.4335965541995693,1393,604,791,0,55.34375,3542.0,5.864238410596027,10.0,604,0.03294278702113596,2108.3383693527016,2049.068116650701,59.27025270200034,0.012924950013719065,0.0005169980005487626,8.078093758574416e-06,0.14564494173200518,64
26560,414,26555,119.1178107154892,1.8612157924295187,0.43587896253602304,0.43587896253602304,1388,605,779,0,54.578125,3493.0,5.773553719008264,10.0,605,0.033732308817466486,2158.8677643178553,2099.5259500019165,59.34181431593968,0.013334384768883722,0.0005333753907553489,8.333990480552326e-06,0.14586923378788852,64
26624,415,26619,84.98251060363023,1.3278517281817224,0.3661390227116311,0.3661390227116311,1453,532,922,0,44.8125,2868.0,5.390977443609023,10.0,532,0.025867787824156566,1655.5384207460202,1593.347335192559,62.19108555346127,0.009112622266239875,0.000364504890649595,5.695388916399922e-06,0.14556633901610622,64
26688,416,26683,46.18038223171716,0.7215684723705806,0.3211009174311927,0.3211009174311927,1417,455,982,0,38.109375,2439.0,5.36043956043956,10.0,455,0.022850586758317012,1462.4375525322887,1402.9193556393866,59.518196892901955,0.007605669282503888,0.0003042267713001555,4.75354330156493e-06,0.14477175089711447,64
26752,417,26747,132.8050785634416,2.075079352553775,0.42663817663817666,0.42663817663817666,1404,599,789,0,46.953125,3005.0,5.01669449081803,9.0,599,0.02659606844721965,1702.1483806220576,1644.27161535294,57.876765269117406,0.009596499498461293,0.0003838599799384517,5.997812186538308e-06,0.14451629146459105,64
26816,418,26811,174.39754324823474,2.724961613253668,0.5046528274874732,0.5046528274874732,1397,705,706,0,58.671875,3755.0,5.326241134751773,9.0,705,0.0351499433238079,2249.596372723706,2191.624742358131,57.97163036557438,0.014294401257368961,0.0005717760502947585,8.9340007858556e-06,0.14449867974913438,64
26880,419,26875,129.60888638092263,2.025138849701916,0.4354515050167224,0.4354515050167224,1495,651,807,0,56.78125,3634.0,5.582181259600614,10.0,651,0.03416547823578545,2186.590607090269,2124.0412174215603,62.54938966870862,0.014574868379624309,0.0005829947351849723,9.109292737265193e-06,0.14422220126636248,64
26944,420,26939,97.74455058647544,1.5272586029136788,0.39466484268125857,0.39466484268125857,1462,577,891,0,48.78125,3122.0,5.410745233968804,10.0,577,0.02990459236242447,1913.893911195166,1853.547310979296,60.34660021586949,0.012946403278697673,0.0005178561311479069,8.091502049186045e-06,0.14402359336765913,64
27008,421,27003,96.49456086886747,1.5077275135760542,0.40406976744186046,0.40406976744186046,1376,556,857,0,45.15625,2890.0,5.197841726618705,9.0,556,0.024961387419718074,1597.5287948619568,1538.844532782534,58.68426207942259,0.010119835440516058,0.00040479341762064236,6.324897150322537e-06,0.14382561171141062,64
27072,422,27067,192.18011516257837,3.002814299415287,0.5317630264097074,0.5317630264097074,1401,745,663,0,61.828125,3957.0,5.311409395973154,9.0,745,0.0381026234127841,2438.5678984181823,2377.615785932486,60.9521124856967,0.015304397913060076,0.0006121759165224031,9.565248695662548e-06,0.14374518506241,64
27136,423,27131,216.73340703452237,3.386459484914412,0.5581395348837209,0.5581395348837209,1376,768,604,0,61.09375,3910.0,5.091145833333333,8.0,768,0.03394521727777511,2172.493905777607,2113.2116935717445,59.28221220586245,0.014086362335094508,0.0005634544934037803,8.803976459434067e-06,0.14418975171307508,64
27200,424,27195,131.1024656549434,2.0484760258584904,0.443001443001443,0.443001443001443,1386,614,752,0,50.984375,3263.0,5.314332247557004,9.0,614,0.030098875960840068,1926.3280614937644,1867.0065858286926,59.32147566507237,0.011968243090171667,0.00047872972360686665,7.480151931357291e-06,0.1447195099600658,64
27264,425,27259,152.37367277740773,2.380838637146996,0.45516304347826086,0.45516304347826086,1472,670,785,0,54.96875,3518.0,5.250746268656717,9.0,670,0.03273363004393783,2094.952322812021,2032.580957381997,62.37136543002479,0.012081446811166404,0.00048325787244665616,7.5509042569790026e-06,0.14528640331287146,64
27328,426,27323,140.33553660627086,2.1927427594729823,0.47921390778533635,0.47921390778533635,1323,634,710,0,53.3125,3412.0,5.381703470031546,9.0,634,0.03224458644586582,2063.6535325354125,2007.0326570406035,56.62087549480865,0.011898568337366591,0.00047594273349466364,7.436605210854119e-06,0.14570092668310394,64
27392,427,27387,173.15927734977717,2.7056137085902683,0.4974838245866283,0.4974838245866283,1391,692,690,0,57.96875,3710.0,5.361271676300578,10.0,692,0.032615253299176965,2087.3762111473256,2027.4392537601009,59.93695738722458,0.011816211724898176,0.00047264846899592705,7.38513232806136e-06,0.1456462704537529,64
27456,428,27451,152.64384618579973,2.385060096653121,0.47962830593280914,0.47962830593280914,1399,671,736,0,57.0625,3652.0,5.442622950819672,9.0,671,0.03501992044928278,2241.274908754098,2180.2501762814395,61.02473247265941,0.012563422531605497,0.0005025369012642199,7.852139082253435e-06,0.14539009299136757,64
27520,429,27515,176.51120300359665,2.7579875469311976,0.517725258493353,0.517725258493353,1354,701,653,0,59.734375,3823.0,5.453637660485021,9.0,701,0.032863726392028225,2103.2784890898065,2045.0977697573792,58.18071933242669,0.012051894900283695,0.0004820757960113478,7.53243431267731e-06,0.14476456559432851,64
27584,430,27579,189.02440281945144,2.9535062940539287,0.5360824742268041,0.5360824742268041,1358,728,650,0,59.296875,3795.0,5.212912087912088,9.0,728,0.03555982835332237,2275.829014612632,2216.696908632408,59.13210598022427,0.012709329160110432,0.0005083731664044173,7.94333072506902e-06,0.14387975004272457,64
27648,431,27643,187.08561152726347,2.9232126801134917,0.5069637883008357,0.5069637883008357,1436,728,701,0,63.609375,4071.0,5.592032967032967,10.0,728,0.03783114270383034,2421.1931330451416,2358.852299344443,62.34083370069941,0.013706762027370154,0.0005482704810948061,8.566726267106346e-06,0.14306205743696132,64
27712,432,27707,204.55367556666243,3.1961511807291005,0.5517751479289941,0.5517751479289941,1352,746,588,0,60.890625,3897.0,5.2238605898123325,9.0,746,0.03536600188136007,2263.4241204070445,2206.7874577200164,56.63666268702799,0.0129723338036049,0.000518893352144196,8.107708627253063e-06,0.14269837508505157,64
27776,433,27771,149.29504615525656,2.3327350961758837,0.4695035460992908,0.4695035460992908,1410,662,741,0,59.390625,3801.0,5.741691842900302,9.949999999999932,662,0.03511742854659382,2247.5154269820046,2193.3842944980456,54.13113248395972,0.013335903516034395,0.0005334361406413758,8.334939697521497e-06,0.14218540159336387,64
27840,434,27835,124.52881934637801,1.9457628022871565,0.4516363636363636,0.4516363636363636,1375,621,780,0,56.625,3624.0,5.835748792270532,10.0,621,0.03446670866391882,2205.8693544908047,2153.161670560763,52.70768393004184,0.012607829246736842,0.0005043131698694737,7.879893279210526e-06,0.14122214352221787,64
27904,435,27899,144.43109151228612,2.2567358048794706,0.47045951859956237,0.47045951859956237,1371,645,709,0,55.03125,3522.0,5.46046511627907,9.0,645,0.03283196396095816,2101.245693501322,2049.4615580544196,51.78413544690231,0.011880969683358878,0.0004752387873343551,7.4256060520992986e-06,0.1399838689692492,64
27968,436,27963,142.11180792763514,2.220496998869299,0.46370683579985905,0.46370683579985905,1419,658,775,0,58.390625,3737.0,5.679331306990881,9.0,658,0.03465558077569246,2217.957169644317,2161.8581016293006,56.09906801501671,0.01305606135744782,0.0005222424542979128,8.160038348404887e-06,0.1391270872157278,64
28032,437,28027,151.68302122406033,2.3700472066259426,0.48008849557522126,0.48008849557522126,1356,651,715,0,55.953125,3581.0,5.500768049155146,10.0,651,0.031779689521494923,2033.900129375675,1980.0097617414112,53.89036763426417,0.011806910418405502,0.00047227641673622007,7.3793190115034385e-06,0.13829062624564675,64
28096,438,28091,163.99804533090244,2.5624694582953507,0.5025417574437182,0.5025417574437182,1377,692,697,0,60.921875,3899.0,5.634393063583815,10.0,692,0.03507295990550993,2244.6694339526357,2190.2696260126727,54.39980793996306,0.013183866262131238,0.0005273546504852495,8.239916413832023e-06,0.13709655287162037,64
28160,439,28155,177.40698035040498,2.771984067975078,0.51010101010101,0.51010101010101,1386,707,657,0,60.5625,3876.0,5.482319660537482,9.0,707,0.03584341447733784,2293.9785265496216,2240.792900789567,53.18562576005505,0.013625081286600853,0.0005450032514640341,8.515675804125533e-06,0.1365094683499446,64
28224,440,28219,158.20456237755837,2.4719462871493496,0.4765003615328995,0.4765003615328995,1383,659,696,0,57.390625,3673.0,5.573596358118361,9.0,659,0.032710444109694994,2093.46842302048,2037.9247764621703,55.543646558309526,0.011984209082402551,0.00047936836329610206,7.490130676501595e-06,0.13682717890331306,64
28288,441,28283,91.50261840061529,1.429728412509614,0.38396025550035484,0.38396025550035484,1409,541,879,0,47.09375,3014.0,5.5711645101663585,10.0,541,0.028118211609002026,1799.5655429761298,1743.2583413518198,56.307201624310395,0.010647887082963083,0.0004259154833185233,6.6549294268519265e-06,0.13666934971473027,64
28352,442,28347,133.428698224837,2.0848234097630782,0.445074415308292,0.445074415308292,1411,628,785,0,56.375,3608.0,5.745222929936306,10.0,628,0.03006347845215365,1924.0626209378336,1868.8779228091516,55.184698128681646,0.010743536523832519,0.00042974146095330073,6.714710327395324e-06,0.1361525370204353,64
28416,443,28411,139.85286577652707,2.1852010277582354,0.4584837545126354,0.4584837545126354,1385,635,749,0,52.1875,3340.0,5.25984251968504,9.0,635,0.03140408272369955,2009.8612943167714,1948.4963226749526,61.364971641818656,0.010764492470371574,0.00043057969881486296,6.727807793982234e-06,0.13632981169695535,64
28480,444,28475,111.96429676995045,1.7494421370304758,0.4322157434402332,0.4322157434402332,1372,593,783,0,53.265625,3409.0,5.748735244519393,10.0,593,0.03215462119738955,2057.8957566329314,1994.9612091428078,62.93454749012341,0.010107402068526632,0.00040429608274106525,6.317126292829145e-06,0.1362817206764601,64
28544,445,28539,142.860553712046,2.2321961517507187,0.44663494221617944,0.44663494221617944,1471,657,797,0,55.328125,3541.0,5.389649923896499,10.0,657,0.03142852264412842,2011.425449224219,1943.7590069931478,67.66644223107151,0.009957849192539812,0.0003983139677015925,6.223655745337383e-06,0.13586450462513228,64
28608,446,28603,189.4248335246317,2.9597630238223704,0.530478955007257,0.530478955007257,1378,731,674,0,59.390625,3801.0,5.199726402188783,9.0,731,0.03635848484093506,2326.943029819844,2265.196896474731,61.74613334511389,0.011624517992131983,0.00046498071968527934,7.26532374508249e-06,0.13645767576666074,64
28672,447,28667,123.76508011456696,1.9338293767901087,0.43802228412256267,0.43802228412256267,1436,629,805,0,54.703125,3501.0,5.5659777424483305,10.0,629,0.03125062111839266,2000.0397515771303,1933.8227958131679,66.21695576396246,0.01101057295883048,0.0004404229183532192,6.88160809926905e-06,0.13792717958758244,64
28736,448,28731,169.11986098565762,2.6424978279009004,0.501078360891445,0.501078360891445,1391,697,698,0,58.90625,3770.0,5.408895265423243,9.0,697,0.0364686285990159,2333.9922303370176,2268.979881463549,65.01234887346857,0.013600342955342407,0.0005440137182136963,8.500214347089005e-06,0.13907117903468913,64
28800,449,28795,152.41382874796454,2.381466074186946,0.4690934065934066,0.4690934065934066,1456,683,767,0,57.40625,3674.0,5.379209370424597,9.0,683,0.03404392381459939,2178.811124134361,2112.143535053117,66.66758908124373,0.013924499394363715,0.0005569799757745486,8.702812121477322e-06,0.14034269842663205,64
28864,450,28859,95.09722342836909,1.485894116068267,0.3831123517096999,0.3831123517096999,1433,549,865,0,46.375,2968.0,5.406193078324226,10.0,549,0.02626853946190713,1681.1865255620564,1614.86194191956,66.32458364249706,0.012872886269149413,0.0005149154507659765,8.045553918218383e-06,0.1418238700433248,64
28928,451,28923,96.86462791148489,1.5135098111169514,0.3798449612403101,0.3798449612403101,1419,539,881,0,42.421875,2715.0,5.037105751391466,9.0,539,0.024082839402544125,1541.301721762824,1476.0520535766102,65.24966818621394,0.01177243939666287,0.0004708975758665148,7.357774622914294e-06,0.1428198733167289,64
28992,452,28987,136.2195666761504,2.12843072931485,0.4349680170575693,0.4349680170575693,1407,612,819,0,47.3125,3028.0,4.947712418300654,8.0,612,0.026338851224622737,1685.6864783758551,1626.1100473725548,59.576431003300264,0.011121342326022939,0.00044485369304091756,6.950838953764337e-06,0.14350671687495828,64
29056,453,29051,160.37015668725854,2.5057836982384147,0.4768486523842433,0.4768486523842433,1447,690,758,0,56.1875,3596.0,5.211594202898551,9.0,690,0.0328917582840063,2105.0725301764032,2039.4690994877215,65.60343068868127,0.013491347470383374,0.000539653898815335,8.432092168989609e-06,0.1450518393272997,64
29120,454,29115,144.93701844738928,2.2646409132404575,0.4512855209742896,0.4512855209742896,1478,667,786,0,56.609375,3623.0,5.431784107946027,9.0,667,0.03356754720805431,2148.323021315476,2080.96856832129,67.35445299418609,0.014157999249400914,0.0005663199699760366,8.848749530875572e-06,0.14660442726200384,64
29184,455,29179,141.68099053085305,2.213765477044579,0.46733668341708545,0.46733668341708545,1393,651,754,0,59.46875,3806.0,5.846390168970814,10.0,651,0.03597458330986983,2302.373331831669,2238.0708733488514,64.30245848281919,0.011969926377229299,0.00047879705508917193,7.481203985768311e-06,0.1479372635066651,64
29248,456,29243,142.161529197016,2.221273893703375,0.45917655268667135,0.45917655268667135,1433,658,765,0,57.09375,3654.0,5.553191489361702,10.0,658,0.03376005488780241,2160.6435128193543,2095.1973345865094,65.44617823284511,0.012258632819550988,0.0004903453127820395,7.661645512219368e-06,0.1489203750359293,64
29312,457,29307,173.7018535700198,2.7140914620315595,0.5034965034965035,0.5034965034965035,1430,720,720,0,62.046875,3971.0,5.5152777777777775,9.0,720,0.03618055998184804,2315.5558388382747,2249.687362514056,65.86847632421855,0.013170578266760125,0.000526823130670405,8.231611416725078e-06,0.14971500429953782,64
29376,458,29371,176.3271871082375,2.755112298566211,0.5007002801120448,0.5007002801120448,1428,715,700,0,61.296875,3923.0,5.486713286713287,10.0,715,0.036579117333142196,2341.0635093211004,2275.997355361564,65.06615395953668,0.013689088762170292,0.0005475635504868117,8.555680476356432e-06,0.151041943946115,64
29440,459,29435,135.40067354471358,2.1156355241361497,0.44976076555023925,0.44976076555023925,1463,658,809,0,58.859375,3767.0,5.724924012158055,10.0,658,0.034307667430153344,2195.690715529814,2126.0254112346393,69.66530429517366,0.01231277959844715,0.000492511183937886,7.69548724902947e-06,0.15190486323974334,64
29504,460,29499,128.59371501725008,2.0092767971445324,0.44490644490644493,0.44490644490644493,1443,642,787,0,55.671875,3563.0,5.549844236760125,9.0,642,0.034173793650826845,2187.122793652918,2115.4141182816434,71.70867537127471,0.01289134088228756,0.0005156536352915024,8.057088051429725e-06,0.15257602595139175,64
29568,461,29563,116.02918338966867,1.812955990463573,0.43209007741027444,0.43209007741027444,1421,614,832,0,52.328125,3349.0,5.454397394136808,9.350000000000023,614,0.031055642738069,1987.561135236416,1917.9953630518428,69.56577218457295,0.01145651228469267,0.00045826049138770683,7.160320177932919e-06,0.15274698872680917,64
29632,462,29627,148.52106746980752,2.3206416792157425,0.45998655010087425,0.45998655010087425,1487,684,801,0,58.515625,3745.0,5.4751461988304095,10.0,684,0.032226255841626035,2062.480373864066,1990.3648405704114,72.11553329365432,0.011700747229469144,0.0004680298891787658,7.3129670184182154e-06,0.15264556856083555,64
29696,463,29691,239.53710519641874,3.7427672686940427,0.5836879432624114,0.5836879432624114,1410,823,603,0,67.015625,4289.0,5.211421628189551,9.0,823,0.038410365170779136,2458.263370929865,2395.3235710406643,62.939799889201666,0.013098043359952995,0.0005239217343981198,8.186277099970622e-06,0.15255968435388192,64
29760,464,29755,226.7787455507682,3.5434178992307532,0.5651245551601424,0.5651245551601424,1405,794,607,0,61.34375,3926.0,4.944584382871536,8.0,794,0.03169366474663779,2028.3945437848186,1968.9636962809864,59.43084750383197,0.010578120238172622,0.0004231248095269049,6.611325148857889e-06,0.15289110994195482,64
29824,465,29819,249.46817883661495,3.8979402943221086,0.5843621399176955,0.5843621399176955,1458,852,619,0,67.40625,4314.0,5.063380281690141,8.0,852,0.0388099523287972,2483.836949043021,2426.105843930611,57.73110511241036,0.013461845059472148,0.0005384738023788859,8.413653162170092e-06,0.1531116974638474,64
29888,466,29883,210.3112430748105,3.286113173043914,0.5473984319315752,0.5473984319315752,1403,768,607,0,64.140625,4105.0,5.345052083333333,9.0,768,0.039177293294728854,2507.3467708626467,2448.464194158439,58.88257670420623,0.013912346918826667,0.0005564938767530667,8.695216824266667e-06,0.15391546166187026,64
29952,467,29947,123.61586785565642,1.9314979352446315,0.4298941798941799,0.4298941798941799,1512,650,850,0,58.359375,3735.0,5.746153846153846,10.0,650,0.03534514550245761,2262.089312157287,2200.5693082129815,61.52000394430496,0.012437364308157966,0.0004974945723263186,7.773352692598729e-06,0.15430120336043082,64
30016,468,30011,118.85907931644044,1.857173114319382,0.4390070921985816,0.4390070921985816,1410,619,789,0,56.09375,3590.0,5.79967689822294,10.0,619,0.034324895195924104,2196.793292539143,2136.2474815482637,60.545810990879374,0.012085261662801014,0.00048341046651204057,7.553288539250634e-06,0.15418578829370916,64
30080,469,30075,116.60346142171392,1.82192908471428,0.43265875785066293,0.43265875785066293,1433,620,820,0,54.90625,3514.0,5.667741935483871,10.0,620,0.03323958666306017,2127.333546435851,2068.011449761152,59.32209667469811,0.012091178843429473,0.00048364715373717894,7.556986777143421e-06,0.15379693864716215,64
30144,470,30139,128.91225790377808,2.0142540297465326,0.4712308812818645,0.4712308812818645,1373,647,761,0,56.265625,3601.0,5.565687789799073,10.0,647,0.034014220636045436,2176.910120706908,2120.558338162736,56.35178254417172,0.012716721910895052,0.0005086688764358021,7.947951194309407e-06,0.15330331686110638,64
30208,471,30203,176.76956106237094,2.762024391599546,0.5073787772312017,0.5073787772312017,1423,722,695,0,61.71875,3950.0,5.470914127423823,9.0,722,0.03667487719934258,2347.1921407579252,2288.9074450663984,58.28469569152719,0.014067019267313064,0.0005626807706925226,8.791887042070665e-06,0.1533381840756583,64
30272,472,30267,167.59611825498854,2.618689347734196,0.49642346208869814,0.49642346208869814,1398,694,686,0,59.75,3824.0,5.510086455331412,10.0,694,0.036242669493958636,2319.5308476133528,2261.3276769843455,58.203170629007396,0.012465549693343922,0.0004986219877337569,7.790968558339951e-06,0.15320176533807328,64
30336,473,30331,161.61573252446357,2.5252458206947432,0.474775397373877,0.474775397373877,1447,687,747,0,57.703125,3693.0,5.3755458515283845,9.0,687,0.03411011491255191,2183.0473544033225,2122.776568827481,60.27078557584073,0.012051899237538377,0.0004820759695015351,7.532437023461486e-06,0.15256382033187366,64
30400,474,30395,149.30258476970516,2.332852887026643,0.47801009372746933,0.47801009372746933,1387,663,722,0,57.0,3648.0,5.502262443438914,9.0,663,0.0332623064090805,2128.7876101811516,2071.895269731148,56.89234045000379,0.012197565867375955,0.0004879026346950382,7.623478667109972e-06,0.15151228677223338,64
30464,475,30459,149.36480283326455,2.3338250442697586,0.48250728862973763,0.48250728862973763,1372,662,727,0,55.640625,3561.0,5.379154078549849,9.0,662,0.03177527546148772,2033.617629535214,1976.0321989294926,57.58543060572208,0.011636942915411898,0.0004654777166164759,7.273089322132436e-06,0.15014784983379906,64
30528,476,30523,174.46358793496603,2.725993561483844,0.5209895052473763,0.5209895052473763,1334,695,652,0,59.171875,3787.0,5.448920863309352,9.0,695,0.0349376741448444,2236.0111452700417,2181.4771954029807,54.53394986706029,0.013146318054686476,0.0005258527221874591,8.216448784179048e-06,0.1491010726034357,64
30592,477,30587,131.7660108980898,2.058843920282653,0.4593613933236575,0.4593613933236575,1378,633,737,0,56.15625,3594.0,5.677725118483412,10.0,633,0.03256002193000214,2083.8414035201367,2026.7257730836122,57.11563043652555,0.012507095456567308,0.0005002838182626923,7.816934660354568e-06,0.14919361122246283,64
30656,478,30651,155.0011485852951,2.421892946645236,0.47737226277372263,0.47737226277372263,1370,654,683,0,53.546875,3427.0,5.240061162079511,9.0,654,0.031907365342792496,2042.07138193872,1984.8837115060808,57.187670432638384,0.012166683758033064,0.0004866673503213226,7.604177348770666e-06,0.14907192655045914,64
30720,479,30715,207.94930758495,3.2492079310148436,0.5831381733021077,0.5831381733021077,1281,747,569,0,61.515625,3937.0,5.270414993306559,9.0,747,0.035461481793702045,2269.5348347969307,2217.650129273974,51.884705522956395,0.014791208219605459,0.0005916483287842183,9.244505137253412e-06,0.14876472056428425,64
30784,480,30779,213.2480324913708,3.3320005076776686,0.5516759776536313,0.5516759776536313,1432,790,647,0,66.859375,4279.0,5.416455696202532,9.0,790,0.040494052163783746,2591.61933848216,2533.7881149622435,57.83122351991755,0.016944071389292166,0.0006777628555716867,1.0590044618307604e-05,0.14847336170952094,64
30848,481,30843,194.80959976677966,3.043899996355932,0.5255066387141859,0.5255066387141859,1431,752,667,0,64.65625,4138.0,5.502659574468085,9.0,752,0.03843691391707306,2459.9624906926756,2399.470295304504,60.49219538817136,0.01544200714255639,0.0006176802857022556,9.651254464097744e-06,0.14889056140221646,64
30912,482,30907,176.13299575621278,2.7520780586908247,0.5049295774647887,0.5049295774647887,1420,717,700,0,59.703125,3821.0,5.329149232914923,9.0,717,0.0358040569070029,2291.4596420481853,2235.4754381017947,55.98420394639031,0.015157197568839738,0.0006062879027535895,9.473248480524836e-06,0.1490157901164852,64
30976,483,30971,185.49077540196646,2.898293365655726,0.5189228529839883,0.5189228529839883,1374,713,653,0,58.015625,3713.0,5.207573632538569,9.0,713,0.0344226652135337,2203.050573666157,2149.446569283924,53.60400438223324,0.014470207034274077,0.0005788082813709631,9.043879396421298e-06,0.14888392621059005,64
31040,484,31035,165.34350819924805,2.5834923156132508,0.49488304093567254,0.49488304093567254,1368,677,695,0,57.421875,3675.0,5.428360413589365,10.0,677,0.034278578484689376,2193.82902302012,2138.904420828716,54.92460219140516,0.01346228700604097,0.0005384914802416388,8.413929378775606e-06,0.14940101937654576,64
31104,485,31099,91.56530781751587,1.4307079346486855,0.3887748117727584,0.3887748117727584,1461,568,897,0,48.46875,3102.0,5.461267605633803,10.0,568,0.029662183336345464,1898.3797335261097,1840.1399245460304,58.239808980079495,0.01151639811233459,0.0004606559244933836,7.197748820209119e-06,0.15047772011206223,64
31168,486,31163,43.064684933789515,0.6728857020904612,0.318118948824343,0.318118948824343,1446,460,956,0,39.484375,2527.0,5.493478260869566,10.0,460,0.02439052443599367,1560.9935639035948,1504.8150542320673,56.17850967152749,0.009265341603806961,0.0003706136641522784,5.79083850237935e-06,0.15104722366521026,64
31232,487,31227,117.1224481367194,1.8300382521362406,0.4084406294706724,0.4084406294706724,1398,571,841,0,46.671875,2987.0,5.231173380035027,10.0,571,0.0245391013920862,1570.502489093517,1515.600225173941,54.90226391957637,0.011152835828285008,0.0004461134331314003,6.97052239267813e-06,0.15116665956548558,64
31296,488,31291,120.64410644663958,1.8850641632287435,0.4257703081232493,0.4257703081232493,1428,608,808,0,49.890625,3193.0,5.251644736842105,9.0,608,0.0282513052316315,1808.083534824416,1750.665880537356,57.417654287059435,0.012705601545381329,0.0005082240618152532,7.94100096586333e-06,0.15112553615456806,64
31360,489,31355,140.60997031258873,2.197030786134199,0.4539249146757679,0.4539249146757679,1465,665,824,0,53.640625,3433.0,5.162406015037594,9.0,665,0.03124731593034781,1999.8282195422598,1941.5563015662658,58.27191797599444,0.013781097149706902,0.0005512438859882761,8.613185718566814e-06,0.15081181009476924,64
31424,490,31419,169.89768779299482,2.654651371765544,0.5054151624548736,0.5054151624548736,1385,700,693,0,57.421875,3675.0,5.25,9.0,700,0.034674487699886056,2219.1672127927077,2162.9406235894594,56.22658920324785,0.016237562636641275,0.000649502505465651,1.0148476647900798e-05,0.1512889732002981,64
31488,491,31483,117.95921053285666,1.8431126645758853,0.4351032448377581,0.4351032448377581,1356,590,769,0,48.8125,3124.0,5.294915254237288,9.0,590,0.03014634599920755,1929.3661439492832,1876.7344576381333,52.631686311150524,0.014272622116465825,0.000570904884658633,8.920388822791141e-06,0.1525853693353571,64
31552,492,31547,31.68035113019577,0.4950054864093089,0.30398899587345257,0.30398899587345257,1454,442,989,0,39.234375,2511.0,5.680995475113122,10.0,442,0.02246930683563192,1438.0356374804428,1382.44498212111,55.59065535933244,0.012846818993666607,0.0005138727597466643,8.02926187104163e-06,0.15342480844259798,64
31616,493,31611,72.66945663877644,1.1354602599808818,0.3457814661134163,0.3457814661134163,1446,500,958,0,40.59375,2598.0,5.196,9.0,500,0.02261478039920948,1447.3459455494067,1389.8420999369725,57.50384561243367,0.012115888438068862,0.00048463553752275447,7.5724302737930386e-06,0.15381067536438162,64
31680,494,31675,113.88164555492445,1.7794007117956945,0.4088560885608856,0.4088560885608856,1355,554,794,0,43.40625,2778.0,5.014440433212997,8.0,554,0.02514256005997175,1609.123843838192,1554.8522363505472,54.271607487644204,0.012971975813041322,0.0005188790325216529,8.107484883150826e-06,0.15387946104792705,64
31744,495,31739,156.72780351072907,2.448871929855142,0.4810578984989278,0.4810578984989278,1399,673,739,0,54.140625,3465.0,5.148588410104012,9.0,673,0.03274514888818397,2095.689528843774,2039.3533956132044,56.336133230569885,0.01724038443016982,0.0006896153772067928,1.0775240268856137e-05,0.15467507439042813,64
31808,496,31803,75.94775095103415,1.1866836086099086,0.3678242381289865,0.3678242381289865,1411,519,899,0,41.53125,2658.0,5.121387283236994,9.0,519,0.023798261184580522,1523.0887158131534,1466.9224624455574,56.16625336759652,0.011788225884650777,0.00047152903538603106,7.367641177906735e-06,0.15535665669126109,64
31872,497,31867,148.95363218622947,2.3274005029098355,0.46957766642806015,0.46957766642806015,1397,656,760,0,52.9375,3388.0,5.164634146341464,9.0,656,0.030928742387276817,1979.4395127857163,1922.7666366319017,56.67287615381404,0.014442028756081481,0.0005776811502432593,9.026267972550926e-06,0.155768669465653,64
31936,498,31931,211.92520355845159,3.311331305600806,0.5355450236966824,0.5355450236966824,1477,791,651,0,64.953125,4157.0,5.255372945638432,9.0,791,0.03634455875570386,2326.051760365047,2267.819715168036,58.2320451970106,0.017497069731001236,0.0006998827892400495,1.0935668581875773e-05,0.1560086300721293,64
32000,499,31995,205.17285729173892,3.2058258951834206,0.5287595287595288,0.5287595287595288,1443,763,674,0,59.5,3808.0,4.990825688073395,9.0,763,0.03455865955652984,2211.7542116179097,2154.876412799771,56.87779881813799,0.01569142759454915,0.000627657103781966,9.807142246593218e-06,0.15617506726232178,64
