algorithm,seed,train_slots,rollout_index,updates,train_return,train_mean_slot_Rsys,train_satisfaction,train_cr,train_arrived,train_done,train_timeout,train_rejected,train_system_delay_overhead_s_per_slot,train_delay_sum_s,train_avg_completed_e2e_delay_s,train_p95_completed_e2e_delay_s,train_delay_samples,train_system_energy_overhead_kj_per_slot,train_total_dynamic_energy_j,train_energy_comp_j,train_energy_trans_j,train_cumulative_lifetime_loss,train_cum_hl_mean_satellite,train_avg_hl_per_sat_slot,train_avg_dod,train_n_slots
BLA-MAPPO,0,64,0,1,388.9645765070075,6.077571507921992,0.7454160789844851,0.7454160789844851,1418,1057,295,0,50.96875,3262.0,3.0860927152317883,5.0,1057,0.032254524765620865,2064.2895849997353,2026.2709218455805,38.018663154154325,0.01833357379726181,0.0007333429518904724,1.145848362328863e-05,0.3518646086633258,64
BLA-MAPPO,0,128,1,2,389.7764514268022,6.090257053543785,0.7828655834564254,0.7828655834564254,1354,1060,303,0,53.34375,3414.0,3.220754716981132,5.0,1060,0.030542234780996855,1954.7030259837989,1916.6059747636295,38.09705122016861,0.017153033802136092,0.0006861213520854437,1.0720646126335058e-05,0.34798036485670003,64
BLA-MAPPO,0,192,2,3,388.32458919157364,6.067571706118338,0.7631012203876526,0.7631012203876526,1393,1063,315,0,53.765625,3441.0,3.237064910630292,5.0,1063,0.029959720774336424,1917.4221295575312,1875.7399344089215,41.68219514861043,0.016925561554002353,0.0006770224621600942,1.0578475971251471e-05,0.3439657455943173,64
BLA-MAPPO,0,256,3,4,394.1884442758028,6.159194441809419,0.7624736472241743,0.7624736472241743,1423,1085,332,0,56.140625,3593.0,3.311520737327189,5.0,1085,0.0309981163512623,1983.8794464807872,1941.7164189525245,42.16302752826254,0.017442772647053777,0.0006977109058821511,1.0901732904408611e-05,0.3401254221938377,64
BLA-MAPPO,0,320,4,5,413.03311938537354,6.4536424903964615,0.7894736842105263,0.7894736842105263,1425,1125,321,0,57.703125,3693.0,3.2826666666666666,5.0,1125,0.03423554732875948,2191.0750290406068,2150.1812198804037,40.8938091602025,0.018917303908497714,0.0007566921563399086,1.1823314942811071e-05,0.3362181759054299,64
BLA-MAPPO,0,384,5,6,400.5292667067648,6.2582697922932,0.7586685159500693,0.7586685159500693,1442,1094,314,0,55.65625,3562.0,3.2559414990859232,5.0,1094,0.03309884219253416,2118.325900322186,2076.6134526499654,41.71244767222057,0.018962310042708333,0.0007584924017083333,1.1851443776692708e-05,0.33245181587845585,64
BLA-MAPPO,0,448,6,7,410.89971319853777,6.420308018727153,0.7881773399014779,0.7881773399014779,1421,1120,320,0,56.8125,3636.0,3.2464285714285714,5.0,1120,0.033755756878283895,2160.3684402101694,2121.7382950697247,38.6301451404453,0.018923543573006386,0.0007569417429202555,1.1827214733128992e-05,0.3286169250599237,64
BLA-MAPPO,0,512,7,8,398.7705025349102,6.2307891021079715,0.7715700141442716,0.7715700141442716,1414,1091,320,0,57.109375,3655.0,3.3501374885426216,5.0,1091,0.03282783675651314,2100.981552416841,2057.6693439123687,43.31220850447168,0.017898351336910884,0.0007159340534764354,1.1186469585569303e-05,0.3248427315035326,64
BLA-MAPPO,0,576,8,9,384.6961493897204,6.010877334214381,0.7328813559322034,0.7328813559322034,1475,1081,366,0,55.671875,3563.0,3.296022201665125,5.0,1081,0.030765231813619853,1968.9748360716706,1926.2208661101704,42.753969961500296,0.018290733434682533,0.0007316293373873013,1.1431708396676583e-05,0.3209031239647136,64
BLA-MAPPO,0,640,9,10,424.3949324848926,6.631170820076447,0.8020979020979021,0.8020979020979021,1430,1147,314,0,59.265625,3793.0,3.306887532693984,5.0,1147,0.03438567804933412,2200.683395157384,2159.414454130118,41.26894102726669,0.018639312730812478,0.0007455725092324991,1.1649570456757798e-05,0.3175046239748254,64
BLA-MAPPO,0,704,10,11,435.1516620374,6.799244719334375,0.8173418621179815,0.8173418621179815,1407,1150,271,0,58.4375,3740.0,3.252173913043478,5.0,1150,0.030991086729223263,1983.4295506702888,1943.1373111934283,40.29223947685969,0.01740678417289991,0.0006962713669159964,1.0879240108062444e-05,0.3153493322354364,64
BLA-MAPPO,0,768,11,12,406.40336839612894,6.350052631189515,0.7834757834757835,0.7834757834757835,1404,1100,294,0,54.1875,3468.0,3.152727272727273,5.0,1100,0.03400692988608776,2176.4435127096162,2138.82163083721,37.62188187240537,0.019919633956257028,0.000796785358250281,1.2449771222660641e-05,0.31394513432122634,64
BLA-MAPPO,0,832,12,13,419.4251782031236,6.553518409423806,0.7822802197802198,0.7822802197802198,1456,1139,305,0,57.203125,3661.0,3.214223002633889,5.0,1139,0.03860689198215812,2470.84108685812,2432.1610035301137,38.68008332800548,0.022594509197637832,0.0009037803679055133,1.4121568248523646e-05,0.31269434688491704,64
BLA-MAPPO,0,896,13,14,427.8634599648858,6.685366561951341,0.7928913192071086,0.7928913192071086,1463,1160,314,0,57.421875,3675.0,3.168103448275862,5.0,1160,0.03519212176903214,2252.295793218057,2212.715176133716,39.5806170843424,0.020612337340319493,0.0008244934936127797,1.2882710837699683e-05,0.3112936160494106,64
BLA-MAPPO,0,960,14,15,414.45115104254876,6.475799235039824,0.7804709141274239,0.7804709141274239,1444,1127,312,0,57.90625,3706.0,3.2883762200532387,5.0,1127,0.0318951677771288,2041.2907377362433,2000.3043813240436,40.9863564122,0.019633692355588126,0.0007853476942235251,1.2271057722242579e-05,0.310684312412592,64
BLA-MAPPO,0,1024,15,16,382.41711412131656,5.975267408145571,0.7567760342368046,0.7567760342368046,1402,1061,332,0,55.53125,3554.0,3.349670122525919,5.0,1061,0.031076726802265336,1988.9105153449816,1946.201235253805,42.70928009117648,0.018666992290082667,0.0007466796916033067,1.1666870181301668e-05,0.3106898128597412,64
BLA-MAPPO,0,1088,16,17,403.9696096864669,6.312025151351046,0.7715277777777778,0.7715277777777778,1440,1111,332,0,57.4375,3676.0,3.308730873087309,5.0,1111,0.03236007215239072,2071.044617753006,2028.1871166801711,42.857501072835674,0.018998142131324298,0.0007599256852529719,1.1873838832077686e-05,0.3104344098338049,64
BLA-MAPPO,0,1152,17,18,381.8570831588261,5.966516924356657,0.7713659605551497,0.7713659605551497,1369,1056,324,0,56.703125,3629.0,3.4365530303030303,5.0,1056,0.030217661751847393,1933.9303521182333,1890.390215534832,43.54013658340115,0.01853141310246964,0.0007412565240987857,1.1582133189043526e-05,0.3099485032076209,64
BLA-MAPPO,0,1216,18,19,385.55474582058554,6.024292903446649,0.7659727207465901,0.7659727207465901,1393,1067,334,0,56.59375,3622.0,3.39456419868791,5.0,1067,0.028983942824796126,1854.9723407869521,1811.355700321783,43.616640465169034,0.017622298921341078,0.0007048919568536431,1.1013936825838174e-05,0.31000932371857914,64
BLA-MAPPO,0,1280,19,20,403.83636533001254,6.309943208281446,0.7646652864044169,0.7646652864044169,1449,1108,330,0,59.125,3784.0,3.4151624548736463,5.0,1108,0.03075303535617068,1968.1942627949236,1921.7898169246307,46.40444587029194,0.018432324127124988,0.0007372929650849995,1.1520202579453117e-05,0.31065941108867245,64
BLA-MAPPO,0,1344,20,21,385.2835039334244,6.0200547489597565,0.7609929078014185,0.7609929078014185,1410,1073,340,0,57.8125,3700.0,3.4482758620689653,5.0,1073,0.0303757866068262,1944.0503428368768,1898.891005541323,45.15933729555338,0.019364000565542806,0.0007745600226217122,1.2102500353464253e-05,0.3112411886703565,64
BLA-MAPPO,0,1408,21,22,381.34239309686575,5.958474892138527,0.7344594594594595,0.7344594594594595,1480,1087,387,0,58.828125,3765.0,3.4636614535418584,5.0,1087,0.03169939190704357,2028.7610820507884,1980.4802895151438,48.28079253564372,0.020170379630656484,0.0008068151852262594,1.2606487269160302e-05,0.31152940422938924,64
BLA-MAPPO,0,1472,22,23,377.1992567048508,5.893738386013294,0.7689450222882616,0.7689450222882616,1346,1035,309,0,55.828125,3573.0,3.4521739130434783,5.0,1035,0.026854137120880393,1718.664775736345,1676.3866525986593,42.2781231376857,0.016712968239897312,0.0006685187295958925,1.044560514993582e-05,0.311460560687686,64
BLA-MAPPO,0,1536,23,24,400.6202233706972,6.259690990167144,0.772027972027972,0.772027972027972,1430,1104,326,0,58.9375,3772.0,3.4166666666666665,5.0,1104,0.033516876114519416,2145.0800713292424,2099.690297881058,45.389773448184215,0.021147909892516647,0.0008459163957006659,1.3217443682822904e-05,0.31106042095023634,64
BLA-MAPPO,0,1600,24,25,374.5959579545495,5.853061843039836,0.755939524838013,0.755939524838013,1389,1050,350,0,56.734375,3631.0,3.458095238095238,5.0,1050,0.02973617763488018,1903.1153686323314,1857.6105467864027,45.504821845928525,0.018059116966664974,0.0007223646786665989,1.1286948104165608e-05,0.3104454847843653,64
BLA-MAPPO,0,1664,25,26,364.39741251046735,5.693709570476052,0.7446808510638298,0.7446808510638298,1363,1015,324,0,55.03125,3522.0,3.469950738916256,5.0,1015,0.027511896412698772,1760.7613704127214,1717.1983132493683,43.56305716335239,0.017700943469933228,0.0007080377387973291,1.1063089668708267e-05,0.31030243828774995,64
BLA-MAPPO,0,1728,26,27,372.73431322338655,5.823973644115415,0.7577729573391179,0.7577729573391179,1383,1048,349,0,57.28125,3666.0,3.4980916030534353,5.0,1048,0.028374798031049323,1815.9870739871567,1769.3815931795707,46.60548080758586,0.018865671615681916,0.0007546268646272766,1.1791044759801196e-05,0.31002584485096957,64
BLA-MAPPO,0,1792,27,28,390.8088621892982,6.106388471707785,0.7615062761506276,0.7615062761506276,1434,1092,360,0,59.65625,3818.0,3.4963369963369964,5.0,1092,0.029099896866040493,1862.3933994265915,1816.6300582523993,45.76334117419216,0.018155331594558875,0.000726213263782355,1.1347082246599296e-05,0.3094440412731464,64
BLA-MAPPO,0,1856,28,29,400.8964456306521,6.264006962978939,0.7679944095038435,0.7679944095038435,1431,1099,324,0,58.171875,3723.0,3.3876251137397633,5.0,1099,0.029761819444202465,1904.7564444289578,1860.6968914336649,44.05955299529212,0.01820722269502393,0.0007282889078009572,1.1379514184389957e-05,0.308529141490867,64
BLA-MAPPO,0,1920,29,30,386.61898350927675,6.040921617332449,0.759800427655025,0.759800427655025,1403,1066,322,0,55.5625,3556.0,3.3358348968105065,5.0,1066,0.029660357112642557,1898.2628552091237,1856.5706576342902,41.69219757483287,0.01819102584226086,0.0007276410336904345,1.1369391151413038e-05,0.3072394058115371,64
BLA-MAPPO,0,1984,30,31,387.3116048547243,6.051743825855067,0.7755847953216374,0.7755847953216374,1368,1061,309,0,56.25,3600.0,3.393025447690858,5.0,1061,0.029326019654788798,1876.865257906483,1833.1231190541105,43.74213885237135,0.017848084331347963,0.0007139233732539185,1.1155052707092477e-05,0.30576333436243885,64
BLA-MAPPO,0,2048,31,32,371.3675244577996,5.802617569653119,0.7428977272727273,0.7428977272727273,1408,1046,356,0,56.8125,3636.0,3.4760994263862335,5.0,1046,0.02934807347212674,1878.2767022161113,1832.28216752867,45.99453468744106,0.018028586538418944,0.0007211434615367577,1.126786658651184e-05,0.30388702267995954,64
BLA-MAPPO,0,2112,32,33,378.66908025092823,5.916704378920754,0.7576187101346563,0.7576187101346563,1411,1069,362,0,57.265625,3665.0,3.4284377923292797,5.0,1069,0.0320863899306437,2053.5289555611967,2008.930686479897,44.59826908130003,0.020013351903352277,0.0008005340761340911,1.2508344939595173e-05,0.30240166734984203,64
BLA-MAPPO,0,2176,33,34,412.69685638875274,6.4483883810742615,0.7622841965471447,0.7622841965471447,1506,1148,352,0,62.375,3992.0,3.4773519163763065,5.0,1148,0.03390698680208265,2170.0471553332895,2120.14576876564,49.90138656764887,0.022662697269208883,0.0009065078907683553,1.4164185793255552e-05,0.30133631327785737,64
BLA-MAPPO,0,2240,34,35,411.4936112533001,6.429587675832814,0.7762525737817433,0.7762525737817433,1457,1131,323,0,59.625,3816.0,3.374005305039788,5.0,1131,0.034465312056036694,2205.7799715863484,2162.5282008315976,43.25177075475154,0.022866882786676142,0.0009146753114670457,1.429180174167259e-05,0.30008877255213,64
BLA-MAPPO,0,2304,35,36,368.20297600640816,5.753171500100128,0.768595041322314,0.768595041322314,1331,1023,316,0,51.1875,3276.0,3.2023460410557183,5.0,1023,0.029425080402741947,1883.2051457754847,1843.3411121333206,39.86403364216321,0.019288140693726724,0.000771525627749069,1.2055087933579203e-05,0.2990312106978757,64
BLA-MAPPO,0,2368,36,37,376.81190539987733,5.887686021873083,0.7736411020104245,0.7736411020104245,1343,1039,316,0,54.296875,3475.0,3.3445620789220403,5.0,1039,0.02899221797715933,1855.5019505381972,1813.4324811909908,42.069469347207054,0.01729987377205687,0.0006919949508822749,1.0812421107535545e-05,0.29858767496218896,64
BLA-MAPPO,0,2432,37,38,380.76931595277944,5.949520561762179,0.7461430575035063,0.7461430575035063,1426,1064,341,0,57.640625,3689.0,3.4671052631578947,5.0,1064,0.029425759224170643,1883.2485903469212,1836.195783846152,47.0528065007696,0.019284592842774433,0.0007713837137109773,1.205287052673402e-05,0.298080623968213,64
BLA-MAPPO,0,2496,38,39,386.07751360506694,6.032461150079171,0.7690079652425779,0.7690079652425779,1381,1062,313,0,57.640625,3689.0,3.4736346516007535,5.0,1062,0.029379757286116095,1880.3044663114301,1834.3575622506726,45.94690406075742,0.018783246797902997,0.0007513298719161199,1.1739529248689374e-05,0.2973071620712377,64
BLA-MAPPO,0,2560,39,40,376.3637135239851,5.880683023812267,0.7498248072880168,0.7498248072880168,1427,1070,370,0,58.546875,3747.0,3.5018691588785047,5.0,1070,0.03241433867183902,2074.5176749976977,2027.0131290229085,47.504545974789025,0.02132916796588417,0.0008531667186353669,1.3330729978677607e-05,0.2962596749481965,64
BLA-MAPPO,0,2624,40,41,382.8939584708784,5.982718101107475,0.7523000707714084,0.7523000707714084,1413,1063,337,0,57.828125,3701.0,3.4816556914393226,5.0,1063,0.028919643583705617,1850.8571893571595,1805.1812994813602,45.67588987579922,0.017907856174570486,0.0007163142469828194,1.1192410109106553e-05,0.29492242495619614,64
BLA-MAPPO,0,2688,41,42,403.27593943974307,6.3011865537459855,0.7701388888888889,0.7701388888888889,1440,1109,326,0,62.5625,4004.0,3.6104598737601443,5.0,1109,0.03305023163405786,2115.214824579703,2065.517050468775,49.697774110927675,0.020345936412183126,0.000813837456487325,1.2716210257614454e-05,0.2932214819539914,64
BLA-MAPPO,0,2752,42,43,376.364382876955,5.880693482452422,0.7492877492877493,0.7492877492877493,1404,1052,344,0,59.15625,3786.0,3.598859315589354,5.0,1052,0.028421744522142755,1818.9916494171364,1769.8674825339817,49.12416688315417,0.01780140870099171,0.0007120563480396683,1.1125880438119818e-05,0.29119346640118393,64
BLA-MAPPO,0,2816,43,44,365.1396133102215,5.705306457972211,0.7431457431457431,0.7431457431457431,1386,1030,355,0,59.09375,3782.0,3.6718446601941745,5.0,1030,0.030251520548539725,1936.0973151065423,1887.9767288853197,48.12058622122157,0.017159210240580102,0.0006863684096232041,1.0724506400362564e-05,0.28912091225488074,64
BLA-MAPPO,0,2880,44,45,366.9682889147748,5.733879514293356,0.7394957983193278,0.7394957983193278,1428,1056,396,0,62.25,3984.0,3.772727272727273,5.0,1056,0.030036139072204895,1922.3129006211132,1869.6512438139273,52.66165680718604,0.018581779801920845,0.0007432711920768338,1.1613612376200528e-05,0.28748310428155455,64
BLA-MAPPO,0,2944,45,46,342.5436157928374,5.352243996763084,0.7200870195794054,0.7200870195794054,1379,993,386,0,58.1875,3724.0,3.7502517623363545,5.0,993,0.02789049254238497,1784.991522712638,1734.9264565340097,50.06506617862735,0.01711651960648119,0.0006846607842592475,1.0697824754050742e-05,0.28548207747647814,64
BLA-MAPPO,0,3008,46,47,370.6961040492008,5.792126625768763,0.7427149964463398,0.7427149964463398,1407,1045,365,0,59.796875,3827.0,3.662200956937799,5.0,1045,0.02760242140078847,1766.554969650462,1716.6126360068713,49.942333643590445,0.015896497043571874,0.0006358598817428749,9.93531065223242e-06,0.28319807307152967,64
BLA-MAPPO,0,3072,47,48,347.1520026810159,5.424250041890874,0.7165354330708661,0.7165354330708661,1397,1001,382,0,59.359375,3799.0,3.7952047952047954,5.0,1001,0.02828237496029116,1810.0719974586343,1757.979166040338,52.092831418295354,0.016849997278028897,0.0006739998911211559,1.0531248298768061e-05,0.2806313009700308,64
BLA-MAPPO,0,3136,48,49,365.31733405367066,5.708083344588604,0.748191027496382,0.748191027496382,1382,1034,357,0,59.78125,3826.0,3.7001934235976788,5.0,1034,0.02850671842896675,1824.4299794538722,1774.2635748892294,50.16640456464251,0.018419835351782175,0.000736793414071287,1.151239709486386e-05,0.27789206820669543,64
BLA-MAPPO,0,3200,49,50,367.36217147541333,5.740033929303333,0.7296551724137931,0.7296551724137931,1450,1058,398,0,61.484375,3935.0,3.719281663516068,5.0,1058,0.031211700279291436,1997.5488178746518,1946.4062126225851,51.14260525206696,0.019209563721254812,0.0007683825488501925,1.2005977325784257e-05,0.2748781667347952,64
BLA-MAPPO,0,3264,50,51,358.94986081580515,5.6085915752469555,0.7426470588235294,0.7426470588235294,1360,1010,339,0,58.734375,3759.0,3.721782178217822,5.0,1010,0.027832386677527934,1781.2727473617877,1731.8377450103737,49.43500235141432,0.018012625207383767,0.0007205050082953507,1.1257890754614855e-05,0.27165064817106044,64
BLA-MAPPO,0,3328,51,52,397.12902115983775,6.205140955622465,0.7559808612440191,0.7559808612440191,1463,1106,352,0,60.765625,3889.0,3.5162748643761303,5.0,1106,0.03000976739574106,1920.625113327428,1871.4181215940635,49.20699173336433,0.01934150828079453,0.0007736603312317813,1.2088442675496582e-05,0.26824158106761403,64
BLA-MAPPO,0,3392,52,53,377.94435063795254,5.905380478718008,0.7507042253521127,0.7507042253521127,1420,1066,372,0,60.125,3848.0,3.6097560975609757,5.0,1066,0.031347934858057105,2006.267830915655,1957.6713179547398,48.59651296091486,0.017196415192916984,0.0006878566077166794,1.0747759495573116e-05,0.2647569691868701,64
BLA-MAPPO,0,3456,53,54,364.17277817010756,5.690199658907931,0.7243055555555555,0.7243055555555555,1440,1043,392,0,58.40625,3738.0,3.5838926174496644,5.0,1043,0.02927560281901121,1873.6385804167176,1824.815450474844,48.82312994187366,0.016358437704532193,0.0006543375081812877,1.022402356533262e-05,0.2610725234130352,64
BLA-MAPPO,0,3520,54,55,383.87037609062423,5.997974626416004,0.7529992942836979,0.7529992942836979,1417,1067,347,0,61.796875,3955.0,3.706654170571696,5.0,1067,0.03066503120890907,1962.5619973701805,1912.331785259203,50.23021211097834,0.01676044174489454,0.0006704176697957815,1.0475276090559086e-05,0.2573199718063417,64
BLA-MAPPO,0,3584,55,56,372.9829349254019,5.827858358209404,0.7554585152838428,0.7554585152838428,1374,1038,342,0,57.390625,3673.0,3.5385356454720616,5.0,1038,0.027797248182289413,1779.0238836665224,1733.37523188825,45.64865177827226,0.015388154146369428,0.0006155261658547771,9.617596341480892e-06,0.2542362691625542,64
BLA-MAPPO,0,3648,56,57,358.8237057012469,5.606620401581983,0.7422907488986784,0.7422907488986784,1362,1011,349,0,55.78125,3570.0,3.5311572700296736,5.0,1011,0.029100694670200208,1862.4444588928134,1818.348488863148,44.09597002966549,0.016624940224968566,0.0006649976089987427,1.0390587640605354e-05,0.25129086772472464,64
BLA-MAPPO,0,3712,57,58,362.93686457365715,5.670888508963393,0.7339055793991416,0.7339055793991416,1398,1026,363,0,58.75,3760.0,3.664717348927875,5.0,1026,0.027434536736713852,1755.8103511496865,1708.3191028138008,47.49124833588629,0.0158609080213383,0.0006344363208535319,9.913067513336437e-06,0.2481511112077751,64
BLA-MAPPO,0,3776,58,59,376.61217130070634,5.8845651765735365,0.7577955039883973,0.7577955039883973,1379,1045,338,0,61.171875,3915.0,3.7464114832535884,5.0,1045,0.030296912431685384,1939.0023956278646,1889.066799601582,49.935596026282425,0.01608392967843411,0.0006433571871373644,1.0052456049021319e-05,0.24487859760444136,64
BLA-MAPPO,0,3840,59,60,338.1252550001326,5.283207109377072,0.7176470588235294,0.7176470588235294,1360,976,382,0,57.8125,3700.0,3.790983606557377,5.0,976,0.02691130390138697,1722.323449688766,1672.257735849925,50.06571383884035,0.015560624891695246,0.0006224249956678098,9.725390557309528e-06,0.24145191417910952,64
BLA-MAPPO,0,3904,60,61,362.0164294633911,5.656506710365486,0.7339971550497866,0.7339971550497866,1406,1032,385,0,60.5625,3876.0,3.755813953488372,5.0,1032,0.028867313249183454,1847.508047947741,1796.0297203860607,51.47832756168063,0.014830886106212951,0.0005932354442485181,9.269303816383095e-06,0.23788414428855664,64
BLA-MAPPO,0,3968,61,62,374.49150675657523,5.851429793071488,0.7433881343817013,0.7433881343817013,1399,1040,344,0,62.0,3968.0,3.8153846153846156,5.0,1040,0.027440875643529938,1756.216041185916,1704.3695997850537,51.846441400862695,0.01428625814820814,0.0005714503259283256,8.928911342630088e-06,0.2341716524380862,64
BLA-MAPPO,0,4032,62,63,393.2935295497911,6.145211399215486,0.7459349593495935,0.7459349593495935,1476,1101,376,0,64.484375,4127.0,3.748410535876476,5.0,1101,0.03231985793765209,2068.4709080097336,2014.6060372577867,53.86487075194651,0.016253542613911962,0.0006501417045564785,1.0158464133694977e-05,0.23051041379844125,64
BLA-MAPPO,0,4096,63,64,374.25619371449613,5.847753026789002,0.7644017725258493,0.7644017725258493,1354,1035,338,0,59.53125,3810.0,3.681159420289855,5.0,1035,0.028446990170000852,1820.6073708800545,1772.7906555887716,47.81671529128269,0.013434800784194212,0.0005373920313677684,8.396750490121382e-06,0.22680151313964936,64
BLA-MAPPO,0,4160,64,65,366.75728660842924,5.730582603256707,0.7380607814761215,0.7380607814761215,1382,1020,340,0,56.78125,3634.0,3.562745098039216,5.0,1020,0.028632633354162895,1832.4885346664253,1785.3222658609056,47.166268805519714,0.014011208800728613,0.0005604483520291445,8.757005500455383e-06,0.22283506562753813,64
BLA-MAPPO,0,4224,65,66,380.06180514419276,5.938465705378012,0.7442348008385744,0.7442348008385744,1431,1065,370,0,58.71875,3758.0,3.528638497652582,5.0,1065,0.029407529029395803,1882.0818578813314,1832.5145895970445,49.567268284287486,0.014535389223066492,0.0005814155689226597,9.084618264416558e-06,0.218952547312885,64
BLA-MAPPO,0,4288,66,67,381.3161302984485,5.958064535913258,0.7482369534555712,0.7482369534555712,1418,1061,354,0,56.859375,3639.0,3.429783223374175,5.0,1061,0.03274485988301507,2095.6710325129648,2050.187667421084,45.48336509188091,0.014819554662062341,0.0005927821864824936,9.262221663788963e-06,0.21570142570871612,64
BLA-MAPPO,0,4352,67,68,401.62659520134423,6.275415550021004,0.7787234042553192,0.7787234042553192,1410,1098,334,0,58.375,3736.0,3.4025500910746813,5.0,1098,0.031967225074410216,2045.902404762254,2001.561732647124,44.34067211513052,0.014756052321136838,0.0005902420928454735,9.222532700710524e-06,0.21262118469814503,64
BLA-MAPPO,0,4416,68,69,400.3692535485537,6.255769586696151,0.7766497461928934,0.7766497461928934,1379,1071,288,0,54.765625,3505.0,3.272642390289449,5.0,1071,0.03026258892239684,1936.8056910333978,1895.4207332698716,41.384957763525584,0.01366597775975889,0.0005466391103903556,8.541236099849307e-06,0.20926802343813436,64
BLA-MAPPO,0,4480,69,70,432.36328170084994,6.75567627657578,0.7859060402684563,0.7859060402684563,1490,1171,332,0,61.3125,3924.0,3.350982066609735,5.0,1171,0.03759882996289653,2406.3251176253775,2362.2725182828885,44.05259934248788,0.017196142272728736,0.0006878456909091495,1.0747588920455461e-05,0.20594314409660322,64
BLA-MAPPO,0,4544,70,71,396.92561655334265,6.201962758645979,0.7625441696113074,0.7625441696113074,1415,1079,320,0,54.25,3472.0,3.2177942539388322,5.0,1079,0.03106215757476058,1987.978084784677,1947.9531550127724,40.024929771904795,0.013960054352517383,0.0005584021741006953,8.725033970323364e-06,0.202916355766181,64
BLA-MAPPO,0,4608,71,72,391.5629225534251,6.118170664897267,0.7700650759219089,0.7700650759219089,1383,1065,321,0,53.984375,3455.0,3.244131455399061,5.0,1065,0.029983166080141375,1918.922629129048,1878.1090560926414,40.81357303640601,0.01300344977231864,0.0005201379908927456,8.12715610769915e-06,0.1996776931863407,64
BLA-MAPPO,0,4672,72,73,434.705995330424,6.792281177037875,0.8231046931407943,0.8231046931407943,1385,1140,268,0,56.375,3608.0,3.1649122807017545,5.0,1140,0.03208748939000469,2053.5993209603002,2015.1342797455277,38.46504121477291,0.013761521179561595,0.0005504608471824638,8.600950737225998e-06,0.19619652963335266,64
BLA-MAPPO,0,4736,73,74,400.3108468981277,6.254856982783245,0.7833089311859444,0.7833089311859444,1366,1070,288,0,53.8125,3444.0,3.2186915887850467,5.0,1070,0.031051537267142184,1987.2983850970998,1946.623853350408,40.674531746691386,0.012966610620579683,0.0005186644248231873,8.104131637862302e-06,0.1925916449692477,64
BLA-MAPPO,0,4800,74,75,438.61031191475,6.853286123667969,0.7988904299583911,0.7988904299583911,1442,1152,276,0,58.6875,3756.0,3.2604166666666665,5.0,1152,0.03260786449741832,2086.9033278347724,2045.108109347806,41.7952184869659,0.013278506689895164,0.0005311402675958066,8.299066681184477e-06,0.18891960032162491,64
BLA-MAPPO,0,4864,75,76,418.27204443032235,6.535500694223787,0.7917555081734187,0.7917555081734187,1407,1114,294,0,55.296875,3539.0,3.1768402154398565,5.0,1114,0.03416895377451974,2186.8130415692635,2149.665878377104,37.14716319215795,0.013639289665129438,0.0005455715866051775,8.524556040705899e-06,0.1852472932428939,64
BLA-MAPPO,0,4928,76,77,427.1401703241211,6.674065161314392,0.8193123628383321,0.8193123628383321,1367,1120,268,0,53.578125,3429.0,3.061607142857143,5.0,1120,0.03144535967256227,2012.5030190439852,1976.4927954643367,36.01022357964791,0.013065644849492367,0.0005226257939796947,8.16602803093273e-06,0.1815449275128372,64
BLA-MAPPO,0,4992,77,78,408.30183151842823,6.379716117475441,0.768688293370945,0.768688293370945,1418,1090,294,0,56.828125,3637.0,3.336697247706422,5.0,1090,0.032231043873330596,2062.7868078931583,2020.1060657521857,42.68074214097324,0.012473318770200631,0.0004989327508080252,7.795824231375394e-06,0.17790246664964102,64
BLA-MAPPO,0,5056,78,79,434.6427211922629,6.791292518629108,0.8051857042747022,0.8051857042747022,1427,1149,294,0,61.5625,3940.0,3.4290687554395127,5.0,1149,0.03281409344456031,2100.1019804518596,2057.2445949530943,42.85738549876568,0.012714472758379426,0.000508578910335177,7.94654547398714e-06,0.17435020919409022,64
BLA-MAPPO,0,5120,79,80,403.02992512586366,6.29734258009162,0.7665260196905767,0.7665260196905767,1422,1090,325,0,59.078125,3781.0,3.4688073394495413,5.0,1090,0.029601037334314077,1894.4663893961008,1848.4242012295965,46.04218816650326,0.011416156108220145,0.0004566462443288058,7.13509756763759e-06,0.17077341256127979,64
BLA-MAPPO,0,5184,80,81,391.8892423606011,6.123269411884392,0.7561663143058492,0.7561663143058492,1419,1073,347,0,59.109375,3783.0,3.5256290773532153,5.0,1073,0.029761842807901628,1904.757939705704,1858.320590914078,46.437348791626384,0.010620526313312806,0.0004248210525325122,6.6378289458205035e-06,0.166995294565519,64
BLA-MAPPO,0,5248,81,82,409.55490203161133,6.399295344243927,0.7833214540270849,0.7833214540270849,1403,1099,314,0,59.296875,3795.0,3.4531392174704276,5.0,1099,0.030822916664530263,1972.6666665299367,1928.288770134237,44.37789639569934,0.011461578946997637,0.00045846315787990543,7.163486841873522e-06,0.1631727961277855,64
BLA-MAPPO,0,5312,82,83,386.21144520057965,6.034553831259057,0.7616959064327485,0.7616959064327485,1368,1042,311,0,54.109375,3463.0,3.3234165067178503,5.0,1042,0.02964600496570765,1897.3443178052896,1855.1575527966243,42.18676500866535,0.010009560875817622,0.0004003824350327049,6.255975547386014e-06,0.16022830405652716,64
BLA-MAPPO,0,5376,83,84,424.0437623816965,6.625683787214008,0.8091106290672451,0.8091106290672451,1383,1119,287,0,57.03125,3650.0,3.261840929401251,5.0,1119,0.031658308390719675,2026.131737006059,1986.4705818319633,39.661155174095384,0.010942557502181515,0.00043770230008726064,6.8390984388634475e-06,0.15838311725071114,64
BLA-MAPPO,0,5440,84,85,409.2078363471535,6.393872442924273,0.7764371894960965,0.7764371894960965,1409,1094,310,0,55.4375,3548.0,3.243144424131627,5.0,1094,0.030938211203370664,1980.0455170157225,1939.8280868986826,40.21743011703971,0.010161866784312973,0.0004064746713725189,6.351166740195608e-06,0.15747375102325992,64
BLA-MAPPO,0,5504,85,86,404.4557040619736,6.319620375968338,0.7765726681127982,0.7765726681127982,1383,1074,293,0,53.8125,3444.0,3.206703910614525,5.0,1074,0.0304097104627492,1946.2214696159488,1906.2923113780248,39.92915823792322,0.009919882678430123,0.0003967953071372049,6.199926674018827e-06,0.15665032775743054,64
BLA-MAPPO,0,5568,86,87,422.79986299151244,6.606247859242382,0.8038932948810382,0.8038932948810382,1387,1115,287,0,56.4375,3612.0,3.239461883408072,5.0,1115,0.03335994710638514,2135.0366148086487,2094.14339711035,40.893217698298955,0.010718642787404921,0.00042874571149619683,6.6991517421280754e-06,0.1558413725484828,64
BLA-MAPPO,0,5632,87,88,425.10434352660087,6.642255367603139,0.7823691460055097,0.7823691460055097,1452,1136,322,0,57.0625,3652.0,3.214788732394366,5.0,1136,0.033958192988147964,2173.3243512414697,2131.797362199992,41.5269890414783,0.01062630905727856,0.00042505236229114243,6.6414431607991005e-06,0.15490427476114332,64
BLA-MAPPO,0,5696,88,89,389.655030645756,6.088359853839938,0.7608695652173914,0.7608695652173914,1380,1050,315,0,54.515625,3489.0,3.322857142857143,5.0,1050,0.02840719281502181,1818.060340161396,1775.3592621216865,42.7010780397093,0.009241767424068082,0.00036967069696272327,5.776104640042551e-06,0.15375923086354093,64
BLA-MAPPO,0,5760,89,90,407.4209017997189,6.3659515906206074,0.7732394366197183,0.7732394366197183,1420,1098,327,0,57.125,3656.0,3.3296903460837886,5.0,1098,0.03419753237010519,2188.6420716867324,2145.222011972996,43.42005971373526,0.010549840661418354,0.00042199362645673415,6.593650413386471e-06,0.1524711614000477,64
BLA-MAPPO,0,5824,90,91,401.7490134002392,6.277328334378738,0.7828947368421053,0.7828947368421053,1368,1071,301,0,55.078125,3525.0,3.291316526610644,5.0,1071,0.03038797766671512,1944.8305706697677,1903.8063279368102,41.02424273295787,0.009331912759578082,0.0003732765103831233,5.832445474736302e-06,0.1510118858293469,64
BLA-MAPPO,0,5888,91,92,395.05781725564066,6.172778394619385,0.7712418300653595,0.7712418300653595,1377,1062,315,0,54.65625,3498.0,3.2937853107344632,5.0,1062,0.02859102408319989,1829.825541324793,1789.0711129523713,40.75442837242221,0.009192020757794612,0.0003676808303117845,5.745012973621633e-06,0.14922624625702563,64
BLA-MAPPO,0,5952,92,93,439.36642018371504,6.865100315370547,0.7773359840954275,0.7773359840954275,1509,1173,327,0,60.84375,3894.0,3.319693094629156,5.0,1173,0.03590743139647681,2298.0756093745163,2252.3825940936595,45.693015280857864,0.011527356532176194,0.00046109426128704777,7.204597832610121e-06,0.1479344491332959,64
BLA-MAPPO,0,6016,93,94,405.88299875473444,6.341921855542726,0.7793696275071633,0.7793696275071633,1396,1088,318,0,53.984375,3455.0,3.1755514705882355,5.0,1088,0.03035311112371281,1942.59911191762,1904.1919539486785,38.4071579689412,0.00925415605531468,0.0003701662422125872,5.783847534571675e-06,0.14782627799116393,64
BLA-MAPPO,0,6080,94,95,394.27329253544735,6.160520195866365,0.7766348273328435,0.7766348273328435,1361,1057,308,0,54.921875,3515.0,3.325449385052034,5.0,1057,0.029044004690774047,1858.8163002095391,1818.4320006462083,40.38429956333073,0.009085539341740858,0.0003634215736696343,5.678462088588036e-06,0.1473007734892682,64
BLA-MAPPO,0,6144,95,96,398.71206845462734,6.229876069603552,0.7548611111111111,0.7548611111111111,1440,1087,349,0,58.515625,3745.0,3.4452621895124196,5.0,1087,0.030553086960971358,1955.397565502167,1909.8894500495915,45.508115452575,0.009640818223120098,0.00038563272892480394,6.0255113894500615e-06,0.14655674938323038,64
BLA-MAPPO,0,6208,96,97,413.98757790931325,6.4685559048330195,0.7738095238095238,0.7738095238095238,1428,1105,312,0,58.890625,3769.0,3.410859728506787,5.0,1105,0.03096923502644066,1982.0310416922023,1937.163951423537,44.867090268665265,0.009768032858376456,0.0003907213143350582,6.105020536485285e-06,0.1454247555533283,64
BLA-MAPPO,0,6272,97,98,402.73953245184396,6.292805194560062,0.7780979827089337,0.7780979827089337,1388,1080,315,0,55.84375,3574.0,3.3092592592592593,5.0,1080,0.02991596861863998,1914.6219915929587,1871.8383549626037,42.78363663035466,0.009832623663475834,0.0003933049465390333,6.145389789672396e-06,0.14410243926127864,64
BLA-MAPPO,0,6336,98,99,426.08675754193246,6.657605586592695,0.7773224043715847,0.7773224043715847,1464,1138,323,0,57.65625,3690.0,3.242530755711775,5.0,1138,0.033532064961476066,2146.0521575344683,2105.3500502007773,40.70210733369079,0.010331663980147409,0.00041326655920589635,6.4572899875921304e-06,0.1439866980766663,64
BLA-MAPPO,0,6400,99,100,418.33916987722455,6.536549529331634,0.8115727002967359,0.8115727002967359,1348,1094,268,0,53.953125,3453.0,3.156307129798903,5.0,1094,0.030070740412576267,1924.527386404881,1888.278901014222,36.248485390659376,0.009381635067587872,0.0003752654027035149,5.8635219172424205e-06,0.1441348093280627,64
BLA-MAPPO,0,6464,100,101,397.4374671616072,6.209960424400112,0.7798232695139912,0.7798232695139912,1358,1059,298,0,53.296875,3411.0,3.2209631728045327,5.0,1059,0.0281399590020607,1800.957376131885,1761.2810382731775,39.67633785870754,0.008989015850527473,0.0003595606340210989,5.61813490657967e-06,0.1438477757775764,64
BLA-MAPPO,0,6528,101,102,419.55331417451464,6.555520533976791,0.7779329608938548,0.7779329608938548,1432,1114,305,0,56.890625,3641.0,3.2684021543985637,5.0,1114,0.030573181492677067,1956.6836155313324,1913.7862553084497,42.89736022288279,0.009965810399637929,0.0003986324159855172,6.228631499773706e-06,0.14409409618702895,64
BLA-MAPPO,0,6592,102,103,421.20983181830275,6.58140362216098,0.7775482093663911,0.7775482093663911,1452,1129,325,0,57.84375,3702.0,3.279007971656333,5.0,1129,0.03233788503191799,2069.6246420427515,2026.4365185143815,43.18812352837027,0.010577931369824444,0.00042311725479297777,6.611207106140278e-06,0.1443720158983724,64
BLA-MAPPO,0,6656,103,104,398.3476943818001,6.224182724715627,0.7552155771905424,0.7552155771905424,1438,1086,347,0,54.8125,3508.0,3.2302025782688766,5.0,1086,0.031282010054722,2002.0486435022076,1960.3003068816963,41.74833662051153,0.010520476484106185,0.0004208190593642474,6.575297802566366e-06,0.1443155429419527,64
BLA-MAPPO,0,6720,104,105,438.56597905349383,6.852593422710841,0.8168210976478973,0.8168210976478973,1403,1146,279,0,58.046875,3715.0,3.2417102966841185,5.0,1146,0.031977536693381846,2046.5623483764382,2007.3435022768122,39.21884609962551,0.010352002984150416,0.0004140801193660167,6.470001865094011e-06,0.14439089498696794,64
BLA-MAPPO,0,6784,105,106,398.8126005808362,6.231446884075566,0.7798972853998533,0.7798972853998533,1363,1063,295,0,54.234375,3471.0,3.2652869238005646,5.0,1063,0.031336489361939335,2005.5353191641173,1966.0371359895194,39.4981831745981,0.010357309047888022,0.0004142923619155209,6.473318154930014e-06,0.144870412398512,64
BLA-MAPPO,0,6848,106,107,406.00773927789305,6.343870926217079,0.7671809256661991,0.7671809256661991,1426,1094,324,0,56.5625,3620.0,3.3089579524680075,5.0,1094,0.032186141080816334,2059.9130291722454,2017.0087804845139,42.90424868773148,0.01110108782294151,0.00044404351291766036,6.938179889338443e-06,0.14578108956734506,64
BLA-MAPPO,0,6912,107,108,372.9236485337095,5.826932008339211,0.7730061349693251,0.7730061349693251,1304,1008,307,0,54.359375,3479.0,3.451388888888889,5.0,1008,0.026845346909071685,1718.102202180588,1676.9668110093946,41.135391171193746,0.009045152773561691,0.0003618061109424676,5.6532204834760565e-06,0.14670262639649928,64
BLA-MAPPO,0,6976,108,109,388.3375388638462,6.067774044747597,0.759393063583815,0.759393063583815,1384,1051,319,0,54.5,3488.0,3.318744053282588,5.0,1051,0.030287534561804143,1938.4022119554652,1896.1707526990283,42.23145925643696,0.010570559615461599,0.000422822384618464,6.6065997596635e-06,0.14718277148980458,64
BLA-MAPPO,0,7040,109,110,420.56081507891037,6.5712627356079745,0.7823652904128762,0.7823652904128762,1429,1118,309,0,59.390625,3801.0,3.3998211091234345,5.0,1118,0.03151867287287738,2017.1950638641524,1973.0724413575415,44.12262250661048,0.010592496490155121,0.00042369985960620483,6.6203103063469505e-06,0.14748460576336847,64
BLA-MAPPO,0,7104,110,111,393.7738088004402,6.152715762506878,0.7733236151603499,0.7733236151603499,1372,1061,316,0,56.90625,3642.0,3.4326107445805842,5.0,1061,0.03005772242562641,1923.6942352400904,1881.5019721608658,42.19226307922406,0.009990916339058211,0.0003996366535623285,6.2443227119113825e-06,0.1474671101236626,64
BLA-MAPPO,0,7168,111,112,385.27200369571483,6.019875057745544,0.7636761487964989,0.7636761487964989,1371,1047,329,0,53.125,3400.0,3.2473734479465137,5.0,1047,0.029245233538626823,1871.6949464721167,1831.864897682552,39.83004878956427,0.009948147327486896,0.00039792589309947587,6.21759207967931e-06,0.14700184069146877,64
BLA-MAPPO,0,7232,112,113,410.58638545163745,6.415412272681835,0.7727910238429172,0.7727910238429172,1426,1102,315,0,57.8125,3700.0,3.3575317604355717,5.0,1102,0.03243916840622512,2076.106777998408,2033.1986807725552,42.90809722585264,0.011340051184720704,0.00045360204738882816,7.08753199045044e-06,0.14659051573020132,64
BLA-MAPPO,0,7296,113,114,405.468054438053,6.335438350594578,0.7617728531855956,0.7617728531855956,1444,1100,334,0,58.359375,3735.0,3.3954545454545455,5.0,1100,0.032476033050140345,2078.466115208982,2032.9469661935814,45.51914901540066,0.011710506000010121,0.00046842024000040485,7.319066250006326e-06,0.1475985690979439,64
BLA-MAPPO,0,7360,114,115,364.4912482820854,5.695175754407584,0.7387518142235123,0.7387518142235123,1378,1018,367,0,55.265625,3537.0,3.474459724950884,5.0,1018,0.026721496758683187,1710.175792555724,1664.9118533086153,45.26393924710856,0.00983721900032051,0.0003934887600128204,6.148261875200319e-06,0.14850274246212897,64
BLA-MAPPO,0,7424,115,116,404.86426057682263,6.326004071512854,0.7682072829131653,0.7682072829131653,1428,1097,330,0,59.734375,3823.0,3.4849589790337285,5.0,1097,0.033339938769871166,2133.7560812717547,2088.840218591636,44.915862680117804,0.012200652775208102,0.0004880261110083241,7.625407984505064e-06,0.149118552101466,64
BLA-MAPPO,0,7488,116,117,397.866578626844,6.216665291044437,0.7700496806245565,0.7700496806245565,1409,1085,338,0,57.109375,3655.0,3.3686635944700463,5.0,1085,0.03265850874638558,2090.144559768677,2047.9433408264183,42.20121894225917,0.011981598750370899,0.00047926395001483596,7.488499218981812e-06,0.14942027496601828,64
BLA-MAPPO,0,7552,117,118,388.37691152039355,6.068389242506149,0.774074074074074,0.774074074074074,1350,1045,306,0,55.125,3528.0,3.3760765550239236,5.0,1045,0.02772893361530792,1774.6517513797069,1733.1909377208856,41.460813658820875,0.010263227304630609,0.0004105290921852244,6.414517065394131e-06,0.15009110264225434,64
BLA-MAPPO,0,7616,118,119,399.0260925948283,6.234782696794192,0.7592205984690327,0.7592205984690327,1437,1091,345,0,55.53125,3554.0,3.2575618698441797,5.0,1091,0.03214525609286179,2057.2963899431547,2014.9929458420136,42.303444101140826,0.012132845461495756,0.00048531381845983026,7.583028413434848e-06,0.15085204408389855,64
BLA-MAPPO,0,7680,119,120,388.1810791821757,6.065329362221496,0.774888558692422,0.774888558692422,1346,1043,299,0,51.65625,3306.0,3.1697027804410354,5.0,1043,0.028950558043228207,1852.8357147666052,1814.8743632555959,37.961351511008715,0.011014593555955543,0.00044058374223822176,6.884120972472215e-06,0.1512768910466836,64
BLA-MAPPO,0,7744,120,121,395.78348302523614,6.184116922269315,0.7767272727272727,0.7767272727272727,1375,1068,309,0,52.03125,3330.0,3.1179775280898876,5.0,1068,0.03305674665872716,2115.6317861585385,2077.7287934058745,37.902992752663934,0.012763957693736208,0.0005105583077494484,7.97747355858513e-06,0.15228845111462508,64
BLA-MAPPO,0,7808,121,122,409.736378865197,6.4021309197687035,0.7911530094271211,0.7911530094271211,1379,1091,292,0,54.453125,3485.0,3.1943171402383133,5.0,1091,0.03157607538015638,2020.8688243300082,1982.535901249169,38.33292308083851,0.012171750306375422,0.00048687001225501686,7.607343941484638e-06,0.1533595484893486,64
BLA-MAPPO,0,7872,122,123,428.29494285993076,6.692108482186418,0.7914625612316305,0.7914625612316305,1429,1131,282,0,56.5625,3620.0,3.2007073386383733,5.0,1131,0.03551714069739718,2273.097004633419,2234.196867997078,38.90013663634218,0.013691591839158605,0.0005476636735663442,8.557244899474128e-06,0.15407804892393154,64
BLA-MAPPO,0,7936,123,124,442.5910762965618,6.9154855671337785,0.8211206896551724,0.8211206896551724,1392,1143,241,0,57.5625,3684.0,3.2230971128608923,5.0,1143,0.032235492944664705,2063.071548458541,2023.820487351561,39.251061106979435,0.012318870747134603,0.0004927548298853841,7.699294216959127e-06,0.1544275550387946,64
BLA-MAPPO,0,8000,124,125,435.038526239843,6.797476972497547,0.7983539094650206,0.7983539094650206,1458,1164,316,0,56.53125,3618.0,3.1082474226804124,5.0,1164,0.03601639985624725,2305.0495907998243,2267.646849777747,37.40274102207785,0.01427148818636087,0.0005708595274544348,8.919680116475544e-06,0.1545765179139151,64
BLA-MAPPO,0,8064,125,126,409.56843244160416,6.399506756900065,0.7776193870277975,0.7776193870277975,1403,1091,293,0,52.96875,3390.0,3.1072410632447296,5.0,1091,0.031651440199118856,2025.692172743607,1987.5212767663577,38.1708959772496,0.012159189266802978,0.0004863675706721191,7.599493291751861e-06,0.15515656964344984,64
BLA-MAPPO,0,8128,126,127,403.90197209394114,6.31096831396783,0.7860230547550432,0.7860230547550432,1388,1091,320,0,56.1875,3596.0,3.296058661778185,5.0,1091,0.03242495741993143,2075.197274875611,2034.5386287801102,40.658646095500885,0.012647064554015082,0.0005058825821606033,7.904415346259426e-06,0.15562239251227666,64
BLA-MAPPO,0,8192,127,128,380.32288569508347,5.942545088985679,0.7505454545454545,0.7505454545454545,1375,1032,314,0,53.75,3440.0,3.3333333333333335,5.0,1032,0.02879008780946951,1842.5656198060487,1799.0817359268779,43.48388387917212,0.010771697397089018,0.00043086789588356073,6.732310873180636e-06,0.1556189415902208,64
BLA-MAPPO,0,8256,128,129,385.3644049955205,6.021318828055008,0.7629682997118156,0.7629682997118156,1388,1059,337,0,54.71875,3502.0,3.3068932955618506,5.0,1059,0.03195435920893597,2045.078989371902,2003.4661535389412,41.6128358329605,0.01343994795720069,0.0005375979182880276,8.39996747325043e-06,0.1552391514708282,64
BLA-MAPPO,0,8320,129,130,395.8490115866333,6.1851408060411455,0.7684659090909091,0.7684659090909091,1408,1082,336,0,58.6875,3756.0,3.4713493530499075,5.0,1082,0.03208907495694275,2053.700797244336,2009.7978425600697,43.90295468426625,0.01346549875490292,0.0005386199501961168,8.415936721814325e-06,0.15463890204536296,64
BLA-MAPPO,0,8384,130,131,402.19875386741626,6.284355529178379,0.7873900293255132,0.7873900293255132,1364,1074,288,0,56.015625,3585.0,3.3379888268156424,5.0,1074,0.03186971971360655,2039.6620616708192,1999.02635864565,40.63570302517077,0.012956419550040713,0.0005182567820016285,8.097762218775446e-06,0.15373757351621992,64
BLA-MAPPO,0,8448,131,132,411.25411061595696,6.4258454783743275,0.7810063784549964,0.7810063784549964,1411,1102,304,0,57.171875,3659.0,3.32032667876588,5.0,1102,0.03211460343116768,2055.3346195947315,2013.1090072382822,42.2256123564489,0.01293022544413228,0.0005172090177652912,8.081390902582675e-06,0.1524982540921058,64
BLA-MAPPO,0,8512,132,133,416.8774419319179,6.513710030186217,0.7910447761194029,0.7910447761194029,1407,1113,297,0,56.328125,3605.0,3.238993710691824,5.0,1113,0.03306186116294209,2115.9591144282936,2076.7386049058696,39.22050952242415,0.013571482707364003,0.0005428593082945602,8.482176692102502e-06,0.15175696659087623,64
BLA-MAPPO,0,8576,133,134,411.25756519095023,6.425899456108597,0.7940536620739667,0.7940536620739667,1379,1095,285,0,55.875,3576.0,3.265753424657534,5.0,1095,0.031053657969158127,1987.4341100261202,1947.9580162437906,39.47609378232905,0.013903882816434824,0.0005561553126573929,8.689926760271765e-06,0.15268925335816258,64
BLA-MAPPO,0,8640,134,135,424.3547415045051,6.630542836007892,0.7870563674321504,0.7870563674321504,1437,1131,291,0,56.109375,3591.0,3.1750663129973473,5.0,1131,0.03470400209665687,2221.0561341860393,2181.700220383291,39.35591380274785,0.015488874492256352,0.0006195549796902541,9.68054655766022e-06,0.15379142205412286,64
BLA-MAPPO,0,8704,135,136,417.2595170345137,6.519679953664276,0.7947443181818182,0.7947443181818182,1408,1119,301,0,56.125,3592.0,3.2100089365504916,5.0,1119,0.033769339850324834,2161.2377504207893,2122.58462704841,38.65312337238017,0.01583743155642805,0.000633497262257122,9.89839472276753e-06,0.1546297335370111,64
BLA-MAPPO,0,8768,136,137,390.06559064731164,6.094774853864244,0.7816432272390822,0.7816432272390822,1351,1056,300,0,53.765625,3441.0,3.258522727272727,5.0,1056,0.03297619538470596,2110.4765046211814,2071.0347197947403,39.44178482644233,0.01533342900660508,0.0006133371602642032,9.583393129128175e-06,0.15503680373775758,64
BLA-MAPPO,0,8832,137,138,416.7825996832005,6.512228120050008,0.7839160839160839,0.7839160839160839,1430,1121,305,0,54.453125,3485.0,3.1088314005352364,5.0,1121,0.0347971735256742,2227.0191056431486,2190.3440156858,36.67508995734925,0.01611540342604723,0.0006446161370418892,1.0072127141279519e-05,0.15527030970140784,64
BLA-MAPPO,0,8896,138,139,420.4429585790965,6.569421227798383,0.7875611460517121,0.7875611460517121,1431,1127,304,0,56.90625,3642.0,3.2315882874889086,5.0,1127,0.03391007067118549,2170.244522955871,2129.939106676371,40.30541627949997,0.014929967433114142,0.0005971986973245657,9.331229645696339e-06,0.15605601761389173,64
BLA-MAPPO,0,8960,139,140,386.41558470912145,6.037743511080023,0.7716593245227606,0.7716593245227606,1362,1051,315,0,54.28125,3474.0,3.3054234062797336,5.0,1051,0.02916517053589111,1866.570914297031,1825.882819477215,40.68809481981554,0.013094248044908139,0.0005237699217963256,8.183905028067587e-06,0.15655782331404677,64
BLA-MAPPO,0,9024,140,141,426.8873175582428,6.6701143368475435,0.7936066712995136,0.7936066712995136,1439,1142,299,0,59.53125,3810.0,3.3362521891418564,5.0,1142,0.03674214413310702,2351.4972245188496,2310.062235290108,41.43498922874139,0.016758413215129445,0.0006703365286051778,1.0474008259455902e-05,0.15743052509554617,64
BLA-MAPPO,0,9088,141,142,413.83235607373234,6.466130563652068,0.8161434977578476,0.8161434977578476,1338,1092,262,0,53.859375,3447.0,3.1565934065934065,5.0,1092,0.03308912066553688,2117.7037225943604,2082.4352932560764,35.26842933828503,0.014928737666627348,0.0005971495066650939,9.330461041642093e-06,0.15850695007370907,64
BLA-MAPPO,0,9152,142,143,436.7578893639213,6.824342021311271,0.8184438040345822,0.8184438040345822,1388,1136,245,0,54.171875,3467.0,3.05193661971831,5.0,1136,0.03459735459076527,2214.230693808977,2178.043328673294,36.18736513568336,0.014642106848618688,0.0005856842739447475,9.15131678038668e-06,0.15911055911295055,64
BLA-MAPPO,0,9216,143,144,408.3425611447163,6.380352517886192,0.7783321454027085,0.7783321454027085,1403,1092,298,0,55.359375,3543.0,3.2445054945054945,5.0,1092,0.03135431292912345,2006.6760274639007,1968.695142446075,37.98088501782523,0.012974957354022786,0.0005189982941609115,8.109348346264242e-06,0.15935028323322592,64
BLA-MAPPO,0,9280,144,145,429.6181370340165,6.712783391156508,0.7878165639972622,0.7878165639972622,1461,1151,308,0,54.90625,3514.0,3.052997393570808,5.0,1151,0.035515189709056066,2272.9721413795883,2235.99996338498,36.97217799460724,0.015641970357970242,0.0006256788143188097,9.776231473731402e-06,0.15929955777955732,64
BLA-MAPPO,0,9344,145,146,404.48914959881876,6.320142962481543,0.7943994104642594,0.7943994104642594,1357,1078,287,0,52.21875,3342.0,3.1001855287569575,5.0,1078,0.032473801558172095,2078.3232997230143,2041.7971241958303,36.526175527183966,0.01352826697304326,0.0005411306789217304,8.455166858152037e-06,0.1590543707687007,64
BLA-MAPPO,0,9408,146,147,414.79270285139376,6.481135982053027,0.7810734463276836,0.7810734463276836,1416,1106,295,0,55.15625,3530.0,3.1916817359855334,5.0,1106,0.033197445542314095,2124.636514708102,2084.665040050132,39.971474657969566,0.013166548695264613,0.0005266619478105846,8.229092934540384e-06,0.15851143996252215,64
BLA-MAPPO,0,9472,147,148,421.2726567179502,6.582385261217972,0.8001432664756447,0.8001432664756447,1396,1117,283,0,55.0625,3524.0,3.154879140555058,5.0,1117,0.03363899749527251,2152.8958396974404,2115.782347289391,37.11349240804908,0.014046122799084983,0.0005618449119633994,8.778826749428115e-06,0.15861321633059827,64
BLA-MAPPO,0,9536,148,149,434.9031846189242,6.79536225967069,0.8089807555238774,0.8089807555238774,1403,1135,258,0,54.359375,3479.0,3.0651982378854625,5.0,1135,0.032518004997644824,2081.1523198492687,2045.476702146034,35.6756177032342,0.01297792071236079,0.0005191168284944316,8.111200445225494e-06,0.15849227302042224,64
BLA-MAPPO,0,9600,149,150,433.8066834662465,6.778229429160102,0.8114406779661016,0.8114406779661016,1416,1149,291,0,56.875,3640.0,3.1679721496953874,5.0,1149,0.034385819309355435,2200.6924357987477,2162.672546926712,38.01988887203557,0.01396285963463963,0.0005585143853855852,8.726787271649768e-06,0.15803749402452244,64
BLA-MAPPO,0,9664,150,151,415.4472573300711,6.491363395782361,0.7948350071736011,0.7948350071736011,1394,1108,293,0,54.390625,3481.0,3.141696750902527,5.0,1108,0.03339189694195527,2137.081404285137,2099.281614876282,37.79978940885438,0.013813279798463661,0.0005525311919385464,8.633299874039788e-06,0.15715582956873198,64
BLA-MAPPO,0,9728,151,152,410.7499617567993,6.417968152449989,0.7782515991471215,0.7782515991471215,1407,1095,294,0,52.296875,3347.0,3.05662100456621,5.0,1095,0.031248945095081266,1999.932486085201,1964.1912811481639,35.74120493703582,0.012559308573746018,0.0005023723429498407,7.84956785859126e-06,0.15601178430586757,64
BLA-MAPPO,0,9792,152,153,408.2561983748032,6.3790030996063,0.8126888217522659,0.8126888217522659,1324,1076,262,0,52.671875,3371.0,3.132899628252788,5.0,1076,0.03284229312321402,2101.9067598856973,2067.0499589161955,34.85680096950255,0.013358727179887177,0.0005343490871954871,8.349204487429486e-06,0.1544753377506827,64
BLA-MAPPO,0,9856,153,154,427.0205790297043,6.67219654733913,0.8034433285509326,0.8034433285509326,1394,1120,265,0,53.421875,3419.0,3.0526785714285714,5.0,1120,0.03255367775524236,2083.4353763355107,2046.7375373705656,36.69783896494488,0.012807540524907386,0.0005123016209962955,8.004712828067116e-06,0.15324005694881687,64
BLA-MAPPO,0,9920,154,155,395.52734985199305,6.180114841437391,0.7894345238095238,0.7894345238095238,1344,1061,301,0,51.421875,3291.0,3.1017907634307256,5.0,1061,0.02961880271832172,1895.6033739725901,1859.2357214203869,36.36765255220254,0.011589650338518755,0.00046358601354075016,7.243531461574221e-06,0.15200596676350203,64
BLA-MAPPO,0,9984,155,156,390.85901956264786,6.107172180666373,0.7526501766784452,0.7526501766784452,1415,1065,329,0,52.78125,3378.0,3.171830985915493,5.0,1065,0.03136815599540649,2007.5619837060153,1967.9036064065745,39.6583772994415,0.012156273692435472,0.0004862509476974189,7.59767105777217e-06,0.150982906226656,64
BLA-MAPPO,0,10048,156,157,403.2521042463512,6.300814128849238,0.7777777777777778,0.7777777777777778,1395,1085,310,0,55.90625,3578.0,3.297695852534562,5.0,1085,0.03241972380965454,2074.8623238178907,2033.3422477609101,41.52007605698123,0.01235555009941744,0.0004942220039766976,7.7222188121359e-06,0.15019483778584214,64
BLA-MAPPO,0,10112,157,158,418.6520372670842,6.541438082298191,0.7828212290502793,0.7828212290502793,1432,1121,314,0,61.40625,3930.0,3.505798394290812,5.0,1121,0.033823354557318164,2164.6946916683623,2119.3081585434898,45.3865331248732,0.011914342328080734,0.0004765736931232294,7.446463955050459e-06,0.14911534782645788,64
BLA-MAPPO,0,10176,158,159,402.53246598580597,6.289569781028218,0.7707006369426752,0.7707006369426752,1413,1089,327,0,59.234375,3791.0,3.481175390266299,5.0,1089,0.030652378241781998,1961.752207474048,1915.5887477287258,46.16345974532164,0.011417483775888628,0.0004566993510355451,7.135927359930392e-06,0.14773431337542373,64
BLA-MAPPO,0,10240,159,160,351.751891351817,5.4961233023721405,0.741837509491268,0.741837509491268,1317,977,342,0,53.953125,3453.0,3.534288638689867,5.0,977,0.027229911840831452,1742.714357813213,1699.6569622007294,43.057395612482786,0.009756645583674286,0.00039026582334697143,6.097903489796429e-06,0.14589650028074425,64
BLA-MAPPO,0,10304,160,161,361.93854214460515,5.6552897210094555,0.7407132243684993,0.7407132243684993,1346,997,341,0,56.3125,3604.0,3.6148445336008024,5.0,997,0.025208201261133246,1613.3248807125278,1566.5575932802185,46.76728743231009,0.008703943556704813,0.00034815774226819253,5.439964722940508e-06,0.14375915151360835,64
BLA-MAPPO,0,10368,161,162,366.32180206027414,5.723778157191783,0.745575221238938,0.745575221238938,1356,1011,342,0,57.390625,3673.0,3.6330365974282888,5.0,1011,0.028958109434550044,1853.319003811203,1805.512647751095,47.80635606010842,0.009992432694956541,0.00039969730779826167,6.245270434347839e-06,0.14222364476710303,64
BLA-MAPPO,0,10432,162,163,381.0546193615728,5.953978427524575,0.7389473684210527,0.7389473684210527,1425,1053,361,0,61.5,3936.0,3.737891737891738,5.0,1053,0.030699565112915512,1964.7721672265927,1914.3453114381616,50.426855788430565,0.010533406410264925,0.000421336256410597,6.583379006415578e-06,0.14108496843582607,64
BLA-MAPPO,0,10496,163,164,400.3434910170949,6.255367047142108,0.7466307277628033,0.7466307277628033,1484,1108,380,0,63.625,4072.0,3.675090252707581,5.0,1108,0.03417891059322379,2187.4502779663226,2135.0488321547527,52.40144581156849,0.01136685518382791,0.0004546742073531164,7.104284489892444e-06,0.14041537837549792,64
BLA-MAPPO,0,10560,164,165,380.9807291197909,5.952823892496733,0.734020618556701,0.734020618556701,1455,1068,391,0,61.140625,3913.0,3.6638576779026217,5.0,1068,0.03158344489078441,2021.340473010202,1970.3929016300672,50.947571380134335,0.010933743927511497,0.0004373497571004599,6.833589954694686e-06,0.1396058349860906,64
BLA-MAPPO,0,10624,165,166,374.0613946902061,5.84470929203447,0.736140350877193,0.736140350877193,1425,1049,389,0,61.078125,3909.0,3.726406101048618,5.599999999999909,1049,0.029465765717761,1885.8090059367041,1834.3234720678342,51.485533868869986,0.010173225447535655,0.0004069290179014262,6.3582659047097845e-06,0.13937906798066102,64
BLA-MAPPO,0,10688,166,167,350.77451154598214,5.480851742905971,0.7321830457614403,0.7321830457614403,1333,976,343,0,56.15625,3594.0,3.682377049180328,5.0,976,0.02986192979129727,1911.1635066430254,1863.5093098824898,47.65419676053557,0.010135022798511285,0.0004054009119404514,6.334389249069553e-06,0.1394897454079139,64
BLA-MAPPO,0,10752,167,168,372.5654957554739,5.821335871179279,0.7292393579902303,0.7292393579902303,1433,1045,382,0,62.421875,3995.0,3.8229665071770333,6.0,1045,0.03319860881750992,2124.710964320635,2071.8364719902997,52.874492330334526,0.011581788211214774,0.00046327152844859095,7.2386176320092335e-06,0.13944397390083785,64
BLA-MAPPO,0,10816,168,169,373.87338335981445,5.841771614997101,0.7375886524822695,0.7375886524822695,1410,1040,368,0,60.84375,3894.0,3.7442307692307693,5.0499999999999545,1040,0.030761038947377303,1968.7064926321473,1918.264890095796,50.441602536351176,0.01030131641288396,0.00041205265651535834,6.438322758052474e-06,0.13925544472424836,64
BLA-MAPPO,0,10880,169,170,417.1286293872684,6.517634834176069,0.7670954637779283,0.7670954637779283,1477,1133,355,0,68.046875,4355.0,3.8437775816416595,5.399999999999864,1133,0.03217079771885933,2058.931054006997,2003.987013227934,54.94404077906185,0.010734419625309941,0.0004293767850123976,6.709012265818713e-06,0.13952370753613827,64
BLA-MAPPO,0,10944,170,171,359.9959241495243,5.624936314836317,0.7102351313969572,0.7102351313969572,1446,1027,408,0,62.328125,3989.0,3.88412852969815,6.0,1027,0.030843670705112115,1973.9949251271753,1921.0847749864508,52.910150140724326,0.010250891867715148,0.00041003567470860593,6.406807417321968e-06,0.13957906545415205,64
BLA-MAPPO,0,11008,171,172,345.91252774507393,5.40488324601678,0.7128571428571429,0.7128571428571429,1400,998,415,0,57.609375,3687.0,3.69438877755511,5.0,998,0.029861162315634012,1911.1143882005767,1860.5019073901117,50.612480810464426,0.010330693591611189,0.0004132277436644476,6.456683494756993e-06,0.1393339292794407,64
BLA-MAPPO,0,11072,172,173,380.5482054497736,5.946065710152713,0.7129750982961992,0.7129750982961992,1526,1088,435,0,64.84375,4150.0,3.8143382352941178,6.0,1088,0.035380038543065526,2264.3224667561935,2207.9917156763076,56.330751079887335,0.011758259891020044,0.0004703303956408018,7.348912431887528e-06,0.13889283576493125,64
BLA-MAPPO,0,11136,173,174,389.9863305618189,6.09353641502842,0.7475728155339806,0.7475728155339806,1442,1078,371,0,63.46875,4062.0,3.7680890538033394,5.0,1078,0.031171121471637402,1994.9517741847937,1942.0511598031783,52.90061438161523,0.010331189177839066,0.0004132475671135626,6.4569932361494156e-06,0.13814757506892203,64
BLA-MAPPO,0,11200,174,175,387.81205684057846,6.0595633881340385,0.7441054091539528,0.7441054091539528,1442,1073,368,0,63.734375,4079.0,3.8014911463187326,6.0,1073,0.030792045347303048,1970.690902227395,1917.6106475732445,53.08025465415082,0.010641611864405442,0.0004256644745762177,6.651007415253402e-06,0.1369859144558538,64
BLA-MAPPO,0,11264,175,176,386.08962151686274,6.03265033620098,0.7420470262793915,0.7420470262793915,1446,1073,380,0,63.265625,4049.0,3.7735321528424977,5.0,1073,0.030049576648195398,1923.1729054845055,1871.178097753537,51.99480773096968,0.010007339050295277,0.0004002935620118111,6.254586906434548e-06,0.13568584176646203,64
BLA-MAPPO,0,11328,176,177,362.27689442940476,5.660576475459449,0.7276657060518732,0.7276657060518732,1388,1010,362,0,60.59375,3878.0,3.8396039603960395,5.0,1010,0.029272515589605128,1873.4409977347282,1822.8097130084027,50.63128472632599,0.009680367995519816,0.00038721471982079264,6.050229997199885e-06,0.13460544706495758,64
BLA-MAPPO,0,11392,177,178,366.9425239162789,5.733476936191858,0.7324749642346209,0.7324749642346209,1398,1024,368,0,59.109375,3783.0,3.6943359375,5.0,1024,0.02959820421786047,1894.28506994307,1844.328714834141,49.956355108929756,0.009909597153965282,0.00039638388615861127,6.193498221228301e-06,0.13370629565338246,64
BLA-MAPPO,0,11456,178,179,366.10572249426457,5.720401913972884,0.7428987618353969,0.7428987618353969,1373,1020,369,0,59.421875,3803.0,3.7284313725490197,5.0,1020,0.027387319975936027,1752.7884784599057,1703.792832917505,48.9956455424001,0.008619764203656344,0.00034479056814625377,5.387352627285215e-06,0.1331379211493698,64
BLA-MAPPO,0,11520,179,180,369.3919916045745,5.771749868821477,0.7317246273953159,0.7317246273953159,1409,1031,373,0,60.03125,3842.0,3.7264791464597478,6.0,1031,0.02942953690241196,1883.4903617543655,1833.3488629533474,50.14149880101854,0.009932289226466488,0.00039729156905865954,6.207680766541555e-06,0.13238998085724626,64
BLA-MAPPO,0,11584,180,181,394.6975090586345,6.167148579041164,0.7468879668049793,0.7468879668049793,1446,1080,354,0,61.515625,3937.0,3.64537037037037,6.0,1080,0.029614796767622836,1895.3469931278614,1845.468598042348,49.87839508551326,0.00982062807992816,0.00039282512319712635,6.137892549955099e-06,0.1314207928778232,64
BLA-MAPPO,0,11648,181,182,380.94015327043064,5.952189894850479,0.7491115849324804,0.7491115849324804,1407,1054,363,0,60.3125,3860.0,3.6622390891840606,6.0,1054,0.03238494627912192,2072.636561863803,2023.5326029452847,49.1039589185189,0.010849691281303031,0.00043398765125212123,6.781057050814394e-06,0.13093295624359366,64
BLA-MAPPO,0,11712,182,183,387.3663542548172,6.052599285231519,0.7530163236337828,0.7530163236337828,1409,1061,347,0,61.1875,3916.0,3.6908576814326106,5.0,1061,0.031009949216801426,1984.6367498752913,1935.087095850539,49.549654024752506,0.010129884120991759,0.00040519536483967037,6.3311775756198495e-06,0.13044458206348242,64
BLA-MAPPO,0,11776,183,184,377.729989813291,5.902031090832672,0.7292666209732693,0.7292666209732693,1459,1064,403,0,57.71875,3694.0,3.4718045112781954,5.0,1064,0.03187729043315791,2040.146587722106,1992.2314332345798,47.91515448752621,0.009962084457597751,0.00039848337830391005,6.2263027859985945e-06,0.12987514888856846,64
BLA-MAPPO,0,11840,184,185,392.28979191629503,6.12952799869211,0.754225352112676,0.754225352112676,1420,1071,349,0,62.21875,3982.0,3.7180205415499534,6.0,1071,0.0298077275479357,1907.6945630678847,1858.8732764711087,48.8212865967753,0.00970145088044853,0.0003880580352179412,6.063406800280331e-06,0.12971817603195207,64
BLA-MAPPO,0,11904,185,186,381.0423943797386,5.953787412183416,0.7408450704225352,0.7408450704225352,1420,1052,360,0,59.8125,3828.0,3.6387832699619773,5.0,1052,0.029439880677331987,1884.1523633492473,1834.9666607826746,49.1857025665734,0.009728635257935927,0.00038914541031743707,6.080397036209954e-06,0.1298553654432832,64
BLA-MAPPO,0,11968,186,187,365.2275845024247,5.706681007850386,0.7470414201183432,0.7470414201183432,1352,1010,350,0,56.0,3584.0,3.5485148514851486,5.0,1010,0.02843548117617323,1819.8707952750867,1775.2080335277774,44.662761747309766,0.009113896005811304,0.00036455584023245216,5.696185003632065e-06,0.13018683135094095,64
BLA-MAPPO,0,12032,187,188,369.59486625708115,5.774919785266893,0.7432530999270606,0.7432530999270606,1371,1019,353,0,59.203125,3789.0,3.718351324828263,6.0,1019,0.0266431592713838,1705.1621933685633,1656.3588996501958,48.80329371836758,0.008590384238751934,0.0003436153695500774,5.3689901492199595e-06,0.1300881030324697,64
BLA-MAPPO,0,12096,188,189,369.0056306411976,5.765712978768713,0.7450693937180424,0.7450693937180424,1369,1020,356,0,57.71875,3694.0,3.6215686274509804,5.0,1020,0.025405339194591915,1625.9417084538825,1578.9907786643596,46.95092978952328,0.008284702223997471,0.00033138808895989886,5.17793888999842e-06,0.12992895524331072,64
BLA-MAPPO,0,12160,189,190,387.02529000345106,6.047270156303923,0.7359009628610729,0.7359009628610729,1454,1070,369,0,63.0,4032.0,3.7682242990654204,5.0,1070,0.030331660255377486,1941.226256344159,1890.9760113952186,50.250244948940086,0.009911546814945492,0.00039646187259781966,6.194716759340932e-06,0.1302668306709453,64
BLA-MAPPO,0,12224,190,191,353.6356707885078,5.5255573560704345,0.7183702644746247,0.7183702644746247,1399,1005,397,0,59.703125,3821.0,3.801990049751244,5.0,1005,0.02802551198340666,1793.6327669380264,1742.4779075204756,51.15485941755047,0.009324954311282333,0.00037299817245129335,5.828096444551459e-06,0.13115912598187607,64
BLA-MAPPO,0,12288,191,192,372.7977074390139,5.824964178734592,0.727719298245614,0.727719298245614,1425,1037,369,0,60.96875,3902.0,3.7627772420443586,5.0,1037,0.02861320528777478,1831.2451384175858,1779.8653575054336,51.37978091215161,0.009539313869711531,0.00038157255478846126,5.962071168569707e-06,0.13202606360045116,64
BLA-MAPPO,0,12352,192,193,366.80504616045835,5.731328846257162,0.7174362508614749,0.7174362508614749,1451,1041,408,0,63.3125,4052.0,3.8924111431316044,5.0,1041,0.029251740815169267,1872.111412170833,1818.8287616155974,53.28265055523577,0.009440462735930915,0.0003776185094372366,5.900289209956822e-06,0.13270570535437057,64
BLA-MAPPO,0,12416,193,194,355.41733417987905,5.55339584656061,0.7127955493741307,0.7127955493741307,1438,1025,427,0,62.421875,3995.0,3.897560975609756,5.0,1025,0.02814183109050389,1801.077189792249,1747.1544681711514,53.922721621097836,0.009668055143606599,0.00038672220574426395,6.042534464754124e-06,0.13295999333867942,64
BLA-MAPPO,0,12480,194,195,376.53130819494925,5.883301690546082,0.7383966244725738,0.7383966244725738,1422,1050,376,0,63.1875,4044.0,3.8514285714285714,5.0,1050,0.029182631957772466,1867.6884452974377,1815.7203849737539,51.968060323684576,0.010535130506784906,0.00042140522027139625,6.584456566740566e-06,0.13296360070345475,64
BLA-MAPPO,0,12544,195,196,375.9872555666235,5.874800868228492,0.7185588035350102,0.7185588035350102,1471,1057,396,0,63.46875,4062.0,3.8429517502365185,6.0,1057,0.02993979666739856,1916.1469867135079,1864.596281022298,51.55070569120962,0.010263415154401568,0.0004105366061760627,6.41463447150098e-06,0.13267195724236935,64
BLA-MAPPO,0,12608,196,197,346.3128850563486,5.411138829005447,0.7218591140159768,0.7218591140159768,1377,994,406,0,59.921875,3835.0,3.858148893360161,5.0,994,0.029033728419118054,1858.1586188235556,1807.7360915805393,50.422527243015956,0.010124628994846868,0.0004049851597938747,6.327893121779292e-06,0.1320575576115477,64
BLA-MAPPO,0,12672,197,198,332.5749575456008,5.196483711650012,0.7010233918128655,0.7010233918128655,1368,959,401,0,58.390625,3737.0,3.8967674661105316,5.0,959,0.026905806719094184,1721.9716300220277,1671.5754863100901,50.39614371193782,0.009712796991446955,0.0003885118796578782,6.070498119654347e-06,0.13178620871238517,64
BLA-MAPPO,0,12736,198,199,359.62631685079236,5.619161200793631,0.7108183079056866,0.7108183079056866,1442,1025,408,0,62.65625,4010.0,3.9121951219512194,5.0,1025,0.02677624095833015,1713.6794213331298,1660.608892591028,53.070528742102944,0.009382393384283007,0.0003752957353713203,5.86399586517688e-06,0.13166582446052108,64
BLA-MAPPO,0,12800,199,200,358.76012263791444,5.605626916217413,0.7066031313818925,0.7066031313818925,1469,1038,434,0,64.6875,4140.0,3.9884393063583814,6.0,1038,0.030316546583121832,1940.2589813197972,1883.8933385403382,56.36564277945933,0.011203864648714989,0.00044815458594859957,7.002415405446868e-06,0.13214719328746258,64
BLA-MAPPO,0,12864,200,201,384.39129465868314,6.006113979041924,0.7347498286497601,0.7347498286497601,1459,1072,378,0,66.609375,4263.0,3.9766791044776117,6.0,1072,0.03130690797598948,2003.6421104633268,1949.6725205255896,53.96958993773661,0.011857983147186417,0.0004743193258874567,7.411239466991511e-06,0.13251562169571693,64
BLA-MAPPO,0,12928,201,202,344.2774183562983,5.379334661817161,0.7070921985815602,0.7070921985815602,1410,997,420,0,61.75,3952.0,3.9638916750250752,5.0,997,0.028264959690332048,1808.957420181251,1755.3222177546127,53.635202426638614,0.010332786786430782,0.00041331147145723125,6.457991741519238e-06,0.13328020907562457,64
BLA-MAPPO,0,12992,202,203,377.65785329064136,5.900903957666271,0.7412095639943741,0.7412095639943741,1422,1054,380,0,63.265625,4049.0,3.8415559772296017,5.0,1054,0.02856197633532783,1827.9664854609812,1775.942335552845,52.02414990813531,0.009878074345055457,0.00039512297380221825,6.17379646565966e-06,0.13398871856619493,64
BLA-MAPPO,0,13056,203,204,352.07636152013214,5.501193148752065,0.7134670487106017,0.7134670487106017,1396,996,382,0,60.71875,3886.0,3.9016064257028114,5.0,996,0.027312914322701724,1748.0265166529102,1695.9730166507065,52.0535000022031,0.009603266442623961,0.0003841306577049584,6.002041526639975e-06,0.13443216121788643,64
BLA-MAPPO,0,13120,204,205,356.11682771964655,5.564325433119477,0.7203690560681334,0.7203690560681334,1409,1015,402,0,61.734375,3951.0,3.892610837438424,5.0,1015,0.02755599821673637,1763.5838858711277,1710.2193355638633,53.3645503072648,0.010008672898069513,0.0004003469159227805,6.255420561293445e-06,0.13535931031048876,64
BLA-MAPPO,0,13184,205,206,351.9866010427186,5.499790641292478,0.7002762430939227,0.7002762430939227,1448,1014,421,0,62.453125,3997.0,3.9418145956607495,6.0,1014,0.027601539393028635,1766.4985211538326,1712.3231180928078,54.1754030610246,0.010215547286830032,0.00040862189147320127,6.38471705426877e-06,0.13625474215255381,64
BLA-MAPPO,0,13248,206,207,370.5029281502642,5.789108252347878,0.7189631650750341,0.7189631650750341,1466,1054,408,0,64.109375,4103.0,3.8927893738140416,5.0,1054,0.031244614420858307,1999.6553229349317,1944.165603088777,55.48971984615456,0.01135048414575824,0.0004540193658303296,7.0940525910989e-06,0.1369053171577615,64
BLA-MAPPO,0,13312,207,208,371.07615173726896,5.7980648708948275,0.7411347517730497,0.7411347517730497,1410,1045,392,0,63.671875,4075.0,3.8995215311004783,5.0,1045,0.028322997034700783,1812.6718102208501,1760.7264906423752,51.945319578474056,0.010080207407217597,0.00040320829628870386,6.300129629510998e-06,0.13717305517815986,64
BLA-MAPPO,0,13376,208,209,361.0881423878479,5.642002224810123,0.70297699594046,0.70297699594046,1478,1039,429,0,63.453125,4061.0,3.9085659287776706,5.0,1039,0.028955721185721022,1853.1661558861454,1797.6810579348169,55.48509795132852,0.010063484071715992,0.0004025393628686397,6.289677544822495e-06,0.13699183946610963,64
BLA-MAPPO,0,13440,209,210,355.8039767944317,5.559437137412996,0.7375366568914956,0.7375366568914956,1364,1006,388,0,62.296875,3987.0,3.963220675944334,5.0,1006,0.025857684596239945,1654.8918141593565,1604.0502890772932,50.84152508206289,0.008852389075232617,0.00035409556300930467,5.5327431720203854e-06,0.13652729781751524,64
BLA-MAPPO,0,13504,210,211,342.85957967665064,5.357180932447666,0.7105069801616458,0.7105069801616458,1361,967,364,0,57.546875,3683.0,3.8086866597724924,5.0,967,0.026002633717052963,1664.1685578913896,1614.05136525144,50.11719263994872,0.009733470074189957,0.00038933880296759826,6.083418796368723e-06,0.13572517678542304,64
BLA-MAPPO,0,13568,211,212,350.1808216640825,5.471575338501289,0.7185929648241206,0.7185929648241206,1393,1001,404,0,60.140625,3849.0,3.845154845154845,5.0,1001,0.026983833356302573,1726.9653348033646,1675.7289361152366,51.236398688128745,0.009250314854552145,0.0003700125941820858,5.781446784095091e-06,0.13541936901339385,64
BLA-MAPPO,0,13632,212,213,404.12643026491276,6.314475472889262,0.7525354969574036,0.7525354969574036,1479,1113,375,0,66.6875,4268.0,3.834681042228212,5.0,1113,0.03139030132082386,2008.9792845327274,1955.5190794542564,53.4602050784708,0.011020081593035223,0.0004408032637214089,6.887550995647014e-06,0.13512105874498562,64
BLA-MAPPO,0,13696,213,214,370.31142677707965,5.7861160433918695,0.7309064953604568,0.7309064953604568,1401,1024,354,0,61.140625,3913.0,3.8212890625,5.0,1024,0.02750741406973263,1760.4745004628883,1710.476158115813,49.99834234707579,0.009752119479123099,0.00039008477916492395,6.095074674451937e-06,0.1353489311850466,64
BLA-MAPPO,0,13760,214,215,353.3120393793473,5.520500615302302,0.7340267459138187,0.7340267459138187,1346,988,359,0,58.484375,3743.0,3.7884615384615383,5.0,988,0.027913062321502025,1786.4359885761296,1737.923042510879,48.51294606525075,0.009750783138752979,0.00039003132555011914,6.0942394617206115e-06,0.13546575935517052,64
BLA-MAPPO,0,13824,215,216,377.77898737578505,5.902796677746641,0.7410526315789474,0.7410526315789474,1425,1056,383,0,63.34375,4054.0,3.8390151515151514,5.0,1056,0.028164595243584466,1802.5340955894058,1749.9604529393007,52.57364265010477,0.009991245366702662,0.0003996498146681065,6.244528354189164e-06,0.13515463773067954,64
BLA-MAPPO,0,13888,216,217,376.7882827888475,5.887316918575742,0.7363253856942497,0.7363253856942497,1426,1050,371,0,64.65625,4138.0,3.940952380952381,5.0,1050,0.03156902469721306,2020.4175806216358,1966.217976686588,54.19960393504794,0.011385441171521368,0.0004554176468608547,7.115900732200855e-06,0.13465910003166115,64
BLA-MAPPO,0,13952,217,218,364.7067996944283,5.698543745225442,0.7248939179632249,0.7248939179632249,1414,1025,381,0,61.859375,3959.0,3.862439024390244,5.0,1025,0.028365277458093374,1815.377757317976,1764.1932549415574,51.18450237641888,0.009792739618657469,0.00039170958474629876,6.120462261660918e-06,0.13458082463238807,64
BLA-MAPPO,0,14016,218,219,370.8390624800891,5.794360351251393,0.7420977011494253,0.7420977011494253,1392,1033,370,0,63.015625,4033.0,3.904162633107454,5.0,1033,0.026790642617843544,1714.601127541987,1661.455240106789,53.145887435199334,0.009305824351279685,0.00037223297405118743,5.8161402195498036e-06,0.13525922877265925,64
BLA-MAPPO,0,14080,219,220,363.71641053604094,5.68306891462564,0.7331902718168812,0.7331902718168812,1398,1025,388,0,61.96875,3966.0,3.8692682926829267,5.0,1025,0.028074910853319385,1796.7942946124406,1743.4223047460769,53.37198986636363,0.009339070465170709,0.00037356281860682835,5.836919040731693e-06,0.13588870909058764,64
BLA-MAPPO,0,14144,220,221,355.70264294496036,5.557853796015006,0.705110497237569,0.705110497237569,1448,1021,414,0,62.046875,3971.0,3.889324191968658,5.0,1021,0.03148406442817969,2014.9801234035003,1960.7708869897613,54.20923641373984,0.01093582432129174,0.0004374329728516696,6.834890200807337e-06,0.13630356091318307,64
BLA-MAPPO,0,14208,221,222,354.9206747040445,5.545635542250695,0.725018234865062,0.725018234865062,1371,994,366,0,60.625,3880.0,3.903420523138833,5.0,994,0.025798935853829395,1651.1318946450813,1599.0849867197392,52.04690792534237,0.00904399981044169,0.0003617599924176676,5.652499881526056e-06,0.13628268632789378,64
BLA-MAPPO,0,14272,222,223,372.790273406169,5.82484802197139,0.734965034965035,0.734965034965035,1430,1051,394,0,64.953125,4157.0,3.955280685061846,5.0,1051,0.02972206094214372,1902.211900297198,1847.1757421812747,55.03615811592351,0.010610220024202038,0.00042440880096808155,6.631387515126274e-06,0.13615712068642638,64
BLA-MAPPO,0,14336,223,224,335.7099758009327,5.245468371889573,0.7,0.7,1390,973,416,0,60.71875,3886.0,3.9938335046248716,6.0,973,0.027288409267446873,1746.4581931166,1693.1746067846052,53.28358633199468,0.009307554883209513,0.0003723021953283805,5.817221802005945e-06,0.13644420310714228,64
BLA-MAPPO,0,14400,224,225,337.72214445712575,5.27690850714259,0.7047272727272728,0.7047272727272728,1375,969,399,0,59.15625,3786.0,3.9071207430340555,5.0,969,0.024940619238220305,1596.1996312460994,1544.1601146462624,52.03951659983658,0.00839111207106703,0.0003356444828426812,5.244445044416894e-06,0.13651571901500398,64
BLA-MAPPO,0,14464,225,226,360.08468117756684,5.626323143399482,0.7202549575070821,0.7202549575070821,1412,1017,389,0,61.71875,3950.0,3.8839724680432646,5.0,1017,0.028641923474381787,1833.0831023604344,1780.2527507773016,52.83035158313314,0.009962767894140407,0.00039851071576561624,6.226729933837754e-06,0.13716694956919212,64
BLA-MAPPO,0,14528,226,227,357.6833459658896,5.588802280717025,0.7187060478199718,0.7187060478199718,1422,1022,409,0,63.046875,4035.0,3.948140900195695,5.0,1022,0.029581552730401833,1893.2193747457172,1838.605451681507,54.613923064210844,0.009984728778088247,0.00039938915112352986,6.240455486305154e-06,0.137765694878615,64
BLA-MAPPO,0,14592,227,228,361.6107869536393,5.650168546150614,0.7313540912382331,0.7313540912382331,1381,1010,366,0,60.390625,3865.0,3.8267326732673266,5.0,1010,0.02748951880372211,1759.329203438215,1708.1017117545755,51.227491683640125,0.009384776858169396,0.00037539107432677584,5.8654855363558725e-06,0.137969077970689,64
BLA-MAPPO,0,14656,228,229,367.68630696464425,5.745098546322566,0.7303609341825902,0.7303609341825902,1413,1032,386,0,62.046875,3971.0,3.8478682170542635,5.0,1032,0.02802096925250544,1793.3420321603483,1740.8986798403287,52.443352320019706,0.009431516029701483,0.00037726064118805933,5.894697518563427e-06,0.13791977432770253,64
BLA-MAPPO,0,14720,229,230,349.72403052469315,5.4644379769483304,0.7286245353159851,0.7286245353159851,1345,980,363,0,56.125,3592.0,3.6653061224489796,5.0,980,0.025721641198427243,1646.1850366993435,1598.9918012226974,47.19323547664618,0.008779246424037945,0.0003511698569615178,5.487029015023715e-06,0.13747520076172826,64
BLA-MAPPO,0,14784,230,231,387.7989217983547,6.059358153099292,0.7583988563259471,0.7583988563259471,1399,1061,345,0,60.96875,3902.0,3.6776625824693685,5.0,1061,0.028946715603368152,1852.5897986155617,1804.8207348121093,47.76906380345217,0.009809578278385595,0.0003923831311354238,6.130986423990997e-06,0.13680266479872372,64
BLA-MAPPO,0,14848,231,232,363.2959731306893,5.67649958016702,0.7440652818991098,0.7440652818991098,1348,1003,342,0,58.109375,3719.0,3.707876370887338,5.0,1003,0.029032604504458617,1858.0866882853516,1809.8266143788155,48.26007390653502,0.009673840677480514,0.0003869536270992206,6.0461504234253216e-06,0.1366564673157942,64
BLA-MAPPO,0,14912,232,233,360.6928520783057,5.635825813723526,0.7344093910491563,0.7344093910491563,1363,1001,356,0,58.71875,3758.0,3.7542457542457544,5.0,1001,0.024865511248159545,1591.392719882211,1543.1258225850972,48.26689729711449,0.008199349964289305,0.0003279739985715722,5.124593727680815e-06,0.13651005933824104,64
BLA-MAPPO,0,14976,233,234,347.3162353294351,5.426816177022423,0.7141823444283647,0.7141823444283647,1382,987,387,0,56.953125,3645.0,3.6930091185410334,5.0,987,0.026945994447092943,1724.5436446139483,1676.816706724501,47.72693788944725,0.009346369838525898,0.00037385479354103596,5.841481149078687e-06,0.13689056783022296,64
BLA-MAPPO,0,15040,234,235,375.3259381882749,5.864467784191795,0.7355601948503827,0.7355601948503827,1437,1057,400,0,62.3125,3988.0,3.7729422894985807,5.0,1057,0.028130117756139248,1800.327536392912,1749.4496032096265,50.87793318328562,0.009444653323525605,0.0003777861329410242,5.902908327203503e-06,0.13706926278653347,64
BLA-MAPPO,0,15104,235,236,365.96761259078426,5.718243946731004,0.7270788912579957,0.7270788912579957,1407,1023,372,0,61.25,3920.0,3.8318670576735094,5.0,1023,0.027949892662985486,1788.7931304310712,1736.4667212792397,52.326409151831314,0.009530961451231274,0.000381238458049251,5.9568509070195465e-06,0.1373990900290872,64
BLA-MAPPO,0,15168,236,237,352.5497322062027,5.508589565721917,0.725018234865062,0.725018234865062,1371,994,375,0,59.71875,3822.0,3.8450704225352115,5.0,994,0.027180691471299756,1739.5642541631844,1688.510352591737,51.053901571447774,0.009716289351361644,0.00038865157405446575,6.072680844601027e-06,0.13799028789296613,64
BLA-MAPPO,0,15232,237,238,369.7258432409851,5.776966300640392,0.7140902872777017,0.7140902872777017,1462,1044,402,0,61.875,3960.0,3.793103448275862,5.0,1044,0.026583576862593678,1701.3489192059953,1648.5195102234993,52.82940898249603,0.00879513791769369,0.0003518055167077476,5.4969611985585565e-06,0.13828348489855585,64
BLA-MAPPO,0,15296,238,239,394.0505303723105,6.157039537067352,0.7745664739884393,0.7745664739884393,1384,1072,340,0,61.96875,3966.0,3.699626865671642,5.0,1072,0.029241852321798836,1871.4785485951256,1823.5774768818405,47.90107171328452,0.009601329324062425,0.000384053172962497,6.000830827539016e-06,0.13819730883512343,64
BLA-MAPPO,0,15360,239,240,379.8171753296921,5.934643364526439,0.7397743300423131,0.7397743300423131,1418,1049,359,0,60.453125,3869.0,3.688274547187798,5.0,1049,0.030117638669513905,1927.52887484889,1878.4776484651413,49.05122638374761,0.01019278296299896,0.00040771131851995835,6.370489351874349e-06,0.13782576469963326,64
BLA-MAPPO,0,15424,240,241,403.50810520779044,6.304814143871726,0.7542896362388469,0.7542896362388469,1457,1099,347,0,64.953125,4157.0,3.7825295723384897,5.0,1099,0.03230188048555136,2067.320351075287,2016.0473115223192,51.273039552968044,0.011092778460626685,0.0004437111384250674,6.9329865378916785e-06,0.13719405020272138,64
BLA-MAPPO,0,15488,241,242,380.15380788409107,5.939903248188923,0.7419127988748242,0.7419127988748242,1422,1055,374,0,60.375,3864.0,3.662559241706161,5.0,1055,0.027869210746304524,1783.6294877634896,1735.214330688358,48.41515707513269,0.00976571102422951,0.00039062844096918046,6.103569390143445e-06,0.1361755397282271,64
BLA-MAPPO,0,15552,242,243,364.0531010665149,5.688329704164295,0.7373371924746743,0.7373371924746743,1382,1019,373,0,58.890625,3769.0,3.6987242394504416,5.0,1019,0.028073211954136163,1796.6855650647144,1748.582214695409,48.10335036930496,0.009417731401757837,0.00037670925607031353,5.886082126098649e-06,0.13523349893907344,64
BLA-MAPPO,0,15616,243,244,373.8933474295119,5.842083553586123,0.7237113402061855,0.7237113402061855,1455,1053,396,0,60.953125,3901.0,3.704653371320038,5.0,1053,0.03077711314038479,1969.7352409846264,1918.9324107827313,50.802830201894714,0.010046712207202282,0.0004018684882880913,6.279195129501427e-06,0.13553791161146814,64
BLA-MAPPO,0,15680,244,245,375.2331275462875,5.863017617910742,0.7355021216407355,0.7355021216407355,1414,1040,366,0,56.25,3600.0,3.4615384615384617,5.0,1040,0.02817681440270543,1803.3161217731474,1756.800351979679,46.51576979346923,0.009169831628925757,0.00036679326515703025,5.731144768078598e-06,0.13564756562870345,64
BLA-MAPPO,0,15744,245,246,385.5442934687499,6.024129585449217,0.7647058823529411,0.7647058823529411,1377,1053,341,0,56.453125,3613.0,3.4311490978157644,5.0,1053,0.02868303565353363,1835.7142818261523,1790.4809284549924,45.23335337115969,0.009612824971171236,0.00038451299884684946,6.008015606982023e-06,0.13541239955311798,64
BLA-MAPPO,0,15808,246,247,379.4020404772619,5.928156882457217,0.7538349159970782,0.7538349159970782,1369,1032,329,0,56.796875,3635.0,3.522286821705426,5.0,1032,0.027344028182517008,1750.0178036810885,1704.9864035597154,45.03140012137229,0.00867731749450837,0.0003470926997803348,5.423323434067732e-06,0.13536104836135568,64
BLA-MAPPO,0,15872,247,248,417.27606393526156,6.519938498988462,0.7876420454545454,0.7876420454545454,1408,1109,301,0,61.5625,3940.0,3.552750225428314,5.0,1109,0.03291201573748752,2106.369007199201,2060.340083331115,46.02892386808506,0.010787850285290751,0.00043151401141163,6.742406428306719e-06,0.13561141596129167,64
BLA-MAPPO,0,15936,248,249,392.95049688398433,6.139851513812255,0.758694109297374,0.758694109297374,1409,1069,337,0,59.9375,3836.0,3.588400374181478,5.0,1069,0.030269274352734167,1937.2335585749868,1890.612212320512,46.62134625447373,0.010055653173399489,0.00040222612693597957,6.284783233374681e-06,0.13568182752698457,64
BLA-MAPPO,0,16000,249,250,409.9634137228014,6.405678339418772,0.753004005340454,0.753004005340454,1498,1128,379,0,64.703125,4141.0,3.6710992907801416,5.0,1128,0.032951289380497156,2108.882520351818,2057.2662885319,51.61623181991747,0.010632147669877459,0.00042528590679509834,6.6450922936734115e-06,0.13596628393096508,64
BLA-MAPPO,0,16064,250,251,391.4745566293438,6.116789947333497,0.7556497175141242,0.7556497175141242,1416,1070,347,0,61.78125,3954.0,3.695327102803738,5.0,1070,0.029452522553452095,1884.961443420934,1835.016539869276,49.94490355165797,0.009720504630592788,0.0003888201852237115,6.075315394120492e-06,0.13652036467156636,64
BLA-MAPPO,0,16128,251,252,395.54564580544604,6.180400715710094,0.7513812154696132,0.7513812154696132,1448,1088,361,0,62.84375,4022.0,3.6966911764705883,6.0,1088,0.03153735602642581,2018.390785691252,1967.7801958147784,50.61058987647291,0.010894067868990744,0.00043576271475962976,6.808792418119215e-06,0.13664294389348514,64
BLA-MAPPO,0,16192,252,253,377.8254255101349,5.903522273595858,0.7308228730822873,0.7308228730822873,1434,1048,368,0,60.140625,3849.0,3.6727099236641223,5.0,1048,0.02843621001231583,1819.917440788213,1768.3489630799438,51.56847770826882,0.009433424088645767,0.00037733696354583067,5.895890055403604e-06,0.13697175538474782,64
BLA-MAPPO,0,16256,253,254,373.38731023400925,5.8341767224063945,0.7297486033519553,0.7297486033519553,1432,1045,384,0,61.03125,3906.0,3.737799043062201,5.0,1045,0.030505182222286667,1952.3316622263467,1902.110320483017,50.22134174332968,0.009866460569670665,0.0003946584227868266,6.166537856044165e-06,0.13757095544525788,64
BLA-MAPPO,0,16320,254,255,349.4060833157854,5.459470051809147,0.7073342736248237,0.7073342736248237,1418,1003,414,0,59.734375,3823.0,3.8115653040877366,5.0,1003,0.026848334522909426,1718.2934094662032,1666.0014935017666,52.29191596443654,0.009104159826120601,0.00036416639304482403,5.6900998913253755e-06,0.13782350433665347,64
BLA-MAPPO,0,16384,255,256,354.9840381942671,5.546625596785423,0.729121278140886,0.729121278140886,1377,1004,386,0,60.109375,3847.0,3.8316733067729083,5.0,1004,0.02825626546333464,1808.400989653417,1755.533013180517,52.86797647289936,0.009585151956355445,0.0003834060782542178,5.990719972722153e-06,0.13775609800673103,64
BLA-MAPPO,0,16448,256,257,358.4612410908087,5.600956892043886,0.7217081850533807,0.7217081850533807,1405,1014,388,0,63.171875,4043.0,3.9871794871794872,5.0,1014,0.02937910444251764,1880.262684321129,1825.418535061375,54.84414925975343,0.009903288032430936,0.00039613152129723745,6.189555020269335e-06,0.13739142762499593,64
BLA-MAPPO,0,16512,257,258,345.2856529012623,5.395088326582224,0.697350069735007,0.697350069735007,1434,1000,424,0,62.296875,3987.0,3.987,5.0,1000,0.029090873658436493,1861.8159141399356,1805.2105460315,56.605368108435805,0.010303714171038878,0.0004121485668415551,6.439821356899299e-06,0.13710434075451058,64
BLA-MAPPO,0,16576,258,259,362.95647037085126,5.671194849544551,0.745775165319618,0.745775165319618,1361,1015,370,0,63.265625,4049.0,3.9891625615763546,5.0,1015,0.02961069753238517,1895.084642072651,1841.3003965961682,53.78424547648298,0.009946095971650911,0.0003978438388660364,6.216309982281819e-06,0.137225404457811,64
BLA-MAPPO,0,16640,259,260,369.5339891687025,5.773968580760976,0.696969696969697,0.696969696969697,1518,1058,431,0,65.421875,4187.0,3.9574669187145557,5.0,1058,0.02915087657243229,1865.6561006356667,1807.9612138143932,57.69488682127341,0.009936573170055349,0.0003974629268022139,6.2103582312845926e-06,0.1369208531559071,64
BLA-MAPPO,0,16704,260,261,339.2614169844984,5.300959640382787,0.7100506146059291,0.7100506146059291,1383,982,421,0,59.171875,3787.0,3.8564154786150713,5.0,982,0.027382203141799205,1752.4610010751492,1700.7150956478163,51.74590542733273,0.008750252486781658,0.00035001009947126634,5.4689078042385365e-06,0.13647674855136502,64
BLA-MAPPO,0,16768,261,262,355.3453289301422,5.552270764533472,0.7137834036568214,0.7137834036568214,1422,1015,412,0,60.59375,3878.0,3.820689655172414,5.0,1015,0.0279762911807422,1790.4826355675007,1738.265257423294,52.2173781442061,0.009212013965119786,0.00036848055860479146,5.7575087281998666e-06,0.13650220951566372,64
BLA-MAPPO,0,16832,262,263,345.3055478514076,5.395399185178244,0.6986013986013986,0.6986013986013986,1430,999,423,0,59.3125,3796.0,3.7997997997998,5.0,999,0.030062553142192788,1924.0034011003384,1870.4075572095235,53.595843890814436,0.009622977041694509,0.00038491908166778035,6.014360651059068e-06,0.13630487460994195,64
BLA-MAPPO,0,16896,263,264,367.6262822421445,5.744160660033508,0.7347232207045291,0.7347232207045291,1391,1022,361,0,61.046875,3907.0,3.8228962818003915,5.0,1022,0.030268380434923508,1937.1763478351045,1885.5791653505928,51.59718248451127,0.009779992697202538,0.00039119970788810155,6.112495435751587e-06,0.13651541115861643,64
BLA-MAPPO,0,16960,264,265,368.7774701166477,5.76214797057262,0.7405523255813954,0.7405523255813954,1376,1019,351,0,59.9375,3836.0,3.7644749754661433,5.0,1019,0.028703669630018087,1837.0348563211576,1786.2952995853082,50.739556735848964,0.00928646964237507,0.0003714587856950028,5.8040435264844185e-06,0.13681597728440723,64
BLA-MAPPO,0,17024,265,266,362.963460125564,5.671304064461937,0.7490774907749077,0.7490774907749077,1355,1015,370,0,60.703125,3885.0,3.8275862068965516,6.0,1015,0.029536016685578426,1890.3050678770192,1839.5886509901632,50.71641688685667,0.009715408830370705,0.00038861635321482815,6.07213051898169e-06,0.1367263292112059,64
BLA-MAPPO,0,17088,266,267,351.26303482782083,5.4884849191847005,0.7117310443490701,0.7117310443490701,1398,995,393,0,59.25,3792.0,3.8110552763819094,6.0,995,0.028358724073391014,1814.9583406970248,1763.6043679338613,51.35397276316313,0.009148535184082105,0.0003659414073632842,5.717834490051316e-06,0.1369209345962374,64
BLA-MAPPO,0,17152,267,268,352.3520095342652,5.505500148972894,0.7099505998588568,0.7099505998588568,1417,1006,402,0,60.21875,3854.0,3.831013916500994,5.0,1006,0.031220523448983604,1998.1135007349505,1944.7404053682972,53.37309536665411,0.010029265911936189,0.0004011706364774475,6.2682911949601176e-06,0.13734944125622983,64
BLA-MAPPO,0,17216,268,269,363.688687156696,5.682635736823375,0.7160927617709065,0.7160927617709065,1423,1019,377,0,62.15625,3978.0,3.903827281648675,5.0,1019,0.029810316022035502,1907.860225410272,1854.0796946335686,53.780530776704225,0.009349927427947961,0.0003739970971179184,5.843704642467475e-06,0.13742234873946696,64
BLA-MAPPO,0,17280,269,270,368.93498095810884,5.764609077470451,0.7342215988779803,0.7342215988779803,1426,1047,407,0,62.5625,4004.0,3.824259789875836,5.0,1047,0.03222998210814781,2062.7188549214598,2009.6300945251087,53.088760396351994,0.01038880836381038,0.0004155523345524152,6.4930052273814875e-06,0.13773681193439272,64
BLA-MAPPO,0,17344,270,271,368.5631450809578,5.758799141889965,0.730225988700565,0.730225988700565,1416,1034,386,0,61.265625,3921.0,3.7920696324951644,6.0,1034,0.030770215067727535,1969.2937643345622,1918.2826665273444,51.01109780721719,0.00910020186590982,0.0003640080746363928,5.6876261661936375e-06,0.13832631067983758,64
BLA-MAPPO,0,17408,271,272,379.0181825371418,5.922159102142841,0.7454031117397454,0.7454031117397454,1414,1054,375,0,62.21875,3982.0,3.777988614800759,5.0,1054,0.03313896345440813,2120.89366108212,2070.926285408407,49.96737567371304,0.01000074149423079,0.0004000296597692316,6.2504634338942435e-06,0.1385769599988574,64
BLA-MAPPO,0,17472,272,273,358.0074748644199,5.593866794756561,0.7105997210599722,0.7105997210599722,1434,1019,405,0,60.609375,3879.0,3.8066732090284594,5.0,1019,0.03246855476824393,2077.9875051676117,2025.3152013509653,52.67230381664578,0.009342202065301826,0.000373688082612073,5.838876290813641e-06,0.13844359171738221,64
BLA-MAPPO,0,17536,273,274,369.7301501137042,5.777033595526628,0.7336683417085427,0.7336683417085427,1393,1022,357,0,60.421875,3867.0,3.783757338551859,5.0,1022,0.028212940170304766,1805.628170899505,1754.4284349315842,51.19973596792036,0.008611044220531393,0.00034444176882125575,5.381902637832121e-06,0.13793917380387472,64
BLA-MAPPO,0,17600,274,275,386.61753015304555,6.040898908641337,0.7535612535612536,0.7535612535612536,1404,1058,347,0,63.421875,4059.0,3.83648393194707,6.0,1058,0.03171733992774625,2029.90975537576,1979.001959462502,50.907795913257296,0.009919890308801672,0.0003967956123520669,6.199931443001046e-06,0.13799674773860576,64
BLA-MAPPO,0,17664,275,276,386.0701457639212,6.032346027561268,0.7313432835820896,0.7313432835820896,1474,1078,393,0,62.75,4016.0,3.725417439703154,5.0,1078,0.029645409158502726,1897.3061861441745,1844.8316237052322,52.4745624389423,0.009485615571522157,0.0003794246228608863,5.9285097322013484e-06,0.13889441120512902,64
BLA-MAPPO,0,17728,276,277,359.21437574837773,5.612724621068402,0.7224982256919801,0.7224982256919801,1409,1018,395,0,60.296875,3859.0,3.7907662082514735,5.0,1018,0.028819889179581577,1844.4729074932209,1791.9173391189697,52.555568374250406,0.009543440453343743,0.0003817376181337497,5.964650283339839e-06,0.1397706716284113,64
BLA-MAPPO,0,17792,277,278,354.90806378145226,5.5454384965851915,0.711484593837535,0.711484593837535,1428,1016,414,0,60.40625,3866.0,3.8051181102362204,5.0,1016,0.02926985654875466,1873.2708191202983,1820.2660256331033,53.004793487194654,0.009355650128145439,0.00037422600512581754,5.847281330090899e-06,0.14028155782167517,64
BLA-MAPPO,0,17856,278,279,367.6722008397293,5.744878138120771,0.735,0.735,1400,1029,377,0,61.109375,3911.0,3.8007774538386783,5.0,1029,0.03136209716411708,2007.174218503493,1955.538706826603,51.63551167689044,0.010425517542591071,0.0004170207017036428,6.515948464119419e-06,0.1404723164684639,64
BLA-MAPPO,0,17920,279,280,384.41067672016715,6.006416823752612,0.7404314544189283,0.7404314544189283,1437,1064,370,0,64.984375,4159.0,3.9088345864661656,6.0,1064,0.032502470794198816,2080.158130828724,2024.37580496136,55.78232586736384,0.010593908980209928,0.00042375635920839714,6.621193112631205e-06,0.1404322444121237,64
BLA-MAPPO,0,17984,280,281,377.15770917190076,5.893089205810949,0.7105960264900663,0.7105960264900663,1510,1073,426,0,65.09375,4166.0,3.882572227399814,5.0,1073,0.030287766318364294,1938.4170443753148,1881.5427819374124,56.87426243790231,0.009761415412322096,0.00039045661649288383,6.10088463270131e-06,0.14000443025716536,64
BLA-MAPPO,0,18048,281,282,375.74951312097977,5.871086142515309,0.7232876712328767,0.7232876712328767,1460,1056,392,0,63.0625,4036.0,3.821969696969697,5.0,1056,0.03150680079885883,2016.435251126965,1962.8380496699385,53.597201457026614,0.010591064044455511,0.00042364256177822047,6.619415027784695e-06,0.1394391509863488,64
BLA-MAPPO,0,18112,282,283,401.74089767077544,6.277201526105866,0.7532203389830509,0.7532203389830509,1475,1111,385,0,67.25,4304.0,3.873987398739874,5.0,1111,0.03140002504169188,2009.6016026682803,1954.8733620187966,54.7282406494835,0.01039568764228514,0.0004158275056914056,6.497304776428212e-06,0.13981817810638464,64
BLA-MAPPO,0,18176,283,284,363.12617301689966,5.673846453389057,0.7455223880597015,0.7455223880597015,1340,999,338,0,59.75,3824.0,3.8278278278278277,5.0,999,0.026742065516352973,1711.4921930465903,1661.4729205802644,50.01927246632664,0.008609699307042883,0.0003443879722817153,5.3810620669018015e-06,0.1405186369779595,64
BLA-MAPPO,0,18240,284,285,359.9053246568587,5.623520697763417,0.7388441843452817,0.7388441843452817,1367,1010,377,0,60.296875,3859.0,3.8207920792079206,6.0,1010,0.02608339255694632,1669.3371236445644,1620.8256415527626,48.51148209180202,0.008884659741129154,0.00035538638964516614,5.552912338205721e-06,0.14094301825437566,64
BLA-MAPPO,0,18304,285,286,379.1628667157102,5.924419792432972,0.7213225371120108,0.7213225371120108,1482,1069,407,0,65.421875,4187.0,3.9167446211412535,5.0,1069,0.03262145457657432,2087.773092900756,2032.6520878977788,55.121005002976524,0.011153475578731004,0.00044613902314924014,6.970922236706877e-06,0.14112137780178544,64
BLA-MAPPO,0,18368,286,287,358.2382527546787,5.597472699291854,0.7291817523533671,0.7291817523533671,1381,1007,378,0,60.46875,3870.0,3.843098311817279,6.0,1007,0.027577413100810466,1764.95443845187,1713.7459043506174,51.20853410125176,0.009381686378672172,0.00037526745514688685,5.863553986670107e-06,0.14192033419339445,64
BLA-MAPPO,0,18432,287,288,333.33594985198835,5.208374216437318,0.6986100950987564,0.6986100950987564,1367,955,386,0,57.796875,3699.0,3.8732984293193717,5.0,955,0.027589052953207734,1765.699389005295,1715.2771921378885,50.422196867406974,0.009448161280514619,0.0003779264512205847,5.905100800321636e-06,0.14244923903484918,64
BLA-MAPPO,0,18496,288,289,394.08809946396167,6.157626554124401,0.7646643109540636,0.7646643109540636,1415,1082,357,0,63.765625,4081.0,3.7717190388170057,5.0,1082,0.030047998618560147,1923.0719115878494,1871.4374385819947,51.634473005854595,0.010654528217073123,0.0004261811286829249,6.659080135670702e-06,0.14292837060948083,64
BLA-MAPPO,0,18560,289,290,372.7271702975898,5.8238620358998405,0.7192016517549896,0.7192016517549896,1453,1045,380,0,63.21875,4046.0,3.8717703349282298,5.0,1045,0.03222898467164392,2062.655018985211,2008.4414752952218,54.21354368998881,0.011366698337691864,0.00045466793350767455,7.104186461057415e-06,0.14404423327493476,64
BLA-MAPPO,0,18624,290,291,368.24198691012333,5.753781045470677,0.7366926898509581,0.7366926898509581,1409,1038,391,0,60.375,3864.0,3.722543352601156,6.0,1038,0.02762582047990765,1768.0525107140897,1719.529379389801,48.52313132428835,0.009891367542379233,0.00039565470169516937,6.182104713987021e-06,0.14492290684658782,64
BLA-MAPPO,0,18688,291,292,382.4829953125334,5.976296801758334,0.7311901504787962,0.7311901504787962,1462,1069,381,0,62.546875,4003.0,3.744621141253508,6.0,1069,0.03247775089822478,2078.5760574863857,2028.0903898237807,50.485667662604946,0.012265482358962465,0.0004906192943584986,7.66592647435154e-06,0.14545451346625107,64
BLA-MAPPO,0,18752,292,293,359.3508112744689,5.614856426163577,0.7159971811134602,0.7159971811134602,1419,1016,386,0,59.828125,3829.0,3.768700787401575,5.0,1016,0.02990742624469634,1914.0752796605657,1863.1682274799664,50.90705218059877,0.010879216754642838,0.00043516867018571356,6.799510471651774e-06,0.14568957758416207,64
BLA-MAPPO,0,18816,293,294,387.5234509337301,6.055053920839533,0.7566807313642757,0.7566807313642757,1422,1076,369,0,64.25,4112.0,3.8215613382899627,6.0,1076,0.03416338617012667,2186.4567148881065,2134.72358666696,51.73312822114765,0.012193390908361714,0.00048773563633446856,7.620869317726071e-06,0.14554654284142118,64
BLA-MAPPO,0,18880,294,295,365.8155271761592,5.715867612127488,0.7393808495320374,0.7393808495320374,1389,1027,380,0,59.6875,3820.0,3.7195715676728334,5.0,1027,0.030474773400786446,1950.3854976503326,1902.1653252260767,48.22017242425581,0.010807139793188633,0.0004322855917275453,6.754462370742895e-06,0.14516351645487907,64
BLA-MAPPO,0,18944,295,296,366.8100510903575,5.731407048286836,0.7317596566523605,0.7317596566523605,1398,1023,363,0,58.890625,3769.0,3.684261974584555,5.0,1023,0.02991777412885198,1914.7375442465266,1866.5035061737744,48.23403807275248,0.011280819480193287,0.00045123277920773147,7.050512175120804e-06,0.14515619681170874,64
BLA-MAPPO,0,19008,296,297,377.3296374432565,5.895775585050883,0.7525325615050651,0.7525325615050651,1382,1040,337,0,59.96875,3838.0,3.6903846153846156,5.0,1040,0.03319888000357397,2124.728320228734,2076.772436291093,47.95588393764116,0.012917156492580788,0.0005166862597032315,8.073222807862992e-06,0.14542440869752685,64
BLA-MAPPO,0,19072,297,298,374.5229990050311,5.851921859453611,0.749098774333093,0.749098774333093,1387,1039,356,0,60.3125,3860.0,3.7151106833493746,5.0,1039,0.03134464690239432,2006.0574017532367,1958.3920937200846,47.665308033152044,0.012078176649901897,0.00048312706599607587,7.5488604061886855e-06,0.14624322926145084,64
BLA-MAPPO,0,19136,298,299,347.30289895648315,5.426607796195049,0.712338593974175,0.712338593974175,1394,993,390,0,59.15625,3786.0,3.812688821752266,5.0,993,0.02928223646793186,1874.063133947639,1824.0471878608378,50.015946086800945,0.011428393434773866,0.0004571357373909547,7.142745896733667e-06,0.1466221736857207,64
BLA-MAPPO,0,19200,299,300,372.9756092929017,5.827743895201589,0.7453505007153076,0.7453505007153076,1398,1042,367,0,64.515625,4129.0,3.9625719769673706,6.0,1042,0.03188754712253241,2040.8030158420743,1988.0057774672166,52.797238374858075,0.012023223743587467,0.0004809289497434987,7.514514839742167e-06,0.14673174701428565,64
BLA-MAPPO,0,19264,300,301,349.9226984625915,5.467542163477992,0.7119370979270908,0.7119370979270908,1399,996,393,0,61.359375,3927.0,3.9427710843373496,6.0,996,0.02874207527436186,1839.492817559159,1788.8073138030634,50.68550375609447,0.010671742137511984,0.0004268696855004794,6.66983883594499e-06,0.14646340427683446,64
BLA-MAPPO,0,19328,301,302,359.70915341599357,5.6204555221248995,0.7223776223776224,0.7223776223776224,1430,1033,411,0,62.859375,4023.0,3.8944820909970956,6.0,1033,0.032831421696377705,2101.210988568173,2048.1553893624314,53.05559920574178,0.013069632829807238,0.0005227853131922895,8.168520518629523e-06,0.14619055159626687,64
BLA-MAPPO,0,19392,302,303,334.2188705339726,5.222169852093322,0.6950959488272921,0.6950959488272921,1407,978,423,0,62.484375,3999.0,4.088957055214724,6.0,978,0.031260542871368834,2000.6747437676052,1949.371575508997,51.30316825860819,0.01256858516210246,0.0005027434064840984,7.855365726314037e-06,0.14735939734451903,64
BLA-MAPPO,0,19456,303,304,347.84109926449,5.435017176007657,0.7119487908961594,0.7119487908961594,1406,1001,405,0,59.5,3808.0,3.804195804195804,5.0,1001,0.028567251021222567,1828.3040653582443,1777.9110657408942,50.392999617350725,0.01177742290782076,0.0004710969163128304,7.360889317387975e-06,0.14843107109695253,64
BLA-MAPPO,0,19520,304,305,379.92187723016923,5.936279331721394,0.7426573426573426,0.7426573426573426,1430,1062,371,0,63.421875,4059.0,3.8220338983050848,5.0,1062,0.031289769078880314,2002.54522104834,1951.0969844881838,51.44823656015616,0.013062681144613926,0.0005225072457845571,8.164175715383704e-06,0.14904727328340306,64
BLA-MAPPO,0,19584,305,306,335.72681098108444,5.245731421579444,0.7165295437546746,0.7165295437546746,1337,958,376,0,57.875,3704.0,3.8663883089770357,5.0,958,0.026225809535767204,1678.451810289101,1628.594863485131,49.8569468039702,0.010436516437166166,0.00041746065748664665,6.522822773228854e-06,0.14931220899739164,64
BLA-MAPPO,0,19648,306,307,328.1074090077783,5.126678265746536,0.7054896142433235,0.7054896142433235,1348,951,391,0,57.359375,3671.0,3.8601472134595163,5.0,951,0.02883459805322753,1845.414275406562,1795.909726017301,49.50454938926164,0.012163630008588408,0.0004865452003435363,7.602268755367755e-06,0.14969686362945345,64
BLA-MAPPO,0,19712,307,308,368.12644155523196,5.751975649300499,0.7410586552217453,0.7410586552217453,1398,1036,377,0,62.328125,3989.0,3.8503861003861,5.0,1036,0.03003440274425556,1922.201775632356,1871.165798517465,51.03597711489158,0.012007401539339617,0.0004802960615735847,7.5046259620872605e-06,0.15040200947420476,64
BLA-MAPPO,0,19776,308,309,360.07378448167015,5.626152882526096,0.7260371959942775,0.7260371959942775,1398,1015,371,0,60.28125,3858.0,3.800985221674877,5.0,1015,0.028009920045254193,1792.6348828962684,1743.2716184011056,49.36326449516358,0.012092776167818616,0.0004837110467127446,7.557985104886635e-06,0.15115441961924125,64
BLA-MAPPO,0,19840,309,310,388.1026610951573,6.064104079611833,0.7446514837819186,0.7446514837819186,1449,1079,365,0,64.75,4144.0,3.840593141797961,6.0,1079,0.032380644894655565,2072.3612732579563,2020.896159604394,51.46511365356232,0.013684846167528452,0.0005473938467011381,8.553028854705283e-06,0.1524177710009384,64
BLA-MAPPO,0,19904,310,311,345.5249696268356,5.398827650419307,0.724087591240876,0.724087591240876,1370,992,390,0,60.859375,3895.0,3.9264112903225805,6.0,992,0.03153271038937804,2018.0934649201945,1969.4051615543447,48.68830336584896,0.013852889318552698,0.000554115572742108,8.658055824095437e-06,0.15343610103718466,64
BLA-MAPPO,0,19968,311,312,326.52662714574717,5.1019785491522995,0.6805949008498584,0.6805949008498584,1412,961,421,0,58.5,3744.0,3.8959417273673256,6.0,961,0.027483413709541202,1758.938477410637,1708.2427747284023,50.69570268223426,0.011830975281741398,0.0004732390112696559,7.394359551088374e-06,0.15399680835631802,64
BLA-MAPPO,0,20032,312,313,354.0512490979023,5.532050767154724,0.742836149889787,0.742836149889787,1361,1011,391,0,62.53125,4002.0,3.9584569732937687,6.0,1011,0.031149528472904323,1993.5698222658766,1942.9549627110357,50.614859554840834,0.013397931692932488,0.0005359172677172995,8.373707308082805e-06,0.15421820248173918,64
BLA-MAPPO,0,20096,313,314,326.4199666651308,5.100311979142669,0.6824034334763949,0.6824034334763949,1398,954,409,0,58.390625,3737.0,3.9171907756813416,6.0,954,0.028308144988277235,1811.721279249743,1762.058760263375,49.66251898636806,0.01144440287785323,0.0004577761151141292,7.1527517986582685e-06,0.15405589837328618,64
BLA-MAPPO,0,20160,314,315,356.3450648876691,5.567891638869829,0.7219477769936485,0.7219477769936485,1417,1023,403,0,61.453125,3933.0,3.844574780058651,5.899999999999977,1023,0.031227423820552627,1998.555124515368,1949.6121879439374,48.94293657143073,0.013688224532506149,0.000547528981300246,8.555140332816343e-06,0.1536586485332529,64
BLA-MAPPO,0,20224,315,316,340.28790567360625,5.316998526150098,0.7033356990773598,0.7033356990773598,1409,991,408,0,62.453125,3997.0,4.0332996972754795,6.0,991,0.03244812626322938,2076.68008084668,2023.0347732167181,53.64530762996178,0.014682836983213736,0.0005873134793285494,9.176773114508584e-06,0.1528921725298171,64
BLA-MAPPO,0,20288,316,317,362.5985050951957,5.665601642112433,0.7378223495702005,0.7378223495702005,1396,1030,390,0,63.5,4064.0,3.9456310679611653,6.0,1030,0.030777358520758743,1969.7509453285595,1918.4604867211726,51.29045860738721,0.013407279698795493,0.0005362911879518197,8.379549811747183e-06,0.15191573641932998,64
BLA-MAPPO,0,20352,317,318,353.5927855558389,5.524887274309982,0.722664735698769,0.722664735698769,1381,998,365,0,60.265625,3857.0,3.864729458917836,6.0,998,0.03158272578658042,2021.2944503411468,1972.0195121434506,49.27493819769666,0.013402147949566038,0.0005360859179826416,8.376342468478774e-06,0.15173827680379667,64
BLA-MAPPO,0,20416,318,319,378.17180668653873,5.908934479477168,0.7395251396648045,0.7395251396648045,1432,1059,371,0,62.125,3976.0,3.7544853635505193,6.0,1059,0.03146712999983768,2013.8963199896116,1962.7821119031235,51.114208086488006,0.01393164523043925,0.00055726580921757,8.707278269024532e-06,0.15222443575154765,64
BLA-MAPPO,0,20480,319,320,386.81532846403724,6.043989507250582,0.7585227272727273,0.7585227272727273,1408,1068,352,0,60.90625,3898.0,3.649812734082397,5.0,1068,0.03198909684693452,2047.3021982038092,1997.7126806697818,49.58951753402791,0.012627044230773042,0.0005050817692309217,7.891902644233151e-06,0.15241579198180472,64
BLA-MAPPO,0,20544,320,321,381.1456325058165,5.9554005079033825,0.739221140472879,0.739221140472879,1438,1063,375,0,60.0,3840.0,3.61241768579492,5.0,1063,0.030416468625347647,1946.6539920222494,1896.6893314665458,49.96466055570353,0.01224141292840813,0.0004896565171363252,7.650883080255081e-06,0.15301873875023433,64
BLA-MAPPO,0,20608,321,322,367.5153378532767,5.742427153957449,0.7409288824383164,0.7409288824383164,1378,1021,353,0,57.828125,3701.0,3.624877571008815,5.0,1021,0.028680978811265283,1835.5826439209782,1789.1297217320966,46.45292218888168,0.010917666308854036,0.0004367066523541614,6.823541443033772e-06,0.15352427077243908,64
BLA-MAPPO,0,20672,322,323,369.31060371356443,5.770478183024444,0.740343347639485,0.740343347639485,1398,1035,379,0,57.3125,3668.0,3.543961352657005,5.0,1035,0.029431475447232167,1883.6144286228587,1837.7269443247662,45.88748429809271,0.011860420548623034,0.0004744168219449214,7.4127628428893965e-06,0.15361954281892903,64
BLA-MAPPO,0,20736,323,324,350.1432372898439,5.470988082653811,0.7317806160781367,0.7317806160781367,1331,974,339,0,54.21875,3470.0,3.5626283367556466,5.0,974,0.026312912868054494,1684.0264235554876,1638.6033950767635,45.42302847872453,0.010711229139297729,0.0004284491655719092,6.694518212061081e-06,0.15335912934745222,64
BLA-MAPPO,0,20800,324,325,370.12471912538354,5.783198736334118,0.7430007178750897,0.7430007178750897,1393,1035,366,0,60.328125,3861.0,3.7304347826086954,5.0,1035,0.03103227174088906,1986.0653914168997,1938.0008873797012,48.064504037199896,0.0127269642958521,0.000509078571834084,7.954352684907563e-06,0.1527676733357924,64
BLA-MAPPO,0,20864,325,326,379.54272529764995,5.9303550827757805,0.7371349095966621,0.7371349095966621,1438,1060,372,0,60.890625,3897.0,3.6764150943396228,5.0,1060,0.03134793622108889,2006.267918149689,1956.4389910207012,49.82892712898757,0.012775269824385545,0.0005110107929754218,7.984543640240965e-06,0.1519884126511585,64
BLA-MAPPO,0,20928,326,327,388.1558160581696,6.0649346259089,0.7423103212576897,0.7423103212576897,1463,1086,386,0,61.65625,3946.0,3.6335174953959486,5.0,1086,0.033878078145919165,2168.1970013388263,2118.2624354054233,49.934565933403285,0.012912033056439743,0.0005164813222575897,8.070020660274839e-06,0.1510175592600328,64
BLA-MAPPO,0,20992,327,328,384.745296018164,6.011645250283813,0.7530509691313712,0.7530509691313712,1393,1049,328,0,59.53125,3810.0,3.6320305052430886,5.0,1049,0.0294235483307863,1883.1070931703232,1838.2559729073857,44.85112026293753,0.011479625140264722,0.00045918500561058885,7.174765712665451e-06,0.15027080175367996,64
BLA-MAPPO,0,21056,328,329,372.11776036386897,5.814340005685453,0.7358757062146892,0.7358757062146892,1416,1042,373,0,58.15625,3722.0,3.5719769673704413,5.0,1042,0.030453302258402162,1949.0113445377383,1902.8702008758112,46.14114366192781,0.011808996836307872,0.0004723598734523149,7.380623022692421e-06,0.1499764887866057,64
BLA-MAPPO,0,21120,329,330,414.6281530322076,6.478564891128244,0.7871740662438337,0.7871740662438337,1419,1117,327,0,60.5625,3876.0,3.4700089525514772,5.0,1117,0.03179019006725945,2034.572164304605,1988.8612729413942,45.710891363211445,0.01174037658358781,0.0004696150633435124,7.337735364742381e-06,0.14989603319735828,64
BLA-MAPPO,0,21184,330,331,392.95758274186824,6.139962230341691,0.7592329545454546,0.7592329545454546,1408,1069,329,0,58.5,3744.0,3.502338634237605,5.0,1069,0.03153414024217202,2018.1849754990092,1972.7320178608381,45.452957638170524,0.012318780171560986,0.0004927512068624394,7.699237607225616e-06,0.14952803569930578,64
BLA-MAPPO,0,21248,331,332,387.1747157944542,6.049604934288347,0.737449118046133,0.737449118046133,1474,1087,395,0,59.625,3816.0,3.5105795768169274,5.0,1087,0.03475345554512182,2224.2211548877963,2177.5635721329636,46.65758275483157,0.012495509941345498,0.0004998203976538199,7.809693713340936e-06,0.14944109582671747,64
BLA-MAPPO,0,21312,332,333,400.45411709371893,6.257095579589358,0.7496607869742198,0.7496607869742198,1474,1105,371,0,61.203125,3917.0,3.5447963800904976,5.0,1105,0.031044820071724186,1986.8684845903479,1939.6924653278638,47.176019262484175,0.011424898981158508,0.0004569959592463403,7.1405618632240674e-06,0.14955364610917754,64
BLA-MAPPO,0,21376,333,334,380.58589518946405,5.946654612335376,0.7434628975265017,0.7434628975265017,1415,1052,356,0,58.5625,3748.0,3.5627376425855513,5.0,1052,0.03200705717232249,2048.4516590286394,2001.5746460106366,46.877013018002515,0.011181470361612907,0.00044725881446451625,6.988418976008066e-06,0.14928094611437037,64
BLA-MAPPO,0,21440,334,335,387.555662955214,6.055557233675219,0.762589928057554,0.762589928057554,1390,1060,339,0,58.109375,3719.0,3.508490566037736,5.0,1060,0.02892601636473104,1851.2650473427866,1807.9631041639486,43.30194317883927,0.010914780786568911,0.00043659123146275647,6.82173799160557e-06,0.14870695669529177,64
BLA-MAPPO,0,21504,335,336,367.30968951299815,5.739213898640596,0.7476014760147601,0.7476014760147601,1355,1013,337,0,56.203125,3597.0,3.550839091806515,5.0,1013,0.02918192774530925,1867.6433756997922,1824.4055502813142,43.23782541847868,0.01107828723430737,0.0004431314893722948,6.923929521442106e-06,0.14784726075787408,64
BLA-MAPPO,0,21568,336,337,380.5497561189187,5.946089939358105,0.7580174927113703,0.7580174927113703,1372,1040,337,0,58.59375,3750.0,3.605769230769231,5.0,1040,0.026551650287715563,1699.305618413796,1652.4892765433804,46.8163418704156,0.0095354911342842,0.00038141964537136803,5.9596819589276255e-06,0.14653372402668347,64
BLA-MAPPO,0,21632,337,338,387.1220863051949,6.04878259851867,0.7435178696566223,0.7435178696566223,1427,1061,344,0,59.328125,3797.0,3.578699340245052,5.0,1061,0.030809788298192888,1971.8264510843449,1925.0809609093913,46.74549017495406,0.011335885875736185,0.0004534354350294474,7.084928672335115e-06,0.14585375413941076,64
BLA-MAPPO,0,21696,338,339,427.18838575666564,6.674818527447901,0.7783783783783784,0.7783783783783784,1480,1152,342,0,63.15625,4042.0,3.5086805555555554,5.0,1152,0.03550371995173764,2272.238076911209,2227.0055795307035,45.2324973805064,0.011781479025598077,0.00047125916102392306,7.363424390998798e-06,0.1463281880974382,64
BLA-MAPPO,0,21760,339,340,401.8365050117404,6.278695390808444,0.7726618705035971,0.7726618705035971,1390,1074,309,0,59.234375,3791.0,3.5297951582867784,5.0,1074,0.02736237056210121,1751.1917159744773,1706.9464811629455,44.245234811531624,0.008731148478445302,0.0003492459391378121,5.456967799028314e-06,0.14633404601445452,64
BLA-MAPPO,0,21824,340,341,428.6986484974452,6.698416382772582,0.7773251866938221,0.7773251866938221,1473,1145,319,0,64.125,4104.0,3.584279475982533,5.0,1145,0.03383286546989906,2165.30339007354,2117.6947946735704,47.60859539997023,0.011245336434628746,0.00044981345738514985,7.0283352716429665e-06,0.1460119919462119,64
BLA-MAPPO,0,21888,341,342,388.7909031019094,6.0748578609673345,0.7465277777777778,0.7465277777777778,1440,1075,368,0,60.671875,3883.0,3.612093023255814,5.0,1075,0.03280969055887112,2099.8201957677516,2051.9639398577256,47.856255910026675,0.010511432498547801,0.0004204572999419121,6.569645311592376e-06,0.14547969063596655,64
BLA-MAPPO,0,21952,342,343,400.4746877609232,6.257416996264425,0.7650771388499299,0.7650771388499299,1426,1091,345,0,59.640625,3817.0,3.4986251145737857,5.0,1091,0.033287576958360016,2130.404925335041,2084.324738492444,46.0801868425967,0.011116458781536937,0.0004446583512614775,6.947786738460586e-06,0.1446387411008236,64
BLA-MAPPO,0,22016,343,344,400.1449455739885,6.25226477459357,0.7555401662049861,0.7555401662049861,1444,1091,349,0,58.96875,3774.0,3.459211732355637,5.0,1091,0.031224466670402504,1998.3658669057602,1952.6170214069837,45.74884549877576,0.010226701112671816,0.00040906804450687264,6.391688195419885e-06,0.14353566707554952,64
BLA-MAPPO,0,22080,344,345,383.2951953104291,5.988987426725455,0.7559224694903087,0.7559224694903087,1393,1053,356,0,57.828125,3701.0,3.5147198480531814,5.0,1053,0.029447837386755722,1884.6615927523662,1839.3684330069525,45.29315974541369,0.009199497504002264,0.00036797990016009056,5.749685940001415e-06,0.14204123935442364,64
BLA-MAPPO,0,22144,345,346,382.18282610593246,5.971606657905195,0.7616580310880829,0.7616580310880829,1351,1029,308,0,55.953125,3581.0,3.480077745383868,5.0,1029,0.0283999090258865,1817.5941776567358,1773.8608640230386,43.73331363369638,0.008888860708307413,0.0003555544283322965,5.555537942692133e-06,0.14059702533305765,64
BLA-MAPPO,0,22208,346,347,414.5209941130804,6.476890533016881,0.7792571829011913,0.7792571829011913,1427,1112,326,0,58.328125,3733.0,3.3570143884892087,5.0,1112,0.03075782310767356,1968.500678891108,1925.190780171076,43.30989872003231,0.00962887971273277,0.00038515518850931084,6.018049820457982e-06,0.13937840035155968,64
BLA-MAPPO,0,22272,347,348,400.17107157969656,6.252672993432759,0.7640845070422535,0.7640845070422535,1420,1085,340,0,58.75,3760.0,3.4654377880184333,5.0,1085,0.030495823201529586,1951.7326848978935,1905.6585030276428,46.074181870250776,0.00940327999859767,0.00037613119994390684,5.8770499991235444e-06,0.13826475825127502,64
BLA-MAPPO,0,22336,348,349,411.0655901882918,6.42289984669206,0.7545638945233266,0.7545638945233266,1479,1116,354,0,61.734375,3951.0,3.5403225806451615,5.0,1116,0.03115793433759793,1994.1077976062675,1945.583876599831,48.52392100643646,0.009528513104285357,0.00038114052417141425,5.955320690178348e-06,0.13754439475872832,64
BLA-MAPPO,0,22400,349,350,371.3623981909955,5.802537471734305,0.731311706629055,0.731311706629055,1418,1037,377,0,57.8125,3700.0,3.5679845708775315,5.0,1037,0.030885255580017947,1976.6563571211486,1929.1731583426297,47.483198778518904,0.009775320910756486,0.00039101283643025946,6.109575569222804e-06,0.13650852167125654,64
BLA-MAPPO,0,22464,350,351,393.79758690994214,6.153087295467846,0.7793357933579336,0.7793357933579336,1355,1056,311,0,58.6875,3756.0,3.5568181818181817,5.0,1056,0.02833009056837426,1813.1257963759526,1768.1402608206142,44.985535555337954,0.008708808466748555,0.0003483523386699422,5.443005291717847e-06,0.1354031916727871,64
BLA-MAPPO,0,22528,351,352,402.28742671018915,6.2857410423467055,0.7605042016806722,0.7605042016806722,1428,1086,330,0,59.734375,3823.0,3.520257826887661,5.0,1086,0.03110779084386605,1990.898614007427,1946.4766281058746,44.42198590155202,0.009669806179740137,0.0003867922471896055,6.043628862337586e-06,0.13495577464509015,64
BLA-MAPPO,0,22592,352,353,376.136587521382,5.877134180021594,0.753294289897511,0.753294289897511,1366,1029,336,0,55.796875,3571.0,3.4703595724003886,5.0,1029,0.03078087615277459,1969.9760737775737,1925.3473287057175,44.62874507185609,0.009459136863980278,0.00037836547455921113,5.911960539987674e-06,0.1351032091274705,64
BLA-MAPPO,0,22656,353,354,370.6108073686693,5.790793865135458,0.7657794676806083,0.7657794676806083,1315,1007,321,0,54.5625,3492.0,3.46772591857001,5.0,1007,0.028233898843845535,1806.9695260061142,1765.6850937413642,41.284432264750684,0.008244281094650644,0.0003297712437860258,5.152675684156653e-06,0.13487161917997997,64
BLA-MAPPO,0,22720,354,355,377.8220805909978,5.903470009234341,0.7520235467255335,0.7520235467255335,1359,1022,317,0,55.390625,3545.0,3.468688845401174,5.0,1022,0.02898255161087922,1854.88330309627,1811.1223726203873,43.76093047588362,0.008616014193861122,0.00034464056775444486,5.385008871163201e-06,0.13428421181317524,64
BLA-MAPPO,0,22784,355,356,380.0428697187763,5.938169839355879,0.7660516605166051,0.7660516605166051,1355,1038,338,0,56.53125,3618.0,3.485549132947977,5.0,1038,0.03066247820123474,1962.3986048790234,1918.422007611225,43.97659726779838,0.009675536998020049,0.0003870214799208019,6.04721062376253e-06,0.1341124983118698,64
BLA-MAPPO,0,22848,356,357,381.542150959331,5.961596108739547,0.7467625899280576,0.7467625899280576,1390,1038,331,0,56.109375,3591.0,3.459537572254335,5.0,1038,0.02979569074238147,1906.924207512414,1861.7225390091444,45.201668503268955,0.009371181033141886,0.00037484724132567546,5.856988145713679e-06,0.13400242926884504,64
BLA-MAPPO,0,22912,357,358,384.1152490247466,6.001800766011666,0.7566213314244811,0.7566213314244811,1397,1057,360,0,55.09375,3526.0,3.335856196783349,5.0,1057,0.03038858432096422,1944.86939654171,1904.933537743202,39.935858798508455,0.00897535566856979,0.0003590142267427916,5.609597292856119e-06,0.13359894612142867,64
BLA-MAPPO,0,22976,358,359,399.3086149221826,6.239197108159103,0.7541666666666667,0.7541666666666667,1440,1086,344,0,59.0,3776.0,3.4769797421731123,5.0,1086,0.032450545026594425,2076.8348817020433,2031.1473104703953,45.687571231647524,0.010157369256544787,0.00040629477026179144,6.348355785340491e-06,0.13371741012174165,64
BLA-MAPPO,0,23040,359,360,380.8645793631747,5.951009052549605,0.7543352601156069,0.7543352601156069,1384,1044,342,0,57.109375,3655.0,3.5009578544061304,5.0,1044,0.03248391596067656,2078.9706214833,2031.944637437308,47.02598404599179,0.01010959149460294,0.0004043836597841176,6.318494684126838e-06,0.13467144435111622,64
BLA-MAPPO,0,23104,360,361,393.6911834266691,6.151424741041705,0.7503486750348675,0.7503486750348675,1434,1076,346,0,60.828125,3893.0,3.6180297397769516,5.25,1076,0.031933627523660774,2043.7521615142896,1994.726871268487,49.02529024580295,0.010572977385224369,0.0004229190954089748,6.608110865765231e-06,0.13576080581637287,64
BLA-MAPPO,0,23168,361,362,401.2197468067917,6.26905854385612,0.7642105263157895,0.7642105263157895,1425,1089,344,0,60.796875,3891.0,3.5730027548209367,5.0,1089,0.028391987884872426,1817.0872246318352,1768.964955189558,48.12226944227736,0.009204842085809998,0.00036819368343239987,5.753026303631248e-06,0.13643348463535385,64
BLA-MAPPO,0,23232,362,363,383.8900569253573,5.998282139458708,0.7561327561327561,0.7561327561327561,1386,1048,341,0,59.65625,3818.0,3.6431297709923665,5.0,1048,0.02815980899072709,1802.2277754065337,1755.9383375308944,46.28943787563922,0.0088501397274924,0.00035400558909969595,5.531337329682749e-06,0.1366636658121877,64
BLA-MAPPO,0,23296,363,364,367.49697513920466,5.742140236550073,0.7356987690079653,0.7356987690079653,1381,1016,350,0,59.09375,3782.0,3.72244094488189,5.25,1016,0.02930688670017966,1875.6407488114983,1826.8595981722046,48.78115063929391,0.009775631491410947,0.0003910252596564379,6.109769682131842e-06,0.1365652956100403,64
BLA-MAPPO,0,23360,364,365,365.5273788829778,5.711365295046528,0.7158620689655173,0.7158620689655173,1450,1038,408,0,63.59375,4070.0,3.9210019267822736,6.0,1038,0.031681666894631304,2027.6266812564033,1974.1157848009636,53.510896455440296,0.010241850266711216,0.00040967401066844866,6.40115641669451e-06,0.136268799933139,64
BLA-MAPPO,0,23424,365,366,349.390908880908,5.4592329512641875,0.7301115241635687,0.7301115241635687,1345,982,369,0,58.015625,3713.0,3.781059063136456,5.0,982,0.029282072624266884,1874.0526479530806,1825.8811552031727,48.171492749908154,0.009419039867114978,0.0003767615946845991,5.886899916946861e-06,0.1356800496396888,64
BLA-MAPPO,0,23488,366,367,369.62479834273176,5.775387474105184,0.747093023255814,0.747093023255814,1376,1028,365,0,61.125,3912.0,3.8054474708171204,5.0,1028,0.03056091348271126,1955.8984628935204,1906.1278089520897,49.770653941430325,0.00982915023696549,0.0003931660094786196,6.143218898103432e-06,0.1358705638647563,64
BLA-MAPPO,0,23552,367,368,362.1804745392201,5.659069914675314,0.7317425885755604,0.7317425885755604,1383,1012,365,0,59.125,3784.0,3.739130434782609,5.0,1012,0.029229627421739006,1870.6961549912965,1823.1905584719175,47.50559651937862,0.010084829236195464,0.00040339316944781856,6.303018272622165e-06,0.1367637448425995,64
BLA-MAPPO,0,23616,368,369,351.07872202091966,5.48560503157687,0.7030598052851182,0.7030598052851182,1438,1011,420,0,59.765625,3825.0,3.7833827893175074,6.0,1011,0.03029552392873105,1938.9135314387872,1887.172147827459,51.74138361132728,0.010897473669013752,0.00043589894676055005,6.8109210431335945e-06,0.1374659559608457,64
BLA-MAPPO,0,23680,369,370,350.42765580531363,5.4754321219580255,0.7097004279600571,0.7097004279600571,1402,995,385,0,60.171875,3851.0,3.8703517587939698,6.0,995,0.030637501104779755,1960.8000707059043,1909.692986939442,51.10708376646363,0.010715415002458609,0.0004286166000983443,6.69713437653663e-06,0.13822604681949224,64
BLA-MAPPO,0,23744,370,371,348.9757412062866,5.452745956348228,0.7161290322580646,0.7161290322580646,1395,999,402,0,62.015625,3969.0,3.972972972972973,6.0,999,0.03226065077669922,2064.6816497087502,2014.1916729619884,50.48997674676192,0.011502641300819856,0.0004601056520327942,7.18915081301241e-06,0.1394546909737007,64
BLA-MAPPO,0,23808,371,372,353.1560999376745,5.5180640615261645,0.7244604316546762,0.7244604316546762,1390,1007,399,0,65.25,4176.0,4.146971201588878,6.0,1007,0.035520127743563674,2273.2881755880753,2220.8611134616035,52.427062126471505,0.01268104862380441,0.0005072419449521764,7.925655389877756e-06,0.14045836711113197,64
BLA-MAPPO,0,23872,372,373,347.37734714203674,5.427771049094324,0.6955922865013774,0.6955922865013774,1452,1010,435,0,64.265625,4113.0,4.072277227722772,6.0,1010,0.034238561055903866,2191.2679075778474,2138.226724356296,53.04118322155196,0.012042629275804632,0.0004817051710321853,7.526643297377895e-06,0.14165330095768472,64
BLA-MAPPO,0,23936,373,374,347.0086464836331,5.422010101306767,0.7034193998604327,0.7034193998604327,1433,1008,435,0,62.125,3976.0,3.9444444444444446,6.0,1008,0.03168205401704764,2027.651457091049,1976.7687144236756,50.882742667373485,0.010960767222743707,0.0004384306889097483,6.850479514214817e-06,0.14311231976777353,64
BLA-MAPPO,0,24000,374,375,357.32120792544333,5.583143873835052,0.7145847871598046,0.7145847871598046,1433,1024,415,0,62.15625,3978.0,3.884765625,6.0,1024,0.032430279753278494,2075.537904209824,2025.5828597790091,49.95504443081394,0.011941312803991038,0.0004776525121596415,7.463320502494398e-06,0.14420593531408188,64
BLA-MAPPO,0,24064,375,376,362.41643459654875,5.662756790571074,0.7026121902210315,0.7026121902210315,1493,1049,435,0,65.734375,4207.0,4.0104861773117255,6.0,1049,0.03744083785299881,2396.213622591924,2341.943019729036,54.27060286288779,0.013970782662838304,0.0005588313065135322,8.73173916427394e-06,0.14510135389177198,64
BLA-MAPPO,0,24128,376,377,342.0211123393839,5.344079880302873,0.700709219858156,0.700709219858156,1410,988,402,0,61.875,3960.0,4.008097165991903,6.0,988,0.03363918005811665,2152.9075237194656,2102.4378024909092,50.46972122855756,0.01258642579867225,0.00050345703194689,7.866516124170157e-06,0.14568576197577285,64
BLA-MAPPO,0,24192,377,378,341.3111424425389,5.33298660066467,0.7155361050328227,0.7155361050328227,1371,981,397,0,60.65625,3882.0,3.9571865443425076,6.0,981,0.030971535591869822,1982.1782778796687,1932.7843195023818,49.39395837728662,0.011506721997165242,0.0004602688798866097,7.191701248228277e-06,0.14576095956612506,64
BLA-MAPPO,0,24256,378,379,346.0485266980104,5.407008229656412,0.7298297557364914,0.7298297557364914,1351,986,384,0,62.625,4008.0,4.064908722109534,6.0,986,0.03355898801077013,2147.7752326892887,2097.258892041024,50.5163406482643,0.012915074879166495,0.0005166029951666598,8.07192179947906e-06,0.14597789202234915,64
BLA-MAPPO,0,24320,379,380,342.6310146898362,5.353609604528691,0.699290780141844,0.699290780141844,1410,986,399,0,61.765625,3953.0,4.009127789046653,6.0,986,0.03381694204474173,2164.2842908634707,2113.750879020428,50.533411843041605,0.013233987131213739,0.0005293594852485495,8.271241957008587e-06,0.14663156601732055,64
BLA-MAPPO,0,24384,380,381,370.98998810576916,5.796718564152643,0.7560262965668371,0.7560262965668371,1369,1035,358,0,62.921875,4027.0,3.8908212560386475,6.0,1035,0.03660040086658403,2342.425655461378,2295.126663394016,47.298992067363535,0.014328373515706564,0.0005731349406282626,8.955233447316602e-06,0.14697005232804916,64
BLA-MAPPO,0,24448,381,382,335.3503049718791,5.239848515185611,0.7020818377602297,0.7020818377602297,1393,978,412,0,59.1875,3788.0,3.8732106339468304,6.0,978,0.03455468310403736,2211.499718658391,2163.6692357453326,47.83048291305877,0.013159514979167349,0.0005263805991666939,8.224696861979592e-06,0.14736201180707825,64
BLA-MAPPO,0,24512,382,383,329.8497393360793,5.153902177126239,0.6870120652945352,0.6870120652945352,1409,968,426,0,59.359375,3799.0,3.924586776859504,6.0,968,0.03193205677347038,2043.6516335021042,1995.0667429228579,48.584890579246014,0.012450156439033187,0.0004980062575613275,7.781347774395742e-06,0.14803121009950718,64
BLA-MAPPO,0,24576,383,384,390.4534019956135,6.100834406181461,0.7474402730375427,0.7474402730375427,1465,1095,384,0,64.578125,4133.0,3.774429223744292,6.0,1095,0.0406093269353992,2598.9969238655485,2551.7905751392746,47.20634872627368,0.016469556288480347,0.0006587822515392138,1.0293472680300216e-05,0.1485702304176882,64
BLA-MAPPO,0,24640,384,385,359.50065972210194,5.617197808157843,0.7243816254416962,0.7243816254416962,1415,1025,392,0,61.359375,3927.0,3.831219512195122,6.0,1025,0.0339066335126651,2170.0245448105666,2120.970378491048,49.05416631951858,0.014181685805771723,0.0005672674322308689,8.863553628607327e-06,0.14886928019887913,64
BLA-MAPPO,0,24704,385,386,340.0623162855307,5.313473691961417,0.7194139194139194,0.7194139194139194,1365,982,399,0,59.171875,3787.0,3.8564154786150713,6.0,982,0.03282625581585374,2100.880372214639,2056.2467922091823,44.63358000545539,0.014043422221082385,0.0005617368888432954,8.77713888817649e-06,0.1495780401788317,64
BLA-MAPPO,0,24768,386,387,319.4355034661806,4.991179741659072,0.6838288614938361,0.6838288614938361,1379,943,413,0,55.921875,3579.0,3.795334040296925,6.0,943,0.0314638400918135,2013.6857658760641,1966.7624221413666,46.92334373469819,0.014219619481695757,0.0005687847792678303,8.887262176059848e-06,0.1508076246507487,64
BLA-MAPPO,0,24832,387,388,353.6123915276023,5.525193617618786,0.728788977519942,0.728788977519942,1379,1005,381,0,59.625,3816.0,3.7970149253731345,6.0,1005,0.03339594631692951,2137.3405642834887,2089.6775261513685,47.66303813211914,0.014616875769653216,0.0005846750307861286,9.13554735603326e-06,0.15217635306598642,64
BLA-MAPPO,0,24896,388,389,382.8452743746709,5.981957412104233,0.7302231237322515,0.7302231237322515,1479,1080,390,0,64.59375,4134.0,3.827777777777778,6.0,1080,0.03572593977794904,2286.4601457887384,2236.7020183191216,49.75812746961687,0.01638123095099598,0.0006552492380398391,1.0238269344372487e-05,0.15320658338459872,64
BLA-MAPPO,0,24960,389,390,386.0987480845721,6.032792938821439,0.7649173256649893,0.7649173256649893,1391,1064,337,0,61.421875,3931.0,3.694548872180451,6.0,1064,0.03380652178445915,2163.6173942053856,2119.945611387327,43.67178281805902,0.015820278707591583,0.0006328111483036632,9.887674192244738e-06,0.153951788706302,64
BLA-MAPPO,0,25024,390,391,387.3813179089303,6.052833092327036,0.7386594448205822,0.7386594448205822,1477,1091,376,0,65.640625,4201.0,3.850595783684693,6.0,1091,0.03843006290338967,2459.524025816939,2409.709682739614,49.81434307732445,0.01871378536778657,0.0007485514147114627,1.1696115854866605e-05,0.154589606105048,64
BLA-MAPPO,0,25088,391,392,357.16207538112553,5.5806574278300864,0.7147814018043026,0.7147814018043026,1441,1030,401,0,61.03125,3906.0,3.792233009708738,6.0,1030,0.03665569407587338,2345.964420855896,2297.108621502524,48.855799353372234,0.017941815168733055,0.0007176726067493222,1.1213634480458159e-05,0.15586081532956966,64
BLA-MAPPO,0,25152,392,393,374.74380174369753,5.855371902245274,0.7581227436823105,0.7581227436823105,1385,1050,363,0,60.28125,3858.0,3.6742857142857144,6.0,1050,0.03368653226240802,2155.938064794113,2109.9544967880393,45.98356800607505,0.016473324901891538,0.0006589329960756615,1.0295828063682211e-05,0.156692818245319,64
BLA-MAPPO,0,25216,393,394,354.98942653127517,5.5467097895511746,0.7196593328601846,0.7196593328601846,1409,1014,378,0,59.515625,3809.0,3.7564102564102564,6.0,1014,0.03524596096180519,2255.741501555532,2209.285046312896,46.45645524263624,0.016930420296066877,0.0006772168118426751,1.0581512685041799e-05,0.15793604228093527,64
BLA-MAPPO,0,25280,394,395,387.73342461523623,6.058334759613066,0.7486111111111111,0.7486111111111111,1440,1078,360,0,60.875,3896.0,3.614100185528757,5.0,1078,0.0332264145199267,2126.4905292753087,2078.162729106994,48.327800168314994,0.015491119721771304,0.0006196447888708521,9.681949826107065e-06,0.15924121214903905,64
BLA-MAPPO,0,25344,395,396,371.59987919366347,5.806248112400992,0.7323549965059399,0.7323549965059399,1431,1048,379,0,59.75,3824.0,3.648854961832061,6.0,1048,0.03198279157507718,2046.8986608049395,1999.4541654058726,47.44449539906671,0.014458250982145504,0.0005783300392858202,9.03640686384094e-06,0.1600030753509172,64
BLA-MAPPO,0,25408,396,397,385.4287469127546,6.022324170511791,0.7583511016346838,0.7583511016346838,1407,1067,349,0,60.4375,3868.0,3.625117150890347,6.0,1067,0.03258352120593164,2085.345357179625,2039.0870082884014,46.25834889122404,0.01477385340856701,0.0005909541363426804,9.233658380354381e-06,0.16043293059480582,64
BLA-MAPPO,0,25472,397,398,366.2216470680312,5.722213235437987,0.7298810356892932,0.7298810356892932,1429,1043,388,0,61.3125,3924.0,3.7622243528283796,6.0,1043,0.03478348564721837,2226.1430814219757,2180.34754939399,45.795532027986475,0.015686802988572168,0.0006274721195428868,9.804251867857606e-06,0.1605791908823525,64
BLA-MAPPO,0,25536,398,399,365.6764693270849,5.713694833235701,0.7448830409356725,0.7448830409356725,1368,1019,346,0,58.890625,3769.0,3.6987242394504416,5.0,1019,0.030701613764991583,1964.9032809594614,1919.054895830836,45.848385128625324,0.013742972818641395,0.0005497189127456558,8.589358011650872e-06,0.16033795932475914,64
BLA-MAPPO,0,25600,399,400,384.8005139688567,6.012508030763386,0.7578125,0.7578125,1408,1067,351,0,61.34375,3926.0,3.6794751640112464,6.0,1067,0.034207211932584684,2189.26156368542,2142.6123076902077,46.649255995212435,0.014853892078584379,0.0005941556831433752,9.283682549115237e-06,0.15985363879568926,64
BLA-MAPPO,0,25664,400,401,386.70341881895763,6.042240919046213,0.7372413793103448,0.7372413793103448,1450,1069,350,0,61.71875,3950.0,3.695042095416277,6.0,1069,0.03298309314880297,2110.9179615233897,2064.366690977322,46.551270546067045,0.013955537441967685,0.0005582214976787074,8.722210901229803e-06,0.15895599397821286,64
BLA-MAPPO,0,25728,401,402,401.4400667373902,6.272501042771722,0.770891364902507,0.770891364902507,1436,1107,354,0,63.78125,4082.0,3.687443541102078,6.0,1107,0.03736858480971803,2391.589427821954,2343.672907611547,47.916520210407334,0.015473076921619595,0.0006189230768647838,9.670673076012247e-06,0.15867253594788006,64
BLA-MAPPO,0,25792,402,403,353.9893040319441,5.531082875499126,0.7157001414427157,0.7157001414427157,1414,1012,383,0,57.578125,3685.0,3.641304347826087,6.0,1012,0.03351061795667603,2144.679549227266,2098.0234327495104,46.65611647775588,0.01436124780039743,0.0005744499120158971,8.975779875248393e-06,0.15871678550765317,64
BLA-MAPPO,0,25856,403,404,370.0185491962053,5.781539831190708,0.7419814682822523,0.7419814682822523,1403,1041,385,0,59.5625,3812.0,3.6618635926993277,6.0,1041,0.030313547186002425,1940.0670199041551,1893.2989699832738,46.76804992088242,0.012787593616514473,0.0005115037446605789,7.992246010321546e-06,0.15899694636501513,64
BLA-MAPPO,0,25920,404,405,371.1909747400807,5.799858980313761,0.7409252669039146,0.7409252669039146,1405,1041,371,0,59.625,3816.0,3.6657060518731988,5.0,1041,0.030115128133073935,1927.3682005167318,1878.245865250287,49.12233526644566,0.01263004559556968,0.0005052018238227872,7.89377849723105e-06,0.159520693327311,64
BLA-MAPPO,0,25984,405,406,389.75919781201856,6.08998746581279,0.7435897435897436,0.7435897435897436,1443,1073,346,0,61.59375,3942.0,3.67381174277726,5.0,1073,0.031492173911394895,2015.4991303292734,1966.3064156975609,49.19271463171216,0.013081313641576602,0.0005232525456630641,8.175821025985376e-06,0.1602083518759008,64
BLA-MAPPO,0,26048,406,407,400.5434918989099,6.258492060920467,0.7765124555160142,0.7765124555160142,1405,1091,333,0,61.296875,3923.0,3.5957836846929423,5.0,1091,0.030859241661372747,1974.9914663278557,1929.1899204343642,45.801545893491905,0.012811327529300531,0.0005124531011720212,8.007079705812832e-06,0.16063649870134739,64
BLA-MAPPO,0,26112,407,408,390.1638073850963,6.096309490392129,0.7620071684587814,0.7620071684587814,1395,1063,332,0,58.234375,3727.0,3.506114769520226,5.0,1063,0.029444788143672674,1884.4664411950512,1839.5166564595868,44.94978473546395,0.011312412892509033,0.0004524965157003613,7.070258057818145e-06,0.1605937895254484,64
BLA-MAPPO,0,26176,408,409,392.4837137375307,6.132558027148917,0.7398097826086957,0.7398097826086957,1472,1089,369,0,60.015625,3841.0,3.527089072543618,5.0,1089,0.03357248035133559,2148.6387424854775,2099.6852946162226,48.95344786925534,0.01304341314029692,0.0005217365256118768,8.152133212685575e-06,0.16026692903683015,64
BLA-MAPPO,0,26240,409,410,373.8226940909842,5.840979595171628,0.7555228276877761,0.7555228276877761,1358,1026,329,0,54.109375,3463.0,3.375243664717349,5.0,1026,0.03130952736584372,2003.8097514139981,1960.9962770219493,42.81347439204886,0.01207953486745779,0.00048318139469831164,7.549709292161119e-06,0.15969746384717587,64
BLA-MAPPO,0,26304,410,411,389.03904140447844,6.078735021944976,0.772992700729927,0.772992700729927,1370,1059,326,0,57.15625,3658.0,3.4542020774315394,5.0,1059,0.030445211109041075,1948.4935109786288,1905.0281169740763,43.46539400455331,0.01164980284002377,0.00046599211360095084,7.281126775014857e-06,0.15863463318231882,64
BLA-MAPPO,0,26368,411,412,415.55371469520367,6.493026792112557,0.782274947662247,0.782274947662247,1433,1121,325,0,61.46875,3934.0,3.5093666369313112,5.0,1121,0.03342690914451592,2139.3221852490187,2094.624515880045,44.69766936897363,0.012725077696111954,0.0005090031078444782,7.953173560069972e-06,0.15735165612856755,64
BLA-MAPPO,0,26432,412,413,426.4690115330882,6.663578305204503,0.7707349966284558,0.7707349966284558,1483,1143,326,0,60.1875,3852.0,3.37007874015748,5.0,1143,0.030867816407578994,1975.5402500850557,1930.876991034645,44.663259050410495,0.011437559785961109,0.00045750239143844436,7.148474866225693e-06,0.15573956351448348,64
BLA-MAPPO,0,26496,413,414,395.74543164587953,6.183522369466868,0.7709978463747308,0.7709978463747308,1393,1074,327,0,55.203125,3533.0,3.2895716945996276,5.0,1074,0.032989937480329724,2111.355998741102,2069.8701166854753,41.48588205562686,0.01159757550343017,0.0004639030201372068,7.248484689643856e-06,0.1547900137827215,64
BLA-MAPPO,0,26560,414,415,414.461962384261,6.475968162254079,0.7917867435158501,0.7917867435158501,1388,1099,289,0,56.40625,3610.0,3.2848043676069154,5.0,1099,0.03311880048753243,2119.603231202075,2078.8105172493224,40.792713952753246,0.011700938029603057,0.00046803752118412226,7.31308626850191e-06,0.15437874573871085,64
BLA-MAPPO,0,26624,415,416,428.2015175910321,6.690648712359876,0.7845836200963524,0.7845836200963524,1453,1140,309,0,59.75,3824.0,3.354385964912281,5.0,1140,0.034363815561315646,2199.2841959242014,2155.603896096709,43.68029982749138,0.01193524606523562,0.0004774098426094248,7.459528790772263e-06,0.15436966122881995,64
BLA-MAPPO,0,26688,416,417,426.09929346201125,6.657801460343926,0.7981651376146789,0.7981651376146789,1417,1131,301,0,58.21875,3726.0,3.2944297082228116,5.0,1131,0.03267138351604324,2090.9685450267675,2049.633754288557,41.334790738210394,0.011600635311639828,0.0004640254124655931,7.250397069774892e-06,0.15460186290692293,64
BLA-MAPPO,0,26752,417,418,415.26965029562916,6.488588285869206,0.7849002849002849,0.7849002849002849,1404,1102,286,0,54.5,3488.0,3.165154264972777,5.0,1102,0.034094751330164735,2182.064085130543,2144.072069831235,37.992015299309344,0.012699729133640035,0.0005079891653456014,7.937330708525022e-06,0.15446713479352758,64
BLA-MAPPO,0,26816,418,419,424.61894359315806,6.634670993643095,0.8024337866857552,0.8024337866857552,1397,1121,288,0,53.75,3440.0,3.0686886708296166,5.0,1121,0.034651443243745854,2217.6923675997346,2183.4385501430993,34.253817456635,0.011170692810305551,0.00044682771241222205,6.9816830064409696e-06,0.1540920447149803,64
BLA-MAPPO,0,26880,419,420,431.1023389971508,6.735974046830481,0.7705685618729097,0.7705685618729097,1495,1152,317,0,56.421875,3611.0,3.134548611111111,5.0,1152,0.038204087550734636,2445.0616032470166,2405.5398748196767,39.52172842734049,0.013116303968101014,0.0005246521587240405,8.197689980063134e-06,0.15340203855526668,64
BLA-MAPPO,0,26944,420,421,432.99211787346474,6.7655018417728865,0.7906976744186046,0.7906976744186046,1462,1156,316,0,58.890625,3769.0,3.26038062283737,5.0,1156,0.037214486744530595,2381.727151649958,2340.736279297113,40.990872352844654,0.01304567206758482,0.0005218268827033928,8.153545042240512e-06,0.15249529024295222,64
BLA-MAPPO,0,27008,421,422,391.83993925184825,6.122499050810129,0.7718023255813954,0.7718023255813954,1376,1062,326,0,54.8125,3508.0,3.303201506591337,5.0,1062,0.03216115227425591,2058.313745552378,2019.0732352650407,39.240510287336726,0.010604974516960096,0.0004241989806784038,6.6281090731000595e-06,0.15167171358495374,64
BLA-MAPPO,0,27072,422,423,420.97715303158964,6.577768016118588,0.7958600999286224,0.7958600999286224,1401,1115,292,0,55.390625,3545.0,3.179372197309417,5.0,1115,0.03432311533609101,2196.6793815098245,2158.14190643581,38.5374750740131,0.011590662828899792,0.0004636265131559917,7.24416426806237e-06,0.15107510235559957,64
BLA-MAPPO,0,27136,423,424,408.6713871682867,6.3854904245044795,0.7877906976744186,0.7877906976744186,1376,1084,286,0,56.421875,3611.0,3.331180811808118,5.0,1084,0.034251404976316215,2192.089918484238,2152.486944782164,39.60297370207474,0.011537548906054886,0.0004615019562421954,7.210968066284303e-06,0.1509267676697153,64
BLA-MAPPO,0,27200,424,425,393.72070371638705,6.151885995568548,0.7655122655122655,0.7655122655122655,1386,1061,311,0,57.15625,3658.0,3.4476908576814327,5.0,1061,0.032617868938899536,2087.54361208957,2045.0441671918263,42.499444897743864,0.011020091797030368,0.0004408036718812147,6.88755737314398e-06,0.15088672486372542,64
BLA-MAPPO,0,27264,425,426,416.6706507590253,6.51047891810977,0.764266304347826,0.764266304347826,1472,1125,334,0,60.328125,3861.0,3.432,5.0,1125,0.033632421153581525,2152.4749538292176,2107.898145399173,44.57680843004458,0.01157387795629294,0.00046295511825171764,7.233673722683088e-06,0.15054210480275826,64
BLA-MAPPO,0,27328,426,427,383.5745647225308,5.993352573789544,0.782312925170068,0.782312925170068,1323,1035,306,0,53.453125,3421.0,3.305314009661836,5.0,1035,0.031719418737816946,2030.0427992202847,1990.3696944083856,39.67310481189913,0.010753350309856842,0.0004301340123942737,6.720843943660526e-06,0.1499178755854234,64
BLA-MAPPO,0,27392,427,428,400.41798521058223,6.256531018915347,0.7713874910136592,0.7713874910136592,1391,1073,307,0,58.140625,3721.0,3.4678471575023297,5.0,1073,0.031595248622529604,2022.0959118418948,1979.0804034356756,43.01550840621936,0.010435782603316558,0.0004174313041326623,6.522364127072849e-06,0.14888739235001264,64
BLA-MAPPO,0,27456,428,429,405.40733673489825,6.334489636482785,0.779842744817727,0.779842744817727,1399,1091,319,0,59.078125,3781.0,3.465627864344638,5.0,1091,0.03444682305438314,2204.596675480521,2160.887111621625,43.70956385889731,0.011236410111134893,0.00044945640444539573,7.022756319459308e-06,0.14759335072007368,64
BLA-MAPPO,0,27520,429,430,384.9989410088742,6.01560845326366,0.7666174298375185,0.7666174298375185,1354,1038,313,0,55.078125,3525.0,3.3959537572254335,5.0,1038,0.029129142377884585,1864.2651121846134,1821.4705736378214,42.79453854679234,0.009465356656845074,0.00037861426627380296,5.915847910528171e-06,0.14597183935795624,64
BLA-MAPPO,0,27584,430,431,378.78239431085706,5.9184749111071415,0.7614138438880707,0.7614138438880707,1358,1034,333,0,54.75,3504.0,3.388781431334623,5.0,1034,0.030402980319803805,1945.7907404674436,1903.370836465973,42.41990400147051,0.009609803916123266,0.00038439215664493064,6.006127447577041e-06,0.14394291754516925,64
BLA-MAPPO,0,27648,431,432,410.87243092193665,6.41988173315526,0.7694986072423399,0.7694986072423399,1436,1105,329,0,59.65625,3818.0,3.4552036199095024,5.0,1105,0.031659590299329514,2026.213779157089,1979.0386244414465,47.17515471564324,0.010031541336277653,0.00040126165345110614,6.269713335173533e-06,0.14218152708151094,64
BLA-MAPPO,0,27712,432,433,395.93897222225553,6.186546440972743,0.7773668639053254,0.7773668639053254,1352,1051,286,0,55.28125,3538.0,3.3663177925784966,5.0,1051,0.028634978526071622,1832.638625668584,1790.8268113984695,41.811814270114255,0.009219606608502264,0.0003687842643400906,5.762254130313916e-06,0.14149282826166154,64
BLA-MAPPO,0,27776,433,434,416.51272810914213,6.508011376705346,0.7865248226950354,0.7865248226950354,1410,1109,309,0,58.359375,3735.0,3.3678990081154194,5.0,1109,0.03263708718224354,2088.7735796635866,2044.9118013985656,43.861778265020405,0.010322317662577154,0.00041289270650308617,6.451448539110721e-06,0.14054930954229036,64
BLA-MAPPO,0,27840,434,435,399.00467278538497,6.23444801227164,0.7781818181818182,0.7781818181818182,1375,1070,315,0,56.359375,3607.0,3.3710280373831774,5.0,1070,0.030084397631970444,1925.4014484461084,1883.3757489682037,42.02569947790439,0.009354865155595448,0.00037419460622381795,5.846790722247155e-06,0.1393059887555343,64
BLA-MAPPO,0,27904,435,436,377.9006664895468,5.904697913899168,0.75127644055434,0.75127644055434,1371,1030,333,0,54.46875,3486.0,3.384466019417476,5.0,1030,0.030353231440220178,1942.6068121740914,1899.820195760824,42.786616413267375,0.009083021658930929,0.0003633208663572372,5.676888536831831e-06,0.1378340703961963,64
BLA-MAPPO,0,27968,436,437,399.78002330330116,6.246562864114081,0.766737138830162,0.766737138830162,1419,1088,347,0,58.015625,3713.0,3.4126838235294117,5.0,1088,0.03317057536119654,2122.9168231165786,2079.0962109838047,43.82061213277376,0.009970701585042653,0.00039882806340170614,6.231688490651658e-06,0.13720735146821783,64
BLA-MAPPO,0,28032,437,438,380.85790608787795,5.950904782623093,0.7610619469026548,0.7610619469026548,1356,1032,323,0,54.234375,3471.0,3.363372093023256,5.0,1032,0.029232844467608567,1870.9020459269484,1828.1247346532616,42.777311273686365,0.00896907128109805,0.000358762851243922,5.605669550686282e-06,0.1370723488820743,64
BLA-MAPPO,0,28096,438,439,389.261331115276,6.082208298676187,0.7654320987654321,0.7654320987654321,1377,1054,329,0,56.53125,3618.0,3.4326375711574952,5.0,1054,0.030860070933604326,1975.044539750677,1930.864222014216,44.18031773646068,0.009688409024267902,0.0003875363609707161,6.055255640167439e-06,0.13684296175256314,64
BLA-MAPPO,0,28160,439,440,387.57629974686466,6.05587968354476,0.7568542568542569,0.7568542568542569,1386,1049,322,0,56.25,3600.0,3.4318398474737846,5.0,1049,0.03055199872677191,1955.3279185134022,1911.3008769289975,44.02704158440489,0.009672095827391838,0.0003868838330956735,6.045059892119898e-06,0.13709573975454706,64
BLA-MAPPO,0,28224,440,441,389.72029836555555,6.0893796619618055,0.759942154736081,0.759942154736081,1383,1051,319,0,55.953125,3581.0,3.4072312083729783,5.0,1051,0.03077948605558719,1969.88710755758,1926.4637766329695,43.423330924610745,0.00905113981941217,0.00036204559277648677,5.656962387132606e-06,0.1372308325829627,64
BLA-MAPPO,0,28288,441,442,396.76757902758465,6.19949342230601,0.765791341376863,0.765791341376863,1409,1079,340,0,57.34375,3670.0,3.4012974976830397,5.0,1079,0.03587397388671925,2295.934328750032,2254.735522942634,41.19880580739829,0.01020123756159105,0.000408049502463642,6.375773475994406e-06,0.1370126363517905,64
BLA-MAPPO,0,28352,442,443,396.0617100435503,6.1884642194304735,0.7590361445783133,0.7590361445783133,1411,1071,331,0,56.078125,3589.0,3.351073762838469,5.0,1071,0.03158154793490397,2021.2190678338538,1979.9090837204496,41.3099841134041,0.009407974331485968,0.00037631897325943875,5.8799839571787305e-06,0.1372644779027659,64
BLA-MAPPO,0,28416,443,444,385.77291456857984,6.02770179013406,0.7617328519855595,0.7617328519855595,1385,1055,345,0,55.8125,3572.0,3.385781990521327,5.0,1055,0.033928121550901726,2171.3997792577106,2130.559232863517,40.840546394193055,0.01007367090998447,0.0004029468363993788,6.296044318740294e-06,0.13788804065161353,64
BLA-MAPPO,0,28480,444,445,370.42894015310685,5.7879521898922945,0.7441690962099126,0.7441690962099126,1372,1021,349,0,54.359375,3479.0,3.407443682664055,5.0,1021,0.031796831819178265,2034.9972364274088,1993.7342740154538,41.26296241195437,0.009928152498824326,0.00039712609995297307,6.205095311765204e-06,0.13899548926842037,64
BLA-MAPPO,0,28544,445,446,390.1168585326732,6.095575914573018,0.7328348062542488,0.7328348062542488,1471,1078,370,0,59.265625,3793.0,3.518552875695733,5.0,1078,0.03320307749156322,2124.996959460046,2078.9936257069467,46.003333753100364,0.010515523589851222,0.0004206209435940489,6.572202243657014e-06,0.13987944528166638,64
BLA-MAPPO,0,28608,446,447,393.4229954945091,6.147234304601705,0.7750362844702468,0.7750362844702468,1378,1068,334,0,57.734375,3695.0,3.459737827715356,5.0,1068,0.03284780622886254,2102.2595986472024,2059.9420507884397,42.31754785876251,0.010041009792864361,0.00040164039171457444,6.275631120540226e-06,0.14033510332754434,64
BLA-MAPPO,0,28672,447,448,387.5793682275663,6.0559276285557235,0.745125348189415,0.745125348189415,1436,1070,363,0,59.6875,3820.0,3.5700934579439254,5.0,1070,0.0338954694132988,2169.3100424511235,2123.6324831990723,45.67755925205134,0.010968727203438085,0.00043874908813752337,6.855454502148803e-06,0.14055897648055793,64
BLA-MAPPO,0,28736,448,449,388.07148290312875,6.063616920361387,0.7606038820992091,0.7606038820992091,1391,1058,336,0,59.765625,3825.0,3.61531190926276,5.0,1058,0.03294721081275564,2108.6214920163607,2063.749032523649,44.87245949271098,0.010393560987157806,0.00041574243948631223,6.495975616973629e-06,0.14052736153844114,64
BLA-MAPPO,0,28800,449,450,372.68116189052034,5.82314315453938,0.7218406593406593,0.7218406593406593,1456,1051,399,0,62.171875,3979.0,3.785918173168411,6.0,1051,0.034926079965281166,2235.269117777995,2186.217008772728,49.052109005266686,0.011481253280127,0.00045925013120508,7.175783300079375e-06,0.14009277044504684,64
BLA-MAPPO,0,28864,450,451,380.0770923293726,5.938704567646447,0.7341242149337055,0.7341242149337055,1433,1052,368,0,62.046875,3971.0,3.7747148288973382,6.0,1052,0.03175099690501244,2032.063801920796,1984.172440030323,47.89136189047222,0.010271182269295829,0.00041084729077183314,6.419488918309893e-06,0.13993857400987106,64
BLA-MAPPO,0,28928,451,452,386.2631554285317,6.035361803570808,0.7498238195912614,0.7498238195912614,1419,1064,355,0,62.265625,3985.0,3.7453007518796992,6.0,1064,0.03441274105610615,2202.4154275907936,2152.6790033069824,49.73642428381142,0.011022720462330186,0.00044090881849320746,6.8892002889563665e-06,0.14052190472089507,64
BLA-MAPPO,0,28992,452,453,367.82285073081334,5.7472320426689585,0.7334754797441365,0.7334754797441365,1407,1032,381,0,60.921875,3899.0,3.7781007751937983,6.0,1032,0.030258073988205073,1936.5167352451247,1888.6720015668757,47.844733678248915,0.010132669116455622,0.0004053067646582249,6.332918197784764e-06,0.1414452057702692,64
BLA-MAPPO,0,29056,453,454,378.4962397218504,5.914003745653912,0.736696613683483,0.736696613683483,1447,1066,396,0,62.703125,4013.0,3.7645403377110696,5.0,1066,0.034309445914348716,2195.8045385183177,2146.0393592180094,49.76517930030819,0.01216190513780184,0.0004864762055120736,7.60119071112615e-06,0.14198051298940823,64
BLA-MAPPO,0,29120,454,455,381.653676042004,5.963338688156313,0.7246278755074425,0.7246278755074425,1478,1071,396,0,63.078125,4037.0,3.76937441643324,5.0,1071,0.03338728236340726,2136.7860712580646,2084.674586348121,52.11148490994313,0.011614985954103672,0.0004645994381641469,7.259366221314795e-06,0.14299089421826178,64
BLA-MAPPO,0,29184,455,456,383.6219733764072,5.9940933340063625,0.7580760947595119,0.7580760947595119,1393,1056,350,0,62.921875,4027.0,3.8134469696969697,6.0,1056,0.031496466342650575,2015.773845929637,1967.7830510233912,47.990794906246315,0.011153701453490216,0.00044614805813960863,6.971063408431385e-06,0.14399750854072838,64
BLA-MAPPO,0,29248,456,457,369.9077413514231,5.779808458615986,0.7222609909281228,0.7222609909281228,1433,1035,370,0,61.21875,3918.0,3.785507246376812,6.0,1035,0.03155322630305754,2019.4064833956825,1969.4863310902485,49.92015230543488,0.011446509022115744,0.0004578603608846298,7.15406813882234e-06,0.14480193265368496,64
BLA-MAPPO,0,29312,457,458,364.74139286408683,5.699084263501357,0.7237762237762237,0.7237762237762237,1430,1035,396,0,62.953125,4029.0,3.8927536231884057,6.0,1035,0.030946454986349584,1980.5731191263733,1930.8350188667816,49.738100259592144,0.011409732703032449,0.000456389308121298,7.131082939395281e-06,0.14602064826272182,64
BLA-MAPPO,0,29376,458,459,376.0538526126452,5.875841447072581,0.7373949579831933,0.7373949579831933,1428,1053,382,0,63.90625,4090.0,3.8841405508072175,6.0,1053,0.03132870526566225,2005.037137002384,1954.8227570591114,50.214379943272,0.011530550209324208,0.00046122200837296834,7.20659388082763e-06,0.14718461173932212,64
BLA-MAPPO,0,29440,459,460,391.7464821740896,6.12103878397015,0.7436773752563226,0.7436773752563226,1463,1088,372,0,64.609375,4135.0,3.8005514705882355,6.0,1088,0.034902474711262586,2233.7583815208054,2183.4470803865006,50.31130113430566,0.013110213168032448,0.000524408526721298,8.19388323002028e-06,0.14796691623099067,64
BLA-MAPPO,0,29504,460,461,405.61321105607936,6.33770642275124,0.7623007623007623,0.7623007623007623,1443,1100,335,0,62.78125,4018.0,3.652727272727273,5.0,1100,0.03168372383321993,2027.7583253260752,1978.1160032701816,49.64232205589352,0.01152235132425276,0.0004608940529701104,7.201469577657975e-06,0.14851138522768254,64
BLA-MAPPO,0,29568,461,462,388.29423864817426,6.067097478877723,0.7565095003518649,0.7565095003518649,1421,1075,367,0,59.796875,3827.0,3.56,5.0,1075,0.032297994533752816,2067.07165016018,2019.6506090574671,47.42104110271382,0.011940861389881981,0.0004776344555952792,7.463038368676238e-06,0.14869423449851865,64
BLA-MAPPO,0,29632,462,463,413.0476140585772,6.453868969665269,0.7585743106926698,0.7585743106926698,1487,1128,358,0,62.328125,3989.0,3.5363475177304964,5.0,1128,0.03176280019038146,2032.8192121844136,1983.330249443747,49.4889627406669,0.011700349422953926,0.000468013976918157,7.3127183893462035e-06,0.1490690883795861,64
BLA-MAPPO,0,29696,463,464,402.967287988453,6.296363874819578,0.7723404255319148,0.7723404255319148,1410,1089,323,0,59.796875,3827.0,3.514233241505969,5.0,1089,0.030725689630450713,1966.4441363488456,1919.8706479487228,46.57348840012229,0.011503133207177399,0.00046012532828709594,7.189458254485874e-06,0.14966136596278376,64
BLA-MAPPO,0,29760,464,465,398.1278715237498,6.22074799255859,0.7693950177935943,0.7693950177935943,1405,1081,329,0,58.5,3744.0,3.463459759481961,5.0,1081,0.030526261475814782,1953.680734452146,1909.5459872681731,44.13474718397328,0.011608055218217384,0.0004643222087286954,7.255034511385865e-06,0.1497602784015415,64
BLA-MAPPO,0,29824,465,466,407.9048050258397,6.373512578528746,0.7640603566529492,0.7640603566529492,1458,1114,353,0,61.703125,3949.0,3.544883303411131,5.0,1114,0.03162232587803713,2023.8288561943762,1977.8874514165427,45.94140477783271,0.01161075620818541,0.0004644302483274164,7.256722630115881e-06,0.14959975381431478,64
BLA-MAPPO,0,29888,466,467,388.03334225936203,6.063020972802532,0.7533856022808268,0.7533856022808268,1403,1057,329,0,60.421875,3867.0,3.6584673604541154,6.0,1057,0.030896709669556672,1977.389418851627,1930.5954056599833,46.79401319164339,0.011570624163855767,0.0004628249665542307,7.231640102409855e-06,0.14915560654938587,64
BLA-MAPPO,0,29952,467,468,407.55695409232004,6.368077407692501,0.7447089947089947,0.7447089947089947,1512,1126,380,0,64.046875,4099.0,3.6403197158081704,5.0,1126,0.0323588203776819,2070.9645041716417,2021.243185679381,49.72131849226134,0.012406361826834729,0.0004962544730733892,7.753976141771706e-06,0.14862568751622313,64
BLA-MAPPO,0,30016,468,469,376.9336554178412,5.889588365903768,0.7425531914893617,0.7425531914893617,1410,1047,359,0,58.453125,3741.0,3.5730659025787967,5.0,1047,0.031311589693388195,2003.9417403768443,1956.2139462950088,47.72779408183497,0.01215550188240592,0.0004862200752962368,7.5971886765037e-06,0.14852137259227416,64
BLA-MAPPO,0,30080,469,470,388.5550861029698,6.0711732203589035,0.7480809490579204,0.7480809490579204,1433,1072,358,0,59.59375,3814.0,3.5578358208955225,5.0,1072,0.03094733869641994,1980.6296765708762,1934.6052313630728,46.02444520780343,0.011506398021218799,0.0004602559208487519,7.191498763261749e-06,0.14812721312339497,64
BLA-MAPPO,0,30144,470,471,361.53525515125796,5.648988361738406,0.7443554260742898,0.7443554260742898,1373,1022,381,0,55.03125,3522.0,3.4461839530332683,5.0,1022,0.030573347962487292,1956.6942695991868,1913.037326435118,43.6569431640689,0.012044965314686856,0.0004817986125874742,7.5281033216792845e-06,0.14830566356965172,64
BLA-MAPPO,0,30208,471,472,399.4363733092905,6.241193332957664,0.7673928320449754,0.7673928320449754,1423,1092,339,0,59.890625,3833.0,3.51007326007326,5.0,1092,0.033552799264888064,2147.379152952836,2103.130253929325,44.24889902351119,0.013458657541704926,0.000538346301668197,8.411660963565579e-06,0.14949708418382013,64
BLA-MAPPO,0,30272,472,473,375.6750477086899,5.869922620448279,0.740343347639485,0.740343347639485,1398,1035,343,0,56.375,3608.0,3.4859903381642514,5.0,1035,0.029053711894521047,1859.437561249347,1814.6778070819178,44.759754167428504,0.011153702746266755,0.00044614810985067017,6.971064216416721e-06,0.1503295163768709,64
BLA-MAPPO,0,30336,473,474,395.57758787444953,6.180899810538274,0.7519004837595025,0.7519004837595025,1447,1088,348,0,59.84375,3830.0,3.520220588235294,5.0,1088,0.03364397682883378,2153.214517045362,2107.601284730737,45.61323231462434,0.013899341900976157,0.0005559736760390463,8.687088688110099e-06,0.15077452358039364,64
BLA-MAPPO,0,30400,474,475,396.3985502388791,6.193727347482486,0.7692862292718097,0.7692862292718097,1387,1067,308,0,57.1875,3660.0,3.4301780693533273,5.0,1067,0.028187448753488102,1803.9967202232385,1760.0507125451654,43.94600767807288,0.011375448217244205,0.0004550179286897682,7.109655135777628e-06,0.15092415488017458,64
BLA-MAPPO,0,30464,475,476,396.5160665785147,6.195563540289292,0.782798833819242,0.782798833819242,1372,1074,321,0,57.828125,3701.0,3.4459962756052143,5.0,1074,0.030220276898198943,1934.0977214847323,1891.0556747747235,43.042046710009515,0.012200702469576762,0.0004880280987830705,7.625439043485476e-06,0.15139194175209475,64
BLA-MAPPO,0,30528,476,477,376.0809148579174,5.876264294654959,0.7691154422788605,0.7691154422788605,1334,1026,319,0,55.078125,3525.0,3.435672514619883,5.0,1026,0.029213158011947158,1869.642112764618,1827.9335317545977,41.70858101002088,0.011530075914993313,0.0004612030365997325,7.20629744687082e-06,0.1518972581968512,64
BLA-MAPPO,0,30592,477,478,385.60157160836513,6.025024556380705,0.760522496371553,0.760522496371553,1378,1048,318,0,56.9375,3644.0,3.4770992366412212,5.0,1048,0.02936049675059958,1879.0717920383731,1835.1339761965994,43.937815841773805,0.011943881507184902,0.0004777552602873961,7.464925941990564e-06,0.15225507890797824,64
BLA-MAPPO,0,30656,478,479,395.69549322765545,6.182742081682116,0.7751824817518248,0.7751824817518248,1370,1062,297,0,59.46875,3806.0,3.583804143126177,5.0,1062,0.02977070862412146,1905.3253519437733,1859.782381702898,45.54297024087505,0.012190409690232197,0.0004876163876092879,7.619006056395123e-06,0.1531038726644831,64
BLA-MAPPO,0,30720,479,480,364.6863573232664,5.698224333176038,0.7712724434035909,0.7712724434035909,1281,988,297,0,53.09375,3398.0,3.4392712550607287,5.0,988,0.025958883450312914,1661.3685408200265,1620.4082177364314,40.96032308359509,0.010669512901647962,0.0004267805160659185,6.668445563529976e-06,0.15369917198475774,64
BLA-MAPPO,0,30784,480,481,402.64369794502716,6.291307780391049,0.7674581005586593,0.7674581005586593,1432,1099,344,0,61.421875,3931.0,3.5768880800727936,5.0,1099,0.03032867872765854,1941.0354385701464,1893.4191539620294,47.616284608116274,0.012099190265965735,0.00048396761063862937,7.561993916228584e-06,0.1539847058926893,64
BLA-MAPPO,0,30848,481,482,416.45390424891167,6.507092253889245,0.7805730258560447,0.7805730258560447,1431,1117,311,0,61.640625,3945.0,3.531781557743957,5.0,1117,0.031240282969094098,1999.3781100220222,1952.5088503106663,46.869259711356435,0.013012392976145322,0.0005204957190458129,8.132745610090826e-06,0.15401084461883963,64
BLA-MAPPO,0,30912,482,483,397.0433794677123,6.203802804183005,0.7612676056338028,0.7612676056338028,1420,1081,339,0,58.71875,3758.0,3.4764107308048104,5.0,1081,0.03048782787295487,1951.2209838691117,1906.7401483334218,44.48083553569019,0.011590827190023785,0.00046363308760095137,7.244266993764865e-06,0.1537901282482222,64
BLA-MAPPO,0,30976,483,484,382.47627376424623,5.976191777566347,0.7554585152838428,0.7554585152838428,1374,1038,316,0,56.3125,3604.0,3.4720616570327554,5.0,1038,0.02899392181826242,1855.6109963687948,1812.9990292397954,42.61196712899971,0.011354014256986594,0.0004541605702794638,7.096258910616622e-06,0.15309502041501774,64
BLA-MAPPO,0,31040,484,485,402.26429466477555,6.285379604137118,0.7850877192982456,0.7850877192982456,1368,1074,297,0,59.1875,3788.0,3.527001862197393,5.0,1074,0.029299909665184892,1875.194218571833,1829.6656297836957,45.5285887881376,0.011077878711826755,0.0004431151484730702,6.923674194891722e-06,0.15234246269880025,64
BLA-MAPPO,0,31104,485,486,402.18063246967,6.284072382338594,0.7618069815195072,0.7618069815195072,1461,1113,373,0,62.09375,3974.0,3.5705300988319855,5.0,1113,0.03299745707752248,2111.837252961439,2064.1612232620178,47.676029699421065,0.013176759292591654,0.0005270703717036661,8.235474557869784e-06,0.15212801095339598,64
BLA-MAPPO,0,31168,486,487,387.65465301357915,6.057103953337174,0.7378976486860305,0.7378976486860305,1446,1067,352,0,59.5625,3812.0,3.572633552014995,5.0,1067,0.031262850070205385,2000.8224044931446,1953.050433361096,47.77197113204885,0.011750728686419406,0.00047002914745677624,7.344205429012129e-06,0.15167226746681173,64
BLA-MAPPO,0,31232,487,488,398.3594036383065,6.224365681848539,0.7703862660944206,0.7703862660944206,1398,1077,320,0,60.265625,3857.0,3.5812441968430826,6.0,1077,0.031688571310912385,2028.0685638983928,1984.1621172187943,43.90644667959844,0.011752446142462292,0.0004700978456984917,7.345278839038933e-06,0.15102228191061556,64
BLA-MAPPO,0,31296,488,489,386.32958338425567,6.036399740378995,0.7471988795518207,0.7471988795518207,1428,1067,357,0,58.859375,3767.0,3.5304592314901595,5.0,1067,0.03087939031241828,1976.2809799947697,1930.8130554873003,45.46792450746871,0.012057931459788928,0.00048231725839155713,7.53620716236808e-06,0.15077244614558347,64
BLA-MAPPO,0,31360,489,490,390.4848058400655,6.101325091251024,0.7440273037542662,0.7440273037542662,1465,1090,392,0,62.875,4024.0,3.691743119266055,5.0,1090,0.02955481396767733,1891.508093931349,1841.5291408176402,49.978953113708705,0.01084454940121152,0.0004337819760484608,6.7778433757572e-06,0.150837085047397,64
BLA-MAPPO,0,31424,490,491,381.3748770134134,5.958982453334585,0.7545126353790613,0.7545126353790613,1385,1045,339,0,58.203125,3725.0,3.5645933014354068,5.0,1045,0.028752613924965295,1840.167291197779,1793.900380926978,46.26691027079981,0.010498978043818549,0.0004199591217527419,6.5618612773865925e-06,0.15123551140888308,64
BLA-MAPPO,0,31488,491,492,390.913234050242,6.108019282035031,0.778023598820059,0.778023598820059,1356,1055,309,0,57.015625,3649.0,3.458767772511848,5.0,1055,0.030941087651625645,1980.2296097040412,1936.9040481298268,43.3255615742145,0.01142163078476558,0.00045686523139062317,7.138519240478487e-06,0.15121438600471254,64
BLA-MAPPO,0,31552,492,493,409.40942799774314,6.3970223124647365,0.7627235213204951,0.7627235213204951,1454,1109,339,0,62.359375,3991.0,3.5987376014427412,5.0,1109,0.029803070243597456,1907.3964955902372,1859.4106643548912,47.98583123534568,0.010841787957377022,0.00043367151829508085,6.776117473360638e-06,0.1509375927639754,64
BLA-MAPPO,0,31616,493,494,374.78286145820863,5.85598221028451,0.7316735822959889,0.7316735822959889,1446,1058,393,0,59.125,3784.0,3.5765595463137996,5.0,1058,0.0326355001158371,2088.6720074135746,2039.5004004285333,49.1716069850418,0.012120043410502946,0.00048480173642011785,7.575027131564341e-06,0.15032775343659394,64
BLA-MAPPO,0,31680,494,495,367.74981685028683,5.746090888285732,0.7476014760147601,0.7476014760147601,1355,1013,340,0,57.125,3656.0,3.6090819348469894,5.0,1013,0.02602397363125266,1665.5343124001702,1619.589385456356,45.94492694381528,0.009725216650168404,0.00038900866600673613,6.078260406355252e-06,0.1493107589277231,64
BLA-MAPPO,0,31744,495,496,358.96660266291246,5.608853166608007,0.7262330235882773,0.7262330235882773,1399,1016,388,0,59.375,3800.0,3.7401574803149606,5.0,1016,0.03056753672852863,1956.3223506258323,1906.2617940429122,50.060556582919475,0.011014247431807081,0.00044056989727228325,6.883904644879426e-06,0.14798411808158957,64
BLA-MAPPO,0,31808,496,497,365.49590092514165,5.710873451955338,0.7285613040396882,0.7285613040396882,1411,1028,382,0,61.234375,3919.0,3.812256809338521,6.0,1028,0.028710223214678872,1837.4542857394479,1787.3110908867855,50.14319485266223,0.01015207851555643,0.0004060831406222572,6.345049072222768e-06,0.14718697770467562,64
BLA-MAPPO,0,31872,497,498,371.9752077556392,5.812112621181862,0.7415891195418755,0.7415891195418755,1397,1036,367,0,60.203125,3853.0,3.719111969111969,5.0,1036,0.029076958298100048,1860.9253310784031,1811.9427366153172,48.98259446308625,0.010355483248938811,0.00041421932995755245,6.472177030586757e-06,0.1463265201080185,64
BLA-MAPPO,0,31936,498,499,390.65804337641566,6.104031927756495,0.7352742044685172,0.7352742044685172,1477,1086,379,0,65.09375,4166.0,3.8360957642725597,6.0,1086,0.03189055862642111,2040.9957520909509,1987.2009532549657,53.79479883598517,0.011377111901314694,0.0004550844760525877,7.110694938321683e-06,0.14518244322991847,64
BLA-MAPPO,0,32000,499,500,379.807456722891,5.934491511295172,0.7283437283437283,0.7283437283437283,1443,1051,367,0,64.328125,4117.0,3.9172216936251187,5.0,1051,0.02835017950758396,1814.4114884853734,1759.6769582282568,54.734530257116,0.00916452189887908,0.00036658087595516325,5.727826186799426e-06,0.14375338008393285,64
MAPPO,0,64,0,1,388.9645765070075,6.077571507921992,0.7454160789844851,0.7454160789844851,1418,1057,295,0,50.96875,3262.0,3.0860927152317883,5.0,1057,0.032254524765620865,2064.2895849997353,2026.2709218455805,38.018663154154325,0.01833357379726181,0.0007333429518904724,1.145848362328863e-05,0.3518646086633258,64
MAPPO,0,128,1,2,399.68321288053414,6.245050201258346,0.793205317577548,0.793205317577548,1354,1074,283,0,53.265625,3409.0,3.1741154562383613,5.0,1074,0.03138620280363488,2008.7169794326326,1969.7665154945598,38.95046393807182,0.017011981094564203,0.0006804792437825681,1.0632488184102627e-05,0.34799224180281235,64
MAPPO,0,192,2,3,400.3468121128368,6.255418939263075,0.7810480976310122,0.7810480976310122,1393,1088,301,0,53.375,3416.0,3.139705882352941,5.0,1088,0.03484583010489496,2230.1331267132778,2191.5457821909977,38.58734452228,0.019460977752443206,0.0007784391100977283,1.2163111095277004e-05,0.34411994857226064,64
MAPPO,0,256,3,4,410.8642397978796,6.419753746841868,0.7800421644413211,0.7800421644413211,1423,1110,302,0,54.546875,3491.0,3.145045045045045,5.0,1110,0.032655029307862744,2089.921875703216,2051.8312106945077,38.09066500870825,0.0178746179885699,0.000714984719542796,1.1171636242856188e-05,0.34043616299587365,64
MAPPO,0,320,4,5,439.94239135403603,6.874099864906813,0.8196491228070175,0.8196491228070175,1425,1168,278,0,58.375,3736.0,3.1986301369863015,5.0,1168,0.03356034197257974,2147.8618862451035,2108.0996136611075,39.76227258399661,0.0192775815864836,0.000771103263459344,1.204848849155225e-05,0.33657786686330965,64
MAPPO,0,384,5,6,419.17798823567364,6.549656066182401,0.7794729542302358,0.7794729542302358,1442,1124,289,0,54.265625,3473.0,3.0898576512455516,5.0,1124,0.03331934945004564,2132.4383648029207,2094.914688884105,37.52367591881517,0.018498254302223193,0.0007399301720889277,1.1561408938889496e-05,0.33277059011366705,64
MAPPO,0,448,6,7,428.77395306370477,6.699593016620387,0.8057705840957072,0.8057705840957072,1421,1145,291,0,55.4375,3548.0,3.098689956331878,5.0,1145,0.03502758074496827,2241.765167677969,2205.6426862681883,36.122481409781265,0.018657912559147442,0.0007463165023658977,1.1661195349467152e-05,0.32897293418497353,64
MAPPO,0,512,7,8,405.15832088654577,6.330598763852278,0.7786421499292786,0.7786421499292786,1414,1101,309,0,55.140625,3529.0,3.2052679382379656,5.0,1101,0.03393399923719461,2171.775951180455,2131.4702144434486,40.3057367370058,0.018284524076784547,0.0007313809630713819,1.1427827547990342e-05,0.32529968843738566,64
MAPPO,0,576,8,9,414.11219812958996,6.470503095774843,0.7640677966101694,0.7640677966101694,1475,1127,331,0,56.109375,3591.0,3.186335403726708,5.0,1127,0.031339050576639056,2005.6992369048994,1965.3094074287321,40.3898294761669,0.01723918820287244,0.0006895675281148976,1.0774492626795275e-05,0.3213576654644389,64
MAPPO,0,640,9,10,424.42507375266587,6.631641777385404,0.8006993006993007,0.8006993006993007,1430,1145,306,0,58.046875,3715.0,3.2445414847161573,5.0,1145,0.03316028463516861,2122.258216650791,2081.6857909694745,40.57242568131719,0.019085031499685292,0.0007634012599874117,1.1928144687303308e-05,0.3178226501726211,64
MAPPO,0,704,10,11,429.23209829430544,6.706751535848523,0.8109452736318408,0.8109452736318408,1407,1141,281,0,56.8125,3636.0,3.186678352322524,5.0,1141,0.031635354465124124,2024.662685767944,1985.4561130969628,39.20657267098112,0.017385366731549574,0.000695414669261983,1.0865854207218484e-05,0.3154426312487897,64
MAPPO,0,768,11,12,406.38778049803705,6.349809070281829,0.782051282051282,0.782051282051282,1404,1098,293,0,54.84375,3510.0,3.19672131147541,5.0,1098,0.033881711321672614,2168.429524587047,2128.901483549898,39.52804103715009,0.019376863683465834,0.0007750745473386333,1.2110539802166146e-05,0.31403479866998507,64
MAPPO,0,832,12,13,427.016826858891,6.672137919670172,0.7877747252747253,0.7877747252747253,1456,1147,298,0,57.578125,3685.0,3.212728857890148,5.0,1147,0.034185337384628416,2187.861592616219,2147.1816266307205,40.67996598549811,0.018694200821054458,0.0007477680328421783,1.1683875513159036e-05,0.31269602239585226,64
MAPPO,0,896,13,14,443.20796607222803,6.925124469878563,0.807928913192071,0.807928913192071,1463,1182,291,0,59.015625,3777.0,3.1954314720812182,5.0,1182,0.03492471316003852,2235.1816422424654,2195.645260092483,39.53638214998266,0.019949280464514028,0.0007979712185805611,1.2468300290321267e-05,0.31116232787410697,64
MAPPO,0,960,14,15,425.30062012516464,6.6453221894556975,0.7908587257617729,0.7908587257617729,1444,1142,298,0,57.328125,3669.0,3.212784588441331,5.0,1142,0.0343412790020038,2197.8418561282433,2158.611794495944,39.23006163229848,0.018410403288284465,0.0007364161315313786,1.150650205517779e-05,0.3104007584886669,64
MAPPO,0,1024,15,16,399.07703739205107,6.235578709250798,0.7774607703281027,0.7774607703281027,1402,1090,311,0,54.125,3464.0,3.1779816513761467,5.0,1090,0.03228768647006672,2066.41193408427,2026.907301481814,39.50463260245581,0.01932998164175609,0.0007731992656702435,1.2081238526097555e-05,0.31039862185347683,64
MAPPO,0,1088,16,17,427.01873101252295,6.672167672070671,0.7923611111111111,0.7923611111111111,1440,1141,291,0,57.671875,3691.0,3.2348816827344433,5.0,1141,0.030493321184267206,1951.5725557931012,1908.2775285100768,43.29502728302293,0.017181666063584518,0.0006872666425433808,1.0738541289740325e-05,0.31005419188241723,64
MAPPO,0,1152,17,18,398.99456402350825,6.234290062867316,0.7947406866325786,0.7947406866325786,1369,1088,308,0,55.890625,3577.0,3.2876838235294117,5.0,1088,0.032200422800361235,2060.8270592231192,2021.1308700549541,39.69618916816568,0.019680196024111304,0.0007872078409644521,1.2300122515069564e-05,0.3094896060359813,64
MAPPO,0,1216,18,19,395.1588647176585,6.174357261213414,0.7738693467336684,0.7738693467336684,1393,1078,305,0,54.40625,3482.0,3.230055658627087,5.0,1078,0.03163990474510819,2024.953903686924,1984.3233267938733,40.63057689305108,0.01906279844462227,0.0007625119377848908,1.1914249027888918e-05,0.30948017691888824,64
MAPPO,0,1280,19,20,408.8754962281774,6.388679628565272,0.7708764665286404,0.7708764665286404,1449,1117,321,0,57.796875,3699.0,3.3115487914055506,5.0,1117,0.030209900823208923,1933.433652685371,1889.111081595105,44.32257109026633,0.01863891782765001,0.0007455567131060003,1.1649323642281255e-05,0.3099878151663574,64
MAPPO,0,1344,20,21,382.29703725021557,5.973391207034618,0.7567375886524823,0.7567375886524823,1410,1067,350,0,55.96875,3582.0,3.357075913776945,5.0,1067,0.029074774997529897,1860.7855998419134,1817.3455547894755,43.44004505243817,0.017719250750119667,0.0007087700300047867,1.1074531718824792e-05,0.31051907532793066,64
MAPPO,0,1408,21,22,378.7682158273175,5.918253372301836,0.731081081081081,0.731081081081081,1480,1082,392,0,59.625,3816.0,3.5268022181146024,5.0,1082,0.03388867418424706,2168.875147791812,2120.173423889708,48.7017239021044,0.0206953954908145,0.00082781581963258,1.2934622181759062e-05,0.3108267370515205,64
MAPPO,0,1472,22,23,386.48609530266856,6.038845239104196,0.7793462109955424,0.7793462109955424,1346,1049,297,0,56.265625,3601.0,3.432793136320305,5.0,1049,0.025572992421893547,1636.6715150011871,1594.0809890923515,42.59052590883576,0.015830175209385733,0.0006332070083754294,9.893859505866084e-06,0.3107022437867708,64
MAPPO,0,1536,23,24,401.4672801988048,6.272926253106325,0.772027972027972,0.772027972027972,1430,1104,323,0,60.765625,3889.0,3.522644927536232,5.0,1104,0.03148836401362643,2015.2552968720915,1967.7447979749154,47.51049889717599,0.020197211412113947,0.0008078884564845579,1.2623257132571218e-05,0.31024722866653476,64
MAPPO,0,1600,24,25,369.15981426687176,5.768122097919871,0.7487401007919366,0.7487401007919366,1389,1040,357,0,57.828125,3701.0,3.558653846153846,5.0,1040,0.027808392551539246,1779.7371232985117,1733.9180627416624,45.81906055684973,0.017306388965418775,0.000692255558616751,1.0816493103386734e-05,0.30955462798563294,64
MAPPO,0,1664,25,26,361.5430792018427,5.649110612528792,0.7417461482024945,0.7417461482024945,1363,1011,335,0,55.78125,3570.0,3.5311572700296736,5.0,1011,0.026457410689706907,1693.274284141242,1647.8222499464819,45.4520341947607,0.016440199342365232,0.0006576079736946094,1.0275124588978271e-05,0.30933796445269623,64
MAPPO,0,1728,26,27,353.8027215100136,5.528167523593963,0.735357917570499,0.735357917570499,1383,1017,379,0,57.3125,3668.0,3.606686332350049,5.0,1017,0.027783815424874132,1778.1641871919444,1730.128403599562,48.035783592381684,0.018056998584813345,0.0007222799433925338,1.1285624115508341e-05,0.30899735988201793,64
MAPPO,0,1792,27,28,374.88499899430224,5.8575781092859724,0.7433751743375174,0.7433751743375174,1434,1066,377,0,59.78125,3826.0,3.5891181988742966,5.0,1066,0.028235500687397604,1807.0720439934466,1760.3925454493651,46.67949854408196,0.019098028416601163,0.0007639211366640465,1.1936267760375726e-05,0.30837688044203404,64
MAPPO,0,1856,28,29,382.72493912230357,5.980077173785993,0.7470300489168413,0.7470300489168413,1431,1069,359,0,60.390625,3865.0,3.6155285313376986,5.0,1069,0.0275419486766429,1762.6847153051458,1714.772472864145,47.912242441000444,0.016318717245347225,0.000652748689813889,1.0199198278342016e-05,0.3074388682086747,64
MAPPO,0,1920,29,30,364.57787669296465,5.696529323327573,0.7341411261582323,0.7341411261582323,1403,1030,356,0,57.296875,3667.0,3.5601941747572816,5.0,1030,0.029095399459575698,1862.1055654128447,1815.6315414077185,46.47402400512719,0.017673516347139092,0.0007069406538855636,1.1045947716961932e-05,0.306149907003586,64
MAPPO,0,1984,30,31,358.5926345398435,5.603009914685055,0.7412280701754386,0.7412280701754386,1368,1014,361,0,58.125,3720.0,3.668639053254438,5.0,1014,0.028574041632229936,1828.7386644627159,1780.1384950157378,48.600169446978136,0.015409442277135291,0.0006163776910854116,9.630901423209557e-06,0.3045681589938768,64
MAPPO,0,2048,31,32,354.3533319450007,5.536770811640636,0.7201704545454546,0.7201704545454546,1408,1014,383,0,58.265625,3729.0,3.6775147928994083,5.0,1014,0.028147467397667613,1801.4379134507271,1751.592456761812,49.84545668891459,0.015557085435337294,0.0006222834174134917,9.723178397085808e-06,0.30264760415450637,64
MAPPO,0,2112,32,33,352.9042770572079,5.514129329018873,0.7257264351523742,0.7257264351523742,1411,1024,405,0,60.234375,3855.0,3.7646484375,5.0,1024,0.03156338103966868,2020.0563865387953,1969.0454765493569,51.01090998943797,0.017235518433994967,0.0006894207373597987,1.0772199021246855e-05,0.300982820448922,64
MAPPO,0,2176,33,34,401.25298694967466,6.269577921088667,0.749667994687915,0.749667994687915,1506,1129,378,0,65.546875,4195.0,3.7156775907883084,5.0,1129,0.036479641357662136,2334.697046890377,2281.1494100428886,53.54763684748799,0.020908820822315422,0.0008363528328926169,1.306801301394714e-05,0.2999068758726591,64
MAPPO,0,2240,34,35,396.06663277293967,6.188541137077182,0.7536032944406315,0.7536032944406315,1457,1098,346,0,61.828125,3957.0,3.6038251366120218,5.0,1098,0.02910634143572468,1862.8058518863795,1812.9407747798853,49.865077106493686,0.017867092889672503,0.0007146837155869002,1.1166933056045316e-05,0.2985231116893763,64
MAPPO,0,2304,35,36,371.9763787782126,5.812130918409572,0.7731029301277235,0.7731029301277235,1331,1029,311,0,56.03125,3586.0,3.4849368318756073,5.0,1029,0.028655328751075647,1833.9410400688414,1790.8604401104176,43.08059995842443,0.018921195509145318,0.0007568478203658127,1.1825747193215823e-05,0.2967703539792616,64
MAPPO,0,2368,36,37,376.11388737525874,5.876779490238418,0.7736411020104245,0.7736411020104245,1343,1039,323,0,57.4375,3676.0,3.538017324350337,5.0,1039,0.028626307555698536,1832.0836835647062,1787.8392486647863,44.24443489991971,0.016934966411851073,0.0006773986564740429,1.0584354007406921e-05,0.2959822245200645,64
MAPPO,0,2432,37,38,382.6706904143236,5.979229537723806,0.7482468443197756,0.7482468443197756,1426,1067,339,0,57.5,3680.0,3.4489222118088096,5.0,1067,0.0316847536916739,2027.82423626713,1982.3354998526383,45.48873641449218,0.019342178216937445,0.0007736871286774978,1.2088861385585903e-05,0.2954086194414104,64
MAPPO,0,2496,38,39,387.4824905634375,6.054413915053711,0.7682838522809559,0.7682838522809559,1381,1061,304,0,55.875,3576.0,3.3704052780395855,5.0,1061,0.02951073685306906,1888.6871585964197,1846.2978233979616,42.38933519845787,0.018887860622178874,0.000755514424887155,1.1804912888861796e-05,0.2946274183887253,64
MAPPO,0,2560,39,40,405.4458200297077,6.335090937964183,0.7841625788367204,0.7841625788367204,1427,1119,336,0,58.890625,3769.0,3.3681858802502234,5.0,1119,0.03250153354010793,2080.0981465669074,2036.0664156906398,44.031730876267495,0.02043323880654196,0.0008173295522616784,1.2770774254088726e-05,0.2935113564729239,64
MAPPO,0,2624,40,41,402.5468580825514,6.289794657539866,0.775654635527247,0.775654635527247,1413,1096,304,0,57.875,3704.0,3.3795620437956204,5.0,1096,0.029809429825769004,1907.8035088492163,1864.4815048995883,43.32200394962802,0.01949434267759736,0.0007797737071038945,1.2183964173498352e-05,0.2921497645659897,64
MAPPO,0,2688,41,42,401.26292962854046,6.269733275445945,0.7680555555555556,0.7680555555555556,1440,1106,324,0,61.703125,3949.0,3.5705244122965643,5.0,1106,0.03243172833263739,2075.630613288793,2027.8270059326444,47.80360735614955,0.021475339145198388,0.0008590135658079355,1.3422086965748992e-05,0.2904218115435877,64
MAPPO,0,2752,42,43,378.3057872662556,5.911027926035244,0.7542735042735043,0.7542735042735043,1404,1059,346,0,59.484375,3807.0,3.594900849858357,5.0,1059,0.029015003494156442,1856.9602236260123,1809.969178102054,46.99104552395875,0.0186826591154716,0.000747306364618864,1.167666194716975e-05,0.28837919461088124,64
MAPPO,0,2816,43,44,369.9502400752678,5.780472501176059,0.7496392496392497,0.7496392496392497,1386,1039,346,0,58.578125,3749.0,3.60827718960539,5.0,1039,0.028026185769627582,1793.6758892561652,1747.3620167383958,46.3138725177702,0.01809380821096522,0.0007237523284386088,1.1308630131853263e-05,0.28616049564999757,64
MAPPO,0,2880,44,45,352.772811325211,5.512075176956422,0.7212885154061625,0.7212885154061625,1428,1030,411,0,60.734375,3887.0,3.7737864077669903,5.0,1030,0.030349656795218078,1942.378034893957,1889.6178444913483,52.76019040260766,0.018505385369388377,0.000740215414775535,1.1565865855867734e-05,0.2844306372835502,64
MAPPO,0,2944,45,46,340.07091313025614,5.313608017660252,0.7179115300942712,0.7179115300942712,1379,990,388,0,57.3125,3668.0,3.705050505050505,5.0,990,0.02957085657065225,1892.534820521744,1842.5722550414607,49.96256548028337,0.018093414647649075,0.0007237365859059631,1.1308384154780673e-05,0.2824248219058311,64
MAPPO,0,3008,46,47,373.0148874233946,5.828357615990541,0.7469793887704336,0.7469793887704336,1407,1051,359,0,59.5625,3812.0,3.6270218839200763,5.0,1051,0.029429904370932326,1883.513879739669,1836.2996068716755,47.2142728679939,0.018037684255361987,0.0007215073702144794,1.1273552659601241e-05,0.2801711579749272,64
MAPPO,0,3072,47,48,371.92479459466716,5.811324915541674,0.7487473156764496,0.7487473156764496,1397,1046,348,0,58.171875,3723.0,3.5592734225621414,5.0,1046,0.028267072698795012,1809.0926527228808,1761.8522180987209,47.24043462416058,0.01875225701437452,0.0007500902805749808,1.1720160633984075e-05,0.2776577750076348,64
MAPPO,0,3136,48,49,381.8711710057222,5.966737046964409,0.7670043415340086,0.7670043415340086,1382,1060,322,0,58.84375,3766.0,3.5528301886792453,5.0,1060,0.02983105012087424,1909.1872077359512,1864.8029295949505,44.38427814100066,0.020764850916701227,0.0008305940366680491,1.2978031822938267e-05,0.27492341350574917,64
MAPPO,0,3200,49,50,374.8424759673827,5.856913686990355,0.74,0.74,1450,1073,387,0,57.890625,3705.0,3.4529356943150047,5.0,1073,0.0315130098580195,2016.8326309132476,1971.8363329385602,44.99629797468836,0.020029975719340436,0.0008011990287736174,1.2518734824587772e-05,0.27197789214586215,64
MAPPO,0,3264,50,51,384.4410085137077,6.006890758026683,0.774264705882353,0.774264705882353,1360,1053,301,0,57.25,3664.0,3.479582146248813,5.0,1053,0.029568674716037496,1892.3951818263997,1848.5895584764944,43.805623349905595,0.01886348611369778,0.0007545394445479111,1.1789678821061111e-05,0.268828483421093,64
MAPPO,0,3328,51,52,416.5808062112437,6.509075097050683,0.7771701982228298,0.7771701982228298,1463,1137,317,0,62.140625,3977.0,3.4978012313104663,5.0,1137,0.03209989972339316,2054.393582297162,2007.5774244457511,46.816157851410594,0.020959690092534376,0.000838387603701375,1.3099806307833985e-05,0.26554145831575104,64
MAPPO,0,3392,52,53,385.8674622288985,6.029179097326539,0.7598591549295775,0.7598591549295775,1420,1079,346,0,60.609375,3879.0,3.5949953660797034,5.0,1079,0.031465629267216765,2013.8002731018728,1966.4241382944417,47.37613480743037,0.020474524284915877,0.0008189809713966351,1.2796577678072423e-05,0.2621073086013894,64
MAPPO,0,3456,53,54,362.5210901417207,5.664392033464386,0.7243055555555555,0.7243055555555555,1440,1043,397,0,58.953125,3773.0,3.61744966442953,5.0,1043,0.028984476479320447,1855.0064946765085,1805.4774707979034,49.5290238786055,0.01717552198586979,0.0006870208794347917,1.073470124116862e-05,0.2584315654981234,64
MAPPO,0,3520,54,55,386.04201438423,6.031906474753594,0.7607621736062103,0.7607621736062103,1417,1078,348,0,61.28125,3922.0,3.6382189239332097,5.0,1078,0.031593599647624974,2021.9903774479985,1975.0146145135693,46.97576293442912,0.019560390394870758,0.0007824156157948303,1.2225243996794224e-05,0.2546432043235272,64
MAPPO,0,3584,55,56,358.1260153258072,5.5957189894657375,0.7387190684133915,0.7387190684133915,1374,1015,358,0,58.40625,3738.0,3.682758620689655,5.0,1015,0.03016218713144618,1930.3799764125556,1884.2271801106447,46.15279630191093,0.017388590220233237,0.0006955436088093295,1.0867868887645774e-05,0.251318025552868,64
MAPPO,0,3648,56,57,349.22136447100274,5.456583819859418,0.7305433186490455,0.7305433186490455,1362,995,364,0,55.296875,3539.0,3.55678391959799,5.0,995,0.02936880951458232,1879.6038089332685,1835.0836397633022,44.520169169965634,0.01621058427255851,0.0006484233709023404,1.0131615170349069e-05,0.24843518213115404,64
MAPPO,0,3712,57,58,368.34016235591525,5.755315036811176,0.7389127324749643,0.7389127324749643,1398,1033,353,0,58.625,3752.0,3.6321393998063893,5.0,1033,0.027818360614518676,1780.3750793291952,1734.1185471991396,46.25653213005488,0.01575729849775086,0.0006302919399100344,9.848311561094288e-06,0.2453525855078526,64
MAPPO,0,3776,58,59,383.33304721364937,5.989578862713271,0.7650471356055112,0.7650471356055112,1379,1055,327,0,59.78125,3826.0,3.6265402843601895,5.0,1055,0.029706023745709256,1901.1855197253924,1853.7042962709772,47.48122345441581,0.015520502553238884,0.0006208201021295554,9.700314095774303e-06,0.2421163664834466,64
MAPPO,0,3840,59,60,371.2492073424359,5.800768864725561,0.7602941176470588,0.7602941176470588,1360,1034,340,0,55.921875,3579.0,3.4613152804642167,5.0,1034,0.028683543612222362,1835.7467911822312,1792.317348128745,43.4294430534869,0.01592639511636401,0.0006370558046545604,9.953996947727506e-06,0.2387251386398114,64
MAPPO,0,3904,60,61,387.4424688678861,6.05378857606072,0.7610241820768137,0.7610241820768137,1406,1070,341,0,58.953125,3773.0,3.5261682242990653,5.0,1070,0.03008959846992293,1925.7343020750675,1879.6311111926286,46.103190882438234,0.015295642742563575,0.000611825709702543,9.559776714102235e-06,0.2352720179303029,64
MAPPO,0,3968,61,62,395.49182269132336,6.179559729551928,0.7662616154395997,0.7662616154395997,1399,1072,308,0,56.375,3608.0,3.3656716417910446,5.0,1072,0.029563956326443826,1892.0932048924049,1848.7847827593075,43.30842213309702,0.014741632581994664,0.0005896653032797866,9.213520363746665e-06,0.2316787790929972,64
MAPPO,0,4032,62,63,430.59689178858275,6.7280764341966055,0.7886178861788617,0.7886178861788617,1476,1164,325,0,60.71875,3886.0,3.338487972508591,5.0,1164,0.03399565514614894,2175.7219293535322,2132.77501726021,42.9469120933222,0.017017794269773838,0.0006807117707909535,1.0636121418608648e-05,0.22817008550288023,64
MAPPO,0,4096,63,64,397.98531435256905,6.218520536758891,0.7909896602658789,0.7909896602658789,1354,1071,294,0,54.375,3480.0,3.249299719887955,5.0,1071,0.03152564619119435,2017.6413562364382,1978.786937324577,38.854418911860506,0.01483959496577373,0.0005935837986309492,9.274746853608581e-06,0.2246295406345146,64
MAPPO,0,4160,64,65,391.86462667452923,6.122884791789519,0.768451519536903,0.768451519536903,1382,1062,301,0,55.5625,3556.0,3.3483992467043313,5.0,1062,0.031345034209256044,2006.0821893923867,1964.8416223043773,41.24056708800905,0.015482793870060983,0.0006193117548024393,9.676746168788114e-06,0.2208303078308859,64
MAPPO,0,4224,65,66,390.7164363466819,6.104944317916905,0.7554157931516422,0.7554157931516422,1431,1081,348,0,57.75,3696.0,3.4190564292321923,5.0,1081,0.03206724044509164,2052.303388485865,2007.5959175734563,44.70747091240798,0.01563249676996198,0.0006252998707984792,9.770310481226237e-06,0.21700853857177457,64
MAPPO,0,4288,66,67,381.8113904390946,5.9658029756108535,0.7482369534555712,0.7482369534555712,1418,1061,356,0,57.421875,3675.0,3.463713477851084,5.0,1061,0.03071947307446756,1966.046276765924,1920.5822792020306,45.46399756389339,0.014188030876300276,0.000567521235052011,8.867519297687672e-06,0.21318785122445105,64
MAPPO,0,4352,67,68,390.00372614468347,6.093808221010679,0.7631205673758865,0.7631205673758865,1410,1076,346,0,59.796875,3827.0,3.556691449814126,5.0,1076,0.03168878766920928,2028.0824108293941,1982.5361974810169,45.54621334837688,0.014713538699702837,0.0005885415479881135,9.195961687314273e-06,0.20992579215893625,64
MAPPO,0,4416,68,69,376.25485903541437,5.8789821724283495,0.7505438723712835,0.7505438723712835,1379,1035,336,0,56.3125,3604.0,3.482125603864734,5.0,1035,0.0271666669524831,1738.6666849589183,1693.9075666859019,44.75911827301644,0.012030091182629106,0.00048120364730516426,7.5188069891431915e-06,0.20652817541601404,64
MAPPO,0,4480,69,70,411.2757846632315,6.426184135362992,0.7597315436241611,0.7597315436241611,1490,1132,362,0,60.78125,3890.0,3.4363957597173145,5.0,1132,0.03304890156485092,2115.129700150459,2068.892637036753,46.23706311370614,0.014916560514980998,0.0005966624205992399,9.322850321863123e-06,0.20293915636610485,64
MAPPO,0,4544,70,71,375.9343603747417,5.873974380855339,0.7385159010600707,0.7385159010600707,1415,1045,354,0,55.96875,3582.0,3.427751196172249,5.0,1045,0.030128044260393463,1928.1948326651816,1883.553259134864,44.64157353031746,0.01331941884237527,0.0005327767536950108,8.324636776484544e-06,0.19955605149747974,64
MAPPO,0,4608,71,72,406.0941882001822,6.345221690627847,0.7859725234996384,0.7859725234996384,1383,1087,300,0,56.53125,3618.0,3.328426862925483,5.0,1087,0.02984905105780277,1910.3392676993774,1867.2126487603389,43.126618939038394,0.012116832816116379,0.00048467331264465515,7.573020510072737e-06,0.19626353624021695,64
MAPPO,0,4672,72,73,410.8208345861299,6.419075540408279,0.7963898916967509,0.7963898916967509,1385,1103,307,0,58.171875,3723.0,3.3753399818676337,5.0,1103,0.03193327975627193,2043.7299044014035,2002.0264784164553,41.70342598494699,0.013339773737876308,0.0005335909495150523,8.337358586172693e-06,0.19272596567574243,64
MAPPO,0,4736,73,74,394.69254920498247,6.167071081327851,0.7774524158125915,0.7774524158125915,1366,1062,298,0,54.171875,3467.0,3.2645951035781544,5.0,1062,0.03236696928104307,2071.486033986757,2030.9177832960215,40.56825069073538,0.013164113842565564,0.0005265645537026226,8.227571151603478e-06,0.18922903271568942,64
MAPPO,0,4800,74,75,432.00397838618574,6.750062162284152,0.7919556171983356,0.7919556171983356,1442,1142,290,0,57.875,3704.0,3.2434325744308232,5.0,1142,0.033776355674464,2161.686763165696,2120.8415178929863,40.84524527270896,0.012965974042088496,0.0005186389616835399,8.10373377630531e-06,0.18600249782122658,64
MAPPO,0,4864,75,76,414.37336720899856,6.4745838626406025,0.7846481876332623,0.7846481876332623,1407,1104,296,0,55.59375,3558.0,3.222826086956522,5.0,1104,0.033307665965536984,2131.690621794367,2093.7947438647493,37.89587792961688,0.012466445358430306,0.0004986578143372123,7.791528349018941e-06,0.18264893732166682,64
MAPPO,0,4928,76,77,407.6732161185806,6.369894001852822,0.7951719092904169,0.7951719092904169,1367,1087,299,0,53.96875,3454.0,3.177552897884085,5.0,1087,0.02972227051530633,1902.2253129796052,1863.215322122996,39.00999085660926,0.011082526628814477,0.0004433010651525791,6.926579143009048e-06,0.17907823413275414,64
MAPPO,0,4992,77,78,410.2875703247795,6.41074328632468,0.7722143864598026,0.7722143864598026,1418,1095,298,0,55.046875,3523.0,3.217351598173516,5.0,1095,0.03226965528909761,2065.257938502247,2026.0343725738608,39.22356592838608,0.01225375755639594,0.0004901503022558376,7.658598472747463e-06,0.17538096136564774,64
MAPPO,0,5056,78,79,455.32813964152285,7.114502181898795,0.8269096005606167,0.8269096005606167,1427,1180,261,0,58.875,3768.0,3.1932203389830507,5.0,1180,0.034190258106294814,2188.176518802868,2150.6041657962646,37.57235300660382,0.012604122021749212,0.0005041648808699685,7.877576263593258e-06,0.17159746763867462,64
MAPPO,0,5120,79,80,420.7080781948477,6.573563721794495,0.7876230661040787,0.7876230661040787,1422,1120,300,0,54.453125,3485.0,3.111607142857143,5.0,1120,0.03342068882102587,2138.9240845456557,2101.6206149420627,37.30346960359226,0.0123197384590619,0.000492789538362476,7.699836536913688e-06,0.16784189798373256,64
MAPPO,0,5184,80,81,426.73266379826043,6.667697871847819,0.7949260042283298,0.7949260042283298,1419,1128,291,0,55.28125,3538.0,3.1365248226950353,5.0,1128,0.03383194916268394,2165.244746411772,2128.492460012075,36.75228639969749,0.011972934473154413,0.0004789173789261765,7.483084045721508e-06,0.16405346279451863,64
MAPPO,0,5248,81,82,420.1703890389713,6.565162328733926,0.7961511047754811,0.7961511047754811,1403,1117,300,0,54.484375,3487.0,3.1217547000895256,5.0,1117,0.03438252298488104,2200.4814710323863,2164.0489668465457,36.432504185840635,0.012100295289998474,0.00048401181159993896,7.562684556249046e-06,0.16046525187921865,64
MAPPO,0,5312,82,83,400.3199160415535,6.254998688149273,0.7763157894736842,0.7763157894736842,1368,1062,281,0,50.703125,3245.0,3.0555555555555554,5.0,1062,0.034264586682491056,2192.9335476794276,2157.578132392741,35.355415286686934,0.011323079554569024,0.000452923182182761,7.076924721605641e-06,0.15776603234068332,64
MAPPO,0,5376,83,84,424.5118028715247,6.632996919867574,0.812002892263196,0.812002892263196,1383,1123,290,0,53.8125,3444.0,3.066785396260018,5.0,1123,0.036227193606090925,2318.5403907898194,2284.897078781983,33.64331200783583,0.011958877063680607,0.0004783550825472243,7.4742981648003795e-06,0.1557975670650332,64
MAPPO,0,5440,84,85,409.89387783456993,6.404591841165155,0.7757274662881476,0.7757274662881476,1409,1093,303,0,52.625,3368.0,3.0814272644098812,5.0,1093,0.03369517072528173,2156.4909264180305,2120.9488182126734,35.542108205358545,0.010904667841314289,0.0004361867136525716,6.815417400821431e-06,0.1552231665544196,64
MAPPO,0,5504,85,86,423.18834668687,6.612317916982343,0.7989877078814173,0.7989877078814173,1383,1105,265,0,51.21875,3278.0,2.9665158371040725,5.0,1105,0.031238780947887037,1999.2819806647703,1965.3388069129371,33.943173751833434,0.010310199860439727,0.00041240799441758907,6.443874912774829e-06,0.154456208916092,64
MAPPO,0,5568,86,87,424.14520277302756,6.627268793328556,0.8053352559480894,0.8053352559480894,1387,1117,287,0,55.609375,3559.0,3.186213070725157,5.0,1117,0.03482972853039731,2229.1026259454275,2191.2884098180457,37.814216127381464,0.011230542832473277,0.00044922171329893107,7.019089270295798e-06,0.1536947684154754,64
MAPPO,0,5632,87,88,434.9396531995717,6.795932081243308,0.7913223140495868,0.7913223140495868,1452,1149,304,0,57.171875,3659.0,3.184508268059182,5.0,1149,0.032870431049241394,2103.7075871514494,2064.7418619598216,38.96572519162788,0.010175095377606034,0.00040700381510424134,6.359434611003771e-06,0.1527783990911863,64
MAPPO,0,5696,88,89,404.493651653514,6.320213307086156,0.7811594202898551,0.7811594202898551,1380,1078,300,0,53.203125,3405.0,3.1586270871985156,5.0,1078,0.030788063897641018,1970.436089449025,1933.8000372171293,36.63605223189539,0.0098095536735762,0.00039238214694304805,6.130971045985126e-06,0.15164713289098977,64
MAPPO,0,5760,89,90,426.7101427046445,6.6673459797600705,0.793661971830986,0.793661971830986,1420,1127,294,0,56.0,3584.0,3.1801242236024843,5.0,1127,0.035190931756563876,2252.219632420088,2213.5647075582374,38.65492486185093,0.010628971803358858,0.0004251588721343543,6.643107377099286e-06,0.15035812002445947,64
MAPPO,0,5824,90,91,420.29518964298603,6.567112338171657,0.8026315789473685,0.8026315789473685,1368,1098,267,0,54.265625,3473.0,3.163023679417122,5.0,1098,0.031715198727771496,2029.7727185773758,1990.9736151210968,38.79910345627898,0.009683589126024239,0.0003873435650409696,6.05224320376515e-06,0.14890003983443748,64
MAPPO,0,5888,91,92,412.5430060495851,6.445984469524767,0.7886710239651417,0.7886710239651417,1377,1086,282,0,51.890625,3321.0,3.0580110497237567,5.0,1086,0.030395101850280284,1945.2865184179382,1909.426164693053,35.86035372488497,0.009514018522577945,0.00038056074090311783,5.946261576611216e-06,0.1472683762765839,64
MAPPO,0,5952,92,93,455.55581598479796,7.118059624762468,0.7978793903247183,0.7978793903247183,1509,1204,319,0,58.609375,3751.0,3.1154485049833887,5.0,1204,0.03984002130286041,2549.761363383066,2510.22994435821,39.531419024856724,0.01175594725232932,0.0004702378900931728,7.347467032705825e-06,0.14677763697213797,64
MAPPO,0,6016,93,94,413.8886439404882,6.467010061570128,0.7829512893982808,0.7829512893982808,1396,1093,289,0,55.53125,3554.0,3.2516010978957,5.0,1093,0.02989689341343065,1913.4011784595616,1874.8356632233,38.56551523626099,0.009465036983112069,0.0003786014793244827,5.9156481144450425e-06,0.14674016010677088,64
MAPPO,0,6080,94,95,404.04157120040827,6.313149550006379,0.789860396767083,0.789860396767083,1361,1075,296,0,54.546875,3491.0,3.2474418604651163,5.0,1075,0.034331239854562164,2197.1993506919785,2158.721819257093,38.47753143488785,0.010434775404338742,0.00041739101617354967,6.521734627711714e-06,0.14636350997390823,64
MAPPO,0,6144,95,96,421.61026226140666,6.587660347834479,0.78125,0.78125,1440,1125,316,0,57.65625,3690.0,3.28,5.0,1125,0.03464228978536885,2217.1065462636066,2176.842565865111,40.26398039849556,0.010531864655109286,0.00042127458620437147,6.582415409443304e-06,0.14569103076686127,64
MAPPO,0,6208,96,97,416.70687965280547,6.5110449945750855,0.7787114845938375,0.7787114845938375,1428,1112,309,0,58.0,3712.0,3.338129496402878,5.0,1112,0.034111638680196794,2183.144875532595,2142.6468063205634,40.49806921203113,0.011000380213513275,0.000440015208540531,6.875237633445797e-06,0.14466435680280162,64
MAPPO,0,6272,97,98,387.91197220893747,6.061124565764648,0.7593659942363112,0.7593659942363112,1388,1054,330,0,55.4375,3548.0,3.366223908918406,5.0,1054,0.03356051217749457,2147.872779359652,2106.29144663533,41.581332724322976,0.010188540422944531,0.0004075416169177812,6.3678377643403315e-06,0.14383030665065483,64
MAPPO,0,6336,98,99,414.1076251087045,6.470431642323508,0.7636612021857924,0.7636612021857924,1464,1118,343,0,57.984375,3711.0,3.3193202146690517,5.0,1118,0.032860661599327275,2103.0823423569454,2061.7240701346846,41.35827222226101,0.010338546425526396,0.0004135418570210558,6.461591515953997e-06,0.14425121655363357,64
MAPPO,0,6400,99,100,408.0330402635079,6.375516254117311,0.8011869436201781,0.8011869436201781,1348,1080,287,0,56.65625,3626.0,3.3574074074074076,5.0,1080,0.030891178392996505,1977.0354171517763,1938.218395291594,38.81702186018232,0.010098137874840929,0.00040392551499363716,6.311336171775581e-06,0.14445710051041066,64
MAPPO,0,6464,100,101,386.2824346545066,6.035663041476665,0.7665684830633285,0.7665684830633285,1358,1041,310,0,54.875,3512.0,3.3736791546589817,5.0,1041,0.029521217448116515,1889.357916679457,1847.971198640326,41.38671803913164,0.0097651265207415,0.00039060506082965997,6.103204075463437e-06,0.1446462002708116,64
MAPPO,0,6528,101,102,416.16629676853955,6.5025983870084305,0.7779329608938548,0.7779329608938548,1432,1114,313,0,56.671875,3627.0,3.255834829443447,5.0,1114,0.0334631730772235,2141.6430769423037,2101.835156567327,39.80792037497756,0.011581360640114363,0.0004632544256045745,7.2383504000714765e-06,0.1453382883200976,64
MAPPO,0,6592,102,103,416.6773291926125,6.51058326863457,0.772038567493113,0.772038567493113,1452,1121,330,0,57.8125,3700.0,3.3006244424620874,5.0,1121,0.03338300424607456,2136.5122717487716,2094.9058111251943,41.60646062357779,0.010888739829036464,0.00043554959316145856,6.80546239314779e-06,0.1457418494032376,64
MAPPO,0,6656,103,104,397.1356843629631,6.2052450681712985,0.7545201668984701,0.7545201668984701,1438,1085,348,0,57.328125,3669.0,3.3815668202764977,5.0,1085,0.03279624791908531,2098.95986682146,2056.4072625021468,42.5526043193132,0.011105514888439567,0.0004442205955375827,6.940946805274729e-06,0.14574891159036343,64
MAPPO,0,6720,104,105,429.3953841800161,6.7093028778127515,0.8096935138987883,0.8096935138987883,1403,1136,293,0,59.109375,3783.0,3.330105633802817,5.0,1136,0.03552004257070287,2273.2827245249837,2232.723037481506,40.559687043477446,0.012336735174441317,0.0004934694069776527,7.710459484025824e-06,0.14595084122128243,64
MAPPO,0,6784,105,106,383.02736076627457,5.98480251197304,0.7608217168011738,0.7608217168011738,1363,1037,313,0,53.375,3416.0,3.2941176470588234,5.0,1037,0.03157896767615539,2021.0539312739447,1981.3178810283482,39.73605024559619,0.011003625657392055,0.00044014502629568223,6.877266035870035e-06,0.14673104058134318,64
MAPPO,0,6848,106,107,412.9084903856378,6.45169516227559,0.7762973352033661,0.7762973352033661,1426,1107,316,0,57.546875,3683.0,3.3270099367660344,5.0,1107,0.03317182750606612,2122.996960388232,2079.991406658294,43.00555372993751,0.011105396618883143,0.0004442158647553257,6.940872886801964e-06,0.1479122233093902,64
MAPPO,0,6912,107,108,384.00165884810974,6.000025919501715,0.786042944785276,0.786042944785276,1304,1025,288,0,53.140625,3401.0,3.3180487804878047,5.0,1025,0.029163050644564925,1866.4352412521553,1827.929893341289,38.50534791086661,0.009404004890533774,0.00037616019562135094,5.877503056583608e-06,0.14885478008667452,64
MAPPO,0,6976,108,109,377.37029873037454,5.896410917662102,0.7463872832369942,0.7463872832369942,1384,1033,334,0,54.46875,3486.0,3.3746369796708615,5.0,1033,0.03128903666940386,2002.498346841847,1960.3352826126156,42.163064229231566,0.010574813303216288,0.00042299253212865155,6.60925831451018e-06,0.14934437042080284,64
MAPPO,0,7040,109,110,420.95601195661845,6.577437686822163,0.7858642407277817,0.7858642407277817,1429,1123,310,0,57.734375,3695.0,3.290293855743544,5.0,1123,0.03425573018516947,2192.366731850846,2151.0121613701904,41.3545704806546,0.011722569918530244,0.00046890279674120973,7.326606199081402e-06,0.14967931183435604,64
MAPPO,0,7104,110,111,406.526894150559,6.351982721102484,0.7893586005830904,0.7893586005830904,1372,1083,300,0,54.890625,3513.0,3.2437673130193905,5.0,1083,0.030420264619849993,1946.8969356703997,1907.7157107348623,39.181224935537436,0.010190416960110974,0.00040761667840443893,6.369010600069358e-06,0.14962036253264083,64
MAPPO,0,7168,111,112,388.73885398669836,6.074044593542162,0.7665937272064187,0.7665937272064187,1371,1051,315,0,52.484375,3359.0,3.1960038058991436,5.0,1051,0.029934993093011293,1915.8395579527228,1876.2499985141503,39.5895594385722,0.010843572789239097,0.0004337429115695639,6.777232993274436e-06,0.1491510126359685,64
MAPPO,0,7232,112,113,420.84518911392155,6.575706079905024,0.7833099579242637,0.7833099579242637,1426,1117,295,0,57.875,3704.0,3.3160250671441363,5.0,1117,0.03461570261980078,2215.40496766725,2175.084058841678,40.32090882557134,0.012331694184836622,0.0004932677673934649,7.707308865522889e-06,0.14870995557903072,64
MAPPO,0,7296,113,114,418.23724522558797,6.534956956649812,0.7777008310249307,0.7777008310249307,1444,1123,320,0,57.15625,3658.0,3.257346393588602,5.0,1123,0.035335553724589915,2261.4754383737545,2219.389140057566,42.086298316189605,0.011901025655258017,0.00047604102621032066,7.43814103453626e-06,0.14925282880120752,64
MAPPO,0,7360,114,115,384.2856055830034,6.004462587234428,0.7634252539912917,0.7634252539912917,1378,1052,337,0,52.875,3384.0,3.216730038022814,5.0,1052,0.03107742226485642,1988.9550249508109,1949.8308183333063,39.12420661750414,0.011485582887147572,0.0004594233154859029,7.178489304467233e-06,0.15025234384025726,64
MAPPO,0,7424,115,116,427.6838985411722,6.682560914705816,0.7941176470588235,0.7941176470588235,1428,1134,299,0,57.359375,3671.0,3.2372134038800704,5.0,1134,0.03241012226077152,2074.2478246893775,2034.315421153422,39.93240353595591,0.011810235697452409,0.0004724094278980964,7.381397310907756e-06,0.15087502011531329,64
MAPPO,0,7488,116,117,410.37883568254915,6.4121693075398305,0.7799858055358411,0.7799858055358411,1409,1099,306,0,56.796875,3635.0,3.307552320291174,5.0,1099,0.03227877913229956,2065.841864467172,2023.548856739028,42.29300772814381,0.012284865858443347,0.0004913946343377338,7.678041161527091e-06,0.15170159676128395,64
MAPPO,0,7552,117,118,407.8090837814342,6.372016934084909,0.8014814814814815,0.8014814814814815,1350,1082,283,0,53.59375,3430.0,3.1700554528650646,5.0,1082,0.03231482580793382,2068.1488517077646,2030.4756002101985,37.673251497565474,0.012245565898666834,0.0004898226359466734,7.653478686666771e-06,0.15288642902083388,64
MAPPO,0,7616,118,119,425.1410554935523,6.642828992086755,0.7870563674321504,0.7870563674321504,1437,1131,299,0,54.9375,3516.0,3.1087533156498672,5.0,1131,0.03345094950399095,2140.8607682554207,2103.0513643955014,37.80940385991935,0.012767695294132114,0.0005107078117652846,7.979809558832571e-06,0.15375744992583468,64
MAPPO,0,7680,119,120,408.59803371405303,6.384344276782079,0.799405646359584,0.799405646359584,1346,1076,266,0,51.703125,3309.0,3.075278810408922,5.0,1076,0.030846924864090238,1974.2031913017752,1938.8263785220092,35.37681277976605,0.011788666410839513,0.00047154665643358055,7.367916506774696e-06,0.154467898011252,64
MAPPO,0,7744,120,121,400.834531980202,6.263039562190656,0.784,0.784,1375,1078,300,0,50.890625,3257.0,3.0213358070500926,5.0,1078,0.034855253457662154,2230.7362212903777,2195.280686697068,35.45553459331037,0.014067164454026929,0.0005626865781610771,8.79197778376683e-06,0.1556573006330295,64
MAPPO,0,7808,121,122,420.8063100909641,6.575098595171314,0.8042059463379261,0.8042059463379261,1379,1109,271,0,52.859375,3383.0,3.0504959422903517,5.0,1109,0.0327706371761986,2097.3207792767107,2061.774045844755,35.54673343195555,0.013286808607757945,0.0005314723443103178,8.304255379848716e-06,0.15678614780910838,64
MAPPO,0,7872,122,123,418.7968967282169,6.543701511378389,0.780965710286914,0.780965710286914,1429,1116,295,0,54.421875,3483.0,3.120967741935484,5.0,1116,0.03649074938759767,2335.407960806251,2297.514120194725,37.89384061152676,0.013914711350372056,0.0005565884540148822,8.696694593982535e-06,0.15756223551325121,64
MAPPO,0,7936,123,124,447.42115075027783,6.990955480473091,0.8297413793103449,0.8297413793103449,1392,1155,235,0,53.96875,3454.0,2.9904761904761905,5.0,1155,0.03377674987556171,2161.711992035949,2127.1185690149505,34.59342302099846,0.014026954037480471,0.0005610781614992188,8.766846273425295e-06,0.15798635547467274,64
MAPPO,0,8000,124,125,452.8668005506896,7.076043758604525,0.8189300411522634,0.8189300411522634,1458,1194,284,0,55.078125,3525.0,2.9522613065326633,5.0,1194,0.04034143385877008,2581.851766961285,2549.9031585029957,31.94860845828922,0.016754351059143434,0.0006701740423657374,1.0471469411964647e-05,0.15888991550251558,64
MAPPO,0,8064,125,126,438.7032070377235,6.854737609964429,0.8146828225231646,0.8146828225231646,1403,1143,248,0,51.6875,3308.0,2.89413823272091,5.0,1143,0.038356139812912575,2454.7929480264047,2423.292482492577,31.500465533828738,0.015669239022642455,0.0006267695609056982,9.793274389151534e-06,0.15994432305812334,64
MAPPO,0,8128,126,127,445.97181606638617,6.968309626037284,0.8371757925072046,0.8371757925072046,1388,1162,251,0,50.609375,3239.0,2.787435456110155,5.0,1162,0.03908798845853697,2501.631261346366,2472.4763997095993,29.154861636766512,0.016173242080839787,0.0006469296832335914,1.0108276300524866e-05,0.16064077353666006,64
MAPPO,0,8192,127,128,416.97689032361495,6.515263911306484,0.7970909090909091,0.7970909090909091,1375,1096,252,0,48.28125,3090.0,2.8193430656934306,5.0,1096,0.03578482317968356,2290.228683499748,2261.085697280607,29.142986219140827,0.015708101726241378,0.0006283240690496551,9.81756357890086e-06,0.16087849822535438,64
MAPPO,0,8256,128,129,428.2892282602432,6.6920191915663,0.8134005763688761,0.8134005763688761,1388,1129,267,0,49.140625,3145.0,2.7856510186005314,5.0,1129,0.037496124019811825,2399.7519372679567,2369.0485637884144,30.703373479541316,0.015803628896437383,0.0006321451558574953,9.877268060273364e-06,0.16089442319841651,64
MAPPO,0,8320,129,130,446.886106523187,6.982595414424797,0.8288352272727273,0.8288352272727273,1408,1167,249,0,51.828125,3317.0,2.842330762639246,5.0,1167,0.040490394433265006,2591.38524372896,2562.9995803495613,28.38566337939836,0.01811063584791851,0.0007244254339167404,1.131914740494907e-05,0.16056491701376438,64
MAPPO,0,8384,130,131,436.93868258031364,6.827166915317401,0.8306451612903226,0.8306451612903226,1364,1133,234,0,49.34375,3158.0,2.787290379523389,5.0,1133,0.036320164812856486,2324.490548022815,2294.649069268009,29.84147875480543,0.016073013650946807,0.0006429205460378723,1.0045633531841755e-05,0.160004036052045,64
MAPPO,0,8448,131,132,422.06285847018313,6.594732163596611,0.7965981573352232,0.7965981573352232,1411,1124,282,0,50.109375,3207.0,2.8532028469750887,5.0,1124,0.03789544282695882,2425.3083409253645,2393.223250354275,32.08509057108932,0.017101983163803416,0.0006840793265521367,1.0688739477377135e-05,0.15897350798700624,64
MAPPO,0,8512,132,133,427.97683682184487,6.687138075341326,0.8031272210376688,0.8031272210376688,1407,1130,267,0,51.3125,3284.0,2.9061946902654867,5.0,1130,0.03776930652738795,2417.2356177528286,2385.3548744375385,31.880743315290086,0.017214904361731287,0.0006885961744692515,1.0759315226082055e-05,0.1580444452187793,64
MAPPO,0,8576,133,134,423.6949213425903,6.6202331459779735,0.8143582306018854,0.8143582306018854,1379,1123,268,0,51.40625,3290.0,2.929652715939448,5.0,1123,0.03649755217132294,2335.843338964668,2304.172472377461,31.670866587207247,0.017940948322156453,0.0007176379328862581,1.1213092701347782e-05,0.15912601968724224,64
MAPPO,0,8640,134,135,440.70416932753034,6.8860026457426615,0.8044537230340988,0.8044537230340988,1437,1156,259,0,54.453125,3485.0,3.014705882352941,5.0,1156,0.03560092441334666,2278.4591624541863,2243.7609537729268,34.698208681260475,0.0167012233582562,0.000668048934330248,1.0438264598910125e-05,0.16036581363689456,64
MAPPO,0,8704,135,136,418.7211787337022,6.5425184177140965,0.7954545454545454,0.7954545454545454,1408,1120,292,0,54.84375,3510.0,3.1339285714285716,5.0,1120,0.03425037687414906,2192.0241199455395,2154.074693288367,37.94942665717243,0.01626640614435132,0.0006506562457740528,1.0166503840219575e-05,0.16129054095342465,64
MAPPO,0,8768,136,137,410.8695419840648,6.419836593501013,0.8082901554404145,0.8082901554404145,1351,1092,278,0,52.78125,3378.0,3.0934065934065935,5.0,1092,0.03144376652818276,2012.4010578036964,1975.6955769304348,36.7054808732621,0.01443807619241838,0.0005775230476967352,9.023797620261487e-06,0.16170981150889704,64
MAPPO,0,8832,137,138,402.7448879772328,6.292888874644262,0.7657342657342657,0.7657342657342657,1430,1095,320,0,54.234375,3471.0,3.16986301369863,5.0,1095,0.034579233054297005,2213.0709154750084,2174.4767746555026,38.59414081950503,0.01590133567142191,0.0006360534268568764,9.938334794638693e-06,0.1617753120122073,64
MAPPO,0,8896,138,139,401.3876954839396,6.271682741936556,0.7658979734451432,0.7658979734451432,1431,1096,335,0,52.828125,3381.0,3.08485401459854,5.0,1096,0.031247084293023645,1999.8133947535132,1961.668876400733,38.144518352779414,0.013939670118914626,0.000557586804756585,8.712293824321641e-06,0.16231585379275912,64
MAPPO,0,8960,139,140,409.36597811072915,6.396343407980143,0.8002936857562408,0.8002936857562408,1362,1090,280,0,52.453125,3357.0,3.0798165137614677,5.0,1090,0.03307036858704235,2116.50358957071,2081.163929698188,35.339659872521935,0.014686464121262831,0.0005874585648505133,9.17904007578927e-06,0.16277087116743214,64
MAPPO,0,9024,140,141,445.86838628043506,6.966693535631798,0.8151494093120223,0.8151494093120223,1439,1173,272,0,57.109375,3655.0,3.1159420289855073,5.0,1173,0.03721480562986945,2381.747560311645,2344.6093983126566,37.1381619989882,0.01679282443420852,0.0006717129773683409,1.0495515271380326e-05,0.16375024027273302,64
MAPPO,0,9088,141,142,388.8039008195948,6.0750609503061686,0.7825112107623319,0.7825112107623319,1338,1047,295,0,51.390625,3289.0,3.1413562559694364,5.0,1047,0.029000783576765488,1856.0501489129913,1818.4271153059983,37.62303360699324,0.012906935883912079,0.0005162774353564832,8.06683492744505e-06,0.16467528201282705,64
MAPPO,0,9152,142,143,410.731620451811,6.417681569559547,0.7889048991354467,0.7889048991354467,1388,1095,287,0,55.6875,3564.0,3.254794520547945,5.0,1095,0.032211596936918704,2061.542203962797,2021.7536004331573,39.788603529641115,0.014007514554510362,0.0005603005821804145,8.754696596568976e-06,0.16514901380452457,64
MAPPO,0,9216,143,144,405.1791054358247,6.330923522434761,0.7761938702779758,0.7761938702779758,1403,1089,305,0,55.25,3536.0,3.247015610651974,5.0,1089,0.030963818425168092,1981.684379210758,1942.284185047271,39.40019416348699,0.012888537934409909,0.0005155415173763964,8.055336209006194e-06,0.16528629927012634,64
MAPPO,0,9280,144,145,381.0216686730066,5.953463573015728,0.731690622861054,0.731690622861054,1461,1069,380,0,56.3125,3604.0,3.371375116931712,5.0,1069,0.030561433663170587,1955.9317544429175,1910.886198703767,45.04555573915112,0.013594839186935943,0.0005437935674774378,8.496774491834965e-06,0.1651099344946712,64
MAPPO,0,9344,145,146,377.26055516241576,5.894696174412746,0.763448784082535,0.763448784082535,1357,1036,331,0,54.328125,3477.0,3.356177606177606,5.0,1036,0.029738562798321124,1903.2680190925519,1860.8593570843916,42.408662008160555,0.012588582629700142,0.0005035433051880057,7.867864143562589e-06,0.16499079603379666,64
MAPPO,0,9408,146,147,402.03195755790574,6.281749336842277,0.7676553672316384,0.7676553672316384,1416,1087,323,0,57.453125,3677.0,3.3827046918123274,5.0,1087,0.028913605510325624,1850.47075266084,1807.7617531053934,42.708999555446766,0.01164089134693705,0.00046563565387748205,7.275557091835657e-06,0.16512564062378846,64
MAPPO,0,9472,147,148,396.94503934199776,6.202266239718715,0.7700573065902578,0.7700573065902578,1396,1075,319,0,55.046875,3523.0,3.2772093023255815,5.0,1075,0.02885526319776609,1846.73684465703,1805.2698354624065,41.46700919462356,0.012061314267430446,0.00048245257069721786,7.538321417144029e-06,0.1650447500026237,64
MAPPO,0,9536,148,149,411.2892520010237,6.426394562515996,0.782608695652174,0.782608695652174,1403,1098,296,0,55.5625,3556.0,3.238615664845173,5.0,1098,0.031214394913311714,1997.7212744519497,1958.166383731213,39.55489072073696,0.012609781732481095,0.0005043912692992438,7.881113582800684e-06,0.16466469929569455,64
MAPPO,0,9600,149,150,437.7024533457453,6.8391008335272705,0.8163841807909604,0.8163841807909604,1416,1156,283,0,58.15625,3722.0,3.2197231833910034,5.0,1156,0.03514497162608144,2249.2781840692123,2211.1487116125445,38.129472456669205,0.01475947564503632,0.0005903790258014528,9.2246722781477e-06,0.16412222152665068,64
MAPPO,0,9664,150,151,429.5095539967491,6.711086781199205,0.8113342898134863,0.8113342898134863,1394,1131,271,0,55.640625,3561.0,3.1485411140583555,5.0,1131,0.0344083529287932,2202.1345874427648,2166.270222860525,35.86436458224037,0.01444901379738327,0.0005779605518953308,9.030633623364544e-06,0.16324005559990296,64
MAPPO,0,9728,151,152,409.37176314107364,6.396433799079276,0.7775408670931059,0.7775408670931059,1407,1094,298,0,52.703125,3373.0,3.083180987202925,5.0,1094,0.031127043289188853,1992.1307705080867,1956.0744283082636,36.05634219982336,0.01243495394858235,0.000497398157943294,7.771846217863969e-06,0.1620973514463917,64
MAPPO,0,9792,152,153,384.42214001647125,6.006595937757363,0.7817220543806647,0.7817220543806647,1324,1035,300,0,52.359375,3351.0,3.2376811594202897,5.0,1035,0.029523405291057913,1889.4979386277064,1850.4312554787307,39.06668314897627,0.011413700117811513,0.0004565480047124605,7.133562573632195e-06,0.16041896106757114,64
MAPPO,0,9856,153,154,392.32413931273925,6.130064676761551,0.7618364418938307,0.7618364418938307,1394,1062,317,0,56.15625,3594.0,3.384180790960452,5.0,1062,0.031963230841238394,2045.646773839257,2003.0734338289453,42.57334001031116,0.01189096700123416,0.0004756386800493664,7.43185437577135e-06,0.1586628891933479,64
MAPPO,0,9920,154,155,380.98055860110617,5.952821228142284,0.7738095238095238,0.7738095238095238,1344,1040,326,0,52.21875,3342.0,3.2134615384615386,5.0,1040,0.031174100409176324,1995.1424261872849,1958.2372523631389,36.905173824146935,0.011916990396767259,0.0004766796158706903,7.448118997979536e-06,0.15751083589762135,64
MAPPO,0,9984,155,156,385.15695107328236,6.018077360520037,0.7462897526501767,0.7462897526501767,1415,1056,340,0,54.65625,3498.0,3.3125,5.0,1056,0.032353030323744376,2070.59394071964,2029.03098030466,41.56296041498037,0.011615279445472566,0.00046461117781890264,7.259549653420354e-06,0.1568601916770971,64
MAPPO,0,10048,156,157,421.9270095964638,6.592609524944747,0.7985663082437277,0.7985663082437277,1395,1114,284,0,55.265625,3537.0,3.175044883303411,5.0,1114,0.03152655730888375,2017.69966776856,1980.25281433705,37.446853431510426,0.011667973237798746,0.00046671892951194986,7.2924832736242165e-06,0.1559869680555731,64
MAPPO,0,10112,157,158,438.9407135514231,6.8584486492409855,0.8072625698324022,0.8072625698324022,1432,1156,284,0,56.625,3624.0,3.134948096885813,5.0,1156,0.036818084345365494,2356.3573981033915,2320.2426140886014,36.11478401478994,0.013502506200424837,0.0005401002480169935,8.439066375265524e-06,0.15487381795774274,64
MAPPO,0,10176,158,159,429.73289889560317,6.7145765452437995,0.8018400566171267,0.8018400566171267,1413,1133,283,0,55.78125,3570.0,3.150926743159753,5.0,1133,0.03543749001640179,2267.9993610497145,2230.840949840979,37.15841120873554,0.013407716246971794,0.0005363086498788717,8.37982265435737e-06,0.1535767741771935,64
MAPPO,0,10240,159,160,390.43149332023944,6.100492083128741,0.7896735003796507,0.7896735003796507,1317,1040,282,0,49.921875,3195.0,3.0721153846153846,5.0,1040,0.03147555260723764,2014.4353668632089,1981.055836764887,33.37953009832218,0.010809902957606289,0.0004323961183042516,6.756189348503931e-06,0.15230730879132634,64
MAPPO,0,10304,160,161,410.59205393507466,6.4155008427355416,0.8008915304606241,0.8008915304606241,1346,1078,261,0,50.859375,3255.0,3.0194805194805197,5.0,1078,0.03337521819296549,2136.0139643497914,2103.8258337485154,32.18813060127548,0.011915288905372337,0.00047661155621489353,7.447055565857711e-06,0.15131197399738897,64
MAPPO,0,10368,161,162,424.2511222324073,6.628923784881364,0.8141592920353983,0.8141592920353983,1356,1104,250,0,52.078125,3333.0,3.0190217391304346,5.0,1104,0.03291799936461338,2106.7519593352563,2074.765849861533,31.986109473724056,0.011704942397482971,0.00046819769589931886,7.315588998426857e-06,0.15004893339638692,64
MAPPO,0,10432,162,163,457.91068724674903,7.154854488230454,0.8287719298245614,0.8287719298245614,1425,1181,245,0,55.125,3528.0,2.987298899237934,5.0,1181,0.03688738191470896,2360.7924425413735,2327.9637570421314,32.82868549924366,0.013166726455761068,0.0005266690582304427,8.229204034850668e-06,0.14886567131556117,64
MAPPO,0,10496,163,164,465.6870312750966,7.276359863673385,0.8173854447439353,0.8173854447439353,1484,1213,266,0,57.140625,3657.0,3.0148392415498764,5.0,1213,0.04232630052346702,2708.883233501889,2674.191070711954,34.69216278993515,0.01563899146075476,0.0006255596584301903,9.774369662971723e-06,0.14838345438646372,64
MAPPO,0,10560,164,165,443.99942897996686,6.937491077811982,0.8041237113402062,0.8041237113402062,1455,1170,287,0,55.875,3576.0,3.056410256410256,5.0,1170,0.03885213875837447,2486.536880535966,2451.631113687851,34.905766848115434,0.014482269953523742,0.0005792907981409497,9.051418720952339e-06,0.14787443625539293,64
MAPPO,0,10624,165,166,447.6822747536436,6.995035543025681,0.8203508771929825,0.8203508771929825,1425,1169,273,0,54.875,3512.0,3.004277159965783,5.0,1169,0.03804327324408551,2434.7694876214728,2401.1055624943933,33.66392512708049,0.013213416011424964,0.0005285366404569985,8.258385007140602e-06,0.14784381397722124,64
MAPPO,0,10688,166,167,414.6569478083015,6.479014809504711,0.8094523630907727,0.8094523630907727,1333,1079,244,0,49.875,3192.0,2.958294717330862,5.0,1079,0.03379320020550155,2162.764813152099,2130.943999586264,31.820813565835984,0.011840332486106896,0.00047361329944427586,7.40020780381681e-06,0.14772542753803708,64
MAPPO,0,10752,167,168,440.39636812823835,6.881193252003724,0.8046057222609909,0.8046057222609909,1433,1153,272,0,54.78125,3506.0,3.0407632263660016,5.0,1153,0.03682178815650168,2356.5944420161077,2322.023661829573,34.570780186533625,0.013071222201628359,0.0005228488880651344,8.169513876017724e-06,0.1473586880913738,64
MAPPO,0,10816,168,169,438.6171704545543,6.853393288352411,0.8106382978723404,0.8106382978723404,1410,1143,263,0,54.984375,3519.0,3.078740157480315,5.0,1143,0.03692399355090206,2363.135587257732,2329.3270365804233,33.80855067730727,0.012166601959830499,0.00048666407839321996,7.604126224894062e-06,0.14759209596987205,64
MAPPO,0,10880,169,170,489.96912771252426,7.6557676205081915,0.8469871360866622,0.8469871360866622,1477,1251,241,0,59.15625,3786.0,3.026378896882494,5.0,1251,0.03965097110894304,2537.6621509723545,2503.987181622146,33.67496935020885,0.012862903308742285,0.0005145161323496914,8.039314567963929e-06,0.14801256189928286,64
MAPPO,0,10944,170,171,432.8336628604382,6.763025982194347,0.7883817427385892,0.7883817427385892,1446,1140,287,0,52.75,3376.0,2.9614035087719297,5.0,1140,0.03766478701361029,2410.546368871059,2376.7897459766705,33.75662289438871,0.011996880079747807,0.00047987520318991227,7.498050049842379e-06,0.148206246381205,64
MAPPO,0,11008,171,172,439.34940758697013,6.864834493546408,0.8171428571428572,0.8171428571428572,1400,1144,265,0,52.09375,3334.0,2.914335664335664,5.0,1144,0.03695652837997653,2365.217816318498,2331.5108200492373,33.70699626926002,0.011641404525876104,0.00046565618103504416,7.275877828672565e-06,0.1481373570257995,64
MAPPO,0,11072,172,173,459.39908907526507,7.178110766801017,0.7955439056356488,0.7955439056356488,1526,1214,306,0,58.78125,3762.0,3.098846787479407,5.0,1214,0.043971264700849166,2814.160940854347,2775.77545498861,38.38548586573698,0.014197479963364784,0.0005678991985345914,8.87342497710299e-06,0.1479127947468002,64
MAPPO,0,11136,173,174,453.2027262964281,7.0812925983816895,0.819001386962552,0.819001386962552,1442,1181,276,0,55.015625,3521.0,2.9813717188823032,5.0,1181,0.03659217683576595,2341.8993174890206,2308.1517943469194,33.74752314210198,0.011700370457572442,0.00046801481830289766,7.312731535982776e-06,0.1474536231289063,64
MAPPO,0,11200,174,175,438.7246123604613,6.855072068132208,0.7988904299583911,0.7988904299583911,1442,1152,289,0,56.578125,3621.0,3.1432291666666665,5.0,1152,0.03534775424916487,2262.256271946552,2224.2577014164467,37.99857053010495,0.010975884492338358,0.0004390353796935343,6.859927807711474e-06,0.14650603131702744,64
MAPPO,0,11264,175,176,449.9622740883184,7.030660532629975,0.8112033195020747,0.8112033195020747,1446,1173,278,0,55.65625,3562.0,3.0366581415174765,5.0,1173,0.03738652769234347,2392.737772309982,2357.0243116890447,35.713460620938335,0.011348180391193495,0.0004539272156477398,7.0926127444959345e-06,0.14533050451490853,64
MAPPO,0,11328,176,177,427.6810525424552,6.682516445975862,0.8018731988472623,0.8018731988472623,1388,1113,260,0,53.765625,3441.0,3.091644204851752,5.0,1113,0.032853434494619305,2102.6198076556357,2065.9258928057698,36.693914849866204,0.010153089050576812,0.0004061235620230725,6.345680656610508e-06,0.14440180977376182,64
MAPPO,0,11392,177,178,409.10599265663666,6.392281135259948,0.7804005722460658,0.7804005722460658,1398,1091,303,0,53.359375,3415.0,3.130155820348304,5.0,1091,0.03482352857317543,2228.7058286832275,2191.2498908621624,37.45593782106587,0.010830256034235009,0.00043321024136940033,6.76891002139688e-06,0.14367171000782852,64
MAPPO,0,11456,178,179,413.8930916501938,6.467079557034278,0.7960670065549891,0.7960670065549891,1373,1093,289,0,55.390625,3545.0,3.243366880146386,5.0,1093,0.03149850052026009,2015.9040332966456,1976.398972376135,39.505060920510566,0.009456429619248296,0.00037825718476993184,5.910268512030185e-06,0.14246581368539862,64
MAPPO,0,11520,179,180,394.56555242866375,6.165086756697871,0.7579843860894251,0.7579843860894251,1409,1068,328,0,57.53125,3682.0,3.447565543071161,5.0,1068,0.031366528994609406,2007.4578556550018,1962.9861364705898,44.471719184411604,0.009783262581742596,0.00039133050326970386,6.114539113589123e-06,0.14098116294092755,64
MAPPO,0,11584,180,181,414.538632452202,6.477166132065657,0.7690179806362379,0.7690179806362379,1446,1112,323,0,57.25,3664.0,3.2949640287769784,5.0,1112,0.03478754014766855,2226.4025694507873,2184.31766699152,42.08490245926803,0.010749799580919733,0.00042999198323678936,6.718624738074834e-06,0.13983501961874695,64
MAPPO,0,11648,181,182,428.32177369386477,6.692527713966637,0.8031272210376688,0.8031272210376688,1407,1130,292,0,58.15625,3722.0,3.2938053097345135,5.0,1130,0.037405464581842206,2393.949733237901,2354.9184989491387,39.031234288764225,0.0111796446713826,0.000447185786855304,6.987277919614125e-06,0.13880835672170852,64
MAPPO,0,11712,182,183,417.1932152769243,6.5186439887019425,0.7877927608232789,0.7877927608232789,1409,1110,304,0,55.9375,3580.0,3.225225225225225,5.0,1110,0.0351331882286542,2248.524046633869,2209.238475927237,39.28557070663178,0.011017394041466523,0.0004406957616586609,6.8858712759165766e-06,0.13837533475746222,64
MAPPO,0,11776,183,184,409.71150088245827,6.40174220128841,0.7614804660726525,0.7614804660726525,1459,1111,345,0,57.453125,3677.0,3.3096309630963097,5.0,1111,0.03306415989039799,2116.1062329854713,2074.142793303424,41.96343968204773,0.010156723858805092,0.0004062689543522037,6.347952411753183e-06,0.13766904965071977,64
MAPPO,0,11840,184,185,403.71862565367474,6.308103525838668,0.7676056338028169,0.7676056338028169,1420,1090,335,0,57.71875,3694.0,3.388990825688073,5.0,1090,0.030243070264866414,1935.5564969514505,1891.6399672398245,43.91652971162673,0.00956896163416821,0.0003827584653667284,5.9806010213551314e-06,0.13698296921127223,64
MAPPO,0,11904,185,186,396.7395645422673,6.199055695972927,0.7570422535211268,0.7570422535211268,1420,1075,337,0,58.359375,3735.0,3.474418604651163,5.0,1075,0.029511026328017186,1888.7056849930998,1843.779577129157,44.926107863942775,0.009122867338954586,0.00036491469355818347,5.701792086846617e-06,0.13696339665099955,64
MAPPO,0,11968,186,187,376.79337706600836,5.887396516656381,0.7596153846153846,0.7596153846153846,1352,1027,329,0,54.078125,3461.0,3.3700097370983446,5.0,1027,0.028708381328140624,1837.336405001,1796.0240538325945,41.31235116840479,0.009202155286718566,0.00036808621146874264,5.751347054199104e-06,0.13729640054776876,64
MAPPO,0,12032,187,188,384.81691006732683,6.012764219801982,0.762217359591539,0.762217359591539,1371,1045,329,0,55.96875,3582.0,3.427751196172249,5.0,1045,0.028676505098058715,1835.2963262757578,1791.3429559611398,43.95337031461694,0.008993921768620789,0.0003597568707448316,5.621201105387993e-06,0.13727918799599792,64
MAPPO,0,12096,188,189,397.65763398389765,6.213400530998401,0.7794010226442659,0.7794010226442659,1369,1067,310,0,55.484375,3551.0,3.3280224929709465,5.0,1067,0.030822716241669056,1972.6538394668196,1932.3313844859344,40.32245498088497,0.010254530767313,0.00041018123069251996,6.409081729570624e-06,0.13772653263863044,64
MAPPO,0,12160,189,190,416.2494059291229,6.503896967642545,0.7675378266850069,0.7675378266850069,1454,1116,324,0,57.546875,3683.0,3.300179211469534,5.0,1116,0.03210026738068816,2054.4171123640426,2010.843689169885,43.57342319415754,0.010212724819849042,0.0004085089927939617,6.382953012405652e-06,0.13833726717933037,64
MAPPO,0,12224,190,191,417.7521251251144,6.527376955079912,0.7919942816297355,0.7919942816297355,1399,1108,296,0,55.90625,3578.0,3.229241877256318,5.0,1108,0.032136072123526614,2056.7086159057035,2016.4263311304042,40.282284775299054,0.011082282422791058,0.0004432912969116423,6.926426514244411e-06,0.1393791410447235,64
MAPPO,0,12288,191,192,420.24940387460543,6.56639693554071,0.783157894736842,0.783157894736842,1425,1116,300,0,54.9375,3516.0,3.150537634408602,5.0,1116,0.03353413700984505,2146.184768630083,2108.554071330871,37.63069729921186,0.011134771489503509,0.00044539085958014035,6.959232180939693e-06,0.14048013913697213,64
MAPPO,0,12352,192,193,428.16434855025506,6.690067946097735,0.7835975189524466,0.7835975189524466,1451,1137,306,0,56.453125,3613.0,3.177660510114336,5.0,1137,0.03226197840062705,2064.7666176401312,2024.723044057938,40.04357358219276,0.011119853403325997,0.00044479413613303983,6.949908377078747e-06,0.1414011344881977,64
MAPPO,0,12416,193,194,404.73554493106406,6.323992889547876,0.7677329624478443,0.7677329624478443,1438,1104,346,0,56.6875,3628.0,3.286231884057971,5.0,1104,0.03476422116700778,2224.910154688498,2182.823489266011,42.08666542248693,0.011985411262462031,0.0004794164504984812,7.490882039038769e-06,0.14193511474430665,64
MAPPO,0,12480,194,195,445.35427034160335,6.958660474087552,0.8157524613220816,0.8157524613220816,1422,1160,268,0,58.140625,3721.0,3.2077586206896553,5.0,1160,0.034163928488354284,2186.4914232546744,2147.3698475284136,39.12157572626285,0.011566889101639662,0.00046267556406558646,7.2293056885247884e-06,0.14206618279758731,64
MAPPO,0,12544,195,196,451.74495251641866,7.058514883069042,0.8021753908905507,0.8021753908905507,1471,1180,278,0,59.4375,3804.0,3.223728813559322,5.0,1180,0.03512370378877445,2247.9170424815647,2208.2067799744614,39.7102625071039,0.012492054975774073,0.0004996821990309629,7.807534359858796e-06,0.14193936217599357,64
MAPPO,0,12608,196,197,412.9947227634281,6.453042543178564,0.7966594045025418,0.7966594045025418,1377,1097,292,0,54.859375,3511.0,3.200546946216955,5.0,1097,0.032444938549382456,2076.476067160477,2037.2443419615952,39.23172519888213,0.011555134065088709,0.00046220536260354835,7.221958790680443e-06,0.1414956624626088,64
MAPPO,0,12672,197,198,399.17550956327193,6.237117336926124,0.7792397660818714,0.7792397660818714,1368,1066,293,0,54.171875,3467.0,3.25234521575985,5.0,1066,0.030193576474673873,1932.3888943791278,1893.1333341989844,39.255560180143725,0.011396167149901687,0.0004558466859960675,7.122604468688555e-06,0.14169888613756712,64
MAPPO,0,12736,198,199,436.71761620165864,6.823712753150916,0.79750346740638,0.79750346740638,1442,1150,285,0,55.890625,3577.0,3.1104347826086958,5.0,1150,0.033011953866220314,2112.7650474381003,2074.105868963931,38.659178474170396,0.0124549926845886,0.0004981997073835439,7.784370427867874e-06,0.1427519561961386,64
MAPPO,0,12800,199,200,459.3917615481268,7.177996274189481,0.8182437031994554,0.8182437031994554,1469,1202,282,0,59.421875,3803.0,3.1638935108153077,5.0,1202,0.03608353721535795,2309.346381782909,2269.1464047212644,40.199977061643416,0.013632775662719747,0.0005453110265087899,8.520484789199842e-06,0.1436615694039541,64
MAPPO,0,12864,200,201,441.5396530069455,6.899057078233524,0.7950651130911583,0.7950651130911583,1459,1160,285,0,58.125,3720.0,3.206896551724138,5.0,1160,0.03211375150952276,2055.2800966094565,2014.2338147929943,41.04628181646166,0.011930236579913335,0.0004772094631965334,7.4563978624458345e-06,0.14440434750340853,64
MAPPO,0,12928,201,202,442.44925711981614,6.913269642497127,0.8170212765957446,0.8170212765957446,1410,1152,264,0,55.515625,3553.0,3.084201388888889,5.0,1152,0.033233689243658084,2126.9561115941174,2090.7049231331953,36.25118846092237,0.012026481890221466,0.00048105927560885864,7.516551181388416e-06,0.14563508073120282,64
MAPPO,0,12992,202,203,461.1402274160663,7.205316053376036,0.8354430379746836,0.8354430379746836,1422,1188,246,0,54.953125,3517.0,2.9604377104377106,5.0,1188,0.034607898600959364,2214.9055104613994,2181.2275887353417,33.677921726057946,0.012635304241093001,0.0005054121696437201,7.897065150683126e-06,0.1465946348189545,64
MAPPO,0,13056,203,204,430.59216852737234,6.728002633240193,0.8044412607449857,0.8044412607449857,1396,1123,255,0,53.140625,3401.0,3.0284951024042743,5.0,1123,0.03401151257377901,2176.7368047218565,2141.8640778877543,34.87272683410261,0.012803630499277002,0.0005121452199710801,8.002269062048126e-06,0.14731869553360177,64
MAPPO,0,13120,204,205,428.7193718724371,6.698740185506829,0.8034066713981547,0.8034066713981547,1409,1132,284,0,53.296875,3411.0,3.0132508833922262,5.0,1132,0.034381029064898656,2200.385860153514,2165.0657813699695,35.32007878354382,0.013065141064885688,0.0005226056425954275,8.165713165553554e-06,0.148531440962917,64
MAPPO,0,13184,205,206,427.9863531199537,6.687286767499277,0.7859116022099447,0.7859116022099447,1448,1138,301,0,56.453125,3613.0,3.1748681898066784,5.0,1138,0.03415019425683131,2185.6124324372036,2146.434078027546,39.17835440965688,0.01308660861690283,0.0005234643446761132,8.17913038556427e-06,0.14975163463534327,64
MAPPO,0,13248,206,207,449.74731863062686,7.027301853603545,0.805593451568895,0.805593451568895,1466,1181,282,0,57.28125,3666.0,3.1041490262489417,5.0,1181,0.03588022148116225,2296.334174794384,2257.2121930234293,39.12198177095516,0.013575078795842263,0.0005430031518336905,8.484424247401414e-06,0.15069527464938334,64
MAPPO,0,13312,207,208,446.9895036149037,6.98421099398287,0.8283687943262411,0.8283687943262411,1410,1168,268,0,56.078125,3589.0,3.07277397260274,5.0,1168,0.03661156463585653,2343.140136694818,2309.0782825330493,34.06185416176866,0.01408211726515764,0.0005632846906063056,8.801323290723525e-06,0.15130453699301866,64
MAPPO,0,13376,208,209,442.55955736441047,6.9149930838189135,0.793640054127199,0.793640054127199,1478,1173,300,0,54.8125,3508.0,2.990622335890878,5.0,1173,0.03714710412183244,2377.4146637972763,2341.2359117770334,36.17875202024448,0.01389676725766292,0.0005558706903065168,8.685479536039325e-06,0.15217384387739277,64
MAPPO,0,13440,209,210,426.1493195582842,6.658583118098191,0.8181818181818182,0.8181818181818182,1364,1116,265,0,52.625,3368.0,3.017921146953405,5.0,1116,0.03221381192637954,2061.68396328829,2028.016390866146,33.667572422144914,0.01206254561947135,0.00048250182477885397,7.539091012169593e-06,0.15317207218552012,64
MAPPO,0,13504,210,211,416.8773630777596,6.5137087980899935,0.7964731814842028,0.7964731814842028,1361,1084,241,0,51.453125,3293.0,3.0378228782287824,5.0,1084,0.03066099127923516,1962.3034418710504,1927.6392594564245,34.66418241462776,0.01217241155010385,0.000486896462004154,7.6077572188149065e-06,0.15367105644788343,64
MAPPO,0,13568,211,212,444.05208160319927,6.938313775049989,0.8312993539124193,0.8312993539124193,1393,1158,260,0,53.8125,3444.0,2.9740932642487046,5.0,1158,0.03525299315991387,2256.1915622344877,2223.8391729007008,32.352389333786924,0.01389612606347477,0.0005558450425389908,8.685078789671731e-06,0.15392179225544297,64
MAPPO,0,13632,212,213,452.60582482428697,7.071966012879484,0.8059499661933739,0.8059499661933739,1479,1192,288,0,58.40625,3738.0,3.1359060402684564,5.0,1192,0.035663325485357986,2282.452831062911,2243.993381762655,38.45944930025626,0.014573922220980902,0.0005829568888392361,9.108701388113064e-06,0.15388651627037594,64
MAPPO,0,13696,213,214,416.62211309788006,6.509720517154376,0.788722341184868,0.788722341184868,1401,1105,283,0,54.671875,3499.0,3.1665158371040723,5.0,1105,0.032304156985870525,2067.4660470957137,2030.126964876302,37.33908221941165,0.01335670376000968,0.0005342681504003872,8.34793985000605e-06,0.15347285390943016,64
MAPPO,0,13760,214,215,418.6064901422425,6.540726408472539,0.812035661218425,0.812035661218425,1346,1093,245,0,52.015625,3329.0,3.0457456541628547,5.0,1093,0.031371699313118825,2007.7887560396048,1974.4512167508562,33.33753928874789,0.013629749430005783,0.0005451899772002313,8.518593393753614e-06,0.15259058569411404,64
MAPPO,0,13824,215,216,463.90685793219774,7.24854465519059,0.8414035087719298,0.8414035087719298,1425,1199,245,0,55.203125,3533.0,2.946622185154295,5.0,1199,0.036462478777254045,2333.598641744259,2301.2151328999535,32.38350884430433,0.015794445439238133,0.0006317778175695252,9.871528399523832e-06,0.15153615666545306,64
MAPPO,0,13888,216,217,468.3398208077346,7.317809700120853,0.8436185133239832,0.8436185133239832,1426,1203,222,0,55.640625,3561.0,2.960099750623441,5.0,1203,0.03974564174191805,2543.721071482755,2512.336723850487,31.384347632268675,0.01752013274346138,0.0007008053097384551,1.0950082964663361e-05,0.15037575686466187,64
MAPPO,0,13952,217,218,454.7997026853154,7.1062453544580535,0.8302687411598303,0.8302687411598303,1414,1174,232,0,53.59375,3430.0,2.921635434412266,5.0,1174,0.037732200238142104,2414.8608152410948,2382.9137901542585,31.947025086836124,0.016411208409255293,0.0006564483363702116,1.0257005255784557e-05,0.14988188648606496,64
MAPPO,0,14016,218,219,430.0337014774054,6.719276585584459,0.8117816091954023,0.8117816091954023,1392,1130,265,0,54.359375,3479.0,3.078761061946903,5.0,1130,0.03507520852848173,2244.8133458228303,2210.3089955941086,34.50435022872235,0.015423746422467414,0.0006169498568986965,9.639841514042133e-06,0.15077652617921722,64
MAPPO,0,14080,219,220,440.98595828979427,6.8904055982780354,0.8261802575107297,0.8261802575107297,1398,1155,262,0,54.71875,3502.0,3.032034632034632,5.0,1155,0.0366364060693704,2344.7299884397057,2311.4510645006894,33.278923939017325,0.015928933939991424,0.000637157357599657,9.95558371249464e-06,0.15168821289440282,64
MAPPO,0,14144,220,221,433.6311623809354,6.7754869122021155,0.7962707182320442,0.7962707182320442,1448,1153,285,0,54.703125,3501.0,3.03642671292281,5.0,1153,0.0402279457827199,2574.5885300940736,2539.6920824071967,34.89644768687577,0.017824323012744,0.00071297292050976,1.1140201882965e-05,0.152349645021913,64
MAPPO,0,14208,221,222,421.2469147789377,6.581983043420902,0.8074398249452954,0.8074398249452954,1371,1107,253,0,52.078125,3333.0,3.010840108401084,5.0,1107,0.03533009070169688,2261.1258049086005,2227.479289980655,33.64651492794552,0.016207784257045145,0.0006483113702818058,1.0129865160653216e-05,0.15254287638475386,64
MAPPO,0,14272,222,223,444.6930218274184,6.948328466053413,0.8188811188811189,0.8188811188811189,1430,1171,269,0,57.203125,3661.0,3.126387702818104,5.0,1171,0.03908216350666276,2501.258464426417,2466.548791671578,34.70967275483968,0.017918608402743248,0.0007167443361097298,1.1199130251714529e-05,0.1525340200767683,64
MAPPO,0,14336,223,224,413.85938602614226,6.466552906658473,0.7949640287769785,0.7949640287769785,1390,1105,291,0,52.84375,3382.0,3.0606334841628957,5.0,1105,0.03306054014949231,2115.8745695675075,2081.6035575962833,34.271011971223636,0.01446809226005121,0.0005787236904020484,9.042557662532007e-06,0.1527805331273564,64
MAPPO,0,14400,224,225,409.13205675914656,6.392688386861665,0.7890909090909091,0.7890909090909091,1375,1085,273,0,53.3125,3412.0,3.144700460829493,5.0,1085,0.03185178524655011,2038.5142557792067,2000.9539783833561,37.560277395851436,0.01415905925631898,0.0005663623702527592,8.849412035199362e-06,0.1532174716676214,64
MAPPO,0,14464,225,226,418.6692789734605,6.54170748396032,0.7924929178470255,0.7924929178470255,1412,1119,292,0,54.265625,3473.0,3.103663985701519,5.0,1119,0.035257291965045255,2256.4666857628963,2220.64463303993,35.82205272296639,0.01619116755928256,0.0006476467023713025,1.0119479724551601e-05,0.15423968986055148,64
MAPPO,0,14528,226,227,434.0219073255019,6.781592301960967,0.8073136427566807,0.8073136427566807,1422,1148,277,0,56.703125,3629.0,3.1611498257839723,5.0,1148,0.03697029622254254,2366.0989582427223,2328.4425254870935,37.65643275562888,0.016569937381597965,0.0006627974952639185,1.0356210863498727e-05,0.15505903494016593,64
MAPPO,0,14592,227,228,420.746392391286,6.574162381113844,0.8044895003620565,0.8044895003620565,1381,1111,270,0,55.03125,3522.0,3.17011701170117,5.0,1111,0.03355390525104269,2147.449936066732,2110.798478035552,36.65145803118106,0.014625215414796201,0.000585008616591848,9.140759634247626e-06,0.15552471631437992,64
MAPPO,0,14656,228,229,430.9588980223764,6.733732781599631,0.808209483368719,0.808209483368719,1413,1142,277,0,56.1875,3596.0,3.148861646234676,5.0,1142,0.03759933441645381,2406.3574026530437,2370.109921622932,36.247481030112105,0.017200966758686605,0.0006880386703474643,1.0750604224179129e-05,0.1556871505446213,64
MAPPO,0,14720,229,230,410.02397437965857,6.406624599682165,0.8044609665427509,0.8044609665427509,1345,1082,261,0,52.375,3352.0,3.0979667282809613,5.0,1082,0.03252788374155746,2081.7845594596774,2047.1984498601655,34.586109599511346,0.0144554660421335,0.00057821864168534,9.034666276333437e-06,0.15542753353444877,64
MAPPO,0,14784,230,231,415.8109191708896,6.49704561204515,0.7919942816297355,0.7919942816297355,1399,1108,289,0,56.953125,3645.0,3.28971119133574,5.0,1108,0.03328690767021056,2130.362090893476,2090.833840500006,39.52825039346933,0.01431371824739418,0.0005725487298957672,8.946073904621362e-06,0.15542547189244482,64
MAPPO,0,14848,231,232,380.65964659864915,5.947806978103893,0.7678041543026706,0.7678041543026706,1348,1035,308,0,54.171875,3467.0,3.34975845410628,5.0,1035,0.03246814969876494,2077.9615807209566,2037.5516356397825,40.40994508117441,0.013647388565737504,0.0005458955426295002,8.52961785358594e-06,0.15560535219530064,64
MAPPO,0,14912,232,233,398.7682475135663,6.230753867399473,0.7842993396918562,0.7842993396918562,1363,1069,295,0,55.765625,3569.0,3.3386342376052385,5.0,1069,0.030803097211308934,1971.3982215237718,1932.0280738925826,39.370147631189134,0.013398330780287727,0.0005359332312115091,8.37395673767983e-06,0.1554201122915413,64
MAPPO,0,14976,233,234,366.04472299161927,5.719448796744051,0.7380607814761215,0.7380607814761215,1382,1020,355,0,55.0,3520.0,3.450980392156863,5.0,1020,0.02861072461068579,1831.0863750838905,1787.3073260113301,43.779049072560525,0.011984600180674454,0.0004793840072269782,7.490375112921534e-06,0.15485915851227572,64
MAPPO,0,15040,234,235,394.5254098409601,6.1644595287650015,0.7571329157967989,0.7571329157967989,1437,1088,359,0,59.0625,3780.0,3.474264705882353,5.0,1088,0.031203079139690497,1996.9970649401919,1952.1220223851974,44.87504255499484,0.012576099166328878,0.0005030439666531551,7.860061978955548e-06,0.15400144591935866,64
MAPPO,0,15104,235,236,392.5365641813479,6.133383815333561,0.7611940298507462,0.7611940298507462,1407,1071,330,0,57.90625,3706.0,3.4603174603174605,5.0,1071,0.033034442750965,2114.2043360617604,2070.0014565507695,44.20287951099096,0.013031955085513532,0.0005212782034205413,8.144971928445958e-06,0.153021133542806,64
MAPPO,0,15168,236,237,385.7544492395299,6.0274132693676545,0.7665937272064187,0.7665937272064187,1371,1051,323,0,55.953125,3581.0,3.4072312083729783,5.0,1051,0.031829495726169235,2037.087726474831,1994.5011416123505,42.58658486248089,0.01217228564092544,0.00048689142563701753,7.607678525578399e-06,0.15259945106478684,64
MAPPO,0,15232,237,238,395.973859874474,6.187091560538656,0.7435020519835841,0.7435020519835841,1462,1087,356,0,59.609375,3815.0,3.5096596136154554,5.0,1087,0.031114425303295182,1991.3232194108916,1943.7646467850811,47.55857262580987,0.011589658888651246,0.00046358635554604984,7.243536805407029e-06,0.152001066310819,64
MAPPO,0,15296,238,239,396.05003674897443,6.1882818242027255,0.7774566473988439,0.7774566473988439,1384,1076,329,0,60.4375,3868.0,3.5947955390334574,5.0,1076,0.03161638002627411,2023.4483216815427,1977.2080738305372,46.240247851006046,0.011765552058498729,0.0004706220823399491,7.353470036561705e-06,0.15103207997708093,64
MAPPO,0,15360,239,240,382.46473963771814,5.976011556839346,0.7440056417489421,0.7440056417489421,1418,1055,352,0,57.375,3672.0,3.480568720379147,5.0,1055,0.031585286195812697,2021.4583165320128,1975.7586855655802,45.69963096643227,0.01147747280331405,0.000459098912132562,7.173420502071281e-06,0.14984312047521076,64
MAPPO,0,15424,240,241,435.88770050709627,6.810745320423379,0.790665751544269,0.790665751544269,1457,1152,293,0,62.8125,4020.0,3.4895833333333335,5.0,1152,0.03532264699253142,2260.6494075220107,2215.287904209508,45.36150331250295,0.013110748813760216,0.0005244299525504086,8.194218008600135e-06,0.14846948335325016,64
MAPPO,0,15488,241,242,401.6987043978411,6.276542256216267,0.770745428973277,0.770745428973277,1422,1096,347,0,59.234375,3791.0,3.4589416058394162,5.0,1096,0.02966139526078139,1898.329296690009,1853.8801187197353,44.44917797027381,0.011254735812680904,0.00045018943250723617,7.034209882925565e-06,0.14725390761428908,64
MAPPO,0,15552,242,243,387.6033375970467,6.056302149953854,0.7633863965267728,0.7633863965267728,1382,1055,329,0,56.921875,3643.0,3.453080568720379,5.0,1055,0.028643591248429884,1833.1898398995127,1789.4156668695907,43.77417302992115,0.010704811953788813,0.0004281924781515525,6.690507471118008e-06,0.14585001021327065,64
MAPPO,0,15616,243,244,414.588610811535,6.477947043930234,0.7690721649484537,0.7690721649484537,1455,1119,327,0,60.515625,3873.0,3.46112600536193,5.0,1119,0.035354531781037306,2262.690033986388,2217.904255925642,44.78577806074564,0.01267286339168221,0.0005069145356672884,7.920539619801382e-06,0.1447112061669559,64
MAPPO,0,15680,244,245,387.7340372693195,6.058344332333117,0.7503536067892503,0.7503536067892503,1414,1061,347,0,55.453125,3549.0,3.344957587181904,5.0,1061,0.028711758482644477,1837.5525428892465,1793.917977309879,43.63456557936676,0.009943160679652582,0.00039772642718610327,6.214475424782864e-06,0.14382724269114516,64
MAPPO,0,15744,245,246,397.51120664499126,6.2111126038279885,0.7785039941902687,0.7785039941902687,1377,1072,318,0,56.90625,3642.0,3.3973880597014925,5.0,1072,0.029728051556356185,1902.5952996067958,1859.6625993523403,42.93270025445518,0.01064844613659917,0.0004259378454639668,6.655278835374481e-06,0.14263620043814107,64
MAPPO,0,15808,246,247,402.2448196191018,6.285075306548466,0.7837837837837838,0.7837837837837838,1369,1073,291,0,56.0,3584.0,3.3401677539608574,5.0,1073,0.030696530352296404,1964.5779425469698,1923.9093747388226,40.66856780814769,0.011887627299581156,0.00047550509198324625,7.429767062238223e-06,0.14117600686954307,64
MAPPO,0,15872,247,248,429.0644967737856,6.7041327620904,0.7997159090909091,0.7997159090909091,1408,1126,276,0,59.921875,3835.0,3.405861456483126,5.0,1126,0.032405626825003295,2073.960116800211,2031.5019522667392,42.45816453347157,0.011661102803666955,0.0004664441121466782,7.288189252291847e-06,0.13958827775677818,64
MAPPO,0,15936,248,249,423.2463801995132,6.613224690617394,0.7970191625266146,0.7970191625266146,1409,1123,297,0,58.078125,3717.0,3.309884238646483,5.0,1123,0.03332286261564538,2132.663207401304,2092.9144840499093,39.74872335139519,0.01189744070383954,0.0004758976281535816,7.435900439899712e-06,0.13865144676164648,64
MAPPO,0,16000,249,250,434.3805443329437,6.7871960052022455,0.7790387182910548,0.7790387182910548,1498,1167,332,0,60.8125,3892.0,3.335047129391602,5.0,1167,0.03745646618974882,2397.2138361439247,2352.30377749748,44.910058646446345,0.013195756643684416,0.0005278302657473767,8.24734790230276e-06,0.13801527600673635,64
MAPPO,0,16064,250,251,417.64100377210815,6.52564068393919,0.7874293785310734,0.7874293785310734,1416,1115,307,0,59.65625,3818.0,3.4242152466367712,5.0,1115,0.03260534562207784,2086.742119812982,2042.683733289466,44.058386523516454,0.011691133010763926,0.000467645320430557,7.3069581317274534e-06,0.1379142638992748,64
MAPPO,0,16128,251,252,427.98349130580345,6.687242051653179,0.787292817679558,0.787292817679558,1448,1140,309,0,59.9375,3836.0,3.364912280701754,5.0,1140,0.034334660563181865,2197.4182760436393,2153.675887205918,43.7423888377211,0.01231734757612496,0.0004926939030449984,7.6983422350781e-06,0.1376828250087093,64
MAPPO,0,16192,252,253,410.21466809927523,6.4096041890511755,0.7663877266387726,0.7663877266387726,1434,1099,311,0,57.609375,3687.0,3.354868061874431,5.0,1099,0.03392979874039934,2171.507119385558,2127.7941611963515,43.71295818920627,0.011332775838854595,0.0004533110335541838,7.082984899284122e-06,0.13781783230655517,64
MAPPO,0,16256,253,254,428.71592816549594,6.698686377585874,0.7932960893854749,0.7932960893854749,1432,1136,303,0,58.828125,3765.0,3.3142605633802815,5.0,1136,0.0329144533498675,2106.52501439152,2064.022157090249,42.50285730127142,0.010805112814385285,0.0004322045125754114,6.7531955089908034e-06,0.13841849086745228,64
MAPPO,0,16320,254,255,411.67889569363865,6.432482745213104,0.7778561354019746,0.7778561354019746,1418,1103,318,0,55.921875,3579.0,3.244786944696283,5.0,1103,0.0316503584275187,2025.6229393611966,1983.5870884245548,42.03585093664176,0.01010617400115636,0.0004042469600462544,6.316358750722725e-06,0.1386875166938201,64
MAPPO,0,16384,255,256,406.7949575315697,6.356171211430777,0.7857661583151779,0.7857661583151779,1377,1082,296,0,55.625,3560.0,3.290203327171904,5.0,1082,0.03215537254728403,2057.943843026178,2015.9976638517153,41.94617917446298,0.010133435235700743,0.0004053374094280297,6.333397022312964e-06,0.1385747062628091,64
MAPPO,0,16448,256,257,415.7549332865798,6.496170832602809,0.7871886120996441,0.7871886120996441,1405,1106,305,0,57.15625,3658.0,3.3074141048824592,5.0,1106,0.032972624373207596,2110.247959885286,2068.531183402279,41.71677648300776,0.0102243493986001,0.00040897397594400397,6.390218374125062e-06,0.1381837441233006,64
MAPPO,0,16512,257,258,414.4669390241669,6.476045922252608,0.7726638772663877,0.7726638772663877,1434,1108,316,0,57.515625,3681.0,3.322202166064982,5.0,1108,0.0333918622192428,2137.079182031539,2093.885354134246,43.193827897292955,0.009930289994474347,0.0003972115997789739,6.206431246546467e-06,0.13746085785826972,64
MAPPO,0,16576,258,259,412.0077950391667,6.43762179748698,0.8008817046289493,0.8008817046289493,1361,1090,290,0,57.984375,3711.0,3.404587155963303,5.0,1090,0.03337695049491543,2136.1248316745878,2094.62416234983,41.50066932475727,0.00968404473274839,0.00038736178930993563,6.052527957967744e-06,0.13649605779783122,64
MAPPO,0,16640,259,260,434.515195232389,6.789299925506078,0.7654808959156785,0.7654808959156785,1518,1162,333,0,61.046875,3907.0,3.3623063683304646,5.0,1162,0.03488709601667514,2232.774145067209,2187.8127519381833,44.96139312902622,0.01027531274707537,0.0004110125098830148,6.4220704669221064e-06,0.13520314286310292,64
MAPPO,0,16704,260,261,384.18357553103135,6.002868367672365,0.7577729573391179,0.7577729573391179,1383,1048,343,0,55.171875,3531.0,3.3692748091603053,5.0,1048,0.031815275391051195,2036.1776250272765,1993.928581425626,42.24904360165013,0.008997987377213567,0.0003599194950885427,5.62374211075848e-06,0.13368258776361128,64
MAPPO,0,16768,261,262,408.63353658710065,6.384899009173448,0.7728551336146273,0.7728551336146273,1422,1099,333,0,58.296875,3731.0,3.394904458598726,5.0,1099,0.03342713305179972,2139.336515315182,2096.5522970530124,42.78421826216968,0.009158107146535513,0.00036632428586142054,5.723816966584696e-06,0.1326150626490323,64
MAPPO,0,16832,262,263,403.4945964394003,6.30460306936563,0.7636363636363637,0.7636363636363637,1430,1092,339,0,59.0625,3780.0,3.4615384615384617,5.0,1092,0.03542686832957318,2267.3195730926836,2222.9103297624524,44.409243330230765,0.009694464932276936,0.0003877785972910774,6.0590405826730845e-06,0.1322717063145489,64
MAPPO,0,16896,263,264,391.43213781079396,6.116127153293656,0.7577282530553558,0.7577282530553558,1391,1054,319,0,57.140625,3657.0,3.469639468690702,5.0,1054,0.0310214615549769,1985.3735395185217,1941.3423770908366,44.03116242768462,0.00867498288121238,0.0003469993152484952,5.421864300757737e-06,0.13170637476015823,64
MAPPO,0,16960,264,265,392.3005537656796,6.1296961525887435,0.7667151162790697,0.7667151162790697,1376,1055,319,0,57.546875,3683.0,3.490995260663507,6.0,1055,0.03214905346059876,2057.5394214783205,2014.3533778415851,43.18604363673565,0.00880322213937094,0.0003521288855748376,5.502013837106837e-06,0.13070909422326568,64
MAPPO,0,17024,265,266,395.7992684695964,6.184363569837444,0.785239852398524,0.785239852398524,1355,1064,315,0,56.109375,3591.0,3.375,5.0,1064,0.03458110986924181,2213.1910316314757,2173.0129696267213,40.178062004753166,0.009628216843381025,0.000385128673735241,6.01763552711314e-06,0.1294692228310193,64
MAPPO,0,17088,266,267,404.3833672139227,6.318490112717543,0.7732474964234621,0.7732474964234621,1398,1081,311,0,56.15625,3594.0,3.3246993524514337,5.0,1081,0.03243368924330381,2075.756111571444,2034.423749547222,41.3323620242223,0.009189017301689056,0.00036756069206756223,5.74313581355566e-06,0.12811800944738228,64
MAPPO,0,17152,267,268,423.7703614407965,6.621411897512445,0.7882851093860268,0.7882851093860268,1417,1117,294,0,57.1875,3660.0,3.2766338406445836,5.0,1117,0.03365912004985954,2154.1836831910105,2114.4476100066113,39.73607318439891,0.00921244568622904,0.0003684978274491616,5.75777855389315e-06,0.12739662883566,64
MAPPO,0,17216,268,269,428.85447617331556,6.700851190208056,0.7877723120168658,0.7877723120168658,1423,1121,279,0,56.546875,3619.0,3.2283675289919715,5.0,1121,0.033920708489583375,2170.925343333336,2132.0021546575,38.923188675837515,0.009364702104746214,0.0003745880841898486,5.852938815466384e-06,0.12714694163762374,64
MAPPO,0,17280,269,270,440.8399360541994,6.888124000846866,0.8134642356241234,0.8134642356241234,1426,1160,298,0,57.65625,3690.0,3.1810344827586206,5.0,1160,0.037711636487854465,2413.5447352226856,2375.796110587247,37.74862463543767,0.010455412423844774,0.00041821649695379095,6.534632764902984e-06,0.12756562710910185,64
MAPPO,0,17344,270,271,421.53715145433137,6.586517991473928,0.7860169491525424,0.7860169491525424,1416,1113,297,0,55.75,3568.0,3.205750224618149,5.0,1113,0.033489974341804514,2143.3583578754888,2104.288792264831,39.06956561065842,0.009054149867442317,0.00036216599469769266,5.658843667151448e-06,0.1279338657007803,64
MAPPO,0,17408,271,272,431.63211962949606,6.744251869210876,0.801980198019802,0.801980198019802,1414,1134,287,0,58.65625,3754.0,3.310405643738977,5.0,1134,0.036790248623823504,2354.575911924704,2314.6940671473385,39.88184477736603,0.010152539563469648,0.00040610158253878595,6.3453372271685304e-06,0.12798647966709217,64
MAPPO,0,17472,272,273,430.4872072785411,6.726362613727205,0.793584379358438,0.793584379358438,1434,1138,302,0,58.53125,3746.0,3.2917398945518452,5.0,1138,0.0349166112212871,2234.6631181623743,2193.548992067377,41.11412609499678,0.009981677510836302,0.00039926710043345205,6.238548444272688e-06,0.12786754983776838,64
MAPPO,0,17536,273,274,399.49326990372083,6.242082342245638,0.7652548456568558,0.7652548456568558,1393,1066,300,0,55.34375,3542.0,3.3227016885553473,5.0,1066,0.03192385697955027,2043.126846691217,2002.2934240783109,40.83342261290604,0.009832074077921759,0.0003932829631168704,6.1450462987011e-06,0.12830701386516385,64
MAPPO,0,17600,274,275,437.50524000444494,6.836019375069452,0.811965811965812,0.811965811965812,1404,1140,270,0,58.5,3744.0,3.2842105263157895,5.0,1140,0.03451316385998394,2208.842487038972,2168.9635673638836,39.87891967508959,0.010263561405426466,0.0004105424562170586,6.414725878391541e-06,0.12883867137262858,64
MAPPO,0,17664,275,276,443.53003469732266,6.930156792145667,0.7930800542740841,0.7930800542740841,1474,1169,305,0,59.234375,3791.0,3.2429426860564585,5.0,1169,0.03335607240146176,2134.7886336935526,2094.2647010027695,40.52393269078371,0.010209024992600622,0.0004083609997040249,6.380640620375389e-06,0.12982689822892973,64
MAPPO,0,17728,276,277,426.4467940206747,6.663231156573042,0.7998580553584103,0.7998580553584103,1409,1127,292,0,56.265625,3601.0,3.195208518189885,5.0,1127,0.03599105056272064,2303.427236014121,2265.6580273590566,37.76920865506435,0.011680121361390558,0.0004672048544556223,7.300075850869098e-06,0.13086224455461706,64
MAPPO,0,17792,277,278,420.5273446030556,6.570739759422744,0.7829131652661064,0.7829131652661064,1428,1118,306,0,55.5625,3556.0,3.1806797853309483,5.0,1118,0.03232926609142901,2069.073029851457,2031.3512624543268,37.721767397129206,0.010470718073121093,0.00041882872292484374,6.544198795700683e-06,0.13144045265626075,64
MAPPO,0,17856,278,279,427.37632508287686,6.677755079419951,0.8021428571428572,0.8021428571428572,1400,1123,283,0,57.234375,3663.0,3.26179875333927,5.0,1123,0.033823847162066434,2164.726218372252,2124.3888187702437,40.33739960200732,0.010843616824125022,0.00043374467296500085,6.777260515078138e-06,0.13164216407630605,64
MAPPO,0,17920,279,280,432.16184376057527,6.7525288087589885,0.7947112038970077,0.7947112038970077,1437,1142,296,0,58.328125,3733.0,3.268826619964974,5.0,1142,0.034696325376516304,2220.5648240970436,2178.5859162145925,41.97890788245067,0.011214352183390931,0.00044857408733563724,7.008970114619332e-06,0.13158675768045064,64
MAPPO,0,17984,280,281,434.55803632057984,6.78996931750906,0.7682119205298014,0.7682119205298014,1510,1160,329,0,61.890625,3961.0,3.4146551724137932,5.0,1160,0.03280423067582525,2099.4707632528157,2054.052463900549,45.41829935226689,0.010674709861728799,0.00042698839446915195,6.671693663580499e-06,0.13112858244866107,64
MAPPO,0,18048,281,282,429.7443929790345,6.714756140297414,0.7842465753424658,0.7842465753424658,1460,1145,316,0,60.90625,3898.0,3.404366812227074,5.0,1145,0.03406429810267302,2180.1150785710734,2136.907912205862,43.20716636521099,0.011610243457264285,0.0004644097382905714,7.256402160790178e-06,0.13077883367956908,64
MAPPO,0,18112,282,283,449.7472764914553,7.027301195178989,0.8020338983050848,0.8020338983050848,1475,1183,298,0,61.375,3928.0,3.320371935756551,5.0,1183,0.03442533037429047,2203.22114395459,2160.4498701115426,42.77127384304589,0.011494006160605945,0.00045976024642423776,7.183753850378715e-06,0.13182914514608415,64
MAPPO,0,18176,283,284,410.06202097247615,6.40721907769494,0.8029850746268656,0.8029850746268656,1340,1076,266,0,54.671875,3499.0,3.2518587360594795,5.0,1076,0.030689023664371606,1964.0975145197829,1926.2507672270112,37.846747292771575,0.010813239793701492,0.0004325295917480597,6.758274871063433e-06,0.1325876886373023,64
MAPPO,0,18240,284,285,425.33373321151043,6.6458395814298505,0.8141916605705926,0.8141916605705926,1367,1113,272,0,55.0,3520.0,3.1626235399820306,5.0,1113,0.0292776098949073,1873.7670332740672,1836.8913866939058,36.8756465801612,0.010246461179802092,0.00040985844719208363,6.404038237376307e-06,0.13313576753309056,64
MAPPO,0,18304,285,286,446.4768418857012,6.9762006544640816,0.7941970310391363,0.7941970310391363,1482,1177,298,0,58.390625,3737.0,3.1750212404418012,5.0,1177,0.034718848214634244,2222.0062857365915,2182.163840860684,39.84244487590772,0.012094560325735996,0.00048378241302943984,7.5591002035849976e-06,0.134057405440415,64
MAPPO,0,18368,286,287,413.002521096884,6.453164392138812,0.7950760318609703,0.7950760318609703,1381,1098,292,0,55.28125,3538.0,3.2222222222222223,5.0,1098,0.03374161566228525,2159.463402386256,2120.469030396225,38.99437199002995,0.011952463779149597,0.0004780985511659839,7.470289861968498e-06,0.13519471868035396,64
MAPPO,0,18432,287,288,397.30152125466634,6.207836269604162,0.773226042428676,0.773226042428676,1367,1057,286,0,50.859375,3255.0,3.0794701986754967,5.0,1057,0.030241994748448887,1935.4876639007289,1899.247667588846,36.239996311883516,0.010712367118807502,0.00042849468475230013,6.6952294492546895e-06,0.13584899201843342,64
MAPPO,0,18496,288,289,445.79705816578996,6.965579033840468,0.823321554770318,0.823321554770318,1415,1165,273,0,57.328125,3669.0,3.1493562231759658,5.0,1165,0.03551211527331369,2272.775377492076,2235.982179841351,36.79319765072508,0.012535847129273948,0.0005014338851709579,7.834904455796218e-06,0.13692920599456448,64
MAPPO,0,18560,289,290,436.1619314487061,6.815030178886033,0.7900894700619409,0.7900894700619409,1453,1148,286,0,56.90625,3642.0,3.172473867595819,5.0,1148,0.03455579996806923,2211.5711979564308,2170.885014001026,40.686183955406065,0.012058907174595042,0.0004823562869838017,7.536816984121902e-06,0.1381744152591871,64
MAPPO,0,18624,290,291,411.6682406717814,6.4323162604965844,0.7835344215755855,0.7835344215755855,1409,1104,316,0,56.015625,3585.0,3.2472826086956523,5.0,1104,0.03166987862631661,2026.8722320842628,1986.882416230332,39.98981585393143,0.011355393822061417,0.0004542157528824567,7.097121138788386e-06,0.13905630735904645,64
MAPPO,0,18688,291,292,419.69187380284313,6.557685528169424,0.7688098495212038,0.7688098495212038,1462,1124,321,0,58.15625,3722.0,3.311387900355872,5.0,1124,0.031249627587521416,1999.9761656013707,1956.8229982108012,43.1531673905696,0.01078192284698817,0.00043127691387952676,6.738701779367606e-06,0.13955428823913765,64
MAPPO,0,18752,292,293,407.4870861494358,6.3669857210849345,0.7702607470049331,0.7702607470049331,1419,1093,316,0,56.3125,3604.0,3.2973467520585547,5.0,1093,0.029780584405406738,1905.9574019460313,1864.7815321145915,41.175869831439776,0.010307309700187287,0.0004122923880074915,6.442068562617055e-06,0.13968181087562812,64
MAPPO,0,18816,293,294,407.8115592067061,6.3720556126047825,0.7770745428973277,0.7770745428973277,1422,1105,333,0,58.515625,3745.0,3.3891402714932126,5.0,1105,0.03250574926054265,2080.3679526747296,2037.3026974841152,43.0652551906156,0.011818281079099931,0.00047273124316399724,7.386425674437457e-06,0.14030598932271449,64
MAPPO,0,18880,294,295,409.20209065662425,6.393782666509754,0.7904967602591793,0.7904967602591793,1389,1098,312,0,54.953125,3517.0,3.203096539162113,5.0,1098,0.0313213670855351,2004.5674934742467,1968.014564468847,36.552929005398944,0.0116120330499245,0.00046448132199697996,7.257520656202812e-06,0.14089816150772133,64
MAPPO,0,18944,295,296,408.95516199660847,6.389924406197007,0.7796852646638054,0.7796852646638054,1398,1090,295,0,53.796875,3443.0,3.1587155963302753,5.0,1090,0.031966776493792357,2045.8736956027108,2008.9330753528866,36.940620249824434,0.011729039125925465,0.0004691615650370186,7.3306494537034154e-06,0.14116426968353785,64
MAPPO,0,19008,296,297,427.17764757482644,6.674650743356663,0.808972503617945,0.808972503617945,1382,1118,261,0,55.609375,3559.0,3.1833631484794274,5.0,1118,0.03380655503292993,2163.6195221075154,2125.6992217281377,37.920300379377466,0.012739558816373025,0.000509582352654921,7.96222426023314e-06,0.14107365035971897,64
MAPPO,0,19072,297,298,435.5991547776199,6.806236793400311,0.8168709444844989,0.8168709444844989,1387,1133,257,0,55.359375,3543.0,3.1270962047661075,5.0,1133,0.030988963805414566,1983.2936835465323,1945.998967526915,37.29471601961767,0.01152304610934275,0.00046092184437371004,7.2019038183392194e-06,0.1406672403787291,64
MAPPO,0,19136,298,299,418.23909878636874,6.534985918537012,0.7941176470588235,0.7941176470588235,1394,1107,284,0,53.90625,3450.0,3.116531165311653,5.0,1107,0.031859901691205415,2039.0337082371466,2002.1805072384875,36.85320099866019,0.012422881196690933,0.0004969152478676373,7.764300747931833e-06,0.1398995219556693,64
MAPPO,0,19200,299,300,449.0236912836782,7.015995176307472,0.8319027181688126,0.8319027181688126,1398,1163,248,0,55.390625,3545.0,3.0481513327601033,5.0,1163,0.03610459289432184,2310.6939452365978,2275.3626181753566,35.33132706124045,0.013630426053325878,0.0005452170421330351,8.519016283328673e-06,0.13897424797602168,64
MAPPO,0,19264,300,301,415.4107486309426,6.490792947358478,0.7862759113652609,0.7862759113652609,1399,1100,286,0,53.328125,3413.0,3.1027272727272726,5.0,1100,0.03055571722720638,1955.5659025412083,1919.0791380479761,36.48676449323266,0.011422922665177403,0.0004569169066070961,7.139326665735877e-06,0.13844447270420762,64
MAPPO,0,19328,301,302,414.0599935118232,6.469687398622238,0.7818181818181819,0.7818181818181819,1430,1118,326,0,56.34375,3606.0,3.225402504472272,5.0,1118,0.03333061354864678,2133.159267113394,2092.457786434422,40.701480678972175,0.013223767520639262,0.0005289507008255705,8.264854700399539e-06,0.1382608694765698,64
MAPPO,0,19392,302,303,427.6674174379699,6.68230339746828,0.8017057569296375,0.8017057569296375,1407,1128,275,0,56.203125,3597.0,3.1888297872340425,5.0,1128,0.03565886170982575,2282.167149428848,2245.6063647861647,36.56078464268295,0.014127171855456781,0.0005650868742182713,8.829482409660488e-06,0.1394172597884999,64
MAPPO,0,19456,303,304,424.69333541102316,6.635833365797237,0.798719772403983,0.798719772403983,1406,1123,277,0,53.3125,3412.0,3.0382902938557437,5.0,1123,0.03533118701422988,2261.1959689107125,2225.959204561506,35.236764349206844,0.014493151826430798,0.000579726073057232,9.05821989151925e-06,0.14052312662728428,64
MAPPO,0,19520,304,305,444.7561642978892,6.949315067154519,0.8160839160839161,0.8160839160839161,1430,1167,271,0,55.328125,3541.0,3.0342759211653814,5.0,1167,0.03674138787910335,2351.4488242626144,2318.908027962649,32.54079629996515,0.015202500377517567,0.0006081000151007027,9.50156273594848e-06,0.14117374482348816,64
MAPPO,0,19584,305,306,403.4712920282804,6.304238937941881,0.7973074046372476,0.7973074046372476,1337,1066,267,0,51.5,3296.0,3.0919324577861165,5.0,1066,0.032023413781503904,2049.49848201625,2016.266194186425,33.232287829824195,0.013100711909480976,0.0005240284763792391,8.18794494342561e-06,0.14149113221978377,64
MAPPO,0,19648,306,307,398.06244342032767,6.21972567844262,0.7893175074183977,0.7893175074183977,1348,1064,284,0,51.984375,3327.0,3.1268796992481205,5.0,1064,0.03360129031789726,2150.482580345425,2115.629280490042,34.85329985538372,0.013487038951406379,0.0005394815580562551,8.429399344628987e-06,0.14142605697697097,64
MAPPO,0,19712,307,308,425.6160088787905,6.650250138731102,0.8047210300429185,0.8047210300429185,1398,1125,282,0,55.125,3528.0,3.136,5.0,1125,0.035003743047647064,2240.239555049412,2206.7802984624723,33.4592565869404,0.013960300392696466,0.0005584120157078586,8.725187745435291e-06,0.14179228268787525,64
MAPPO,0,19776,308,309,411.03152735772164,6.422367614964401,0.7825464949928469,0.7825464949928469,1398,1094,292,0,52.59375,3366.0,3.0767824497257767,5.0,1094,0.032831357816235245,2101.206900239056,2064.7123411337448,36.49455910531124,0.012213938997804416,0.0004885575599121767,7.63371187362776e-06,0.14208212538776893,64
MAPPO,0,19840,309,310,418.52461728854837,6.539447145133568,0.777087646652864,0.777087646652864,1449,1126,318,0,59.21875,3790.0,3.3658969804618115,5.0,1126,0.035531178938998945,2273.9954520959323,2233.577596809253,40.4178552866783,0.013959919771977473,0.0005583967908790989,8.72494985748592e-06,0.14286904845670978,64
MAPPO,0,19904,310,311,406.0396065476627,6.3443688523072295,0.7934306569343066,0.7934306569343066,1370,1087,302,0,53.875,3448.0,3.172033118675253,5.0,1087,0.03147633565918787,2014.4854821880238,1979.138784457991,35.34669773003176,0.012137688328562608,0.0004855075331425043,7.58605520535163e-06,0.14358377895270752,64
MAPPO,0,19968,311,312,391.3402227224015,6.1146909800375235,0.7507082152974505,0.7507082152974505,1412,1060,315,0,52.890625,3385.0,3.193396226415094,5.0,1060,0.032158217138055674,2058.1258968355633,2019.397360110541,38.72853672502215,0.012658890333159268,0.0005063556133263707,7.911806458224542e-06,0.14389482930508163,64
MAPPO,0,20032,312,313,397.39971213437707,6.209370502099642,0.7927994121969141,0.7927994121969141,1361,1079,321,0,57.375,3672.0,3.4031510658016684,5.0,1079,0.03611590219911027,2311.417740743057,2271.6673141294295,39.750426613629514,0.014297153998890524,0.000571886159955621,8.935721249306578e-06,0.14406531638920456,64
MAPPO,0,20096,313,314,394.04275146706806,6.156917991672938,0.759656652360515,0.759656652360515,1398,1062,304,0,53.90625,3450.0,3.248587570621469,5.0,1062,0.032155101319812286,2057.9264844679865,2019.445824338613,38.480660129373575,0.012799812041781568,0.0005119924816712627,7.99988252611348e-06,0.1438812554546356,64
MAPPO,0,20160,314,315,400.6496962766006,6.260151504321884,0.7692307692307693,0.7692307692307693,1417,1090,335,0,56.484375,3615.0,3.31651376146789,5.0,1090,0.031575282929024076,2020.8181074575407,1981.0332185330026,39.784888924538095,0.0126418182440075,0.0005056727297603,7.901136402504688e-06,0.14385211694653854,64
MAPPO,0,20224,315,316,402.5663365440715,6.290099008501117,0.7693399574166075,0.7693399574166075,1409,1084,312,0,58.40625,3738.0,3.4483394833948338,5.0,1084,0.03369062593362065,2156.2000597517213,2112.1097758686374,44.090283883084226,0.0128289423796185,0.0005131576951847399,8.018088987261562e-06,0.1441629050903932,64
MAPPO,0,20288,316,317,413.1275147696492,6.455117418275769,0.7944126074498568,0.7944126074498568,1396,1109,314,0,59.15625,3786.0,3.413886384129847,5.0,1109,0.03281527249087054,2100.1774394157146,2056.7026515450234,43.47478787069083,0.01262759104678337,0.0005051036418713347,7.892244404239605e-06,0.14417713452111403,64
MAPPO,0,20352,317,318,396.3471631489576,6.192924424202462,0.7697320782041999,0.7697320782041999,1381,1063,298,0,54.515625,3489.0,3.282220131702728,5.0,1063,0.03255043572143248,2083.2278861716786,2042.052091597114,41.17579457456472,0.012669451265119997,0.0005067780506047999,7.918407040699999e-06,0.14385855652575694,64
MAPPO,0,20416,318,319,414.82288041397555,6.481607506468368,0.7793296089385475,0.7793296089385475,1432,1116,318,0,57.3125,3668.0,3.2867383512544803,5.0,1116,0.035148051666995944,2249.4753066877406,2206.6417599381043,42.833546749636,0.013138867794016872,0.0005255547117606748,8.211792371260544e-06,0.1432095693749865,64
MAPPO,0,20480,319,320,423.4506118907414,6.616415810792835,0.796875,0.796875,1408,1122,289,0,55.625,3560.0,3.1729055258467023,5.0,1122,0.036521376078008545,2337.368068992547,2297.1529940853347,40.215074907212255,0.012931183058726496,0.0005172473223490599,8.08198941170406e-06,0.1424035725020089,64
MAPPO,0,20544,320,321,420.6777490477008,6.573089828870325,0.7837273991655076,0.7837273991655076,1438,1127,316,0,58.078125,3717.0,3.298136645962733,5.0,1127,0.03452166508780628,2209.386565619602,2166.888569671922,42.49799594767965,0.012696726857681827,0.0005078690743072731,7.935454286051142e-06,0.14216280499330933,64
MAPPO,0,20608,321,322,395.07614648975493,6.173064788902421,0.7692307692307693,0.7692307692307693,1378,1060,304,0,55.734375,3567.0,3.3650943396226416,5.0,1060,0.03181651870209343,2036.2571969339795,1994.840265300177,41.41693163380174,0.01115296799099525,0.00044611871963980994,6.97060499437203e-06,0.14164330159035238,64
MAPPO,0,20672,322,323,391.1056360031962,6.111025562549941,0.7675250357653791,0.7675250357653791,1398,1073,342,0,55.71875,3566.0,3.3233923578751163,5.0,1073,0.03661604627690349,2343.4269617218233,2302.808286340832,40.618675380990865,0.013073914618258041,0.0005229565847303217,8.171196636411276e-06,0.14150919493244057,64
MAPPO,0,20736,323,324,386.18887439270304,6.034201162385985,0.7761081893313299,0.7761081893313299,1331,1033,288,0,51.984375,3327.0,3.2207163601161666,5.0,1033,0.03159278967101123,2021.9385389447186,1984.4670994935393,37.471439451179535,0.01084198322211131,0.0004336793288844524,6.776239513819569e-06,0.14136426628137577,64
MAPPO,0,20800,324,325,412.43764282738323,6.444338169177863,0.7903804737975593,0.7903804737975593,1393,1101,302,0,56.421875,3611.0,3.2797456857402363,5.0,1101,0.03567941709219724,2283.4826939006234,2245.044076041832,38.43861785879289,0.012270016861998453,0.0004908006744799382,7.668760538749034e-06,0.1408886112730372,64
MAPPO,0,20864,325,326,424.6153607921434,6.634615012377241,0.7858136300417247,0.7858136300417247,1438,1130,303,0,56.015625,3585.0,3.172566371681416,5.0,1130,0.03587075244576673,2295.7281565290705,2256.0379209237904,39.690235605279945,0.012235914506165822,0.0004894365802466329,7.647446566353638e-06,0.14011925719660373,64
MAPPO,0,20928,326,327,440.85644786383006,6.888381997872345,0.7969924812030075,0.7969924812030075,1463,1166,301,0,58.84375,3766.0,3.229845626072041,5.0,1166,0.0361985513236234,2316.7072847118975,2275.495965961708,41.21131875018993,0.012170571947123732,0.0004868228778849493,7.606607466952333e-06,0.13905861248537565,64
MAPPO,0,20992,327,328,424.2664891594428,6.629163893116294,0.7997128499641063,0.7997128499641063,1393,1114,273,0,54.453125,3485.0,3.1283662477558347,5.0,1114,0.03513160690488021,2248.4228419123333,2213.632887715143,34.78995419718904,0.011748401793040665,0.0004699360717216266,7.342751120650415e-06,0.13809960622579598,64
MAPPO,0,21056,328,329,420.57562033982595,6.57149406780978,0.7853107344632768,0.7853107344632768,1416,1112,289,0,57.046875,3651.0,3.283273381294964,5.0,1112,0.03567902041615313,2283.4573066338003,2243.3521235690673,40.10518306473342,0.011929323586922363,0.00047717294347689453,7.455827241826477e-06,0.13760928243877546,64
MAPPO,0,21120,329,330,438.3971597941447,6.849955621783511,0.8132487667371389,0.8132487667371389,1419,1154,289,0,57.125,3656.0,3.168110918544194,5.0,1154,0.03556740134901193,2276.3136863367636,2237.3900061567265,38.923680180037024,0.012073797467199467,0.0004829518986879787,7.546123416999667e-06,0.13675659701145038,64
MAPPO,0,21184,330,331,443.2593988850154,6.925928107578366,0.8160511363636364,0.8160511363636364,1408,1149,254,0,54.703125,3501.0,3.0469973890339426,5.0,1149,0.03638076407360374,2328.368900710639,2293.491029728188,34.87787098245031,0.012376532099155364,0.0004950612839662146,7.735332561972103e-06,0.13558429717077825,64
MAPPO,0,21248,331,332,437.4847155688087,6.835698680762636,0.7910447761194029,0.7910447761194029,1474,1166,319,0,56.671875,3627.0,3.1106346483704974,5.0,1166,0.03778818549017364,2418.443871371113,2380.42030975965,38.023561611464146,0.012558641733628561,0.0005023456693451424,7.84915108351785e-06,0.13425159436025347,64
MAPPO,0,21312,332,333,442.69655719150217,6.917133706117221,0.7937584803256446,0.7937584803256446,1474,1170,305,0,56.375,3608.0,3.083760683760684,5.0,1170,0.03485279251353459,2230.5787208662136,2191.2153119607924,39.363408905421345,0.011200677028113918,0.00044802708112455676,7.0004231425711994e-06,0.13331706512042107,64
MAPPO,0,21376,333,334,429.8951844221343,6.717112256595849,0.7992932862190812,0.7992932862190812,1415,1131,282,0,53.25,3408.0,3.013262599469496,5.0,1131,0.0368891028636565,2360.9025832740163,2325.403970991056,35.498612282959776,0.012215252646144231,0.0004886101058457692,7.634532903840144e-06,0.13280694805963122,64
MAPPO,0,21440,334,335,436.5745879131206,6.821477936142509,0.8172661870503597,0.8172661870503597,1390,1136,263,0,53.734375,3439.0,3.027288732394366,5.0,1136,0.03329422194429944,2130.8302044351644,2095.851387233058,34.97881720210701,0.010941415180103409,0.0004376566072041364,6.838384487564631e-06,0.13332127835102864,64
MAPPO,0,21504,335,336,407.5159133796902,6.367436146557659,0.788929889298893,0.788929889298893,1355,1069,264,0,51.546875,3299.0,3.086061739943873,5.0,1069,0.030703664484185923,1965.034526987899,1928.06626236665,36.96826462124853,0.010241467355157734,0.0004096586942063094,6.400917096973584e-06,0.13353655825834485,64
MAPPO,0,21568,336,337,426.3904836366475,6.662351306822617,0.8126822157434402,0.8126822157434402,1372,1115,273,0,52.140625,3337.0,2.9928251121076235,5.0,1115,0.030725655572323925,1966.4419566287313,1931.7595543239354,34.68240230479579,0.009852984851518082,0.0003941193940607233,6.1581155321988016e-06,0.13375212954140048,64
MAPPO,0,21632,337,338,451.60858170008294,7.056384089063796,0.8135949544498949,0.8135949544498949,1427,1161,242,0,55.625,3560.0,3.066322136089578,5.0,1161,0.03473225909531806,2222.864582100356,2186.64344664207,36.22113545828563,0.01102527073112803,0.0004410108292451212,6.890794206955019e-06,0.1345132864390715,64
MAPPO,0,21696,338,339,466.90502185072415,7.295390966417565,0.8195945945945946,0.8195945945945946,1480,1213,277,0,57.78125,3698.0,3.0486397361912614,5.0,1213,0.03887834157854569,2488.213861026924,2450.6633729470427,37.550488079880594,0.01221846829418867,0.0004887387317675468,7.636542683867919e-06,0.13504142102546107,64
MAPPO,0,21760,339,340,444.6936595376022,6.948338430275034,0.823021582733813,0.823021582733813,1390,1144,245,0,54.078125,3461.0,3.0253496503496504,5.0,1144,0.03228326328850237,2066.1288504641516,2031.0659629645602,35.062887499591426,0.009786480678284179,0.0003914592271313672,6.116550423927612e-06,0.13519313431179641,64
MAPPO,0,21824,340,341,472.92457545432717,7.389446491473862,0.8255261371350985,0.8255261371350985,1473,1216,251,0,56.203125,3597.0,2.958059210526316,5.0,1216,0.040370550353301955,2583.7152226113253,2549.072667490456,34.6425551208701,0.012594761448759111,0.0005037904579503644,7.871725905474444e-06,0.13510188191824113,64
MAPPO,0,21888,341,342,452.1750980915047,7.065235907679761,0.8159722222222222,0.8159722222222222,1440,1175,273,0,54.765625,3505.0,2.9829787234042553,5.0,1175,0.035688883952043594,2284.08857293079,2247.5997839895017,36.48878894128894,0.010858925355631014,0.0004343570142252406,6.786828347269384e-06,0.134799864377674,64
MAPPO,0,21952,342,343,435.2879368223755,6.801374012849617,0.8008415147265077,0.8008415147265077,1426,1142,286,0,54.8125,3508.0,3.0718038528896674,5.0,1142,0.035994288599233135,2303.6344703509208,2267.148589527043,36.48588082387847,0.010649255986806432,0.00042597023947225725,6.65578499175402e-06,0.13409755019688546,64
MAPPO,0,22016,343,344,447.3757005824656,6.990245321601025,0.8088642659279779,0.8088642659279779,1444,1168,280,0,56.0625,3588.0,3.0719178082191783,5.0,1168,0.03634913306056288,2326.344515876024,2289.4306012642105,36.913914611812814,0.01075079276386948,0.0004300317105547792,6.719245477418425e-06,0.13313176146548084,64
MAPPO,0,22080,344,345,425.72657442939123,6.651977725459238,0.8018664752333095,0.8018664752333095,1393,1117,284,0,53.625,3432.0,3.072515666965085,5.0,1117,0.031261746287335565,2000.751762389476,1964.3367171980135,36.41504519146335,0.00940562112220563,0.0003762248448882252,5.878513201378519e-06,0.13223310361822516,64
MAPPO,0,22144,345,346,408.956139540369,6.389939680318266,0.7927461139896373,0.7927461139896373,1351,1071,265,0,51.40625,3290.0,3.0718954248366015,5.0,1071,0.03276664517511458,2097.0652912073333,2062.559332909178,34.505958298155164,0.009526125241211724,0.000381045009648469,5.953828275757328e-06,0.13237465159937437,64
MAPPO,0,22208,346,347,454.1747479861678,7.096480437283872,0.8234057463209531,0.8234057463209531,1427,1175,266,0,55.09375,3526.0,3.000851063829787,5.0,1175,0.033894780001554964,2169.2659200995176,2133.484452699942,35.781467399575234,0.009904833509725729,0.00039619334038902917,6.190520943578581e-06,0.13242290776597596,64
MAPPO,0,22272,347,348,446.4763766377191,6.976193384964361,0.8154929577464789,0.8154929577464789,1420,1158,263,0,54.21875,3470.0,2.996545768566494,5.0,1158,0.03569204882666273,2284.2911249064146,2249.3583171997752,34.932807706639835,0.010753730871767942,0.00043014923487071766,6.7210817948549634e-06,0.1321759014071437,64
MAPPO,0,22336,348,349,449.1946650406047,7.018666641259449,0.7978363759296823,0.7978363759296823,1479,1180,294,0,54.65625,3498.0,2.964406779661017,5.0,1180,0.03881763745988897,2484.328797432894,2448.8229876595633,35.50580977332947,0.011691588951145639,0.0004676635580458256,7.307243094466025e-06,0.13176968076541135,64
MAPPO,0,22400,349,350,445.2076692966881,6.9563698327607515,0.8152327221438646,0.8152327221438646,1418,1156,264,0,53.90625,3450.0,2.9844290657439445,5.0,1156,0.03717683442613058,2379.3174032723573,2344.5770905230515,34.740312749305595,0.010960442566465063,0.00043841770265860255,6.850276604040665e-06,0.13099510448419655,64
MAPPO,0,22464,350,351,427.8914684798118,6.6858041949970595,0.8169741697416975,0.8169741697416975,1355,1107,249,0,52.40625,3354.0,3.029810298102981,5.0,1107,0.03464192852131266,2217.0834253640105,2183.3979346694273,33.685490694581866,0.010296436070910867,0.00041185744283643463,6.435272544319291e-06,0.12987938410244976,64
MAPPO,0,22528,351,352,444.1742146929173,6.940222104576833,0.8095238095238095,0.8095238095238095,1428,1156,271,0,55.515625,3553.0,3.073529411764706,5.0,1156,0.03636590240614619,2327.417753993356,2292.550443663009,34.867310330348715,0.010818666427031385,0.0004327466570812554,6.761666516894616e-06,0.12972158229431058,64
MAPPO,0,22592,352,353,408.9669358180961,6.390108372157751,0.7891654465592972,0.7891654465592972,1366,1078,277,0,51.015625,3265.0,3.028756957328386,5.0,1078,0.03252606671528417,2081.668269778187,2046.6166887326626,35.0515810455244,0.010080757343055568,0.00040323029372222273,6.30047333940973e-06,0.13039022310231066,64
MAPPO,0,22656,353,354,409.9314555772489,6.4051789933945145,0.8136882129277566,0.8136882129277566,1315,1070,257,0,48.84375,3126.0,2.9214953271028037,5.0,1070,0.031730588340244135,2030.7576537756245,2000.6697684824044,30.087885293219745,0.009891457964630822,0.0003956583185852329,6.182161227894264e-06,0.13138634110091402,64
MAPPO,0,22720,354,355,431.91758493862557,6.7487122646660245,0.8167770419426048,0.8167770419426048,1359,1110,233,0,51.296875,3283.0,2.957657657657658,5.0,1110,0.03535293923963245,2262.588111336477,2229.925943474607,32.66216786186977,0.011073489107438446,0.00044293956429753784,6.920930692149029e-06,0.1321193233814126,64
MAPPO,0,22784,355,356,416.61438690544554,6.509599795397587,0.8095940959409594,0.8095940959409594,1355,1097,279,0,53.78125,3442.0,3.137648131267092,5.0,1097,0.03316018015185763,2122.2515297188884,2086.438946019412,35.81258369947678,0.010442211248559626,0.00041768844994238504,6.526382030349766e-06,0.13250892465782302,64
MAPPO,0,22848,356,357,418.1161905481936,6.533065477315525,0.7877697841726619,0.7877697841726619,1390,1095,270,0,52.515625,3361.0,3.069406392694064,5.0,1095,0.03211628506580883,2055.4422442117652,2018.6278191888623,36.81442502290349,0.010023622350503959,0.00040094489402015833,6.264763969064974e-06,0.13296900175625187,64
MAPPO,0,22912,357,358,425.45066411718614,6.647666626831033,0.8045812455261274,0.8045812455261274,1397,1124,290,0,51.21875,3278.0,2.916370106761566,5.0,1124,0.03499547513097845,2239.7104083826207,2207.77855764421,31.93185073841123,0.011565565962673106,0.00046262263850692424,7.228478726670691e-06,0.13374177434694096,64
MAPPO,0,22976,358,359,445.7996956734743,6.9656202448980356,0.8090277777777778,0.8090277777777778,1440,1165,272,0,55.65625,3562.0,3.057510729613734,5.0,1165,0.03763325567843804,2408.5283634200346,2373.738210579949,34.79015284008507,0.01286374997481991,0.0005145499989927964,8.039843734262443e-06,0.13452427995994953,64
MAPPO,0,23040,359,360,422.9320878818961,6.608313873154627,0.8020231213872833,0.8020231213872833,1384,1110,271,0,53.359375,3415.0,3.0765765765765765,5.0,1110,0.03466661076858337,2218.6630891893356,2182.755693327807,35.90739586152867,0.01173525933925379,0.00046941037357015156,7.334537087033618e-06,0.13588097104387986,64
MAPPO,0,23104,360,361,430.14158563243757,6.720962275506837,0.7921896792189679,0.7921896792189679,1434,1136,288,0,56.3125,3604.0,3.1725352112676055,5.0,1136,0.03567519038173007,2283.2121844307244,2246.05661916633,37.155565264394035,0.0124537584422006,0.000498150337688024,7.783599026375374e-06,0.13699637670719522,64
MAPPO,0,23168,361,362,440.4332666969729,6.881769792140202,0.8105263157894737,0.8105263157894737,1425,1155,279,0,55.28125,3538.0,3.0632034632034633,5.0,1155,0.03413426693602524,2184.5930839056155,2149.3458788794264,35.24720502618852,0.012213387345137893,0.0004885354938055157,7.633367090711183e-06,0.13782784539941542,64
MAPPO,0,23232,362,363,413.78689408788125,6.4654202201231445,0.7914862914862915,0.7914862914862915,1386,1097,296,0,55.15625,3530.0,3.2178669097538743,5.0,1097,0.032792378905436285,2098.7122499479224,2061.4623131287967,37.249936819125416,0.011103147090640536,0.0004441258836256214,6.939466931650335e-06,0.1382887003135192,64
MAPPO,0,23296,363,364,397.91708627368547,6.2174544730263355,0.7711803041274439,0.7711803041274439,1381,1065,300,0,55.75,3568.0,3.3502347417840377,5.0,1065,0.029491732576182726,1887.4708848756945,1845.2036429042155,42.26724197147865,0.010683964869181108,0.0004273585947672443,6.6774780432381925e-06,0.1382704180250862,64
MAPPO,0,23360,364,365,406.2250625758357,6.347266602747433,0.7620689655172413,0.7620689655172413,1450,1105,342,0,60.203125,3853.0,3.4868778280542987,5.0,1105,0.03265751963906825,2090.0812569003683,2044.666436544882,45.414820355487265,0.011765502505078162,0.0004706201002031265,7.3534390656738515e-06,0.1379456117240279,64
MAPPO,0,23424,365,366,384.22360766509684,6.003493869767138,0.7724907063197026,0.7724907063197026,1345,1039,310,0,52.3125,3348.0,3.2223291626564006,5.0,1039,0.031353547134622836,2006.6270166158613,1967.8323777475857,38.794638868274404,0.01155925757661318,0.00046237030306452723,7.224535985383238e-06,0.13758610533291912,64
MAPPO,0,23488,366,367,389.15021893090614,6.080472170795408,0.7710755813953488,0.7710755813953488,1376,1061,331,0,57.046875,3651.0,3.4410933081998114,5.0,1061,0.03188782790085115,2040.8209856544738,1997.9244528021995,42.89653285227305,0.01154209613696871,0.00046168384547874843,7.213810085605444e-06,0.13856949552665412,64
MAPPO,0,23552,367,368,391.6511538834582,6.119549279429035,0.767172812725958,0.767172812725958,1383,1061,316,0,57.640625,3689.0,3.476908576814326,5.0,1061,0.03076364211220417,1968.873095181067,1926.4835170968774,42.38957808418966,0.012032638679599526,0.00048130554718398103,7.5203991747497036e-06,0.13954398583124905,64
MAPPO,0,23616,368,369,394.7234276114782,6.167553556429347,0.7524339360222532,0.7524339360222532,1438,1082,344,0,59.875,3832.0,3.5415896487985212,5.0,1082,0.03284297827380838,2101.950609523736,2055.7053862861035,46.24522323763272,0.012939696167665464,0.0005175878467066186,8.087310104790915e-06,0.14025364457131484,64
MAPPO,0,23680,369,370,382.5392977408444,5.977176527200694,0.7467902995720399,0.7467902995720399,1402,1047,334,0,56.484375,3615.0,3.4527220630372493,5.0,1047,0.02927072798227839,1873.326590865817,1829.6650694170598,43.66152144875676,0.01117066286067205,0.00044682651442688205,6.981664287920032e-06,0.14118871396872068,64
MAPPO,0,23744,370,371,390.3066052245379,6.098540706633405,0.7670250896057348,0.7670250896057348,1395,1070,339,0,59.234375,3791.0,3.5429906542056075,5.0,1070,0.03242435792696302,2075.158907325633,2032.2088156691043,42.950091656529786,0.012745384391954636,0.0005098153756781854,7.965865244971648e-06,0.14240029753280226,64
MAPPO,0,23808,371,372,420.4649164485014,6.569764319507835,0.8028776978417266,0.8028776978417266,1390,1116,288,0,59.53125,3810.0,3.413978494623656,5.0,1116,0.03517860037203439,2251.430423810201,2209.748052699641,41.682371110560375,0.013849585716781649,0.000553983428671266,8.655991072988531e-06,0.1433375975443265,64
MAPPO,0,23872,372,373,425.86127995697666,6.65408249932776,0.7851239669421488,0.7851239669421488,1452,1140,311,0,59.21875,3790.0,3.324561403508772,5.0,1140,0.035082551189301606,2245.2832761153027,2203.932261049576,41.3510150657264,0.013847900176920029,0.0005539160070768012,8.654937610575018e-06,0.14404007088289555,64
MAPPO,0,23936,373,374,418.15211773065164,6.533626839541432,0.7815771109560363,0.7815771109560363,1433,1120,314,0,57.671875,3691.0,3.2955357142857142,5.0,1120,0.031495113324730664,2015.6872527827627,1975.1568892151795,40.53036356758312,0.012394473356897261,0.0004957789342758905,7.746545848060789e-06,0.1450011533414021,64
MAPPO,0,24000,374,375,413.16256243643784,6.455665038069341,0.7780879274249826,0.7780879274249826,1433,1115,321,0,59.765625,3825.0,3.430493273542601,5.0,1115,0.03306369163685761,2116.0762647588867,2073.0681748812935,43.00808987759327,0.01373685405535662,0.0005494741622142648,8.585533784597887e-06,0.1460844044305442,64
MAPPO,0,24064,375,376,417.8792746430704,6.529363666297975,0.7649028801071668,0.7649028801071668,1493,1142,348,0,63.140625,4041.0,3.5385288966725046,5.0,1142,0.038372102143332455,2455.814537173277,2409.8017931360373,46.01274403723916,0.015837950983730455,0.0006335180393492181,9.898719364831533e-06,0.1470177874294123,64
MAPPO,0,24128,376,377,386.8012701125127,6.043769845508011,0.7489361702127659,0.7489361702127659,1410,1056,326,0,57.390625,3673.0,3.478219696969697,5.0,1056,0.0319212774496258,2042.9617567760513,1999.5167681436014,43.44498863245046,0.012584000274159677,0.0005033600109663871,7.865000171349798e-06,0.14750408226218842,64
MAPPO,0,24192,377,378,380.8120051929793,5.950187581140302,0.7629467541940189,0.7629467541940189,1371,1046,339,0,56.65625,3626.0,3.4665391969407264,5.0,1046,0.030124859904528848,1927.9910338898462,1885.7675925866497,42.223441303196836,0.011774986850577757,0.0004709994740231103,7.359366781611099e-06,0.14766660309925136,64
MAPPO,0,24256,378,379,404.47139635410366,6.31986556803287,0.7971872686898593,0.7971872686898593,1351,1077,288,0,58.203125,3725.0,3.458681522748375,5.0,1077,0.03202486949659364,2049.591647781993,2008.455472346529,41.13617543546372,0.012266551606493058,0.0004906620642597223,7.666594754058161e-06,0.14825536820433038,64
MAPPO,0,24320,379,380,395.0299223678498,6.172342536997653,0.7588652482269503,0.7588652482269503,1410,1070,320,0,58.3125,3732.0,3.4878504672897197,5.0,1070,0.03034603573157327,1942.1462868206893,1899.0956644142393,43.05062240644888,0.01210887646485152,0.00048435505859406076,7.568047790532199e-06,0.1486179358166017,64
MAPPO,0,24384,380,381,409.46561292219496,6.397900201909296,0.8005843681519357,0.8005843681519357,1369,1096,304,0,58.6875,3756.0,3.427007299270073,5.0,1096,0.032941432319823674,2108.2516684687153,2065.998650615043,42.25301785367191,0.012491062635966482,0.0004996425054386593,7.80691414747905e-06,0.148688406072448,64
MAPPO,0,24448,381,382,384.7755986930132,6.012118729578331,0.7544867193108399,0.7544867193108399,1393,1051,330,0,54.71875,3502.0,3.3320647002854424,5.0,1051,0.0330935199707537,2117.985278128237,2076.5649305251,41.42034760313725,0.012750958257203454,0.0005100383302881382,7.96934891075216e-06,0.14841054818165797,64
MAPPO,0,24512,382,383,386.5409560206083,6.0397024378220046,0.752306600425834,0.752306600425834,1409,1060,341,0,55.40625,3546.0,3.3452830188679243,5.0,1060,0.031882018126743635,2040.4491601115924,1998.7061045914738,41.743055520118396,0.011647101766533748,0.00046588407066134994,7.279438604083593e-06,0.14782188665046636,64
MAPPO,0,24576,383,384,417.15104533928786,6.517985083426373,0.7733788395904437,0.7733788395904437,1465,1133,343,0,59.859375,3831.0,3.381288614298323,5.0,1133,0.03567626081043266,2283.28069186769,2239.564173729446,43.71651813824511,0.013060917823864144,0.0005224367129545658,8.16307363991509e-06,0.14695563755238483,64
MAPPO,0,24640,384,385,391.89911057031435,6.123423602661162,0.7575971731448763,0.7575971731448763,1415,1072,337,0,57.40625,3674.0,3.4272388059701493,5.0,1072,0.031364784945759144,2007.3462365285855,1963.0228520543362,44.32338447425036,0.012313154219208483,0.0004925261687683393,7.695721387005302e-06,0.14574298096376165,64
MAPPO,0,24704,385,386,389.89134038842286,6.092052193569107,0.7772893772893773,0.7772893772893773,1365,1061,321,0,55.890625,3577.0,3.371347785108388,5.0,1061,0.0334008918314505,2137.657077212832,2097.972937007937,39.68414020489482,0.013019169124491855,0.0005207667649796742,8.13698070280741e-06,0.14434936530566683,64
MAPPO,0,24768,386,387,378.53172816821154,5.914558252628305,0.7498187092095722,0.7498187092095722,1379,1034,325,0,52.53125,3362.0,3.251450676982592,5.0,1034,0.029560060635176993,1891.8438806513275,1852.9731059774438,38.87077467388351,0.011541650740113036,0.0004616660296045214,7.213531712570647e-06,0.1437251870366169,64
MAPPO,0,24832,387,388,394.73193107422117,6.167686423034706,0.7759245830311821,0.7759245830311821,1379,1070,319,0,55.21875,3534.0,3.302803738317757,5.0,1070,0.031558058686297505,2019.7157559230402,1978.5873025877345,41.128453335305295,0.01233271984620694,0.0004933087938482776,7.707949903879338e-06,0.14364294854480497,64
MAPPO,0,24896,388,389,421.19688274375085,6.581201292871107,0.768762677484787,0.768762677484787,1479,1137,326,0,59.359375,3799.0,3.341248900615655,5.0,1137,0.03406015961434985,2179.8502153183904,2136.5954561862013,43.254759132189044,0.014145310906152618,0.0005658124362461047,8.840819316345386e-06,0.1438814358226288,64
MAPPO,0,24960,389,390,404.1908506593894,6.31548204155296,0.7814521926671459,0.7814521926671459,1391,1087,313,0,57.59375,3686.0,3.390984360625575,5.0,1087,0.0304835686688239,1950.9483948047298,1910.052929083123,40.89546572160694,0.012561943461909857,0.0005024777384763943,7.85121466369366e-06,0.14434854332941277,64
MAPPO,0,25024,390,391,433.0795772171243,6.766868394017568,0.7860528097494922,0.7860528097494922,1477,1161,315,0,60.5625,3876.0,3.338501291989664,5.0,1161,0.03723528649808138,2383.0583358772083,2340.180824593432,42.87751128377897,0.015161774832733902,0.0006064709933093561,9.47610927045869e-06,0.1444601878070831,64
MAPPO,0,25088,391,392,403.753191094439,6.308643610850609,0.7640527411519777,0.7640527411519777,1441,1101,331,0,54.75,3504.0,3.1825613079019073,5.0,1101,0.03498864138320516,2239.2730485251304,2199.4359823772447,39.83706614788541,0.015309889181602762,0.0006123955672641105,9.568680738501727e-06,0.14430530958135704,64
MAPPO,0,25152,392,393,412.0487293312971,6.438261395801518,0.7971119133574007,0.7971119133574007,1385,1104,303,0,55.671875,3563.0,3.227355072463768,5.0,1104,0.03340111073712895,2137.671087176253,2099.37354196887,38.297545207382925,0.01360965885513686,0.0005443863542054744,8.506036784460538e-06,0.14408159550871774,64
MAPPO,0,25216,393,394,419.1998724313371,6.549998006739642,0.7892122072391767,0.7892122072391767,1409,1112,283,0,54.140625,3465.0,3.116007194244604,5.0,1112,0.03463351193667376,2216.5447639471204,2179.100777731396,37.44398621572307,0.014000178267570872,0.0005600071307028349,8.750111417231795e-06,0.1444258068331324,64
MAPPO,0,25280,394,395,444.82865449762124,6.950447726525332,0.8104166666666667,0.8104166666666667,1440,1167,275,0,57.0625,3652.0,3.1293916023993145,5.0,1167,0.034323207846855636,2196.685302198761,2158.3704991484487,38.31480305031198,0.013979175372666497,0.0005591670149066598,8.73698460791656e-06,0.14541111347450086,64
MAPPO,0,25344,395,396,433.9221671874758,6.780033862304309,0.803633822501747,0.803633822501747,1431,1150,285,0,54.59375,3494.0,3.0382608695652173,5.0,1150,0.03882428881978497,2484.754484466238,2449.565164700492,35.18931976574768,0.015951084660719497,0.00063804338642878,9.969427912949687e-06,0.1461639233045104,64
MAPPO,0,25408,396,397,439.14484520469364,6.861638206323338,0.8166311300639659,0.8166311300639659,1407,1149,260,0,54.25,3472.0,3.021758050478677,5.0,1149,0.03666663073311715,2346.6643669194978,2312.314082992041,34.3502839274572,0.015182282659805037,0.0006072913063922015,9.488926662378148e-06,0.14666344874744758,64
MAPPO,0,25472,397,398,442.5484522162018,6.914819565878153,0.8138558432470259,0.8138558432470259,1429,1163,272,0,55.296875,3539.0,3.0429922613929494,5.0,1163,0.036591188770027115,2341.8360812817355,2306.4281498690366,35.40793141269906,0.015459969748637753,0.0006183987899455101,9.662481092898595e-06,0.14678809461663866,64
MAPPO,0,25536,398,399,410.6294806845132,6.416085635695519,0.7931286549707602,0.7931286549707602,1368,1085,272,0,52.5625,3364.0,3.1004608294930875,5.0,1085,0.031147194138010988,1993.4204248327032,1955.4160095856453,38.00441524705741,0.012331497953564748,0.00049325991814259,7.707186220977968e-06,0.1467120759963143,64
MAPPO,0,25600,399,400,437.11303975935766,6.8298912462399635,0.8167613636363636,0.8167613636363636,1408,1150,276,0,56.375,3608.0,3.137391304347826,5.0,1150,0.03561165768487188,2279.1460918318003,2241.7602877257646,37.385804106035344,0.014349306743987607,0.0005739722697595043,8.968316714992255e-06,0.14710924667135752,64
MAPPO,0,25664,400,401,427.4661199611818,6.6791581243934655,0.7806896551724138,0.7806896551724138,1450,1132,283,0,56.109375,3591.0,3.17226148409894,5.0,1132,0.035967574804316414,2301.9247874762505,2263.508781970062,38.41600550618826,0.014633086692740941,0.0005853234677096376,9.145679182963088e-06,0.1473542425544808,64
MAPPO,0,25728,401,402,446.26518075107776,6.97289344923559,0.8168523676880223,0.8168523676880223,1436,1173,276,0,59.375,3800.0,3.239556692242114,5.0,1173,0.03813429242878443,2440.594715442204,2400.619633817663,39.97508162454132,0.015139046705599717,0.0006055618682239887,9.461904190999823e-06,0.14743938628350808,64
MAPPO,0,25792,402,403,416.33552007043716,6.5052425011005806,0.7871287128712872,0.7871287128712872,1414,1113,299,0,52.953125,3389.0,3.0449236298292903,5.0,1113,0.03527856494516003,2257.8281564902422,2221.0708578032654,36.7572986869749,0.01411142804051082,0.0005644571216204328,8.819642525319262e-06,0.1470895977326594,64
MAPPO,0,25856,403,404,414.43969699345615,6.475620265522752,0.7904490377761939,0.7904490377761939,1403,1109,302,0,55.25,3536.0,3.188458070333634,5.0,1109,0.03472558800547814,2222.437632350601,2183.1963185314826,39.24131381911798,0.013665912792370631,0.0005466365116948253,8.541195495231645e-06,0.14640321522768673,64
MAPPO,0,25920,404,405,418.32528310506643,6.536332548516663,0.7935943060498221,0.7935943060498221,1405,1115,296,0,55.390625,3545.0,3.179372197309417,5.0,1115,0.03329803343210204,2131.0741396545304,2091.717428170658,39.35671148387216,0.013243685380714737,0.0005297474152285895,8.27730336294671e-06,0.14576642231867942,64
MAPPO,0,25984,405,406,410.16096721263,6.408765112697344,0.7671517671517671,0.7671517671517671,1443,1107,321,0,55.40625,3546.0,3.203252032520325,5.0,1107,0.03312635926981387,2120.0869932680876,2078.3460727905945,41.7409204774925,0.012822399991624161,0.0005128959996649664,8.0139999947651e-06,0.1454274371984403,64
MAPPO,0,26048,406,407,422.1099764829586,6.595468382546228,0.8,0.8,1405,1124,299,0,56.875,3640.0,3.2384341637010676,5.0,1124,0.0333476116957464,2134.2471485277692,2094.9867853730616,39.26036315470773,0.013045939516586494,0.0005218375806634597,8.153712197866558e-06,0.14491219605457184,64
MAPPO,0,26112,407,408,406.74001764909826,6.35531277576716,0.7806451612903226,0.7806451612903226,1395,1089,300,0,54.078125,3461.0,3.1781450872359964,5.0,1089,0.032892176823116695,2105.0993166794683,2066.484324255006,38.61499242446263,0.012680828597520975,0.000507233143900839,7.92551787345061e-06,0.14434591993628987,64
MAPPO,0,26176,408,409,436.3861681717543,6.818533877683661,0.7900815217391305,0.7900815217391305,1472,1163,302,0,55.8125,3572.0,3.0713671539122958,5.0,1163,0.03968201173225368,2539.6487508642354,2499.92388855703,39.724862307205846,0.01535350596554881,0.0006141402386219524,9.595941228468006e-06,0.14415939782704246,64
MAPPO,0,26240,409,410,404.33867112596363,6.317791736343182,0.7938144329896907,0.7938144329896907,1358,1078,285,0,50.078125,3205.0,2.9730983302411875,5.0,1078,0.03326771112823195,2129.133512206845,2093.3011604868466,35.83235171999857,0.013551662777480322,0.0005420665110992129,8.469789235925201e-06,0.143751079670724,64
MAPPO,0,26304,410,411,417.3049772179512,6.520390269030488,0.8051094890510949,0.8051094890510949,1370,1103,277,0,55.046875,3523.0,3.1940163191296462,5.0,1103,0.03304525697197968,2114.8964462066997,2076.7881683072987,38.10827789940204,0.013418803705507567,0.0005367521482203027,8.38675231594223e-06,0.14280430970541824,64
MAPPO,0,26368,411,412,432.6744456583787,6.760538213412167,0.7990230286113049,0.7990230286113049,1433,1145,285,0,58.875,3768.0,3.2908296943231443,5.0,1145,0.03644352438347111,2332.385560542151,2291.626427376995,40.75913316515497,0.014615875201829593,0.0005846350080731837,9.134922001143496e-06,0.1419641467929772,64
MAPPO,0,26432,412,413,445.3555102817303,6.958679848152036,0.7929871881321645,0.7929871881321645,1483,1176,296,0,57.8125,3700.0,3.1462585034013606,5.0,1176,0.03349773311095627,2143.854919101201,2103.3774731743797,40.47744592682198,0.013357277570542897,0.0005342911028217159,8.34829848158931e-06,0.1415298939947066,64
MAPPO,0,26496,413,414,413.5179281641877,6.461217627565433,0.7932519741564967,0.7932519741564967,1393,1105,300,0,54.25,3472.0,3.142081447963801,5.0,1105,0.035525642437774646,2273.641116017577,2234.2399347970236,39.401181220553156,0.014207507504238355,0.0005683003001695342,8.879692190148972e-06,0.14092338898486528,64
MAPPO,0,26560,414,415,409.8753206784876,6.4043018856013685,0.787463976945245,0.787463976945245,1388,1093,292,0,54.015625,3457.0,3.162854528819762,5.0,1093,0.03335753753574611,2134.8824022877507,2094.9765406116258,39.90586167612557,0.013412299294646298,0.0005364919717858519,8.382687059153936e-06,0.1399038874881391,64
MAPPO,0,26624,415,416,442.8423235247061,6.919411305073533,0.8031658637302134,0.8031658637302134,1453,1167,287,0,59.125,3784.0,3.242502142245073,5.0,1167,0.03540875752036077,2266.160481303089,2224.2542599411495,41.90622136193874,0.01369934160567111,0.0005479736642268444,8.562088503544444e-06,0.13894540161613708,64
MAPPO,0,26688,416,417,418.4342443421041,6.538035067845376,0.7889908256880734,0.7889908256880734,1417,1118,305,0,57.40625,3674.0,3.2862254025044724,5.0,1118,0.032540981741136135,2082.6228314327127,2040.7226851951013,41.90014623761164,0.013066867930036377,0.0005226747172014551,8.166792456272736e-06,0.13874549200802644,64
MAPPO,0,26752,417,418,400.13376639098084,6.252090099859076,0.7685185185185185,0.7685185185185185,1404,1079,314,0,54.59375,3494.0,3.2381835032437443,5.0,1079,0.030966298278562985,1981.843089828031,1941.0676708921355,40.77541893589536,0.011780746558456718,0.00047122986233826876,7.362966599035449e-06,0.13864745032724118,64
MAPPO,0,26816,418,419,406.96532769167936,6.35883324518249,0.7831066571224051,0.7831066571224051,1397,1094,313,0,54.765625,3505.0,3.203839122486289,5.0,1094,0.03237737862902325,2072.152232257488,2033.0428756194224,39.10935663806467,0.011809121139739134,0.00047236484558956535,7.3807007123369586e-06,0.1391805098389462,64
MAPPO,0,26880,419,420,410.1562372205956,6.408691206571806,0.748494983277592,0.748494983277592,1495,1119,352,0,57.46875,3678.0,3.28686327077748,5.0,1119,0.035207842500525575,2253.3019200336366,2208.9299790343116,44.371940999326036,0.01232193831109099,0.0004928775324436396,7.701211444431869e-06,0.1396776500828602,64
MAPPO,0,26944,420,421,420.3658510396467,6.56821642249448,0.7756497948016415,0.7756497948016415,1462,1134,330,0,60.0,3840.0,3.386243386243386,5.0,1134,0.03569961673245013,2284.7754708768084,2239.1701105156367,45.605360361172565,0.0128639211593691,0.000514556846374764,8.039950724605688e-06,0.1399861132038121,64
MAPPO,0,27008,421,422,398.09361789756827,6.220212779649504,0.779796511627907,0.779796511627907,1376,1073,319,0,57.703125,3693.0,3.441752096924511,5.0,1073,0.029854045055407737,1910.6588835460952,1867.8926862806707,42.766197265425376,0.010105785916075645,0.0004042314366430258,6.316116197547278e-06,0.14071830222597456,64
MAPPO,0,27072,422,423,390.3626504798231,6.099416413747236,0.7601713062098501,0.7601713062098501,1401,1065,336,0,58.359375,3735.0,3.507042253521127,5.0,1065,0.030275702073436914,1937.6449326999625,1890.5553686277988,47.08956407216434,0.010893876294871332,0.0004357550517948533,6.808672684294583e-06,0.14120362549936616,64
MAPPO,0,27136,423,424,391.70892672333207,6.120451980052064,0.7688953488372093,0.7688953488372093,1376,1058,316,0,58.5625,3748.0,3.5425330812854443,5.0,1058,0.03047999859004481,1950.7199097628677,1903.7724360454752,46.94747371739337,0.010585821228367313,0.0004234328491346925,6.616138267729571e-06,0.1414983839368342,64
MAPPO,0,27200,424,425,388.2996376840937,6.067181838813964,0.759018759018759,0.759018759018759,1386,1052,318,0,55.890625,3577.0,3.400190114068441,5.0,1052,0.03098986087936838,1983.3510962795765,1938.611799834223,44.73929644535327,0.011003493631919306,0.00044013974527677224,6.877183519949566e-06,0.14139468220748205,64
MAPPO,0,27264,425,426,409.680272495627,6.401254257744172,0.7581521739130435,0.7581521739130435,1472,1116,351,0,59.375,3800.0,3.4050179211469533,5.0,1116,0.03490622270122987,2233.998252878712,2188.0143742461705,45.9838786325418,0.012065447086471138,0.0004826178834588455,7.540904429044461e-06,0.14114739236966273,64
MAPPO,0,27328,426,427,374.03257515662847,5.84425898682232,0.7687074829931972,0.7687074829931972,1323,1017,322,0,53.921875,3451.0,3.393313667649951,5.0,1017,0.027920097538247694,1786.8862424478525,1744.3570700071004,42.52917244075254,0.008860021113769065,0.0003544008445507626,5.537513196105666e-06,0.14040392293915194,64
MAPPO,0,27392,427,428,404.71642494525895,6.323694139769671,0.7778576563623293,0.7778576563623293,1391,1082,301,0,56.828125,3637.0,3.3613678373382623,5.0,1082,0.03241469206786179,2074.5402923431543,2032.7372790966938,41.80301324645998,0.011250232882892007,0.00045000931531568027,7.031395551807504e-06,0.13930125926331016,64
MAPPO,0,27456,428,429,422.77862672868446,6.605916042635695,0.7991422444603288,0.7991422444603288,1399,1118,290,0,59.109375,3783.0,3.383720930232558,5.0,1118,0.03370232511317466,2156.948807243178,2113.850114945049,43.09869229812989,0.01129535030447733,0.00045181401217909316,7.059593940298331e-06,0.1380801159066234,64
MAPPO,0,27520,429,430,403.085586635773,6.298212291183953,0.7902511078286558,0.7902511078286558,1354,1070,284,0,53.65625,3434.0,3.209345794392523,5.0,1070,0.0323719940428338,2071.807618741363,2033.4335096110217,38.37410913034125,0.01086784710195608,0.0004347138840782432,6.79240443872255e-06,0.13732663983157306,64
MAPPO,0,27584,430,431,390.17048014025283,6.0964137521914505,0.7768777614138439,0.7768777614138439,1358,1055,320,0,51.703125,3309.0,3.1364928909952607,5.0,1055,0.033208434289349706,2125.339794518381,2088.765454678732,36.57433983964905,0.010608927268474944,0.0004243570907389978,6.6305795427968405e-06,0.1369932195752948,64
MAPPO,0,27648,431,432,431.348954401205,6.739827412518828,0.7910863509749304,0.7910863509749304,1436,1136,289,0,57.5,3680.0,3.23943661971831,5.0,1136,0.03464234837920249,2217.1102962689597,2176.063052118432,41.04724415052707,0.011005619069890584,0.0004402247627956234,6.878511918681616e-06,0.1369100619223167,64
MAPPO,0,27712,432,433,424.5271798207972,6.633237184699956,0.8121301775147929,0.8121301775147929,1352,1098,243,0,51.703125,3309.0,3.0136612021857925,5.0,1098,0.03256435414577591,2084.118665329658,2049.1948642031807,34.923801126477656,0.010137162125115395,0.00040548648500461583,6.335726328197122e-06,0.13642089867028392,64
MAPPO,0,27776,433,434,446.7498042153604,6.980465690865007,0.8226950354609929,0.8226950354609929,1410,1160,264,0,54.484375,3487.0,3.0060344827586207,5.0,1160,0.037467456057653864,2397.917187689847,2364.0466183012795,33.8705693885688,0.011559406149155705,0.0004623762459662282,7.224628843222316e-06,0.13563331515228833,64
MAPPO,0,27840,434,435,425.10553001057843,6.642273906415288,0.8065454545454546,0.8065454545454546,1375,1109,267,0,52.046875,3331.0,3.0036068530207394,5.0,1109,0.03276977203133464,2097.265410005417,2063.0557016143825,34.20970839103414,0.009774582936915901,0.00039098331747663604,6.109114335572438e-06,0.134532369338081,64
MAPPO,0,27904,435,436,436.2040147894046,6.815687731084447,0.8227571115973742,0.8227571115973742,1371,1128,246,0,52.4375,3356.0,2.975177304964539,5.0,1128,0.03504029504142125,2242.5788826509597,2209.181855078165,33.39702757279384,0.011150019407356476,0.000446000776294259,6.968762129597797e-06,0.13355626932654024,64
MAPPO,0,27968,436,437,418.0588961558068,6.532170252434481,0.7850599013389711,0.7850599013389711,1419,1114,305,0,53.609375,3431.0,3.0798922800718134,5.0,1114,0.03598735363636766,2303.19063272753,2265.3919682479286,37.798664479601136,0.011815907961041861,0.0004726363184416744,7.384942475651163e-06,0.13323183515283016,64
MAPPO,0,28032,437,438,408.0287959152306,6.375449936175478,0.7957227138643068,0.7957227138643068,1356,1079,281,0,54.203125,3469.0,3.21501390176089,5.0,1079,0.03292300161272628,2107.072103214482,2068.4215979924543,38.65050522202679,0.01080183195955984,0.0004320732783823936,6.7511449747249e-06,0.13360242188923696,64
MAPPO,0,28096,438,439,414.68294807408097,6.479421063657515,0.7973856209150327,0.7973856209150327,1377,1098,290,0,56.953125,3645.0,3.319672131147541,5.0,1098,0.03229039541714084,2066.585306697014,2025.5488405746328,41.03646612238139,0.010752086442218804,0.0004300834576887522,6.720054026386753e-06,0.13454213738442128,64
MAPPO,0,28160,439,440,392.962266973411,6.1400354214595465,0.7626262626262627,0.7626262626262627,1386,1057,309,0,52.96875,3390.0,3.207190160832545,5.0,1057,0.0318482473353987,2038.2878294655168,1999.0030975911852,39.28473187433136,0.010667270100304172,0.0004266908040121669,6.667043812690108e-06,0.13508155166206037,64
MAPPO,0,28224,440,441,416.76540713746664,6.511959486522916,0.7932031814895155,0.7932031814895155,1383,1097,274,0,53.8125,3444.0,3.13947128532361,5.0,1097,0.0345900808998448,2213.765177590067,2175.394805950154,38.3703716399133,0.01151456029680732,0.0004605824118722928,7.196600185504575e-06,0.135335209820597,64
MAPPO,0,28288,441,442,418.2805942502885,6.535634285160758,0.7892122072391767,0.7892122072391767,1409,1112,297,0,54.53125,3490.0,3.1384892086330933,5.0,1112,0.035943842640843965,2300.405929014014,2262.036784836338,38.36914417767681,0.012119654183728124,0.0004847861673491249,7.574783864830077e-06,0.13547325306746216,64
MAPPO,0,28352,442,443,416.64865268716164,6.510135198236901,0.7852586817859674,0.7852586817859674,1411,1108,300,0,53.21875,3406.0,3.0740072202166067,5.0,1108,0.03216357658519771,2058.4689014526534,2021.6578919811484,36.81100947150492,0.011206232272800752,0.0004482492909120301,7.00389517050047e-06,0.1360061046420771,64
MAPPO,0,28416,443,444,414.1261962523035,6.470721816442242,0.7949458483754512,0.7949458483754512,1385,1101,294,0,54.125,3464.0,3.146230699364214,5.0,1101,0.0344287717953921,2203.4413949050945,2165.313824687629,38.127570217465625,0.011842696870383014,0.0004737078748153205,7.401685543989383e-06,0.136781520888484,64
MAPPO,0,28480,444,445,395.5306566379634,6.180166509968178,0.7769679300291545,0.7769679300291545,1372,1066,307,0,51.328125,3285.0,3.0816135084427767,5.0,1066,0.03539916808340335,2265.546757337814,2231.3054960611566,34.24126127665645,0.012483177464647588,0.0004993270985859035,7.801985915404742e-06,0.13795684895791133,64
MAPPO,0,28544,445,446,441.09864927746617,6.892166394960409,0.7906186267845003,0.7906186267845003,1471,1163,294,0,55.265625,3537.0,3.0412725709372315,5.0,1163,0.035649048585826654,2281.539109492906,2243.474412035428,38.064697457477905,0.012065996897529137,0.00048263987590116544,7.54124806095571e-06,0.13894080760579028,64
MAPPO,0,28608,446,447,433.69646273254114,6.776507230195955,0.8229317851959361,0.8229317851959361,1378,1134,268,0,55.046875,3523.0,3.1067019400352733,5.0,1134,0.03619241951000571,2316.314848640365,2280.194281701674,36.12056693869173,0.01252828649673571,0.0005011314598694284,7.830179060459818e-06,0.13946671443641462,64
MAPPO,0,28672,447,448,439.1481210398293,6.8616893912473325,0.802924791086351,0.802924791086351,1436,1153,276,0,55.703125,3565.0,3.0919340849956636,5.0,1153,0.037364672036483824,2391.3390103349648,2354.6636548046827,36.67535553028265,0.0139856916376849,0.000559427665507396,8.741057273553062e-06,0.1398417319642297,64
MAPPO,0,28736,448,449,431.81075947687793,6.747043116826218,0.8130841121495327,0.8130841121495327,1391,1131,268,0,53.640625,3433.0,3.0353669319186563,5.0,1131,0.036231443047937704,2318.812355068013,2283.3967731440316,35.41558192398256,0.012948395002300108,0.0005179358000920043,8.092746876437568e-06,0.1398854416658861,64
MAPPO,0,28800,449,450,418.92792283595037,6.5457487943117245,0.7740384615384616,0.7740384615384616,1456,1127,318,0,54.75,3504.0,3.1091393078970717,5.0,1127,0.0375452155718537,2402.893796598637,2364.9627702892576,37.93102630937941,0.0143258171271674,0.0005730326850866959,8.953635704479624e-06,0.13949049874318234,64
MAPPO,0,28864,450,451,429.45789194074865,6.710279561574198,0.793440334961619,0.793440334961619,1433,1137,290,0,53.828125,3445.0,3.0299032541776607,5.0,1137,0.03669536433250369,2348.5033172802364,2313.8404666889646,34.662850591271386,0.01372535652141851,0.0005490142608567404,8.578347825886569e-06,0.13947171231799563,64
MAPPO,0,28928,451,452,445.12978904979605,6.955152953903063,0.8202959830866807,0.8202959830866807,1419,1164,264,0,54.796875,3507.0,3.0128865979381443,5.0,1164,0.03898809606150624,2495.2381479363994,2461.4027861317436,33.83536180465552,0.01564821237713841,0.0006259284950855364,9.780132735711506e-06,0.1403057736390063,64
MAPPO,0,28992,452,453,437.75486803259633,6.839919813009318,0.8152096659559346,0.8152096659559346,1407,1147,262,0,52.671875,3371.0,2.9389712292938097,5.0,1147,0.03835386354621957,2454.6472669580526,2422.624696033991,32.02257092406217,0.015411218577884885,0.0006164487431153954,9.632011611178053e-06,0.14146385562790625,64
MAPPO,0,29056,453,454,454.92553153783564,7.108211430278682,0.8217000691085004,0.8217000691085004,1447,1189,264,0,54.46875,3486.0,2.931875525651808,5.0,1189,0.040208475893013775,2573.3424571528817,2541.005805109279,32.336652043604126,0.0163797417728952,0.000655189670915808,1.02373386080595e-05,0.14226584193243902,64
MAPPO,0,29120,454,455,456.5027248710835,7.13285507611068,0.8112313937753721,0.8112313937753721,1478,1199,274,0,55.59375,3558.0,2.9674728940783988,5.0,1199,0.04282452649982217,2740.769695988619,2706.3466635392106,34.42303244940975,0.01739581608423159,0.0006958326433692635,1.0872385052644743e-05,0.14367173379437817,64
MAPPO,0,29184,455,456,441.2336536795825,6.894275838743477,0.8255563531945441,0.8255563531945441,1393,1150,252,0,53.234375,3407.0,2.962608695652174,5.0,1150,0.03870592253182407,2477.17904203674,2445.527958510246,31.65108352649265,0.015552460169130936,0.0006220984067652375,9.720287605706835e-06,0.14506142286508567,64
MAPPO,0,29248,456,457,445.17710882824167,6.955892325441276,0.8080949057920447,0.8080949057920447,1433,1158,252,0,53.3125,3412.0,2.9464594127806563,5.0,1158,0.035725177580374766,2286.411365143985,2251.7889037340515,34.622461409934544,0.014617005144596868,0.0005846802057838747,9.135628215373042e-06,0.14601095269754208,64
MAPPO,0,29312,457,458,453.97095117657807,7.093296112134032,0.8265734265734266,0.8265734265734266,1430,1182,256,0,55.71875,3566.0,3.0169204737732658,5.0,1182,0.03878280592947358,2482.099579486309,2448.331484522135,33.76809496417448,0.015917955711982703,0.0006367182284793082,9.94872231998919e-06,0.14690713007533798,64
MAPPO,0,29376,458,459,452.19117849617487,7.065487164002732,0.8249299719887955,0.8249299719887955,1428,1178,255,0,55.171875,3531.0,2.997453310696095,5.0,1178,0.03929261894538627,2514.7276125047215,2482.0073330303194,32.72027947440202,0.01611602836706835,0.000644641134682734,1.0072517729417718e-05,0.14835762313419493,64
MAPPO,0,29440,459,460,445.77005135066827,6.965157052354192,0.8038277511961722,0.8038277511961722,1463,1176,282,0,55.015625,3521.0,2.994047619047619,5.0,1176,0.039833650144545554,2549.3536092509153,2514.5525756135335,34.80103363738237,0.016133934772463856,0.0006453573908985542,1.008370923278991e-05,0.14944792811378443,64
MAPPO,0,29504,460,461,434.55230543944526,6.789879772491332,0.7955647955647955,0.7955647955647955,1443,1148,283,0,58.515625,3745.0,3.2621951219512195,5.0,1148,0.03592621274065325,2299.2776154018084,2259.2364762087745,40.04113919303309,0.014391563562146862,0.0005756625424858745,8.994727226341789e-06,0.15026210759997655,64
MAPPO,0,29568,461,462,422.40029002557026,6.600004531649535,0.7938071780436312,0.7938071780436312,1421,1128,304,0,55.796875,3571.0,3.1657801418439715,5.0,1128,0.035707372069081075,2285.2718124211888,2246.5988832577436,38.67292916344526,0.014103344761034767,0.0005641337904413907,8.81459047564673e-06,0.15070121494705896,64
MAPPO,0,29632,462,463,424.9069187478641,6.6391706054353765,0.7713517148621385,0.7713517148621385,1487,1147,330,0,58.984375,3775.0,3.2911944202266783,5.0,1147,0.03677249242604266,2353.4395152667303,2310.811632139434,42.62788312729644,0.014596118272005952,0.0005838447308802381,9.12257392000372e-06,0.1516398695554883,64
MAPPO,0,29696,463,464,424.29684201423964,6.629638156472494,0.8021276595744681,0.8021276595744681,1410,1131,297,0,58.0625,3716.0,3.2855879752431476,5.0,1131,0.03495674517933222,2237.2316914772623,2199.1785000209293,38.05319145633234,0.014269665590372968,0.0005707866236149187,8.918540993983105e-06,0.15246334343595538,64
MAPPO,0,29760,464,465,407.2939407403595,6.3639678240681175,0.7807829181494662,0.7807829181494662,1405,1097,309,0,54.6875,3500.0,3.1905195989061075,5.0,1097,0.03434267727568052,2197.9313456435534,2160.6359749550447,37.2953706885085,0.014727734924441141,0.0005891093969776456,9.204834327775713e-06,0.15276584051435796,64
MAPPO,0,29824,465,466,420.1255029270749,6.564460983235545,0.779835390946502,0.779835390946502,1458,1137,327,0,58.515625,3745.0,3.2937554969217238,5.0,1137,0.036039746949147036,2306.5438047454104,2265.5956510834135,40.94815366199656,0.015163466061491191,0.0006065386424596477,9.477166288431995e-06,0.15285044674381398,64
MAPPO,0,29888,466,467,415.4393003764577,6.491239068382152,0.7868852459016393,0.7868852459016393,1403,1104,281,0,56.953125,3645.0,3.301630434782609,5.0,1104,0.034710786450984986,2221.490332863039,2181.3061015449034,40.18423131813475,0.014941934704172698,0.0005976773881669079,9.338709190107936e-06,0.15253578047775312,64
MAPPO,0,29952,467,468,441.23507267035916,6.894298010474362,0.7837301587301587,0.7837301587301587,1512,1185,329,0,60.84375,3894.0,3.286075949367089,5.0,1185,0.035775075187310185,2289.604811987852,2247.011872364607,42.59293962324501,0.014978731108563072,0.0005991492443425229,9.36170694285192e-06,0.15195437107015378,64
MAPPO,0,30016,468,469,398.94678234102673,6.233543474078543,0.7695035460992907,0.7695035460992907,1410,1085,319,0,54.21875,3470.0,3.19815668202765,5.0,1085,0.03247340738639897,2078.298072729534,2037.9904687602318,40.30760396930062,0.014669833106988855,0.0005867933242795542,9.168645691868035e-06,0.15099242469546417,64
MAPPO,0,30080,469,470,396.7867621303779,6.199793158287155,0.7578506629448709,0.7578506629448709,1433,1086,341,0,57.09375,3654.0,3.3646408839779007,5.0,1086,0.03356249659350765,2147.99978198449,2105.204538031933,42.79524395255718,0.014773513200566293,0.0005909405280226517,9.233445750353933e-06,0.1497068836122401,64
MAPPO,0,30144,470,471,388.599496717353,6.071867136208641,0.7771303714493809,0.7771303714493809,1373,1067,336,0,54.625,3496.0,3.2764761012183694,5.0,1067,0.031985457458095196,2047.0692773180926,2007.142029150346,39.92724816774549,0.014142475339581871,0.0005656990135832748,8.839047087238669e-06,0.14858036390570842,64
MAPPO,0,30208,471,472,406.9017642632465,6.357840066613226,0.7758257203092059,0.7758257203092059,1423,1104,320,0,56.828125,3637.0,3.2943840579710146,5.0,1104,0.03601562702821785,2305.0001298059424,2264.63555940353,40.36457040241383,0.01631674280032522,0.0006526697120130089,1.0197964250203264e-05,0.1487025102829026,64
MAPPO,0,30272,472,473,405.817858546356,6.340904039786812,0.778969957081545,0.778969957081545,1398,1089,292,0,54.921875,3515.0,3.2277318640955004,5.0,1089,0.033630788810066675,2152.3704838442673,2112.4972228699176,39.87326097434938,0.015635596462885194,0.0006254238585154078,9.772247789303247e-06,0.1496407956444725,64
MAPPO,0,30336,473,474,432.8548672516814,6.763357300807522,0.7940566689702834,0.7940566689702834,1447,1149,290,0,57.984375,3711.0,3.22976501305483,5.0,1149,0.03651076099806033,2336.6887038758614,2296.015644114262,40.67305976159881,0.016522370857325937,0.0006608948342930375,1.0326481785828711e-05,0.1503266215309473,64
MAPPO,0,30400,474,475,416.66729566984804,6.510426494841376,0.7974044700793078,0.7974044700793078,1387,1106,275,0,53.90625,3450.0,3.119349005424955,5.0,1106,0.032714818361853394,2093.7483751586174,2057.726982382176,36.021392776441296,0.015093326424173,0.00060373305696692,9.433329015108124e-06,0.15070638569227401,64
MAPPO,0,30464,475,476,412.72928047517814,6.4488950074246585,0.8039358600583091,0.8039358600583091,1372,1103,288,0,53.015625,3393.0,3.0761559383499546,5.0,1103,0.03350122115027165,2144.0781536173854,2107.6433688985817,36.43478471880386,0.015886935765897187,0.0006354774306358875,9.929334853685742e-06,0.1509397159382667,64
MAPPO,0,30528,476,477,406.31461928396646,6.348665926311976,0.808095952023988,0.808095952023988,1334,1078,264,0,52.59375,3366.0,3.122448979591837,5.0,1078,0.034473410637349815,2206.298280790388,2171.9817852381093,34.31649555227912,0.01576568829106361,0.0006306275316425445,9.853555181914757e-06,0.15159724779602546,64
MAPPO,0,30592,477,478,406.72634877906637,6.355099199672912,0.7895500725689405,0.7895500725689405,1378,1088,283,0,52.40625,3354.0,3.082720588235294,5.0,1088,0.0353121868067067,2259.9799556292287,2224.5975377154336,35.38241791379579,0.016789019520108407,0.0006715607808043363,1.0493137200067755e-05,0.1528006361822534,64
MAPPO,0,30656,478,479,410.2139273059517,6.409592614155495,0.7927007299270074,0.7927007299270074,1370,1086,265,0,52.8125,3380.0,3.1123388581952116,5.0,1086,0.03330546637332463,2131.549847892776,2094.6072873491944,36.94256054358068,0.015380778813650449,0.000615231152546018,9.61298675853153e-06,0.15408282271162443,64
MAPPO,0,30720,479,480,387.25412617078365,6.0508457214184945,0.8017174082747853,0.8017174082747853,1281,1027,264,0,51.078125,3269.0,3.1830574488802337,5.0,1027,0.027820079901786927,1780.4851137143633,1745.5588836314787,34.926230082884366,0.01251035173277442,0.0005004140693109768,7.818969832984012e-06,0.1548858579633539,64
MAPPO,0,30784,480,481,430.07144986838716,6.719866404193549,0.8009776536312849,0.8009776536312849,1432,1147,293,0,57.5,3680.0,3.208369659982563,5.0,1147,0.03786655995330403,2423.4598370114577,2384.8475440733905,38.612292938067526,0.017166433858866768,0.0006866573543546707,1.072902116179173e-05,0.15538910773751685,64
MAPPO,0,30848,481,482,439.2471468363804,6.863236669318444,0.8071278825995807,0.8071278825995807,1431,1155,271,0,59.1875,3788.0,3.2796536796536797,5.0,1155,0.03384776317430099,2166.2568431552636,2125.382907254911,40.87393590035225,0.015518704618940418,0.0006207481847576167,9.699190386837761e-06,0.15566538962136425,64
MAPPO,0,30912,482,483,421.27829356574466,6.58247333696476,0.7922535211267606,0.7922535211267606,1420,1125,299,0,56.9375,3644.0,3.2391111111111113,5.0,1125,0.033509968999171136,2144.6380159469527,2105.0502673238416,39.587748623111786,0.01435541452346408,0.0005742165809385632,8.97213407716505e-06,0.15554453625176234,64
MAPPO,0,30976,483,484,402.8970203048143,6.2952659422627235,0.7809315866084425,0.7809315866084425,1374,1073,279,0,53.8125,3444.0,3.2096924510717613,5.0,1073,0.03211499247108432,2055.3595181493965,2017.003664658474,38.3558534909221,0.013927281556005871,0.0005570912622402349,8.70455097250367e-06,0.1550257139096736,64
MAPPO,0,31040,484,485,419.252137984158,6.550814656002469,0.8062865497076024,0.8062865497076024,1368,1103,262,0,56.703125,3629.0,3.29011786038078,5.0,1103,0.033246621976888206,2127.7838065208452,2089.3462036695155,38.43760285132928,0.014080511333472353,0.0005632204533388941,8.80031958342022e-06,0.1546824436032435,64
MAPPO,0,31104,485,486,452.940123215523,7.077189425242547,0.8227241615331964,0.8227241615331964,1461,1202,298,0,59.828125,3829.0,3.1855241264559067,5.0,1202,0.03852151215909168,2465.3767781818674,2425.6750249727515,39.70175320911451,0.017310929322441646,0.0006924371728976658,1.0819330826526027e-05,0.15479310978738803,64
MAPPO,0,31168,486,487,418.7410496786502,6.542828901228909,0.7745504840940526,0.7745504840940526,1446,1120,300,0,56.1875,3596.0,3.210714285714286,5.0,1120,0.034610328981672656,2215.06105482705,2174.267095118719,40.79395970833143,0.015060814606438391,0.0006024325842575357,9.413009129023995e-06,0.15459226407245968,64
MAPPO,0,31232,487,488,410.8108279854936,6.418919187273337,0.7854077253218884,0.7854077253218884,1398,1098,293,0,55.453125,3549.0,3.23224043715847,5.0,1098,0.0336678348616263,2154.741431144083,2115.933715790663,38.807715353419965,0.014159523519018495,0.0005663809407607398,8.84970219938656e-06,0.1539781082903379,64
MAPPO,0,31296,488,489,419.8030019841914,6.55942190600299,0.7864145658263305,0.7864145658263305,1428,1123,299,0,55.984375,3583.0,3.1905609973285842,5.0,1123,0.03457580024483244,2212.8512156692764,2174.300935951035,38.550279718242244,0.015129400891168465,0.0006051760356467386,9.455875556980291e-06,0.15372403181114622,64
MAPPO,0,31360,489,490,435.5482518259042,6.805441434779753,0.7965870307167235,0.7965870307167235,1465,1167,320,0,57.984375,3711.0,3.1799485861182517,5.0,1167,0.035713396089531495,2285.6573497300155,2246.779759974235,38.87758975578107,0.0151619803625885,0.00060647921450354,9.476237726617812e-06,0.15367152608833645,64
MAPPO,0,31424,490,491,407.3088794556295,6.364201241494211,0.7848375451263538,0.7848375451263538,1385,1087,291,0,53.75,3440.0,3.1646734130634773,5.0,1087,0.03167792487655959,2027.387192099814,1989.3928296685979,37.99436243121707,0.013074248666830443,0.0005229699466732178,8.171405416769028e-06,0.1532063566862305,64
MAPPO,0,31488,491,492,411.16879728012736,6.42451245750199,0.8053097345132744,0.8053097345132744,1356,1092,270,0,53.515625,3425.0,3.1364468864468864,5.0,1092,0.035866957472974886,2295.485278270393,2259.8512098190963,35.63406845129599,0.016089782867462505,0.0006435913146985002,1.0056114292164066e-05,0.15240770825540792,64
MAPPO,0,31552,492,493,446.66570027359205,6.979151566774876,0.8088033012379643,0.8088033012379643,1454,1176,274,0,56.078125,3589.0,3.05187074829932,5.0,1176,0.03751746399364224,2401.1176955931032,2365.9333911499784,35.18430444312575,0.01686136811499917,0.0006744547245999668,1.0538355071874482e-05,0.1516083636950511,64
MAPPO,0,31616,493,494,453.1964010715567,7.081193766743073,0.8201936376210235,0.8201936376210235,1446,1186,265,0,55.1875,3532.0,2.9780775716694774,5.0,1186,0.0381321124132274,2440.4551944465534,2406.145978722504,34.30921572404897,0.016632855525522555,0.0006653142210209022,1.0395534703451596e-05,0.15121777091798427,64
MAPPO,0,31680,494,495,423.5466236282314,6.617915994191115,0.818450184501845,0.818450184501845,1355,1109,248,0,50.203125,3213.0,2.897204688908927,5.0,1109,0.0350286070387982,2241.8308504830848,2211.119515840356,30.71133464272856,0.015583232818701533,0.0006233293127480613,9.739520511688458e-06,0.1504532614430729,64
MAPPO,0,31744,495,496,428.42074981210965,6.694074215814213,0.8091493924231594,0.8091493924231594,1399,1132,274,0,52.953125,3389.0,2.993816254416961,5.0,1132,0.03687890682396372,2360.250036733678,2326.7242990389686,33.525737694709335,0.01605177444069951,0.0006420709776279804,1.0032359025437194e-05,0.15006714248927533,64
MAPPO,0,31808,496,497,433.5104585212739,6.773600914394905,0.8086463501063076,0.8086463501063076,1411,1141,271,0,53.546875,3427.0,3.0035056967572307,5.0,1141,0.035524955368063646,2273.597143556073,2240.0054315938296,33.59171196224392,0.015432097126368192,0.0006172838850547277,9.64506070398012e-06,0.14988124965093685,64
MAPPO,0,31872,497,498,430.0169101222166,6.719014220659634,0.8095919828203293,0.8095919828203293,1397,1131,269,0,55.265625,3537.0,3.127320954907162,5.0,1131,0.03237753173255798,2072.162030883711,2035.4230852660776,36.73894561763342,0.014136107023798191,0.0005654442809519276,8.83506688987387e-06,0.14925321337418584,64
MAPPO,0,31936,498,499,447.7855604586835,6.99664938216693,0.7989167230873392,0.7989167230873392,1477,1180,279,0,55.234375,3535.0,2.9957627118644066,5.0,1180,0.03611486167177652,2311.3511469936975,2274.7291043505056,36.622042643190234,0.016334256940733927,0.0006533702776293571,1.0208910587958705e-05,0.1483502784150452,64
MAPPO,0,32000,499,500,448.2468875590097,7.003857618109526,0.8135828135828136,0.8135828135828136,1443,1174,262,0,58.25,3728.0,3.1754684838160134,5.0,1174,0.037657270188788255,2410.065292082448,2372.0771129483105,37.988179134138406,0.017091625669402723,0.000683665026776109,1.0682266043376703e-05,0.14805624319093097,64
IPPO,0,64,0,1,395.58147612931475,6.180960564520543,0.7524682651622003,0.7524682651622003,1418,1067,285,0,52.5625,3364.0,3.152764761012184,5.0,1067,0.030687105701186282,1963.9747648759221,1924.3891196316815,39.58564524424157,0.01759332909133075,0.00070373316365323,1.0995830682081718e-05,0.3518127995815882,64
IPPO,0,128,1,2,406.77952654897115,6.355930102327674,0.8035450516986706,0.8035450516986706,1354,1088,275,0,53.828125,3445.0,3.166360294117647,5.0,1088,0.030992421986853556,1983.5150071586277,1946.3046934203403,37.21031373828694,0.017710260000342256,0.0007084104000136903,1.106891250021391e-05,0.34794155699701185,64
IPPO,0,192,2,3,385.3934959844223,6.021773374756599,0.7623833452979182,0.7623833452979182,1393,1062,322,0,53.40625,3418.0,3.2184557438794728,5.0,1062,0.03281780149450055,2100.339295648035,2060.1015721437375,40.23772350429812,0.018355410897863217,0.0007342164359145286,1.147213181116451e-05,0.34396906575021813,64
IPPO,0,256,3,4,389.77581472046614,6.0902471050072835,0.7568517217146873,0.7568517217146873,1423,1077,341,0,56.109375,3591.0,3.3342618384401113,5.0,1077,0.030124692319905378,1927.9803084739442,1886.5299950010524,41.45031347289231,0.016451239796685693,0.0006580495918674276,1.0282024872928557e-05,0.3401755224802864,64
IPPO,0,320,4,5,414.01227952954,6.468941867649063,0.7873684210526316,0.7873684210526316,1425,1122,317,0,57.9375,3708.0,3.304812834224599,5.0,1122,0.030824960265323557,1972.7974569807077,1930.0455099813419,42.75194699936565,0.017052501079051645,0.0006821000431620658,1.0657813174407278e-05,0.3361835550157802,64
IPPO,0,384,5,6,387.70929034491,6.057957661639219,0.7427184466019418,0.7427184466019418,1442,1071,339,0,56.796875,3635.0,3.3940242763772175,5.0,1071,0.03109887677434389,1990.328113558009,1945.76869091834,44.55942263966977,0.016898091989998854,0.0006759236795999542,1.0561307493749284e-05,0.3322480013906222,64
IPPO,0,448,6,7,388.0007682648445,6.0625120041381955,0.7593244194229416,0.7593244194229416,1421,1079,355,0,59.328125,3797.0,3.518999073215941,5.0,1079,0.02941201910309828,1882.36922259829,1836.9424405003542,45.42678209793551,0.01597544977132097,0.0006390179908528389,9.984656107075607e-06,0.3282985476712552,64
IPPO,0,512,7,8,368.92955715933294,5.764524330614577,0.7362093352192363,0.7362093352192363,1414,1041,372,0,59.75,3824.0,3.6733909702209413,5.0,1041,0.028887803455021885,1848.8194211214006,1799.302455944252,49.516965177147625,0.015139594693251558,0.0006055837877300623,9.462246683282224e-06,0.32430328209087084,64
IPPO,0,576,8,9,357.97906023496546,5.593422816171335,0.7023728813559322,0.7023728813559322,1475,1036,416,0,60.03125,3842.0,3.7084942084942085,5.0,1036,0.02720407613893446,1741.0608728918053,1689.8845348685043,51.176338023300474,0.01486027979305951,0.0005944111917223804,9.287674870662193e-06,0.3202045702321986,64
IPPO,0,640,9,10,383.9262574249442,5.998847772264753,0.7517482517482518,0.7517482517482518,1430,1075,371,0,62.34375,3990.0,3.7116279069767444,5.0,1075,0.029824024870802514,1908.737591731361,1859.0754281000652,49.66216363129605,0.015800750266268294,0.0006320300106507318,9.875468916417685e-06,0.3165860797846416,64
IPPO,0,704,10,11,400.759806504445,6.261871976631953,0.7796730632551528,0.7796730632551528,1407,1097,336,0,63.328125,4053.0,3.6946216955332725,5.0,1097,0.029495500884628198,1887.7120566162046,1839.5070657755434,48.2049908406611,0.01527066802101807,0.0006108267208407228,9.544167513136294e-06,0.31438169262490556,64
IPPO,0,768,11,12,370.4697025580436,5.788589102469431,0.7357549857549858,0.7357549857549858,1404,1033,350,0,57.984375,3711.0,3.5924491771539206,5.0,1033,0.02940122147391437,1881.6781743305198,1833.6914210005252,47.98675332999547,0.014535090870133612,0.0005814036348053444,9.084431793833507e-06,0.31293287509820644,64
IPPO,0,832,12,13,389.734512269867,6.089601754216672,0.7479395604395604,0.7479395604395604,1456,1089,364,0,61.1875,3916.0,3.595959595959596,5.0,1089,0.03237539970325863,2072.0255810085523,2022.1011227826589,49.92445822589329,0.017385023086381967,0.0006954009234552787,1.086563942898873e-05,0.3114547480809709,64
IPPO,0,896,13,14,410.98232504849574,6.421598828882746,0.7710184552289815,0.7710184552289815,1463,1128,342,0,62.15625,3978.0,3.526595744680851,5.0,1128,0.03171365734557672,2029.67407011691,1982.318273112009,47.35579700490009,0.017487797995378012,0.0006995119198151205,1.0929873747111259e-05,0.30981225983692484,64
IPPO,0,960,14,15,425.6866142347808,6.65135334741845,0.7915512465373962,0.7915512465373962,1444,1143,300,0,63.171875,4043.0,3.537182852143482,5.0,1143,0.03210141983771853,2054.490869613986,2007.5930378607532,46.89783175323267,0.01789793510575109,0.0007159174042300436,1.1186209441094431e-05,0.3088637959826037,64
IPPO,0,1024,15,16,367.13125923263294,5.73642592550989,0.7382310984308131,0.7382310984308131,1402,1035,361,0,57.0625,3652.0,3.528502415458937,5.0,1035,0.0290052243633142,1856.334359252109,1809.3130011566413,47.02135809546742,0.016725624738205894,0.0006690249895282358,1.0453515461378684e-05,0.30876746294781665,64
IPPO,0,1088,16,17,382.8854755845483,5.9825855560085675,0.7444444444444445,0.7444444444444445,1440,1072,359,0,59.234375,3791.0,3.5363805970149254,5.0,1072,0.030356229859920158,1942.7987110348902,1894.1290532668922,48.66965776799796,0.017997851623684256,0.0007199140649473702,1.1248657264802659e-05,0.30844289797896607,64
IPPO,0,1152,17,18,379.1414458695373,5.92408509171152,0.7684441197954711,0.7684441197954711,1369,1052,336,0,58.0,3712.0,3.5285171102661597,5.0,1052,0.028923165193868786,1851.0825724076024,1805.0653847750864,46.01718763251606,0.016819600274530767,0.0006727840109812306,1.0512250171581729e-05,0.30782250569769254,64
IPPO,0,1216,18,19,373.86770539665025,5.84168289682266,0.7494615936826992,0.7494615936826992,1393,1044,349,0,55.78125,3570.0,3.4195402298850577,5.0,1044,0.028572935833875667,1828.6678933680428,1783.6266534723236,45.04123989571969,0.016145152163077475,0.000645806086523099,1.0090720101923422e-05,0.3075916669313679,64
IPPO,0,1280,19,20,388.29806576513283,6.0671572775802005,0.748792270531401,0.748792270531401,1449,1085,362,0,61.34375,3926.0,3.6184331797235023,5.0,1085,0.031037371124941666,1986.3917519962665,1936.2305411485763,50.1612108476909,0.017194458622786655,0.0006877783449114661,1.0746536639241658e-05,0.30805223732644493,64
IPPO,0,1344,20,21,358.9453479477094,5.60852106168296,0.7269503546099291,0.7269503546099291,1410,1025,386,0,57.8125,3700.0,3.6097560975609757,5.0,1025,0.027721496349623554,1774.1757663759074,1725.8045027111539,48.371263664753805,0.014794131470176095,0.0005917652588070438,9.246332168860059e-06,0.3085198724064073,64
IPPO,0,1408,21,22,384.1616152714758,6.002525238616809,0.7351351351351352,0.7351351351351352,1480,1088,386,0,60.71875,3886.0,3.5716911764705883,5.0,1088,0.03430805921054185,2195.7157894746783,2146.5208386031795,49.19495087149919,0.017725868620286512,0.0007090347448114604,1.107866788767907e-05,0.30869051131228853,64
IPPO,0,1472,22,23,372.13494767834277,5.814608557474106,0.7592867756315007,0.7592867756315007,1346,1022,324,0,55.453125,3549.0,3.4726027397260273,5.0,1022,0.026328220456741054,1685.0061092314274,1642.9630936828255,42.04301554860116,0.01334418125982659,0.0005337672503930636,8.340113287391618e-06,0.3084976325530447,64
IPPO,0,1536,23,24,403.8933820057762,6.310834093840253,0.772027972027972,0.772027972027972,1430,1104,326,0,60.03125,3842.0,3.4800724637681157,5.0,1104,0.031912278342659785,2042.3858139302263,1995.3436961386194,47.042117791606756,0.017081308241176794,0.0006832523296470718,1.0675817650735496e-05,0.3079047824225151,64
IPPO,0,1600,24,25,378.5152477576044,5.914300746212569,0.7566594672426206,0.7566594672426206,1389,1051,345,0,57.21875,3662.0,3.4843006660323503,5.0,1051,0.02793981541125826,1788.1481863205286,1742.4365811666387,45.711605153888826,0.015198112219363432,0.0006079244887745373,9.498820137102145e-06,0.3071255861918774,64
IPPO,0,1664,25,26,364.8487236847242,5.700761307573815,0.7476155539251651,0.7476155539251651,1363,1019,334,0,55.234375,3535.0,3.4690873405299314,5.0,1019,0.0286964348704169,1836.5718317066817,1793.2096265615528,43.3622051451293,0.01689455413592347,0.0006757821654369388,1.0559096334952168e-05,0.30693163810565305,64
IPPO,0,1728,26,27,369.265268729323,5.769769823895672,0.7527114967462039,0.7527114967462039,1383,1041,350,0,55.4375,3548.0,3.4082612872238234,5.0,1041,0.03143738755455632,2011.9928034916047,1968.0448386185437,43.94796487306086,0.019230434143023223,0.0007692173657209289,1.2019021339389514e-05,0.3066489252485655,64
IPPO,0,1792,27,28,390.57954863057597,6.1028054473527495,0.7608089260808926,0.7608089260808926,1434,1091,356,0,58.359375,3735.0,3.4234647112740606,5.0,1091,0.030859928526393937,1975.035425689212,1931.7790169086825,43.25640878053001,0.01857803496362862,0.0007431213985451449,1.161127185226789e-05,0.30610853454368914,64
IPPO,0,1856,28,29,387.6296188039477,6.056712793811683,0.7526205450733753,0.7526205450733753,1431,1077,347,0,58.421875,3739.0,3.4716805942432685,5.0,1077,0.02958306051567714,1893.315873003337,1847.7736497387261,45.54222326461085,0.01725059159318656,0.0006900236637274624,1.07816197457416e-05,0.30522355905179643,64
IPPO,0,1920,29,30,376.807088259069,5.887610754047953,0.7498218104062723,0.7498218104062723,1403,1052,336,0,54.578125,3493.0,3.320342205323194,5.0,1052,0.029825007927161383,1908.8005073383285,1867.0827752505238,41.71773208780473,0.01907478217410979,0.0007629912869643917,1.192173885881862e-05,0.30400100128836316,64
IPPO,0,1984,30,31,396.10290857125904,6.189107946425922,0.7880116959064327,0.7880116959064327,1368,1078,298,0,55.0,3520.0,3.2653061224489797,5.0,1078,0.029704184543665007,1901.0678107945605,1860.712201507847,40.35560928671294,0.01895486432947228,0.0007581945731788913,1.1846790205920177e-05,0.30254022355738325,64
IPPO,0,2048,31,32,386.0758200127583,6.032434687699348,0.7606534090909091,0.7606534090909091,1408,1071,330,0,55.359375,3543.0,3.3081232492997197,5.0,1071,0.030508467467646787,1952.5419179293945,1910.061918427132,42.47999950226279,0.01971147832371741,0.0007884591329486965,1.2319673952323382e-05,0.30076364265090516,64
IPPO,0,2112,32,33,401.00337921006536,6.265677800157271,0.7838412473423104,0.7838412473423104,1411,1106,327,0,55.5625,3556.0,3.2151898734177213,5.0,1106,0.03366506057440512,2154.5638767619275,2115.0244882320485,39.539388529879055,0.02144764995161374,0.0008579059980645496,1.3404781219758587e-05,0.29923294115925003,64
IPPO,0,2176,33,34,432.1004930720151,6.751570204250236,0.7841965471447543,0.7841965471447543,1506,1181,325,0,58.296875,3731.0,3.1591871295512277,5.0,1181,0.037377030840344466,2392.129973782046,2350.8760406575348,41.253933124509956,0.02360037769654535,0.0009440151078618141,1.4750236060340845e-05,0.29830622237689236,64
IPPO,0,2240,34,35,414.669185939453,6.479206030303953,0.7769389155799589,0.7769389155799589,1457,1132,310,0,56.0625,3588.0,3.1696113074204946,5.0,1132,0.03366609025543026,2154.629776347537,2115.060831169519,39.56894517801759,0.02218333092685922,0.0008873332370743687,1.3864581829287011e-05,0.29714712010817734,64
IPPO,0,2304,35,36,398.0895902934139,6.220149848334592,0.8031555221637866,0.8031555221637866,1331,1069,266,0,51.671875,3307.0,3.0935453695042097,5.0,1069,0.030561665292135807,1955.9465786966916,1920.7833039375805,35.16327475911068,0.019823381860432344,0.0007929352744172937,1.2389613662770214e-05,0.2957685517997518,64
IPPO,0,2368,36,37,402.8252814848824,6.294145023201287,0.810126582278481,0.810126582278481,1343,1088,277,0,49.96875,3198.0,2.9393382352941178,5.0,1088,0.0328671884415615,2103.500060259936,2070.593203700793,32.9068565591437,0.02161076543447698,0.0008644306173790792,1.3506728396548112e-05,0.2952401619818432,64
IPPO,0,2432,37,38,426.84314349082354,6.669424117044118,0.7987377279102384,0.7987377279102384,1426,1139,268,0,54.578125,3493.0,3.0667251975417034,5.0,1139,0.03363030371462207,2152.3394377358127,2115.486246309811,36.85319142600109,0.02149379433868054,0.0008597517735472216,1.3433621461675337e-05,0.29485276765009794,64
IPPO,0,2496,38,39,429.4696925535905,6.710463946149852,0.8175235336712527,0.8175235336712527,1381,1129,241,0,52.828125,3381.0,2.994685562444641,5.0,1129,0.03224354749418696,2063.5870396279656,2030.2852566894271,33.30178293853844,0.020090268928940735,0.0008036107571576294,1.255641808058796e-05,0.2941858231217537,64
IPPO,0,2560,39,40,426.00549317564435,6.656335830869443,0.8086895585143657,0.8086895585143657,1427,1154,301,0,54.25,3472.0,3.0086655112651646,5.0,1154,0.036941548465259155,2364.259101776586,2328.0196022299765,36.23949954660741,0.022564252964698973,0.000902570118587959,1.410265810293686e-05,0.2932019468062012,64
IPPO,0,2624,40,41,411.0953141435614,6.423364283493147,0.7820240622788394,0.7820240622788394,1413,1105,278,0,53.15625,3402.0,3.0787330316742083,5.0,1105,0.0337341910037518,2158.9882242401154,2122.7852097239875,36.20301451612758,0.020613768266966474,0.0008245507306786589,1.2883605166854046e-05,0.29202260662731916,64
IPPO,0,2688,41,42,445.8900254588664,6.967031647794787,0.81875,0.81875,1440,1179,262,0,58.015625,3713.0,3.149279050042409,5.0,1179,0.038204224555555194,2445.0703715555323,2407.8750851130744,37.19528644245661,0.0217530065195573,0.0008701202607822919,1.359562907472331e-05,0.2905715278381549,64
IPPO,0,2752,42,43,416.8873047433645,6.51386413661507,0.7962962962962963,0.7962962962962963,1404,1118,283,0,53.125,3400.0,3.041144901610018,5.0,1118,0.033762643818283554,2160.8092043701477,2124.5948539539177,36.21435041623001,0.01906680308835427,0.0007626721235341707,1.1916751930221417e-05,0.28870788635142663,64
IPPO,0,2816,43,44,411.43316355271776,6.428643180511215,0.7972582972582972,0.7972582972582972,1386,1105,282,0,52.921875,3387.0,3.065158371040724,5.0,1105,0.033569698623658835,2148.4607119141656,2113.456543833365,35.00416808080131,0.0190398225976319,0.000761592903905276,1.1899889123519937e-05,0.28655864926139274,64
IPPO,0,2880,44,45,406.85835538442075,6.357161802881574,0.7822128851540616,0.7822128851540616,1428,1117,331,0,54.5,3488.0,3.1226499552372426,5.0,1117,0.03349655597977598,2143.7795827056625,2104.8360409447264,38.94354176093526,0.018840140808973886,0.0007536056323589554,1.1775088005608678e-05,0.284886503652223,64
IPPO,0,2944,45,46,386.6965737856861,6.042133965401345,0.7722987672226251,0.7722987672226251,1379,1065,312,0,51.625,3304.0,3.1023474178403756,5.0,1065,0.034559978676400316,2211.83863528962,2176.3856635904435,35.452971699177475,0.020707327469149772,0.0008282930987659908,1.2942079668218607e-05,0.2830956905196126,64
IPPO,0,3008,46,47,407.51573133697383,6.367433302140216,0.7882018479033405,0.7882018479033405,1407,1109,301,0,54.65625,3498.0,3.1541929666366095,5.0,1109,0.032845708681171766,2102.125355594993,2064.1299649420653,37.99539065292788,0.02154255646608955,0.000861702258643582,1.346409779130597e-05,0.2810969668967789,64
IPPO,0,3072,47,48,411.2371852049534,6.425581018827397,0.7938439513242663,0.7938439513242663,1397,1109,283,0,54.28125,3474.0,3.1325518485121733,5.0,1109,0.03196057965921543,2045.4770981897873,2007.8780364320892,37.59906175769768,0.020993822213582022,0.0008397528885432809,1.3121138883488764e-05,0.27876174522097485,64
IPPO,0,3136,48,49,398.28150372113487,6.223148495642732,0.7850940665701881,0.7850940665701881,1382,1085,303,0,53.28125,3410.0,3.142857142857143,5.0,1085,0.032176293938285465,2059.28281205027,2021.6299387568413,37.652873293428875,0.018996120090459354,0.0007598448036183741,1.1872575056537095e-05,0.27616512989484626,64
IPPO,0,3200,49,50,391.74917473331016,6.121080855207971,0.7572413793103449,0.7572413793103449,1450,1098,354,0,56.375,3608.0,3.285974499089253,5.0,1098,0.033507836661488814,2144.5015463352843,2101.545817107185,42.95572922809942,0.02148344343098459,0.0008593377372393835,1.3427152144365368e-05,0.2733512589247211,64
IPPO,0,3264,50,51,393.12730619661863,6.142614159322166,0.7801470588235294,0.7801470588235294,1360,1061,283,0,56.046875,3587.0,3.3807728557964185,5.0,1061,0.030044959118858905,1922.87738360697,1881.2365709691228,41.64081263784724,0.017468169487888,0.00069872677951552,1.091760592993e-05,0.2702439961874114,64
IPPO,0,3328,51,52,409.8663081613689,6.404161065021389,0.7669172932330827,0.7669172932330827,1463,1122,331,0,59.5,3808.0,3.393939393939394,5.0,1122,0.03289226428151309,2105.1049140168375,2059.4352667741487,45.66964724268847,0.01817160291842967,0.0007268641167371869,1.1357251824018545e-05,0.2669905890504868,64
IPPO,0,3392,52,53,414.87147048537855,6.48236672633404,0.7943661971830986,0.7943661971830986,1420,1128,315,0,58.078125,3717.0,3.2952127659574466,5.0,1128,0.033785396263897365,2162.265360889431,2121.121463902049,41.14389698738178,0.0189827139880485,0.0007593085595219399,1.1864196242530312e-05,0.2636022195335367,64
IPPO,0,3456,53,54,383.124568630671,5.986321384854234,0.7451388888888889,0.7451388888888889,1440,1073,364,0,55.421875,3547.0,3.305684995340168,5.0,1073,0.030462105524313502,1949.574753556064,1906.7277423404971,42.84701121556727,0.016387419445617356,0.0006554967778246942,1.0242137153510847e-05,0.2604071667481929,64
IPPO,0,3520,54,55,419.33544276304104,6.552116293172516,0.7932251235003529,0.7932251235003529,1417,1124,292,0,58.265625,3729.0,3.3176156583629894,5.0,1124,0.030595584997854083,1958.1174398626613,1916.2613067719478,41.856133090714636,0.017173165826769463,0.0006869266330707786,1.0733228641730915e-05,0.2571060027425591,64
IPPO,0,3584,55,56,394.40032047845045,6.162505007475788,0.7831149927219796,0.7831149927219796,1374,1076,304,0,54.671875,3499.0,3.2518587360594795,5.0,1076,0.03191930409155568,2042.8354618595638,2004.0252094074976,38.81025245206617,0.019016619012941844,0.0007606647605176738,1.1885386883088653e-05,0.253670421860219,64
IPPO,0,3648,56,57,376.6933611672517,5.8858337682383075,0.762114537444934,0.762114537444934,1362,1038,318,0,53.0,3392.0,3.2678227360308285,5.0,1038,0.029378647635161514,1880.2334486503369,1840.2336003153098,39.999848335027046,0.016957193314823607,0.0006782877325929443,1.0598245821764754e-05,0.2504828207773142,64
IPPO,0,3712,57,58,389.89897249818983,6.092171445284216,0.765379113018598,0.765379113018598,1398,1070,324,0,55.625,3560.0,3.3271028037383177,5.0,1070,0.03134166765059959,2005.866729638374,1965.309667637454,40.557062000919416,0.016902075569751554,0.0006760830227900621,1.056379723109472e-05,0.24745959235293474,64
IPPO,0,3776,58,59,389.9682363137306,6.09325369240204,0.7708484408992023,0.7708484408992023,1379,1063,311,0,56.140625,3593.0,3.3800564440263408,5.0,1063,0.0292712688645692,1873.3612073324289,1830.6757639376406,42.68544339478939,0.016372351155722675,0.0006548940462289069,1.023271947232667e-05,0.2442988397661951,64
IPPO,0,3840,59,60,369.7765451807979,5.777758518449967,0.7573529411764706,0.7573529411764706,1360,1030,336,0,54.359375,3479.0,3.377669902912621,5.0,1030,0.02869640246340477,1836.5697576579053,1795.520918861822,41.04883879608361,0.016676698229872087,0.0006670679291948835,1.0422936393670055e-05,0.2408772756371885,64
IPPO,0,3904,60,61,382.9951407963415,5.984299074942836,0.7588904694167852,0.7588904694167852,1406,1067,347,0,58.0625,3716.0,3.4826616682286784,5.0,1067,0.03169225364318917,2028.304233164107,1983.206714342394,45.097518821713166,0.017374014147964113,0.0006949605659185645,1.085875884247757e-05,0.23740720453268005,64
IPPO,0,3968,61,62,397.52517815034764,6.211330908599182,0.7705503931379557,0.7705503931379557,1399,1078,308,0,56.28125,3602.0,3.3413729128014844,5.0,1078,0.029277014535166478,1873.7289302506545,1832.9979600126958,40.73097023795883,0.015580755772365739,0.0006232302308946296,9.737972357728587e-06,0.23385398535622953,64
IPPO,0,4032,62,63,408.5137528699016,6.383027388592213,0.7628726287262872,0.7628726287262872,1476,1126,348,0,60.15625,3850.0,3.419182948490231,5.0,1126,0.03585618311523574,2294.795719375087,2250.6321346833074,44.16358469177791,0.017680609814254743,0.0007072243925701898,1.1050381133909216e-05,0.2303086206300971,64
IPPO,0,4096,63,64,393.10448198361024,6.14225753099391,0.7887740029542097,0.7887740029542097,1354,1068,306,0,55.015625,3521.0,3.296816479400749,5.0,1068,0.03182026687678338,2036.4970801141362,1997.1672069683175,39.32987314581876,0.015888023582170337,0.0006355209432868136,9.930014738856462e-06,0.22677869788886834,64
IPPO,0,4160,64,65,378.8221751789546,5.919096487171165,0.7532561505065123,0.7532561505065123,1382,1041,320,0,52.296875,3347.0,3.2151777137367916,5.0,1041,0.031187299495750234,1995.987167728015,1956.859690759509,39.127476968506826,0.015560903989893338,0.0006224361595957335,9.725564993683336e-06,0.22294969895861264,64
IPPO,0,4224,65,66,405.3265307916155,6.333227043618992,0.7721872816212438,0.7721872816212438,1431,1105,327,0,55.125,3528.0,3.1927601809954753,5.0,1105,0.03463771421940374,2216.8137100418394,2176.774862001735,40.0388480401043,0.01649355341725351,0.0006597421366901405,1.0308470885783445e-05,0.21920836414675662,64
IPPO,0,4288,66,67,419.0326059808619,6.547384468450967,0.7933709449929478,0.7933709449929478,1418,1125,294,0,53.703125,3437.0,3.055111111111111,5.0,1125,0.03775932563909657,2416.5968409021807,2380.3007759049565,36.29606499722381,0.018265446843254242,0.0007306178737301696,1.14159042770339e-05,0.2158895577434245,64
IPPO,0,4352,67,68,424.82500134391955,6.637890645998743,0.8056737588652483,0.8056737588652483,1410,1136,295,0,56.359375,3607.0,3.175176056338028,5.0,1136,0.037032482026507614,2370.0788496964874,2332.9093793409575,37.16947035553001,0.017671851158289717,0.0007068740463315887,1.1044906973931073e-05,0.21300512138061767,64
IPPO,0,4416,68,69,420.1799787795947,6.565312168431167,0.8013052936910805,0.8013052936910805,1379,1105,262,0,53.15625,3402.0,3.0787330316742083,5.0,1105,0.031465055849632856,2013.763574376503,1978.5243962532822,35.239178123220796,0.013953039625094794,0.0005581215850037918,8.720649765684247e-06,0.2098077692985113,64
IPPO,0,4480,69,70,429.782535879419,6.715352123115922,0.7798657718120805,0.7798657718120805,1490,1162,332,0,58.3125,3732.0,3.2117039586919107,5.0,1162,0.03855370521865104,2467.4371339936665,2427.8050862529235,39.632047740742465,0.016289942518708238,0.0006515977007483296,1.018121407419265e-05,0.20642295912200553,64
IPPO,0,4544,70,71,406.54786637001484,6.352310412031482,0.7731448763250883,0.7731448763250883,1415,1094,303,0,52.96875,3390.0,3.0987202925045705,5.0,1094,0.035189488309289293,2252.127251794515,2216.7544311019105,35.37282069260388,0.015244042115247894,0.0006097616846099157,9.527526322029934e-06,0.2034706135612201,64
IPPO,0,4608,71,72,433.0355431664111,6.766180361975174,0.8199566160520607,0.8199566160520607,1383,1134,255,0,53.984375,3455.0,3.04673721340388,5.0,1134,0.03700773582750136,2368.495092960087,2334.817536613686,33.67755634640086,0.015753971656730814,0.0006301588662692326,9.846232285456759e-06,0.2004555695091429,64
IPPO,0,4672,72,73,429.421797779418,6.709715590303406,0.8166064981949458,0.8166064981949458,1385,1131,272,0,56.234375,3599.0,3.1821396993810787,5.0,1131,0.03529814382748629,2259.0812049591227,2223.3430615607485,35.738143398374724,0.014413221509755299,0.000576528860390212,9.008263443597062e-06,0.19730933852232846,64
IPPO,0,4736,73,74,419.3652489815212,6.552582015336268,0.8060029282576867,0.8060029282576867,1366,1101,259,0,52.71875,3374.0,3.0644868301544053,5.0,1101,0.03288678047785972,2104.7539505830223,2069.260525828278,35.4934247547444,0.013572039125760185,0.0005428815650304074,8.482524453600115e-06,0.19434945827590244,64
IPPO,0,4800,74,75,441.8451426144891,6.903830353351392,0.8030513176144244,0.8030513176144244,1442,1158,274,0,57.375,3672.0,3.1709844559585494,5.0,1158,0.03427298885529332,2193.4712867387725,2154.511584286468,38.95970245230428,0.013388589695309195,0.0005355435878123678,8.367868559568246e-06,0.19120126091165576,64
IPPO,0,4864,75,76,392.6150592656021,6.134610301025033,0.7604832977967306,0.7604832977967306,1407,1070,333,0,53.625,3432.0,3.2074766355140185,5.0,1070,0.031117016427830498,1991.4890513811517,1952.154932100413,39.33411928073867,0.011654194902110152,0.0004661677960844061,7.283871813818845e-06,0.18786056520705915,64
IPPO,0,4928,76,77,408.4204858688804,6.381570091701256,0.7951719092904169,0.7951719092904169,1367,1087,291,0,53.484375,3423.0,3.1490340386384545,5.0,1087,0.032506108792338256,2080.390962709648,2043.7620175339348,36.62894517571387,0.012537437551827412,0.0005014975020730965,7.835898469892132e-06,0.1842119829181243,64
IPPO,0,4992,77,78,423.46858826636685,6.616696691661982,0.7884344146685472,0.7884344146685472,1418,1118,275,0,55.578125,3557.0,3.1815742397137745,5.0,1118,0.03536125230958355,2263.120147813347,2224.9147929089117,38.20535490443639,0.01384034394534993,0.0005536137578139972,8.650214965843706e-06,0.1806153919441973,64
IPPO,0,5056,78,79,456.4035490204807,7.131305453445011,0.831114225648213,0.831114225648213,1427,1186,261,0,58.015625,3713.0,3.130691399662732,5.0,1186,0.03585302743984035,2294.593756149782,2258.6256359678323,35.96812018195016,0.013669019583133725,0.000546760783325349,8.543137239458578e-06,0.17694229806991302,64
IPPO,0,5120,79,80,435.2105120858955,6.800164251342117,0.8030942334739803,0.8030942334739803,1422,1142,273,0,53.953125,3453.0,3.0236427320490367,5.0,1142,0.03535747962340897,2262.878695898174,2227.7888394664174,35.089856431756274,0.013198612900808466,0.0005279445160323386,8.249133063005291e-06,0.17327344022029828,64
IPPO,0,5184,80,81,433.36142931533357,6.771272333052087,0.8047921071176886,0.8047921071176886,1419,1142,282,0,52.984375,3391.0,2.969352014010508,5.0,1142,0.03594714522690209,2300.6172945217336,2267.0612314106306,33.556063111103455,0.013261496700202864,0.0005304598680081145,8.28843543762679e-06,0.16956833152049405,64
IPPO,0,5248,81,82,445.44502667280335,6.960078541762552,0.8239486813970064,0.8239486813970064,1403,1156,252,0,54.0625,3460.0,2.9930795847750864,5.0,1156,0.03759446563530234,2406.04580065935,2373.8022793732293,32.24352128612091,0.013324036172800358,0.0005329614469120143,8.327522608000224e-06,0.1661916910318672,64
IPPO,0,5312,82,83,414.6319628517833,6.4786244195591145,0.797514619883041,0.797514619883041,1368,1091,270,0,50.15625,3210.0,2.9422548120989918,5.0,1091,0.03412958135802727,2184.293206913745,2152.2964429197864,31.996763993957966,0.011786326002339878,0.00047145304009359515,7.366453751462424e-06,0.1636278260254654,64
IPPO,0,5376,83,84,433.6456077763776,6.7757126215059,0.819233550253073,0.819233550253073,1383,1133,264,0,51.15625,3274.0,2.889673433362754,5.0,1133,0.03814570493776546,2441.3251160169893,2411.644287309531,29.680828707458055,0.013258878269043926,0.000530355130761757,8.286798918152454e-06,0.1621453084783986,64
IPPO,0,5440,84,85,432.4410178000803,6.756890903126255,0.8041163946061036,0.8041163946061036,1409,1133,269,0,50.578125,3237.0,2.857016769638129,5.0,1133,0.038671489441795534,2474.9753242749143,2445.3678283960867,29.607495878826565,0.013199844606268744,0.0005279937842507498,8.249902878917965e-06,0.16181634244374005,64
IPPO,0,5504,85,86,425.3218302475851,6.645653597618518,0.8040491684743312,0.8040491684743312,1383,1112,264,0,50.40625,3226.0,2.9010791366906474,5.0,1112,0.03577915845792669,2289.866141307308,2258.8127290494026,31.053412257905705,0.012064395861276169,0.00048257583445104673,7.540247413297605e-06,0.16130431057342481,64
IPPO,0,5568,86,87,439.38909730350116,6.865454645367206,0.8240807498197549,0.8240807498197549,1387,1143,254,0,52.625,3368.0,2.94663167104112,5.0,1143,0.040025853748889076,2561.654639928901,2530.3488561997833,31.305783729119202,0.013227083609657395,0.0005290833443862958,8.266927256035872e-06,0.16072699600610477,64
IPPO,0,5632,87,88,451.4346077299982,7.053665745781222,0.8106060606060606,0.8106060606060606,1452,1177,277,0,54.375,3480.0,2.9566694987255735,5.0,1177,0.037760264282954495,2416.6569141090877,2382.6844394275045,33.972474681582796,0.012104164209404952,0.0004841665683761981,7.5651026308780956e-06,0.15997440401178242,64
IPPO,0,5696,88,89,411.93460602934454,6.436478219208508,0.7891304347826087,0.7891304347826087,1380,1089,284,0,50.203125,3213.0,2.950413223140496,5.0,1089,0.033525865025097516,2145.655361606241,2113.0394513765623,32.61591022967901,0.010883858006385368,0.0004353543202554147,6.802411253990854e-06,0.15901787841731782,64
IPPO,0,5760,89,90,427.6214879504702,6.681585749226097,0.7950704225352113,0.7950704225352113,1420,1129,292,0,54.8125,3508.0,3.1071744906997343,5.0,1129,0.03689732601995616,2361.4288652771943,2325.7245417910653,35.704323486129674,0.011886283055358347,0.0004754513222143339,7.428926909598967e-06,0.1578771132230662,64
IPPO,0,5824,90,91,425.3473226452034,6.646051916331303,0.810672514619883,0.810672514619883,1368,1109,262,0,51.78125,3314.0,2.988277727682597,5.0,1109,0.032515636510355966,2081.000736662782,2047.0387175866724,33.96201907610863,0.010400785582714721,0.00041603142330858884,6.500490989196701e-06,0.15648090627964817,64
IPPO,0,5888,91,92,428.383318708189,6.693489354815453,0.8090050835148874,0.8090050835148874,1377,1114,260,0,51.625,3304.0,2.9658886894075405,5.0,1114,0.03159408086414967,2022.021175305579,1988.1697866549648,33.85138865061404,0.00996187499972121,0.0003984749999888484,6.226171874825756e-06,0.15511601705755942,64
IPPO,0,5952,92,93,468.7804635664851,7.324694743226329,0.8117958913187542,0.8117958913187542,1509,1225,291,0,57.4375,3676.0,3.0008163265306123,5.0,1225,0.04063616494544213,2600.7145565082965,2564.4591301989044,36.25542630939278,0.012903801732401524,0.0005161520692960609,8.064876082750952e-06,0.1544515828654613,64
IPPO,0,6016,93,94,438.42357507984116,6.850368360622518,0.8130372492836676,0.8130372492836676,1396,1135,253,0,51.453125,3293.0,2.9013215859030836,5.0,1135,0.033677428288233675,2155.3554104469554,2122.8175805552696,32.53782989168594,0.01086003077624514,0.00043440123104980565,6.787519235153213e-06,0.1537463261007314,64
IPPO,0,6080,94,95,437.21394194289246,6.831467842857695,0.8302718589272594,0.8302718589272594,1361,1130,242,0,51.515625,3297.0,2.9176991150442477,5.0,1130,0.038323484452762666,2452.7030049768105,2423.3236080981774,29.379396878632697,0.012830740863960783,0.0005132296345584313,8.01921303997549e-06,0.15334349105255252,64
IPPO,0,6144,95,96,466.85369961944923,7.294589056553894,0.8326388888888889,0.8326388888888889,1440,1199,240,0,53.078125,3397.0,2.833194328607173,5.0,1199,0.04193090135412719,2683.5776866641404,2653.4462413203337,30.131445343807634,0.013408511796392526,0.0005363404718557011,8.380319872745329e-06,0.15296059695752712,64
IPPO,0,6208,96,97,456.7431276250682,7.136611369141691,0.822829131652661,0.822829131652661,1428,1175,241,0,50.921875,3259.0,2.773617021276596,5.0,1175,0.03737990951652996,2392.3142090579177,2362.60346362852,29.71074542939732,0.01279671876613622,0.0005118687506454489,7.997949228835138e-06,0.1521648001173817,64
IPPO,0,6272,97,98,464.64317605421024,7.260049625847035,0.8523054755043228,0.8523054755043228,1388,1183,223,0,50.09375,3206.0,2.710059171597633,5.0,1183,0.03820680063474691,2445.235240623802,2419.6553670557196,25.579873568081403,0.01231168591866352,0.0004924674367465407,7.6948036991647e-06,0.15104138218609195,64
IPPO,0,6336,98,99,465.08614145836543,7.26697096028696,0.8183060109289617,0.8183060109289617,1464,1198,247,0,50.25,3216.0,2.684474123539232,5.0,1198,0.04116748070201808,2634.7187649291573,2608.396564190523,26.322200738633274,0.0136325142781686,0.000545300571126744,8.520321423855374e-06,0.15053897610786288,64
IPPO,0,6400,99,100,462.53011788858566,7.227033092009151,0.8679525222551929,0.8679525222551929,1348,1170,201,0,48.75,3120.0,2.6666666666666665,5.0,1170,0.03845440925574044,2461.082192367388,2438.647499656553,22.434692710834952,0.012788036328600162,0.0005115214531440065,7.992522705375102e-06,0.15005288728624572,64
IPPO,0,6464,100,101,444.9112329374598,6.951738014647809,0.8365243004418262,0.8365243004418262,1358,1136,217,0,47.671875,3051.0,2.6857394366197185,5.0,1136,0.03610860147860843,2310.9504946309394,2287.1059259471763,23.844568683762283,0.012023821595520798,0.0004809528638208319,7.5148884972004986e-06,0.14989321817361723,64
IPPO,0,6528,101,102,468.17073429584815,7.315167723372627,0.8358938547486033,0.8358938547486033,1432,1197,227,0,49.859375,3191.0,2.665831244778613,5.0,1197,0.04134331551389308,2645.972192889157,2620.6446330987833,25.327559790375112,0.014073111021190885,0.0005629244408476354,8.795694388244304e-06,0.15066046885826917,64
IPPO,0,6592,102,103,484.6572720218371,7.572769875341205,0.8484848484848485,0.8484848484848485,1452,1232,222,0,51.3125,3284.0,2.6655844155844157,5.0,1232,0.04133931989270668,2645.7164731332273,2620.198986116296,25.517487016930332,0.014499196024362159,0.0005799678409744864,9.06199751522635e-06,0.15112217069090111,64
IPPO,0,6656,103,104,455.37750707133864,7.115273547989666,0.8219749652294854,0.8219749652294854,1438,1182,253,0,48.921875,3131.0,2.6489001692047376,5.0,1182,0.04159264904230551,2661.9295387075526,2636.703932873266,25.22560583428535,0.015276018499632744,0.0006110407399853098,9.547511562270465e-06,0.1516939210694915,64
IPPO,0,6720,104,105,486.97421891706534,7.608972170579146,0.8731290092658589,0.8731290092658589,1403,1225,192,0,51.609375,3303.0,2.696326530612245,5.0,1225,0.040686996326509586,2603.9677648966135,2577.779176667706,26.18858822890617,0.014334136361036837,0.0005733654544414734,8.958835225648022e-06,0.15267008714678929,64
IPPO,0,6784,105,106,442.39867500426,6.912479296941562,0.8327219369038885,0.8327219369038885,1363,1135,224,0,47.015625,3009.0,2.651101321585903,5.0,1135,0.03594469838643558,2300.4606967318773,2275.9564242275446,24.504272504331922,0.013132775081636409,0.0005253110032654564,8.207984426022756e-06,0.15339014568737747,64
IPPO,0,6848,106,107,456.13874258723115,7.127167852925487,0.8260869565217391,0.8260869565217391,1426,1178,242,0,49.171875,3147.0,2.671477079796265,5.0,1178,0.041136705213045945,2632.7491336349403,2605.07446526584,27.67466836910124,0.014993317921221562,0.0005997327168488625,9.370823700763476e-06,0.154609191517845,64
IPPO,0,6912,107,108,431.64230744394695,6.744411053811671,0.848159509202454,0.848159509202454,1304,1106,212,0,46.421875,2971.0,2.68625678119349,5.0,1106,0.03659540416725289,2342.105866704185,2316.4919053368226,25.613961367362336,0.013776865658141627,0.0005510746263256651,8.610541036338517e-06,0.15582076247639065,64
IPPO,0,6976,108,109,430.95683663663056,6.733700572447352,0.8092485549132948,0.8092485549132948,1384,1120,240,0,50.0625,3204.0,2.8607142857142858,5.0,1120,0.039954067927562106,2557.060347363975,2527.8777905870606,29.1825567769147,0.015034942352300592,0.0006013976940920237,9.39683897018787e-06,0.1566819495476722,64
IPPO,0,7040,109,110,468.1834423200084,7.315366286250131,0.841147655703289,0.841147655703289,1429,1202,234,0,52.4375,3356.0,2.7920133111480867,5.0,1202,0.03876573880801765,2481.0072837131293,2451.5493830426294,29.45790067049903,0.014490329676840219,0.0005796131870736088,9.056456048025137e-06,0.15725291397784272,64
IPPO,0,7104,110,111,436.1069722275227,6.814171441055042,0.8279883381924198,0.8279883381924198,1372,1136,249,0,49.25,3152.0,2.7746478873239435,5.0,1136,0.03726991339307153,2385.2744571565777,2356.064337066099,29.21012009047816,0.014517383753610827,0.0005806953501444331,9.073364846006767e-06,0.15742811475670226,64
IPPO,0,7168,111,112,429.0864378370729,6.704475591204264,0.8154631655725748,0.8154631655725748,1371,1118,245,0,47.5,3040.0,2.7191413237924866,5.0,1118,0.03577933073601799,2289.8771671051513,2261.6557953032866,28.221371801866727,0.015119662141292739,0.0006047864856517096,9.449788838307962e-06,0.15716140322525693,64
IPPO,0,7232,112,113,456.6705117095529,7.135476745461764,0.8267882187938289,0.8267882187938289,1426,1179,237,0,52.578125,3365.0,2.854113655640373,5.0,1179,0.04054721738292249,2595.0219125070394,2567.0082546119825,28.013657895057733,0.016600593864616413,0.0006640237545846565,1.0375371165385258e-05,0.1571091686788943,64
IPPO,0,7296,113,114,473.4475047952037,7.397617262425058,0.8421052631578947,0.8421052631578947,1444,1216,223,0,53.765625,3441.0,2.8297697368421053,5.0,1216,0.04315140854042968,2761.6901465875,2732.2230475956303,29.467098991867918,0.01802388406458626,0.0007209553625834504,1.1264927540366412e-05,0.1584466239518674,64
IPPO,0,7360,114,115,458.1848193806713,7.159137802822989,0.8519593613933236,0.8519593613933236,1378,1174,219,0,49.65625,3178.0,2.7069846678023852,5.0,1174,0.03679332230150222,2354.772627296142,2328.408301032247,26.364326263895414,0.015456930891121542,0.0006182772356448617,9.660581806950964e-06,0.15982873683680937,64
IPPO,0,7424,115,116,462.6872087764167,7.229487637131511,0.834733893557423,0.834733893557423,1428,1192,233,0,51.78125,3314.0,2.780201342281879,5.0,1192,0.03830122215512888,2451.278217928248,2423.11678986655,28.16142806169908,0.016144723316415605,0.0006457889326566242,1.0090452072759754e-05,0.16083830005273875,64
IPPO,0,7488,116,117,441.08978006986865,6.892027813591698,0.8190205819730305,0.8190205819730305,1409,1154,256,0,54.375,3480.0,3.0155979202772962,5.0,1154,0.038453909860982086,2461.0502311028536,2427.4392033657946,33.61102773705832,0.016180637420831735,0.0006472254968332694,1.0112898388019834e-05,0.16178298099705513,64
IPPO,0,7552,117,118,404.7721583953612,6.324564974927519,0.8,0.8,1350,1080,277,0,51.59375,3302.0,3.0574074074074074,5.0,1080,0.03663288432844796,2344.5045970206693,2312.399952366855,32.10464465381429,0.016254947890408974,0.0006501979156163589,1.0159342431505608e-05,0.16320315995254647,64
IPPO,0,7616,118,119,432.1845532152204,6.752883643987818,0.7954070981210856,0.7954070981210856,1437,1143,283,0,53.34375,3414.0,2.9868766404199474,5.0,1143,0.03687055399044432,2359.715455388436,2325.2052960866254,34.51015930181031,0.015806324737639012,0.0006322529895055605,9.878952961024383e-06,0.16428376060478722,64
IPPO,0,7680,119,120,420.4438793357491,6.56943561462108,0.8172362555720654,0.8172362555720654,1346,1100,249,0,51.15625,3274.0,2.9763636363636365,5.0,1100,0.0333051481437017,2131.529481196909,2099.017755967103,32.51172522980618,0.014166466152277051,0.000566658646091082,8.854041345173157e-06,0.16521850724314313,64
IPPO,0,7744,120,121,424.9078250579725,6.63918476653082,0.8116363636363636,0.8116363636363636,1375,1116,254,0,50.953125,3261.0,2.922043010752688,5.0,1116,0.03691841442948842,2362.778523487259,2329.9982674911175,32.78025599614111,0.016872786948996462,0.0006749114779598585,1.0545491843122789e-05,0.1665814926844707,64
IPPO,0,7808,121,122,439.5794698352797,6.868429216176246,0.8295866569978245,0.8295866569978245,1379,1144,242,0,52.078125,3333.0,2.9134615384615383,5.0,1144,0.03444660274560173,2204.5825757185107,2173.1342467134905,31.448329005021247,0.015983844727961764,0.0006393537891184706,9.989902954976103e-06,0.16778520926654206,64
IPPO,0,7872,122,123,441.93249832405513,6.905195286313361,0.8103568929321203,0.8103568929321203,1429,1158,257,0,51.984375,3327.0,2.873056994818653,5.0,1158,0.037149934551150336,2377.5958112736216,2346.1151285246237,31.480682748997975,0.017177812073286922,0.000687112482931477,1.0736132545804327e-05,0.16858378913565847,64
IPPO,0,7936,123,124,458.54899336649515,7.164828021351487,0.8448275862068966,0.8448275862068966,1392,1176,212,0,52.265625,3345.0,2.8443877551020407,5.0,1176,0.038433887899017964,2459.7688255371495,2428.3951906751067,31.373634862042714,0.017535272881213208,0.0007014109152485283,1.0959545550758255e-05,0.1693065620201108,64
IPPO,0,8000,124,125,462.1893839826174,7.221709124728397,0.8299039780521262,0.8299039780521262,1458,1210,262,0,54.171875,3467.0,2.865289256198347,5.0,1210,0.03972494030788521,2542.3961797046536,2510.8863205461444,31.50985915850984,0.018470809605151097,0.0007388323842060439,1.1544256003219435e-05,0.17058845499032074,64
IPPO,0,8064,125,126,431.4130925645087,6.7408295713204485,0.8075552387740556,0.8075552387740556,1403,1133,255,0,51.765625,3313.0,2.9240953221535744,5.0,1133,0.03716978832247588,2378.8664526384564,2346.264866695229,32.60158594322667,0.017657385900183495,0.0007062954360073397,1.1035866187614683e-05,0.17158827956950296,64
IPPO,0,8128,126,127,435.40761097376844,6.803243921465132,0.8256484149855908,0.8256484149855908,1388,1146,265,0,52.8125,3380.0,2.9493891797556717,5.0,1146,0.03688771917368453,2360.81402711581,2328.4181631933184,32.39586392249205,0.016822371631872803,0.0006728948652749121,1.0513982269920502e-05,0.17224847910525215,64
IPPO,0,8192,127,128,423.31544483656694,6.614303825571358,0.8043636363636364,0.8043636363636364,1375,1106,244,0,49.625,3176.0,2.871609403254973,5.0,1106,0.03417957991905391,2187.4931148194505,2156.8245582023405,30.66855661711095,0.01542887934152776,0.0006171551736611104,9.64304958845485e-06,0.17238511491356096,64
IPPO,0,8256,128,129,426.2919879741493,6.660812312096083,0.8126801152737753,0.8126801152737753,1388,1128,275,0,50.015625,3201.0,2.8377659574468086,5.0,1128,0.03516165767566182,2250.346091242356,2218.1378030314168,32.208288210938875,0.015567378815052735,0.0006226951526021094,9.729611759407959e-06,0.172219672486371,64
IPPO,0,8320,129,130,440.51520673958225,6.883050105305973,0.8203125,0.8203125,1408,1155,258,0,54.625,3496.0,3.0268398268398267,5.0,1155,0.03568639665834079,2283.9293861338106,2250.0465789950954,33.88280713871505,0.01669407744395031,0.0006677630977580123,1.0433798402468943e-05,0.17172391975642798,64
IPPO,0,8384,130,131,424.22776868206165,6.628558885657213,0.8152492668621701,0.8152492668621701,1364,1112,249,0,53.359375,3415.0,3.071043165467626,5.0,1112,0.03462034869428762,2215.7023164344077,2179.495988171928,36.20632826248073,0.01609268219883924,0.0006437072879535696,1.0057926374274525e-05,0.17099276537733543,64
IPPO,0,8448,131,132,410.04629468779956,6.406973354496868,0.7795889440113395,0.7795889440113395,1411,1100,303,0,53.046875,3395.0,3.0863636363636364,5.0,1100,0.0338765959828506,2168.1021429024386,2131.0895796588434,37.01256324359466,0.014170307984749369,0.0005668123193899747,8.856442490468355e-06,0.16982373236927634,64
IPPO,0,8512,132,133,432.52800015535945,6.758250002427491,0.8102345415778252,0.8102345415778252,1407,1140,270,0,54.234375,3471.0,3.044736842105263,5.0,1140,0.03612137746619448,2311.768157836447,2276.6274746358,35.14068320064635,0.015715622260203226,0.000628624890408129,9.822263912627016e-06,0.1684749753979754,64
IPPO,0,8576,133,134,420.0981095282566,6.564032961379009,0.8049311094996374,0.8049311094996374,1379,1110,272,0,53.71875,3438.0,3.097297297297297,5.0,1110,0.031805917484964676,2035.5787190377391,1998.99417335849,36.584545679248976,0.014499801409235697,0.0005799920563694279,9.06237588077231e-06,0.16795850151685449,64
IPPO,0,8640,134,135,423.3567823907945,6.614949724856164,0.7849686847599165,0.7849686847599165,1437,1128,291,0,55.9375,3580.0,3.173758865248227,5.0,1128,0.0330706786310668,2116.5234323882755,2076.100670559988,40.422761828288074,0.01514361152922082,0.0006057444611688328,9.464757205763012e-06,0.16795796978167096,64
IPPO,0,8704,135,136,412.5479586990003,6.446061854671879,0.7883522727272727,0.7883522727272727,1408,1110,303,0,56.234375,3599.0,3.2423423423423423,5.0,1110,0.033552089163874206,2147.3337064879493,2107.4227095500873,39.9109969378622,0.015626344028936905,0.0006250537611574762,9.766465018085566e-06,0.167824926743361,64
IPPO,0,8768,136,137,396.3115856884458,6.192368526381966,0.7890451517394522,0.7890451517394522,1351,1066,297,0,54.484375,3487.0,3.2711069418386494,5.0,1066,0.03195179144011702,2044.9146521674893,2005.0682540748758,39.84639809261293,0.013693190014101835,0.0005477276005640734,8.558243758813647e-06,0.16730883780782801,64
IPPO,0,8832,137,138,401.26150578966326,6.2697110279634884,0.7643356643356644,0.7643356643356644,1430,1093,327,0,55.234375,3535.0,3.234217749313815,5.0,1093,0.0330220050327554,2113.4083220963457,2073.886461454137,39.52186064220845,0.014433608841959348,0.000577344353678374,9.021005526224593e-06,0.16647312891222404,64
IPPO,0,8896,138,139,408.45855793551965,6.3821649677424945,0.7728860936408106,0.7728860936408106,1431,1106,317,0,57.921875,3707.0,3.351717902350814,5.0,1106,0.03291814543310951,2106.7613077190085,2063.159467076366,43.60184064264262,0.015008314170230476,0.000600332566809219,9.380196356394047e-06,0.16581104619023157,64
IPPO,0,8960,139,140,390.4825192727615,6.101289363636899,0.7782672540381792,0.7782672540381792,1362,1060,313,0,55.828125,3573.0,3.370754716981132,5.0,1060,0.029039105484656734,1858.502751018031,1815.4473476733372,43.05540334469397,0.013433635873007676,0.0005373454349203071,8.396022420629798e-06,0.16595869350019604,64
IPPO,0,9024,140,141,429.0543623751962,6.703974412112441,0.7956914523974983,0.7956914523974983,1439,1145,301,0,62.25,3984.0,3.479475982532751,5.0,1145,0.03509471188367247,2246.061560555038,2200.510650437466,45.55091011757094,0.015192494761735991,0.0006076997904694396,9.495309226084994e-06,0.16695123901487574,64
IPPO,0,9088,141,142,396.69014671533427,6.198283542427098,0.7922272047832586,0.7922272047832586,1338,1060,284,0,54.09375,3462.0,3.2660377358490567,5.0,1060,0.030750146929440756,1968.0094034842084,1928.920026664486,39.08937681972249,0.01316638943570823,0.0005266555774283292,8.228993397317644e-06,0.16792326131255356,64
IPPO,0,9152,142,143,417.38439877483313,6.521631230856768,0.7961095100864554,0.7961095100864554,1388,1105,278,0,55.234375,3535.0,3.1990950226244346,5.0,1105,0.03430339926308755,2195.417552837603,2156.2357679308648,39.18178490673798,0.013854910979582797,0.0005541964391833119,8.659319362239248e-06,0.16853050973577177,64
IPPO,0,9216,143,144,416.94895611795073,6.51482743934298,0.7918745545260156,0.7918745545260156,1403,1111,290,0,54.640625,3497.0,3.147614761476148,5.0,1111,0.0329859696713489,2111.1020589663294,2072.9806628919832,38.12139607434741,0.014174228489538261,0.0005669691395815304,8.858892805961413e-06,0.16873463779779407,64
IPPO,0,9280,144,145,415.11882006576457,6.486231563527571,0.7713894592744696,0.7713894592744696,1461,1127,330,0,54.421875,3483.0,3.090505767524401,5.0,1127,0.033941535476278,2172.258270481792,2132.86397816556,39.39429231623236,0.015232735552557507,0.0006093094221023003,9.520459720348442e-06,0.1686998320148169,64
IPPO,0,9344,145,146,391.14087820009706,6.111576221876517,0.7774502579218865,0.7774502579218865,1357,1055,299,0,51.578125,3301.0,3.128909952606635,5.0,1055,0.030433792057026118,1947.7626916496715,1910.4329797103608,37.32971193931137,0.013728691194273406,0.0005491476477709362,8.580431996420878e-06,0.16900001010477095,64
IPPO,0,9408,146,147,426.5425631455201,6.664727549148751,0.8008474576271186,0.8008474576271186,1416,1134,284,0,54.78125,3506.0,3.0917107583774253,5.0,1134,0.03664551996809745,2345.313277958237,2310.2382966327236,35.07498132551207,0.01678441211849269,0.0006713764847397076,1.0490257574057931e-05,0.16938231743629273,64
IPPO,0,9472,147,148,435.9797540994734,6.812183657804272,0.8187679083094556,0.8187679083094556,1396,1143,253,0,53.859375,3447.0,3.015748031496063,5.0,1143,0.03972024382819882,2542.0956050047243,2509.765823229714,32.3297817750104,0.01788133156634409,0.0007152532626537635,1.1175832228965055e-05,0.16970406480437983,64
IPPO,0,9536,148,149,437.1610458319527,6.830641341124261,0.812544547398432,0.812544547398432,1403,1140,250,0,54.546875,3491.0,3.062280701754386,5.0,1140,0.03572832819426109,2286.6130044327097,2252.089799580514,34.52320485219599,0.014944991131791879,0.0005977996452716752,9.340619457369924e-06,0.1696222571166856,64
IPPO,0,9600,149,150,451.9269976540237,7.06135933834412,0.8319209039548022,0.8319209039548022,1416,1178,254,0,57.34375,3670.0,3.1154499151103567,5.0,1178,0.03824278884151717,2447.5384858570987,2412.6870040810354,34.85148177606112,0.016487181316623387,0.0006594872526649355,1.0304488322889617e-05,0.1692719373156332,64
IPPO,0,9664,150,151,436.26451727595236,6.816633082436756,0.8199426111908178,0.8199426111908178,1394,1143,265,0,54.734375,3503.0,3.0647419072615922,5.0,1143,0.034097364482258884,2182.2313268645685,2147.5861923485454,34.64513451602285,0.0142144332925316,0.000568577331701264,8.88402080783225e-06,0.1683907859513299,64
IPPO,0,9728,151,152,417.53059696678963,6.523915577606088,0.7846481876332623,0.7846481876332623,1407,1104,277,0,52.40625,3354.0,3.0380434782608696,5.0,1104,0.03286318988882699,2103.2441528849276,2068.050940287418,35.19321259750885,0.013277277916624421,0.0005310911166649769,8.298298697890263e-06,0.16726668001160533,64
IPPO,0,9792,152,153,402.1583179445712,6.283723717883925,0.8066465256797583,0.8066465256797583,1324,1068,276,0,52.4375,3356.0,3.142322097378277,5.0,1068,0.033430637329584144,2139.560789093385,2104.532627023531,35.0281620698544,0.013184785503164966,0.0005273914201265987,8.240490939478104e-06,0.16581059991672148,64
IPPO,0,9856,153,154,415.7598619837719,6.496247843496436,0.7898134863701578,0.7898134863701578,1394,1101,276,0,54.578125,3493.0,3.172570390554042,5.0,1101,0.03614562170666314,2313.319789226441,2276.9598306612884,36.35995856515336,0.014374575385882167,0.0005749830154352867,8.984109616176354e-06,0.16415641103399276,64
IPPO,0,9920,154,155,412.5579800894742,6.446218438898034,0.8125,0.8125,1344,1092,282,0,52.3125,3348.0,3.065934065934066,5.0,1092,0.03067855744967886,1963.427676779447,1929.3557465229637,34.07193025648331,0.011493886260880139,0.0004597554504352056,7.183678913050087e-06,0.16291987030559918,64
IPPO,0,9984,155,156,404.68808880806824,6.323251387626066,0.7667844522968198,0.7667844522968198,1415,1085,308,0,54.734375,3503.0,3.2285714285714286,5.0,1085,0.030969853448837834,1982.0706207256214,1943.026436254033,39.04418447158937,0.011239404215584337,0.00044957616862337344,7.02462763474021e-06,0.16156318358073418,64
IPPO,0,10048,156,157,413.30349822061044,6.457867159697038,0.7870967741935484,0.7870967741935484,1395,1098,291,0,54.34375,3478.0,3.167577413479053,5.0,1098,0.031082283468616967,1989.266141991486,1951.8925215180575,37.373620473428424,0.011472783428395647,0.0004589113371358259,7.170489642747279e-06,0.1604366854682419,64
IPPO,0,10112,157,158,452.82605750224093,7.0754071484725145,0.8226256983240223,0.8226256983240223,1432,1178,267,0,59.015625,3777.0,3.206281833616299,5.0,1178,0.036301857565123004,2323.318884167872,2284.327438035633,38.99144613224015,0.012669060114364418,0.0005067624045745768,7.918162571477762e-06,0.1593442820876279,64
IPPO,0,10176,158,159,427.09467149520657,6.673354242112603,0.7975937721160651,0.7975937721160651,1413,1127,285,0,55.328125,3541.0,3.141969831410825,5.0,1127,0.035038583904352875,2242.469369878584,2205.9531297833,36.51624009528413,0.012565555552491782,0.0005026222220996713,7.853472220307364e-06,0.1581121546993757,64
IPPO,0,10240,159,160,398.1991399331372,6.221861561455269,0.8010630220197419,0.8010630220197419,1317,1055,273,0,50.140625,3209.0,3.0417061611374407,5.0,1055,0.0323386626061305,2069.674406792352,2037.3884617063109,32.28594508604121,0.011630133391614365,0.0004652053356645746,7.268833369758978e-06,0.15683398802882403,64
IPPO,0,10304,160,161,417.16767832039204,6.518244973756126,0.8053491827637445,0.8053491827637445,1346,1084,248,0,51.5625,3300.0,3.044280442804428,5.0,1084,0.031288014517198745,2002.4329291007198,1968.8560399798323,33.576889120887344,0.0106126454114157,0.00042450581645662804,6.632903382134813e-06,0.1558559640375984,64
IPPO,0,10368,161,162,425.70443313138105,6.651631767677829,0.8178466076696165,0.8178466076696165,1356,1109,252,0,52.0625,3332.0,3.0045085662759243,5.0,1109,0.034214819935241794,2189.7484758554747,2157.4518966428595,32.296579212615676,0.012213787371516703,0.0004885514948606681,7.63361710719794e-06,0.1546370151203803,64
IPPO,0,10432,162,163,456.3177703333407,7.129965161458449,0.8252631578947368,0.8252631578947368,1425,1176,238,0,53.40625,3418.0,2.9064625850340136,5.0,1176,0.03763977144816741,2408.945372682714,2377.2099633954954,31.735409287219454,0.014175598115750575,0.000567023924630023,8.85974882234411e-06,0.15367997438318431,64
IPPO,0,10496,163,164,474.7299974843871,7.417656210693549,0.8295148247978437,0.8295148247978437,1484,1231,260,0,56.796875,3635.0,2.952883834281072,5.0,1231,0.04373428820679999,2798.9944452351992,2765.8310829099923,33.16336232520729,0.01611850550398689,0.0006447402201594756,1.0074065939991806e-05,0.15334840778470168,64
IPPO,0,10560,164,165,449.88424307719174,7.029441298081121,0.8103092783505155,0.8103092783505155,1455,1179,272,0,53.609375,3431.0,2.9100932994062765,5.0,1179,0.041000944186224846,2624.06042791839,2591.6090704178314,32.45135750055765,0.01562949898307011,0.0006251799593228044,9.768436864418818e-06,0.15323336665343945,64
IPPO,0,10624,165,166,465.58719350953874,7.274799898586543,0.8428070175438597,0.8428070175438597,1425,1201,247,0,53.671875,3435.0,2.8601165695253954,5.0,1201,0.039721919496318585,2542.2028477643894,2511.523616588575,30.679231175814923,0.014285194311532717,0.0005714077724613087,8.928246444707948e-06,0.15350203386515332,64
IPPO,0,10688,166,167,408.97361576842763,6.390212746381682,0.8012003000750187,0.8012003000750187,1333,1068,246,0,48.375,3096.0,2.898876404494382,5.0,1068,0.034983211517851824,2238.9255371425165,2209.0410348800174,29.88450226249789,0.012478173252138996,0.0004991269300855598,7.798858282586872e-06,0.15341842614857373,64
IPPO,0,10752,167,168,448.07189485074196,7.001123357042843,0.8143754361479414,0.8143754361479414,1433,1167,262,0,55.296875,3539.0,3.032562125107112,5.0,1167,0.0387578794191133,2480.5042828232513,2448.4792407078025,32.02504211544738,0.013617502164997528,0.0005447000865999011,8.510938853123455e-06,0.1534433044977784,64
IPPO,0,10816,168,169,440.1569786048124,6.877452790700194,0.8134751773049645,0.8134751773049645,1410,1147,260,0,52.1875,3340.0,2.911944202266783,5.0,1147,0.039534168840271035,2530.1868057773463,2499.9762476687424,30.210558108602893,0.013619783854050936,0.0005447913541620375,8.512364908781835e-06,0.1541015566493561,64
IPPO,0,10880,169,170,484.9307136799813,7.577042401249708,0.8408937034529451,0.8408937034529451,1477,1242,241,0,58.734375,3759.0,3.026570048309179,5.0,1242,0.042457405697543464,2717.2739646427817,2682.5384256586276,34.73553898415365,0.014285005953045313,0.0005714002381218125,8.928128720653321e-06,0.1546500677888691,64
IPPO,0,10944,170,171,424.93888423603664,6.6396700661880725,0.780774550484094,0.780774550484094,1446,1129,303,0,54.546875,3491.0,3.092116917626218,5.0,1129,0.03443483792941552,2203.8296274825934,2167.0191580516876,36.81046943090641,0.011796498180952256,0.0004718599272380902,7.37281136309516e-06,0.1547818844747576,64
IPPO,0,11008,171,172,412.568618067619,6.446384657306547,0.7892857142857143,0.7892857142857143,1400,1105,312,0,53.984375,3455.0,3.1266968325791855,5.0,1105,0.03518253572382291,2251.682286324666,2213.441872505659,38.24041381900792,0.011737416425809864,0.00046949665703239455,7.335885266131165e-06,0.15456413922014142,64
IPPO,0,11072,172,173,434.49895129988306,6.789046114060673,0.7686762778505898,0.7686762778505898,1526,1173,342,0,59.546875,3811.0,3.2489343563512363,5.0,1173,0.041556981345392915,2659.6468061051464,2618.041003501431,41.605802603712974,0.01339942719820139,0.0005359770879280556,8.374641998875868e-06,0.1542069934869848,64
IPPO,0,11136,173,174,438.45075332874285,6.850793020761607,0.8023578363384188,0.8023578363384188,1442,1157,299,0,56.65625,3626.0,3.1339671564390668,5.0,1157,0.03577917159111543,2289.866981831388,2251.871059849783,37.995921981604035,0.011270453782487066,0.0004508181512994826,7.044033614054416e-06,0.1536687693944771,64
IPPO,0,11200,174,175,442.1602661722942,6.908754158942097,0.8023578363384188,0.8023578363384188,1442,1157,283,0,58.734375,3759.0,3.2489196197061365,5.0,1157,0.034284179318766636,2194.1874764010645,2154.597601512443,39.58987488862129,0.010871210955784482,0.0004348484382313793,6.7945068473653015e-06,0.15266937329188185,64
IPPO,0,11264,175,176,429.849727892828,6.716401998325438,0.7876901798063624,0.7876901798063624,1446,1139,306,0,56.328125,3605.0,3.165057067603161,5.0,1139,0.0342929348567994,2194.7478308351615,2156.2123420652106,38.53548876995066,0.010715626367940857,0.0004286250547176343,6.697266479963036e-06,0.15142400741021517,64
IPPO,0,11328,176,177,423.8772599005551,6.623082185946173,0.8018731988472623,0.8018731988472623,1388,1113,276,0,55.0,3520.0,3.1626235399820306,5.0,1113,0.03579095557886184,2290.621157047158,2254.884597946353,35.73655910080409,0.01116562430272511,0.0004466249721090044,6.978515189203194e-06,0.15065534050592333,64
IPPO,0,11392,177,178,387.4265287388703,6.053539511544848,0.7525035765379113,0.7525035765379113,1398,1052,330,0,53.71875,3438.0,3.2680608365019013,5.0,1052,0.0322250159015549,2062.401017699514,2022.348912186798,40.0521055127163,0.009712369404042704,0.00038849477616170817,6.07023087752669e-06,0.1498958656431923,64
IPPO,0,11456,178,179,422.2232674717765,6.597238554246508,0.8084486525855791,0.8084486525855791,1373,1110,282,0,56.234375,3599.0,3.2423423423423423,5.0,1110,0.03337714622097194,2136.137358142204,2098.0859457978695,38.051412344334636,0.010616009685907637,0.0004246403874363055,6.635006053692273e-06,0.14887949454328248,64
IPPO,0,11520,179,180,400.0030782308717,6.250048097357371,0.765791341376863,0.765791341376863,1409,1079,322,0,56.671875,3627.0,3.36144578313253,5.0,1079,0.034308553366304013,2195.7474154434567,2153.727903242691,42.0195122007658,0.010720334834815805,0.0004288133933926322,6.7002092717598784e-06,0.148252115081103,64
IPPO,0,11584,180,181,413.6500882792666,6.46328262936354,0.7669432918395575,0.7669432918395575,1446,1109,320,0,58.078125,3717.0,3.351668169522092,5.0,1109,0.03345325043590581,2141.0080278979717,2097.1097237701542,43.89830412781733,0.01122423786648694,0.0004489695146594776,7.0151486665543374e-06,0.1473291820290327,64
IPPO,0,11648,181,182,427.04987036934625,6.672654224521035,0.8024164889836531,0.8024164889836531,1407,1129,293,0,58.0625,3716.0,3.2914083259521703,5.0,1129,0.036899166363007295,2361.546647232467,2322.836473380871,38.710173851593844,0.01165519011391478,0.0004662076045565912,7.284493821196738e-06,0.14672436453309917,64
IPPO,0,11712,182,183,415.5605630396856,6.493133797495087,0.7849538679914834,0.7849538679914834,1409,1106,302,0,57.390625,3673.0,3.320976491862568,5.0,1106,0.036314558190431716,2324.13172418763,2284.15923061667,39.972493570959095,0.011349199050252196,0.0004539679620100878,7.093249406407622e-06,0.14640268930381495,64
IPPO,0,11776,183,184,410.0970911509578,6.4077670492337155,0.7621658670322139,0.7621658670322139,1459,1112,346,0,57.125,3656.0,3.287769784172662,5.0,1112,0.03483311552155837,2229.3193933797356,2186.814445819918,42.504947559817765,0.010697781232658441,0.0004279112493063377,6.686113270411526e-06,0.14573285181241752,64
IPPO,0,11840,184,185,426.24765633756704,6.660119630274485,0.7950704225352113,0.7950704225352113,1420,1129,299,0,58.375,3736.0,3.3091231178033658,5.0,1129,0.03552121790326107,2273.3579458087083,2232.0615212498888,41.29642455881929,0.011236309934697037,0.0004494523973878815,7.022693709185648e-06,0.14494809317522184,64
IPPO,0,11904,185,186,419.09098712739285,6.548296673865513,0.7830985915492957,0.7830985915492957,1420,1112,301,0,55.6875,3564.0,3.2050359712230216,5.0,1112,0.034610516857954035,2215.073078909058,2176.497506632718,38.57557227634045,0.010312423936264936,0.00041249695745059747,6.4452649601655855e-06,0.14476863698290174,64
IPPO,0,11968,186,187,388.04358237051747,6.0631809745393355,0.772189349112426,0.772189349112426,1352,1044,313,0,52.625,3368.0,3.2260536398467434,5.0,1044,0.030377806915311296,1944.179642579923,1906.5602145533148,37.61942802660866,0.009321709683548528,0.0003728683873419411,5.82606855221783e-06,0.1443059403848202,64
IPPO,0,12032,187,188,416.6689117778655,6.5104517465291485,0.799416484318016,0.799416484318016,1371,1096,280,0,52.484375,3359.0,3.06478102189781,5.0,1096,0.032310428301502714,2067.8674112961735,2032.0252102299623,35.84220106621072,0.009702573131963162,0.00038810292527852646,6.064108207476976e-06,0.1435015689386323,64
IPPO,0,12096,188,189,412.6199913736786,6.447187365213728,0.7947406866325786,0.7947406866325786,1369,1088,284,0,53.34375,3414.0,3.1378676470588234,5.0,1088,0.03189658678874999,2041.381554479999,2004.2718183315378,37.109736148461515,0.009935636914991532,0.00039742547659966124,6.209773071869707e-06,0.14297828021112713,64
IPPO,0,12160,189,190,424.99652269230234,6.640570667067224,0.7764786795048143,0.7764786795048143,1454,1129,311,0,57.625,3688.0,3.266607617360496,5.0,1129,0.03405733065053098,2179.6691616339826,2138.5515338270625,41.117627806921384,0.01027958911645155,0.00041118356465806203,6.424743197782219e-06,0.1429658598034104,64
IPPO,0,12224,190,191,407.8286168162001,6.372322137753127,0.7812723373838456,0.7812723373838456,1399,1093,313,0,53.734375,3439.0,3.1463860933211345,5.0,1093,0.03484550020549861,2230.112013151911,2192.530293882205,37.581719269705516,0.010929996732900824,0.000437199869316033,6.8312479580630155e-06,0.14373468733597702,64
IPPO,0,12288,191,192,422.85134766533577,6.607052307270871,0.7845614035087719,0.7845614035087719,1425,1118,291,0,53.390625,3417.0,3.056350626118068,5.0,1118,0.0362028363144771,2316.981524126534,2281.459390638905,35.52213348762904,0.011481796739174785,0.00045927186956699136,7.17612296198424e-06,0.14485860744520873,64
IPPO,0,12352,192,193,443.9466668683304,6.9366666698176624,0.8035837353549277,0.8035837353549277,1451,1166,286,0,54.6875,3500.0,3.0017152658662094,5.0,1166,0.03796436987188458,2429.7196718006135,2395.300869551258,34.41880224935677,0.012575774292393756,0.0005030309716957502,7.859858932746098e-06,0.14578932364525216,64
IPPO,0,12416,193,194,419.3809898304228,6.552827966100356,0.782336578581363,0.782336578581363,1438,1125,320,0,54.65625,3498.0,3.1093333333333333,5.0,1125,0.038124671792312825,2439.9789947080208,2401.17492076823,38.80407393979024,0.012387280713686282,0.0004954912285474513,7.742050446053926e-06,0.14639226253606097,64
IPPO,0,12480,194,195,423.5548466902484,6.618044479535131,0.7918424753867792,0.7918424753867792,1422,1126,303,0,56.25,3600.0,3.197158081705151,5.0,1126,0.03488622821073638,2232.718605487128,2193.373315270454,39.34529021667543,0.01145641868951761,0.00045825674758070436,7.1602616809485056e-06,0.14656581352517106,64
IPPO,0,12544,195,196,434.90205655676994,6.79534463369953,0.7845003399048266,0.7845003399048266,1471,1154,303,0,56.515625,3617.0,3.134315424610052,5.0,1154,0.03606468901876075,2308.1400972006877,2269.843536741096,38.296560459591475,0.01260260592256552,0.0005041042369026208,7.87662870160345e-06,0.14637107526047732,64
IPPO,0,12608,196,197,403.84848698329967,6.310132609114057,0.785039941902687,0.785039941902687,1377,1081,306,0,53.734375,3439.0,3.181313598519889,5.0,1081,0.033083991122466315,2117.375431837844,2078.5122196139287,38.8632122239158,0.011069058141019175,0.00044276232564076704,6.918161338136985e-06,0.14586899362276673,64
IPPO,0,12672,197,198,392.76503669818226,6.136953698409098,0.7741228070175439,0.7741228070175439,1368,1059,306,0,51.71875,3310.0,3.125590179414542,5.0,1059,0.03626847316340107,2321.182282457669,2285.5720376331583,35.610244824509884,0.012774412089630377,0.0005109764835852151,7.984007556018985e-06,0.14563658414873526,64
IPPO,0,12736,198,199,439.3036090479569,6.864118891374327,0.8016643550624133,0.8016643550624133,1442,1156,284,0,54.234375,3471.0,3.0025951557093427,5.0,1156,0.03603068079472938,2305.9635708626806,2270.445884267171,35.517686595508664,0.013282651763606799,0.000531306070544272,8.30165735225425e-06,0.14631413526387615,64
IPPO,0,12800,199,200,459.7969516827072,7.1843273700423,0.820285908781484,0.820285908781484,1469,1205,279,0,57.390625,3673.0,3.0481327800829874,5.0,1205,0.03901054807295607,2496.6750766691885,2460.424768064469,36.250308604718974,0.015344031940793751,0.00061376127763175,9.590019962996095e-06,0.147278665834305,64
IPPO,0,12864,200,201,449.0166601204587,7.015885314382167,0.8012337217272104,0.8012337217272104,1459,1169,262,0,57.09375,3654.0,3.125748502994012,5.0,1169,0.035721889300240915,2286.2009152154187,2247.97228997387,38.22862524154932,0.013277614762018615,0.0005311045904807446,8.298509226261635e-06,0.14826486777385084,64
IPPO,0,12928,201,202,425.30295743299104,6.645358709890485,0.8021276595744681,0.8021276595744681,1410,1131,295,0,55.109375,3527.0,3.118479221927498,5.0,1131,0.036161795392764,2314.354905136896,2277.1275187357824,37.22738640111304,0.013953171533030448,0.000558126861321218,8.72073220814403e-06,0.14965700871573553,64
IPPO,0,12992,202,203,421.2350928669839,6.5817983260466235,0.790436005625879,0.790436005625879,1422,1124,305,0,56.375,3608.0,3.209964412811388,5.0,1124,0.03325719107702345,2128.4602289295008,2088.531513067214,39.92871586228728,0.012554950610124783,0.0005021980244049913,7.846844131327989e-06,0.1506585774155938,64
IPPO,0,13056,203,204,396.3370201663396,6.192765940099056,0.7650429799426934,0.7650429799426934,1396,1068,303,0,53.09375,3398.0,3.1816479400749063,5.0,1068,0.03424528100766485,2191.6979844905504,2150.7738455002773,40.924138990273214,0.013345179325709134,0.0005338071730283654,8.340737078568209e-06,0.15133691909084857,64
IPPO,0,13120,204,205,403.72540195023134,6.308209405472365,0.7750177430801988,0.7750177430801988,1409,1092,325,0,53.921875,3451.0,3.16025641025641,5.0,1092,0.03152030768500451,2017.2996918402885,1977.1476723866451,40.15201945364221,0.011930501952801086,0.0004772200781120434,7.456563720500678e-06,0.15227453891080323,64
IPPO,0,13184,205,206,433.9155188210008,6.779929981578137,0.7955801104972375,0.7955801104972375,1448,1152,296,0,57.15625,3658.0,3.1753472222222223,5.0,1152,0.03657170690387259,2340.5892418478456,2301.293612172881,39.2956296749656,0.01439446437945098,0.0005757785751780392,8.996540237156862e-06,0.15343613973077025,64
IPPO,0,13248,206,207,433.5632682873554,6.774426066989928,0.7858117326057299,0.7858117326057299,1466,1152,303,0,59.78125,3826.0,3.3211805555555554,5.0,1152,0.03513646458958881,2248.7337337336835,2204.587682893668,44.146050840016066,0.01345530908182885,0.000538212363273154,8.409568176143031e-06,0.15432343994452744,64
IPPO,0,13312,207,208,434.8506300033809,6.794541093802827,0.8141843971631205,0.8141843971631205,1410,1148,285,0,57.625,3688.0,3.2125435540069684,5.0,1148,0.03504044041333555,2242.5881864534754,2206.3172638116644,36.27092264181054,0.013958305535483268,0.0005583322214193307,8.723940959677042e-06,0.15483540957298547,64
IPPO,0,13376,208,209,433.9391228147043,6.780298793979755,0.7861975642760487,0.7861975642760487,1478,1162,309,0,54.9375,3516.0,3.025817555938038,5.0,1162,0.03952784181319243,2529.7818760443156,2492.073921914951,37.707954129364886,0.01677305703850036,0.0006709222815400144,1.0483160649062725e-05,0.15514882808338343,64
IPPO,0,13440,209,210,426.32324790215614,6.66130074847119,0.8211143695014663,0.8211143695014663,1364,1120,267,0,53.21875,3406.0,3.0410714285714286,5.0,1120,0.034157669485988994,2186.090847103296,2152.4855536285845,33.60529347471122,0.013529740591858616,0.0005411896236743447,8.456087869911635e-06,0.15607668922636556,64
IPPO,0,13504,210,211,401.92370669685124,6.280057917138301,0.7847171197648788,0.7847171197648788,1361,1068,273,0,49.015625,3137.0,2.9372659176029963,5.0,1068,0.03375761516922539,2160.487370830425,2128.6420017930004,31.845369037424454,0.013969761548550263,0.0005587904619420106,8.731100967843915e-06,0.1566894547038097,64
IPPO,0,13568,211,212,420.97909104389254,6.577798297560821,0.8025843503230438,0.8025843503230438,1393,1118,285,0,52.703125,3373.0,3.016994633273703,5.0,1118,0.03650147562594184,2336.0944400602775,2302.3689127884436,33.7255272718336,0.014806661736885838,0.0005922664694754335,9.254163585553648e-06,0.15701366331347016,64
IPPO,0,13632,212,213,480.6010046748203,7.509390698044067,0.8411088573360379,0.8411088573360379,1479,1244,249,0,57.46875,3678.0,2.9565916398713825,5.0,1244,0.04238808012372178,2712.837127918194,2680.0629588166375,32.77416910155565,0.018742977174175557,0.0007497190869670223,1.1714360733859723e-05,0.1571474198127412,64
IPPO,0,13696,213,214,418.87182991789047,6.5448723424670385,0.7908636688079943,0.7908636688079943,1401,1108,264,0,51.6875,3308.0,2.9855595667870034,5.0,1108,0.0375047822345294,2400.3060630098817,2368.4935278921826,31.81253511769856,0.016706723717526375,0.000668268948701055,1.0441702323453984e-05,0.1570395812566299,64
IPPO,0,13760,214,215,420.1822415443176,6.565347524129963,0.8187221396731055,0.8187221396731055,1346,1102,247,0,51.59375,3302.0,2.9963702359346644,5.0,1102,0.03590037725646201,2297.6241444135685,2265.385848026385,32.238296387183865,0.01638988832578268,0.0006555955330313073,1.0243680203614176e-05,0.15652542821822013,64
IPPO,0,13824,215,216,446.0698745452195,6.969841789769054,0.8224561403508772,0.8224561403508772,1425,1172,263,0,56.375,3608.0,3.0784982935153584,5.0,1172,0.03937555190897141,2520.0353221741702,2485.3392861036423,34.69603607052962,0.018229901855109025,0.0007291960742043611,1.1393688659443142e-05,0.15563059754247988,64
IPPO,0,13888,216,217,440.907093285933,6.889173332592703,0.8134642356241234,0.8134642356241234,1426,1160,261,0,56.078125,3589.0,3.0939655172413794,5.0,1160,0.03900983829167034,2496.629650666902,2459.7091705055036,36.92048016139788,0.01836435799820502,0.0007345743199282008,1.1477723748878137e-05,0.1545985973079747,64
IPPO,0,13952,217,218,443.42580821674227,6.928528253386598,0.8210749646393211,0.8210749646393211,1414,1161,257,0,55.328125,3541.0,3.049956933677864,5.0,1161,0.03721290611416075,2381.6259913062877,2346.0081042576785,35.61788704860773,0.01680689734440298,0.0006722758937761192,1.0504310840251862e-05,0.1545247828528697,64
IPPO,0,14016,218,219,416.8773425690155,6.513708477640868,0.7966954022988506,0.7966954022988506,1392,1109,279,0,54.21875,3470.0,3.128944995491434,5.0,1109,0.03319147082626412,2124.254132880904,2086.888774908483,37.365357972421386,0.01621002170531583,0.0006484008682126332,1.0131263565822394e-05,0.15518114974161024,64
IPPO,0,14080,219,220,431.16734357710413,6.736989743392252,0.8168812589413448,0.8168812589413448,1398,1142,276,0,55.0,3520.0,3.08231173380035,5.0,1142,0.03657991183038837,2341.1143571448556,2305.4470446875816,35.66731245727315,0.01699507382487187,0.0006798029529948748,1.0621921140544919e-05,0.15611450296503382,64
IPPO,0,14144,220,221,426.19354073710116,6.659274074017206,0.7886740331491713,0.7886740331491713,1448,1142,296,0,54.640625,3497.0,3.0621716287215412,5.0,1142,0.039244221753382345,2511.6301922164703,2476.1109862350504,35.519205981420335,0.018318840227618618,0.0007327536091047447,1.1449275142261635e-05,0.1568315627940088,64
IPPO,0,14208,221,222,398.64019191924854,6.228752998738258,0.7797228300510576,0.7797228300510576,1371,1069,281,0,51.953125,3325.0,3.110383536014967,5.0,1069,0.03319770984812177,2124.6534302797936,2087.739632985151,36.91379729464235,0.016225627884902977,0.000649025115396119,1.014101742806436e-05,0.15704909190649274,64
IPPO,0,14272,222,223,430.9000836384928,6.73281380685145,0.806993006993007,0.806993006993007,1430,1154,297,0,57.53125,3682.0,3.1906412478336224,5.0,1154,0.038246865402500115,2447.799385760007,2408.715949277127,39.08343648288111,0.018288389642155182,0.0007315355856862073,1.1430243526346989e-05,0.15730561917754898,64
IPPO,0,14336,223,224,408.96119152049584,6.390018617507748,0.7899280575539568,0.7899280575539568,1390,1098,290,0,52.25,3344.0,3.045537340619308,5.0,1098,0.035802080430946556,2291.3331475805794,2256.7041202063574,34.62902737422232,0.01710176402885053,0.0006840705611540213,1.0688602518031583e-05,0.1579979974574437,64
IPPO,0,14400,224,225,405.2800896252666,6.332501400394791,0.7883636363636364,0.7883636363636364,1375,1084,285,0,51.953125,3325.0,3.0673431734317345,5.0,1084,0.03147972656508984,2014.70250016575,1980.592776181772,34.10972398397765,0.015165532809325024,0.000606621312373001,9.47845800582814e-06,0.1590808856271656,64
IPPO,0,14464,225,226,420.98569916892654,6.577901549514477,0.7946175637393768,0.7946175637393768,1412,1122,283,0,53.640625,3433.0,3.0597147950089125,5.0,1122,0.03484032884536099,2229.7810461031036,2194.8826566967196,34.89838940638483,0.016721989953064464,0.0006688795981225785,1.045124372066529e-05,0.1601575262280595,64
IPPO,0,14528,226,227,430.6857795315184,6.729465305179975,0.8059071729957806,0.8059071729957806,1422,1146,288,0,56.296875,3603.0,3.143979057591623,5.0,1146,0.03543049179309286,2267.5514747579427,2230.007032243178,37.54444251476639,0.017023526153127987,0.0006809410461251195,1.0639703845704992e-05,0.16103693979643174,64
IPPO,0,14592,227,228,411.2297314774351,6.425464554334924,0.7921795800144823,0.7921795800144823,1381,1094,280,0,54.828125,3509.0,3.207495429616088,5.0,1094,0.03135460391327902,2006.694650449857,1968.5012249290298,38.193425520825876,0.014860343930807115,0.0005944137572322846,9.287714956754447e-06,0.1614846512593619,64
IPPO,0,14656,228,229,432.54889212453253,6.758576439445821,0.8096249115357396,0.8096249115357396,1413,1144,279,0,56.703125,3629.0,3.172202797202797,5.0,1144,0.033038647197727894,2114.4734206545854,2076.0705987540728,38.40282190051344,0.015279583456420139,0.0006111833382568055,9.549739660262587e-06,0.16147449762277644,64
IPPO,0,14720,229,230,392.8445861240882,6.138196658188878,0.7828996282527881,0.7828996282527881,1345,1053,283,0,52.28125,3346.0,3.177587844254511,5.0,1053,0.03120056085743142,1996.8358948756108,1959.676944792846,37.15895008276583,0.014132606875083296,0.0005653042750033318,8.83287929692706e-06,0.16113706915699022,64
IPPO,0,14784,230,231,401.7001635234496,6.2765650550539,0.7762687634024303,0.7762687634024303,1399,1086,316,0,56.59375,3622.0,3.335174953959484,5.0,1086,0.030631312688175573,1960.4040120432367,1919.884008494768,40.52000354846813,0.013141561723331729,0.0005256624689332692,8.21347607708233e-06,0.1604705587748581,64
IPPO,0,14848,231,232,402.33170819318707,6.286432940518548,0.7937685459940653,0.7937685459940653,1348,1070,272,0,54.40625,3482.0,3.2542056074766355,5.0,1070,0.03211153877102824,2055.1384813458076,2016.0863399495884,39.05214139621956,0.01417409373217788,0.0005669637492871152,8.858808582611175e-06,0.15958029048911448,64
IPPO,0,14912,232,233,392.7037360359901,6.135995875562346,0.7762289068231841,0.7762289068231841,1363,1058,308,0,53.328125,3413.0,3.2258979206049148,5.0,1058,0.02846486965387387,1821.7516578479276,1784.5108252669281,37.240832580998855,0.011504708386075733,0.0004601883354430293,7.190442741297333e-06,0.15917749774041673,64
IPPO,0,14976,233,234,396.69312027634453,6.198330004317883,0.7742402315484804,0.7742402315484804,1382,1070,304,0,52.015625,3329.0,3.111214953271028,5.0,1070,0.03232973094291234,2069.10278034639,2032.6869823503625,36.41579799602653,0.013835428597305566,0.0005534171438922226,8.647142873315979e-06,0.15862400804595328,64
IPPO,0,15040,234,235,420.9235557937318,6.576930559277059,0.7856645789839944,0.7856645789839944,1437,1129,314,0,57.9375,3708.0,3.2843224092116916,5.0,1129,0.033290468585500596,2130.5899894720383,2090.1427740535673,40.44721541847241,0.013221691780147994,0.0005288676712059198,8.263557362592496e-06,0.15794811079049176,64
IPPO,0,15104,235,236,425.55705966836445,6.6493290573181945,0.8017057569296375,0.8017057569296375,1407,1128,287,0,57.34375,3670.0,3.25354609929078,5.0,1128,0.03290179020602773,2105.7145731857745,2065.753668772543,39.96090441323118,0.014001026550587806,0.0005600410620235122,8.750641594117379e-06,0.15778400106999702,64
IPPO,0,15168,236,237,383.80137457750817,5.996896477773565,0.7614879649890591,0.7614879649890591,1371,1044,318,0,54.203125,3469.0,3.3227969348659006,5.0,1044,0.029277155959179665,1873.7379813874986,1831.8115749590147,41.926406428483354,0.011895272347577174,0.00047581089390308693,7.434545217235733e-06,0.15748478545310252,64
IPPO,0,15232,237,238,386.8114962737129,6.043929629276764,0.7346101231190151,0.7346101231190151,1462,1074,370,0,57.40625,3674.0,3.4208566108007448,5.0,1074,0.03170879813448252,2029.363080606881,1984.1013315507212,45.261749056160184,0.01173150349618535,0.000469260139847414,7.332189685115844e-06,0.15682543711046176,64
IPPO,0,15296,238,239,394.1284669134276,6.158257295522306,0.7752890173410405,0.7752890173410405,1384,1073,330,0,56.359375,3607.0,3.3616029822926374,5.0,1073,0.03137970819126575,2008.3013242410082,1966.4493360647712,41.851988176236866,0.012121102767116348,0.00048484411068465394,7.575689229447718e-06,0.1558769221943101,64
IPPO,0,15360,239,240,400.53002940717886,6.25828170948717,0.767277856135402,0.767277856135402,1418,1088,330,0,56.578125,3621.0,3.328125,5.0,1088,0.03252819792340699,2081.8046670980475,2040.15328310062,41.65138399742834,0.012682498516312337,0.0005072999406524935,7.926561572695211e-06,0.15525372013457125,64
IPPO,0,15424,240,241,435.1108763357315,6.798607442745805,0.789293067947838,0.789293067947838,1457,1150,293,0,58.828125,3765.0,3.273913043478261,5.0,1150,0.033199216739629486,2124.749871336287,2084.5527010938786,40.197170242409335,0.012937524598270864,0.0005175009839308345,8.08595287391929e-06,0.15460049069329235,64
IPPO,0,15488,241,242,420.596547320582,6.571821051884093,0.790436005625879,0.790436005625879,1422,1124,311,0,56.015625,3585.0,3.1895017793594307,5.0,1124,0.029985386435667487,1919.0647318827191,1880.0079802048092,39.05675167790965,0.012024568867368468,0.00048098275469473875,7.515355542105293e-06,0.1535667783142228,64
IPPO,0,15552,242,243,402.15301131426247,6.283640801785351,0.7836468885672938,0.7836468885672938,1382,1083,308,0,54.625,3496.0,3.2280701754385963,5.0,1083,0.03385692761144126,2166.8433671322405,2129.030494166188,37.81287296605447,0.013309989404383564,0.0005323995761753426,8.318743377739728e-06,0.15255723444587832,64
IPPO,0,15616,243,244,435.18573593815285,6.799777124033638,0.7917525773195876,0.7917525773195876,1455,1152,293,0,56.5,3616.0,3.138888888888889,5.0,1152,0.03682357043349452,2356.708507743649,2318.105468354807,38.60303938884102,0.013827569986012892,0.0005531027994405157,8.642231241258058e-06,0.1522029940250049,64
IPPO,0,15680,244,245,399.8981272094244,6.248408237647256,0.7659123055162659,0.7659123055162659,1414,1083,326,0,52.421875,3355.0,3.097876269621422,5.0,1083,0.032641901688524134,2089.0817080655447,2052.3431674334647,36.738540632079825,0.011766297272252653,0.0004706518908901061,7.353935795157908e-06,0.1513938361486146,64
IPPO,0,15744,245,246,410.57848107756206,6.415288766836907,0.7937545388525781,0.7937545388525781,1377,1093,290,0,55.0625,3524.0,3.2241537053979874,5.0,1093,0.03443942691935264,2204.123322838569,2165.7505508371833,38.372772001386245,0.013059937870240276,0.000522397514809611,8.162461168900172e-06,0.15056256568942245,64
IPPO,0,15808,246,247,404.88598460395906,6.32634350943686,0.7867056245434624,0.7867056245434624,1369,1077,293,0,54.859375,3511.0,3.2599814298978647,5.0,1077,0.030365700544672643,1943.404834859049,1904.8127076822313,38.59212717681845,0.01065308021306354,0.00042612320852254156,6.658175133164712e-06,0.15021506082155028,64
IPPO,0,15872,247,248,417.7725588792191,6.5276962324877985,0.7869318181818182,0.7869318181818182,1408,1108,293,0,58.96875,3774.0,3.4061371841155235,5.0,1108,0.0315571872780425,2019.6599857947201,1977.5073710956085,42.152614699111645,0.011080261465792895,0.0004432104586317158,6.9251634161205595e-06,0.14958811077665085,64
IPPO,0,15936,248,249,386.3929047341232,6.037389136470675,0.7537260468417317,0.7537260468417317,1409,1062,349,0,58.375,3736.0,3.51789077212806,5.0,1062,0.029550407965583475,1891.2261097973424,1847.5955150545421,43.63059474279919,0.011280568925101958,0.00045122275700407833,7.050355578188724e-06,0.14874518022086508,64
IPPO,0,16000,249,250,426.1137662919149,6.65802759831117,0.7710280373831776,0.7710280373831776,1498,1155,350,0,62.328125,3989.0,3.4536796536796537,5.0,1155,0.03539309395026843,2265.1580128171795,2219.8820625895105,45.27595022766957,0.012594745725160679,0.0005037898290064271,7.871716078225424e-06,0.14782208039504852,64
IPPO,0,16064,250,251,411.58272406514845,6.430980063517945,0.7796610169491526,0.7796610169491526,1416,1104,317,0,59.328125,3797.0,3.4393115942028984,5.0,1104,0.032508568693272115,2080.5483963694155,2038.1538448784875,42.39455149092888,0.011087878038938256,0.0004435151215575302,6.92992377433641e-06,0.1475076569887887,64
IPPO,0,16128,251,252,417.6089671106339,6.525140111103655,0.7762430939226519,0.7762430939226519,1448,1124,325,0,58.953125,3773.0,3.356761565836299,5.0,1124,0.03467443733329385,2219.1639893308065,2177.6663542388515,41.49763509195525,0.01237069843269803,0.0004948279373079211,7.731686520436268e-06,0.1472349708390557,64
IPPO,0,16192,252,253,387.9227043327851,6.061292255199767,0.7426778242677824,0.7426778242677824,1434,1065,350,0,57.71875,3694.0,3.468544600938967,5.0,1065,0.03213137256668779,2056.407844268019,2010.8058183054131,45.60202596260523,0.011151294152403401,0.00044605176609613606,6.969558845252126e-06,0.14762635257517598,64
IPPO,0,16256,253,254,408.3279683876892,6.380124506057644,0.7695530726256983,0.7695530726256983,1432,1102,329,0,60.46875,3870.0,3.511796733212341,5.0,1102,0.03137889793802216,2008.2494680334185,1962.6773691923993,45.57209884101922,0.010682808984299895,0.0004273123593719958,6.676755615187435e-06,0.14786279358225052,64
IPPO,0,16320,254,255,388.13573500020203,6.064620859378157,0.7510578279266573,0.7510578279266573,1418,1065,353,0,57.046875,3651.0,3.428169014084507,5.0,1065,0.032367262085876786,2071.5047734961145,2027.2805046431179,44.22426885299603,0.010229262456398741,0.0004091704982559496,6.393289035249213e-06,0.14780362898772503,64
IPPO,0,16384,255,256,396.37141802785277,6.1933034066851995,0.7763253449527959,0.7763253449527959,1377,1069,318,0,56.90625,3642.0,3.4069223573433116,5.0,1069,0.031809697191385745,2035.8206202486876,1993.167512188343,42.65310806034477,0.010361668003505464,0.00041446672014021856,6.476042502190915e-06,0.14759434460893284,64
IPPO,0,16448,256,257,382.352605504029,5.974259461000453,0.7480427046263345,0.7480427046263345,1405,1051,354,0,59.328125,3797.0,3.6127497621313034,5.0,1051,0.02953661359094567,1890.343269820523,1844.4903098927239,45.852959927799,0.009212601984061984,0.00036850407936247934,5.75787624003874e-06,0.14715234729741805,64
IPPO,0,16512,257,258,381.13239541500036,5.955193678359381,0.7357043235704324,0.7357043235704324,1434,1055,370,0,59.4375,3804.0,3.605687203791469,5.0,1055,0.030882085803966786,1976.4534914538742,1927.6496173556193,48.80387409825436,0.0095231918306488,0.000380927673225952,5.9519948941555e-06,0.14632158963149605,64
IPPO,0,16576,258,259,399.8559989849309,6.247749984139546,0.7861866274797943,0.7861866274797943,1361,1070,311,0,60.640625,3881.0,3.627102803738318,5.0,1070,0.029640605918417707,1896.9987787787331,1851.180797524384,45.81798125434955,0.00928078784308483,0.00037123151372339317,5.800492401928018e-06,0.14521264993619157,64
IPPO,0,16640,259,260,416.77424786331017,6.512097622864221,0.7470355731225297,0.7470355731225297,1518,1134,361,0,60.234375,3855.0,3.3994708994708995,5.0,1134,0.03261151449748333,2087.136927838933,2040.6451390545994,46.49178878433451,0.010156436387695821,0.0004062574555078328,6.347772742309888e-06,0.1437842494669999,64
IPPO,0,16704,260,261,359.00268806181197,5.609417000965812,0.7295733911785972,0.7295733911785972,1383,1009,382,0,54.859375,3511.0,3.479682854311199,5.0,1009,0.029402968573623695,1881.7899887119165,1837.33395099195,44.456037719967235,0.008661099911882193,0.00034644399647528775,5.413187444926371e-06,0.1424080658603622,64
IPPO,0,16768,261,262,392.02769719933247,6.12543276873957,0.7559774964838256,0.7559774964838256,1422,1075,363,0,57.90625,3706.0,3.4474418604651165,5.0,1075,0.03165594230502095,2025.980307521341,1981.6184414011893,44.361866120151355,0.009317869003454667,0.00037271476013818667,5.823668127159167e-06,0.14151352985763488,64
IPPO,0,16832,262,263,394.20290033017875,6.159420317659043,0.7517482517482518,0.7517482517482518,1430,1075,348,0,56.53125,3618.0,3.3655813953488374,5.0,1075,0.0329882728476392,2111.249462248909,2068.5988200683782,42.65064218053051,0.009629514025045176,0.00038518056100180707,6.0184462656532355e-06,0.14040330942410634,64
IPPO,0,16896,263,264,390.88271439805857,6.107542412469665,0.7598849748382459,0.7598849748382459,1391,1057,328,0,57.09375,3654.0,3.456953642384106,5.0,1057,0.03083065323080544,1973.161806771548,1929.712236714876,43.449570056671824,0.008804751440133969,0.00035219005760535874,5.50296965008373e-06,0.13902282216196196,64
IPPO,0,16960,264,265,382.9037156774582,5.982870557460284,0.7543604651162791,0.7543604651162791,1376,1038,327,0,57.171875,3659.0,3.52504816955684,5.0,1038,0.029882004470497447,1912.4482861118365,1867.6759082949288,44.77237781690817,0.008550606170433303,0.0003420242468173321,5.344128856520814e-06,0.13780855680255466,64
IPPO,0,17024,265,266,378.37475979442013,5.9121056217878145,0.7638376383763837,0.7638376383763837,1355,1035,342,0,56.3125,3604.0,3.482125603864734,5.0,1035,0.03153114617269221,2017.9933550523017,1973.4642180756712,44.5291369766313,0.008801209405071566,0.00035204837620286263,5.500755878169729e-06,0.13656762197040118,64
IPPO,0,17088,266,267,390.94636795120493,6.108536999237577,0.7560801144492132,0.7560801144492132,1398,1057,331,0,56.609375,3623.0,3.4276253547776725,5.0,1057,0.029376940474914612,1880.1241903945352,1836.4037589332934,43.72043146124227,0.00826513479562486,0.0003306053918249944,5.165709247265538e-06,0.13573484000385544,64
IPPO,0,17152,267,268,386.1004796558483,6.0328199946226295,0.7452364149611856,0.7452364149611856,1417,1056,355,0,56.203125,3597.0,3.40625,5.0,1056,0.032673753246402724,2091.1202077697744,2047.5994145526327,43.52079321714172,0.008781143608811806,0.00035124574435247227,5.488214755507379e-06,0.13500483662993368,64
IPPO,0,17216,268,269,418.5549788597972,6.539921544684331,0.7786366830639494,0.7786366830639494,1423,1108,299,0,59.296875,3795.0,3.425090252707581,5.0,1108,0.033303635189919,2131.432652154816,2087.3660238267844,44.066628328032074,0.00930366203786749,0.00037214648151469954,5.81478877366718e-06,0.13398431089636015,64
IPPO,0,17280,269,270,418.3317610229424,6.536433765983475,0.7875175315568023,0.7875175315568023,1426,1123,330,0,58.84375,3766.0,3.353517364203028,5.0,1123,0.03406167334253453,2179.9470939222097,2137.8367808931907,42.11031302901847,0.009810103518014247,0.00039240414072056986,6.131314698758904e-06,0.1329860288467482,64
IPPO,0,17344,270,271,414.0502933450248,6.469535833516012,0.778954802259887,0.778954802259887,1416,1103,312,0,56.734375,3631.0,3.2919310970081597,5.0,1103,0.031345538741334646,2006.1144794454174,1964.2987688623075,41.815710583109805,0.00905679173176608,0.0003622716692706432,5.6604948323538e-06,0.13306868848832848,64
IPPO,0,17408,271,272,406.20314397936346,6.346924124677554,0.7743988684582744,0.7743988684582744,1414,1095,329,0,58.703125,3757.0,3.4310502283105024,5.0,1095,0.034187202017241895,2187.9809291034812,2145.4798366261866,42.50109247729448,0.010210235839936129,0.00040840943359744515,6.3813973999600805e-06,0.13321870711691558,64
IPPO,0,17472,272,273,384.72490092657165,6.011326576977682,0.7419804741980475,0.7419804741980475,1434,1064,368,0,57.734375,3695.0,3.4727443609022557,5.0,1064,0.033091717526616944,2117.8699217034846,2073.1406059692745,44.729315734210196,0.009847396953467995,0.0003938958781387198,6.154623095917497e-06,0.1330656201941,64
IPPO,0,17536,273,274,392.39475986601576,6.131168122906496,0.7595118449389806,0.7595118449389806,1393,1058,317,0,55.28125,3538.0,3.344045368620038,5.0,1058,0.031096321250780937,1990.16456004998,1949.2710090406777,40.89355100930231,0.009776201372024524,0.00039104805488098096,6.1101258575153275e-06,0.13338191796139365,64
IPPO,0,17600,274,275,406.37670905781306,6.349636079028329,0.7749287749287749,0.7749287749287749,1404,1088,316,0,58.78125,3762.0,3.457720588235294,5.0,1088,0.03297168868150214,2110.1880756161368,2067.0152258247035,43.17284979143485,0.009552705762529142,0.0003821082305011657,5.970441101580714e-06,0.13404892370781268,64
IPPO,0,17664,275,276,420.5021118242153,6.570345497253364,0.7686567164179104,0.7686567164179104,1474,1133,341,0,60.015625,3841.0,3.3901147396293028,5.0,1133,0.03211840646236529,2055.5780135913783,2011.3568944717247,44.22111911965275,0.010197279783641,0.00040789119134564,6.373299864775625e-06,0.13514370591351946,64
IPPO,0,17728,276,277,417.3524902976666,6.52113266090104,0.7877927608232789,0.7877927608232789,1409,1110,304,0,56.5625,3620.0,3.2612612612612613,5.0,1110,0.032587129077715576,2085.5762609737967,2044.8040972452184,40.772163728578725,0.010315206004255988,0.00041260824017023956,6.447003752659993e-06,0.1360664788350144,64
IPPO,0,17792,277,278,421.93099249265094,6.592671757697671,0.7857142857142857,0.7857142857142857,1428,1122,308,0,55.3125,3540.0,3.1550802139037435,5.0,1122,0.033898207908890844,2169.485306169014,2131.437190287037,38.04811588197651,0.010701832797653518,0.0004280733119061407,6.688645498533448e-06,0.1366091324517481,64
IPPO,0,17856,278,279,410.8319994126338,6.419249990822403,0.7864285714285715,0.7864285714285715,1400,1101,310,0,55.140625,3529.0,3.2052679382379656,5.0,1101,0.03716252111102638,2378.4013511056883,2340.8109551711077,37.590395934581196,0.01194633140676911,0.0004778532562707644,7.466457129230694e-06,0.13687665606187452,64
IPPO,0,17920,279,280,438.0187233881554,6.8440425529399285,0.7988865692414753,0.7988865692414753,1437,1148,283,0,57.734375,3695.0,3.2186411149825784,5.0,1148,0.036529395413946404,2337.88130649257,2298.264348012437,39.616958480133434,0.011212477990664408,0.0004484991196265763,7.007798744165255e-06,0.1368942930722945,64
IPPO,0,17984,280,281,444.43606776437286,6.944313558818326,0.7834437086092715,0.7834437086092715,1510,1183,324,0,59.96875,3838.0,3.2442941673710903,5.0,1183,0.03705823025787879,2371.7267365042426,2329.667294118848,42.05944238539558,0.01224536649365093,0.0004898146597460372,7.653354058531831e-06,0.13661049510906229,64
IPPO,0,18048,281,282,413.1138556400217,6.454903994375339,0.7636986301369864,0.7636986301369864,1460,1115,334,0,56.921875,3643.0,3.2672645739910315,5.0,1115,0.03314677935761309,2121.393878887238,2077.8978079020785,43.49607098515984,0.010697612462830684,0.0004279044985132274,6.686007789269178e-06,0.13717528102093737,64
IPPO,0,18112,282,283,432.31182155049254,6.754872211726446,0.7816949152542373,0.7816949152542373,1475,1153,327,0,60.296875,3859.0,3.346921075455334,5.0,1153,0.032865719350351506,2103.4060384224963,2059.105814595601,44.300223826895156,0.010396119488959608,0.00041584477955838433,6.497574680599755e-06,0.13838985770599277,64
IPPO,0,18176,283,284,398.16175955027427,6.2212774929730355,0.7880597014925373,0.7880597014925373,1340,1056,285,0,55.046875,3523.0,3.336174242424242,5.0,1056,0.02827444073171161,1809.564206829543,1768.38201737147,41.182189458073495,0.009370160425320132,0.0003748064170128053,5.856350265825083e-06,0.13918234269823507,64
IPPO,0,18240,284,285,394.08752303905226,6.1576175474851915,0.7768836869056328,0.7768836869056328,1367,1062,318,0,54.84375,3510.0,3.305084745762712,5.0,1062,0.02836378680677205,1815.2823556334113,1773.6213144993922,41.66104113401975,0.009510340201822027,0.0003804136080728811,5.943962626138767e-06,0.1396481648755425,64
IPPO,0,18304,285,286,427.49489914590947,6.6796077991548355,0.7739541160593792,0.7739541160593792,1482,1147,327,0,60.15625,3850.0,3.3565823888404536,5.0,1147,0.03544061055571247,2268.1990755655984,2223.9599462943725,44.239129271226716,0.012117596863498427,0.00048470387453993706,7.573498039686517e-06,0.14067362916470832,64
IPPO,0,18368,286,287,394.6101082507847,6.165782941418511,0.7733526430123099,0.7733526430123099,1381,1068,325,0,56.546875,3619.0,3.3885767790262173,5.0,1068,0.03123083942543051,1998.7737232275526,1956.280254135467,42.49346909208596,0.010455576255122119,0.00041822305020488475,6.534735159451324e-06,0.14179345212348873,64
IPPO,0,18432,287,288,376.1050813200952,5.876641895626488,0.747622531089978,0.747622531089978,1367,1022,319,0,51.453125,3293.0,3.2221135029354206,5.0,1022,0.02850142010799448,1824.0908869116467,1784.472634890549,39.61825202109821,0.00993588953083566,0.00039743558123342637,6.209930956772287e-06,0.14243376214683517,64
IPPO,0,18496,288,289,413.5032634273135,6.460988491051774,0.7851590106007067,0.7851590106007067,1415,1111,321,0,59.859375,3831.0,3.4482448244824484,5.0,1111,0.030980751742125587,1982.7681114960376,1938.8496848809932,43.91842661504353,0.011070052500286486,0.00044280210001145946,6.918782812679054e-06,0.14355620598107058,64
IPPO,0,18560,289,290,417.913248623719,6.52989450974561,0.7694425326909842,0.7694425326909842,1453,1118,316,0,61.09375,3910.0,3.4973166368515205,5.0,1118,0.032597705721538264,2086.2531661784487,2039.041406944446,47.21175923400301,0.011151933427598994,0.0004460773371039598,6.969958392249372e-06,0.144691053299137,64
IPPO,0,18624,290,291,401.82558925530964,6.278524832114213,0.7735982966643009,0.7735982966643009,1409,1090,336,0,57.15625,3658.0,3.3559633027522935,5.0,1090,0.02955567528131449,1891.5632180041273,1848.8079661079719,42.75525189615569,0.010369472164319871,0.00041477888657279487,6.48092010269992e-06,0.1455388808512619,64
IPPO,0,18688,291,292,416.69690944530566,6.510889210082901,0.7667578659370725,0.7667578659370725,1462,1121,329,0,57.421875,3675.0,3.2783229259589652,5.0,1121,0.032731603115228575,2094.8225993746287,2053.4651947527555,41.35740462187363,0.011371605528383979,0.0004548642211353592,7.107253455239987e-06,0.1460126985765854,64
IPPO,0,18752,292,293,411.0632470413279,6.422863235020748,0.7744890768146582,0.7744890768146582,1419,1099,308,0,56.140625,3593.0,3.2693357597816197,5.0,1099,0.032035859887078376,2050.295032773016,2010.1362591190384,40.15877365397643,0.010886431351776162,0.00043545725407104647,6.804019594860101e-06,0.14617947253126823,64
IPPO,0,18816,293,294,420.3456373916566,6.567900584244635,0.7911392405063291,0.7911392405063291,1422,1125,316,0,56.734375,3631.0,3.2275555555555555,5.0,1125,0.033687335557820185,2155.9894757004918,2115.4319392119073,40.557536488585676,0.011510960500066144,0.00046043842000264575,7.19435031254134e-06,0.1461379113666565,64
IPPO,0,18880,294,295,417.22496562214894,6.519140087846077,0.7984161267098632,0.7984161267098632,1389,1109,300,0,57.15625,3658.0,3.298467087466186,5.0,1109,0.03116950605537992,1994.8483875443148,1955.148796122907,39.69959142140825,0.010803548013152788,0.0004321419205261115,6.752217508220492e-06,0.14667370670021773,64
IPPO,0,18944,295,296,395.68315684227287,6.1825493256605135,0.7632331902718169,0.7632331902718169,1398,1067,317,0,55.484375,3551.0,3.3280224929709465,5.0,1067,0.02941549518419232,1882.5916917883085,1839.3662927328135,43.22539905549423,0.010303662212776442,0.0004121464885110577,6.439788882985276e-06,0.14682143753115962,64
IPPO,0,19008,296,297,415.3164959287965,6.489320248887445,0.7930535455861071,0.7930535455861071,1382,1096,279,0,57.0,3648.0,3.3284671532846715,5.0,1096,0.03271225142640799,2093.5840912901112,2052.2117160425505,41.37237524756085,0.011647242033871557,0.00046588968135486227,7.279526271169723e-06,0.14672683030280698,64
IPPO,0,19072,297,298,408.8979742444592,6.389030847569675,0.786589762076424,0.786589762076424,1387,1091,301,0,54.8125,3508.0,3.2153987167736022,5.0,1091,0.03158507357726543,2021.4447089449875,1981.5464647361998,39.8982442087874,0.01128738185642723,0.0004514952742570892,7.054613660267019e-06,0.1463228291215419,64
IPPO,0,19136,298,299,408.30057078217146,6.379696418471429,0.7840746054519369,0.7840746054519369,1394,1093,303,0,55.609375,3559.0,3.256175663311985,5.0,1093,0.034798513032974356,2227.1048341103588,2187.288844229417,39.81598988094296,0.012702020541447876,0.000508080821657915,7.938762838404923e-06,0.14565737374194004,64
IPPO,0,19200,299,300,433.9213591798732,6.780021237185519,0.8118741058655222,0.8118741058655222,1398,1135,266,0,57.0,3648.0,3.2140969162995594,5.0,1135,0.03668039432870194,2347.545237036924,2308.543816703268,39.001420333654984,0.013505615277849266,0.0005402246111139707,8.441009548655792e-06,0.1448896672506466,64
IPPO,0,19264,300,301,425.5807866798559,6.649699791872749,0.7991422444603288,0.7991422444603288,1399,1118,278,0,52.890625,3385.0,3.0277280858676208,5.0,1118,0.03164994532156598,2025.5965005802227,1989.7753123507275,35.821188229493444,0.01126773585719236,0.0004507094342876944,7.042334910745225e-06,0.14459578158057415,64
IPPO,0,19328,301,302,429.14619268475485,6.7054092606992945,0.7993006993006992,0.7993006993006992,1430,1143,305,0,55.796875,3571.0,3.124234470691164,5.0,1143,0.035411882731823024,2266.3604948366738,2227.2365057558536,39.12398908081928,0.013262964251029217,0.0005305185700411687,8.28935265689326e-06,0.14494349223180392,64
IPPO,0,19392,302,303,397.30367036041866,6.207869849381542,0.7640369580668088,0.7640369580668088,1407,1075,321,0,54.703125,3501.0,3.256744186046512,5.0,1075,0.03057233055630891,1956.6291556037702,1916.5279023186383,40.10125328513125,0.011996149941312428,0.00047984599765249714,7.497593713320268e-06,0.1459547407449906,64
IPPO,0,19456,303,304,390.2525416284259,6.0976959629441545,0.7560455192034139,0.7560455192034139,1406,1063,333,0,53.421875,3419.0,3.2163687676387585,5.0,1063,0.02877503606188238,1841.6023079604724,1800.831645034594,40.77066292587839,0.010699764342001788,0.00042799057368007155,6.687352713751118e-06,0.14683137589254566,64
IPPO,0,19520,304,305,419.08716542016634,6.548236959690099,0.7846153846153846,0.7846153846153846,1430,1122,311,0,57.484375,3679.0,3.2789661319073082,5.0,1122,0.03325213020908051,2128.1363333811523,2085.6632243422473,42.47310903890442,0.012637655084379097,0.0005055062033751639,7.898534427736936e-06,0.14730367865424926,64
IPPO,0,19584,305,306,395.1685433840887,6.174508490376386,0.7890800299177263,0.7890800299177263,1337,1055,292,0,52.0,3328.0,3.1545023696682466,5.0,1055,0.029607810209018294,1894.8998533771708,1856.6846626700208,38.215190707149745,0.010847561321406574,0.0004339024528562629,6.779725825879108e-06,0.14748298279167044,64
IPPO,0,19648,306,307,395.3772733905371,6.177769896727142,0.7811572700296736,0.7811572700296736,1348,1053,288,0,51.203125,3277.0,3.1120607787274452,5.0,1053,0.029742449687035204,1903.516779970253,1866.1081668419545,37.408613128298015,0.01068781283688211,0.0004275125134752844,6.6798830230513185e-06,0.14721783641995095,64
IPPO,0,19712,307,308,433.94692771409973,6.780420745532808,0.8118741058655222,0.8118741058655222,1398,1135,270,0,55.453125,3549.0,3.1268722466960353,5.0,1135,0.033040160521812856,2114.570273396023,2077.6526945725977,36.91757882342496,0.011605117317015244,0.0004642046926806097,7.253198323134527e-06,0.1475207610524214,64
IPPO,0,19776,308,309,428.44628871960424,6.694473261243816,0.804005722460658,0.804005722460658,1398,1124,268,0,54.046875,3459.0,3.0774021352313166,5.0,1124,0.03473900516088191,2223.296330296442,2187.491194393523,35.805135902918956,0.01346639477683603,0.0005386557910734412,8.416496735522519e-06,0.14799201638628634,64
IPPO,0,19840,309,310,443.58354392538024,6.930992873834066,0.8033126293995859,0.8033126293995859,1449,1164,279,0,56.625,3624.0,3.11340206185567,5.0,1164,0.03584513487003676,2294.0886316823526,2256.028839324401,38.05979235795201,0.013085463645204682,0.0005234185458081873,8.178414778252926e-06,0.14910992352391927,64
IPPO,0,19904,310,311,424.52711823714833,6.633236222455443,0.8153284671532847,0.8153284671532847,1370,1117,276,0,53.09375,3398.0,3.0420769919427038,5.0,1117,0.031682933103353426,2027.7077186146191,1992.8852221589198,34.82249645569935,0.011859766578187313,0.0004743906631274925,7.412354111367071e-06,0.1498178563596698,64
IPPO,0,19968,311,312,399.7969955484622,6.2468280554447215,0.7584985835694051,0.7584985835694051,1412,1071,301,0,52.796875,3379.0,3.1549953314659196,5.0,1071,0.031226450464988155,1998.4928297592419,1959.809012298553,38.68381746068868,0.01128873774793928,0.0004515495099175712,7.05546109246205e-06,0.1501507993831565,64
IPPO,0,20032,312,313,402.58343682594517,6.290366200405393,0.7957384276267451,0.7957384276267451,1361,1083,312,0,54.609375,3495.0,3.227146814404432,5.0,1083,0.03199735443158717,2047.8306836215788,2008.332484786607,39.49819883497121,0.011891521333474537,0.00047566085333898144,7.432200833421585e-06,0.15016916923595525,64
IPPO,0,20096,313,314,387.43532719476946,6.053676987418273,0.7496423462088698,0.7496423462088698,1398,1048,317,0,51.671875,3307.0,3.155534351145038,5.0,1048,0.028972701677249208,1854.2529073439493,1815.6017329571134,38.65117438683609,0.010551404721761184,0.00042205618887044736,6.59462795110074e-06,0.1497839358742962,64
IPPO,0,20160,314,315,394.21703403615106,6.15964115681486,0.7614678899082569,0.7614678899082569,1417,1079,349,0,53.859375,3447.0,3.194624652455978,5.0,1079,0.02935725353304182,1878.8642261146765,1838.3224854334228,40.54174068125356,0.010537261346298777,0.0004214904538519511,6.585788341436736e-06,0.14914752416891638,64
IPPO,0,20224,315,316,405.8184390318321,6.3409131098723766,0.772888573456352,0.772888573456352,1409,1089,310,0,55.6875,3564.0,3.272727272727273,5.0,1089,0.03144833747034218,2012.6935981018996,1969.9885284514196,42.70506965048011,0.011236181344773576,0.000449447253790943,7.022613340483485e-06,0.14886858894585253,64
IPPO,0,20288,316,317,410.8507928378265,6.419543638091039,0.7908309455587392,0.7908309455587392,1396,1104,320,0,56.3125,3604.0,3.2644927536231885,5.0,1104,0.0324985653808375,2079.9081843736,2039.241654553403,40.6665298201971,0.01133460492713976,0.00045338419708559045,7.084128079462351e-06,0.1487742539466605,64
IPPO,0,20352,317,318,387.3928792107351,6.053013737667736,0.7581462708182476,0.7581462708182476,1381,1047,315,0,55.375,3544.0,3.384909264565425,5.0,1047,0.028573809094236423,1828.7237820311311,1785.5302523514138,43.193529679718004,0.010160336363233763,0.0004064134545293505,6.350210227021102e-06,0.1483567474449406,64
IPPO,0,20416,318,319,408.65332979930463,6.385208278114135,0.770949720670391,0.770949720670391,1432,1104,328,0,58.609375,3751.0,3.397644927536232,5.0,1104,0.03156717008713755,2020.2988855768033,1974.8223586990678,45.47652687773491,0.011457098817083842,0.0004582839526833537,7.160686760677401e-06,0.14755737408556918,64
IPPO,0,20480,319,320,403.0576526951247,6.297775823361324,0.7734375,0.7734375,1408,1089,322,0,57.375,3672.0,3.371900826446281,5.0,1089,0.03281271495883756,2100.013757365604,2055.059171690897,44.95458567470608,0.011703625323262907,0.00046814501293051625,7.314765827039316e-06,0.14671490316253472,64
IPPO,0,20544,320,321,397.18255648104196,6.205977445016281,0.7545201668984701,0.7545201668984701,1438,1085,345,0,56.921875,3643.0,3.3576036866359447,5.0,1085,0.033423344080961405,2139.09402118153,2095.5561784379083,43.53784274362263,0.012074584861248383,0.0004829833944499353,7.546615538280239e-06,0.14688734190366026,64
IPPO,0,20608,321,322,398.7960983029641,6.231189035983814,0.7786647314949202,0.7786647314949202,1378,1073,311,0,55.46875,3550.0,3.3084808946877913,5.0,1073,0.03206759511016607,2052.3260870506283,2012.0712441718179,40.25484287881062,0.011368895167822891,0.00045475580671291564,7.105559479889307e-06,0.147378878770747,64
IPPO,0,20672,322,323,393.678205452989,6.151221960202953,0.7668097281831188,0.7668097281831188,1398,1072,334,0,55.96875,3582.0,3.341417910447761,5.0,1072,0.031047515366191516,1987.040983436257,1944.0700819795388,42.97090145671676,0.011284312057985562,0.0004513724823194225,7.052695036240976e-06,0.1474673203093319,64
IPPO,0,20736,323,324,390.00200640215235,6.09378135003363,0.7798647633358378,0.7798647633358378,1331,1038,278,0,50.125,3208.0,3.090558766859345,5.0,1038,0.030369626335666623,1943.656085482664,1907.2859544488824,36.37013103378191,0.011180079027553717,0.0004472031611021487,6.987549392221073e-06,0.14720970169154812,64
IPPO,0,20800,324,325,422.1439959589874,6.595999936859178,0.8040201005025126,0.8040201005025126,1393,1120,291,0,54.328125,3477.0,3.1044642857142857,5.0,1120,0.0350656253943494,2244.200025238362,2208.521284095814,35.67874114254796,0.012814059214385876,0.0005125623685754351,8.008787008991173e-06,0.14668235591318002,64
IPPO,0,20864,325,326,424.0724596925064,6.626132182695413,0.7837273991655076,0.7837273991655076,1438,1127,298,0,53.828125,3445.0,3.05678793256433,5.0,1127,0.035381726463682525,2264.4304936756816,2225.893733954743,38.53675972093906,0.012711118884665468,0.0005084447553866187,7.944449302915918e-06,0.14584447558330715,64
IPPO,0,20928,326,327,433.990048584203,6.781094509128172,0.7915242652084757,0.7915242652084757,1463,1158,315,0,58.875,3768.0,3.2538860103626943,5.0,1158,0.03598575177797954,2303.0881137906904,2260.207955774506,42.88015801618458,0.012617900510654072,0.0005047160204261629,7.886187819158796e-06,0.14484632622394997,64
IPPO,0,20992,327,328,412.3297305578647,6.442652039966636,0.7846374730796841,0.7846374730796841,1393,1093,286,0,51.828125,3317.0,3.0347666971637692,5.0,1093,0.033140469168766416,2120.9900268010506,2086.1814385966222,34.80858820442876,0.012112440110510858,0.0004844976044204343,7.570275069069286e-06,0.14421515366279375,64
IPPO,0,21056,328,329,417.8633216994413,6.5291144015537705,0.788135593220339,0.788135593220339,1416,1116,304,0,55.21875,3534.0,3.1666666666666665,5.0,1116,0.0358182956103118,2292.370919059955,2254.6915028638664,37.6794161960873,0.012622997632938697,0.0005049199053175479,7.889373520586685e-06,0.14371307641297104,64
IPPO,0,21120,329,330,431.91634257397675,6.748692852718387,0.8033826638477801,0.8033826638477801,1419,1140,288,0,55.921875,3579.0,3.139473684210526,5.0,1140,0.03623984501760832,2319.3500811269323,2281.1537089322296,38.196372194701276,0.012328024175295169,0.0004931209670118068,7.705015109559481e-06,0.14280254445019913,64
IPPO,0,21184,330,331,431.71061560714566,6.745478368861651,0.8046875,0.8046875,1408,1133,273,0,53.953125,3453.0,3.0476610767872905,5.0,1133,0.03568742860841716,2283.995430938698,2249.2375919031315,34.757839035566576,0.012802352197902853,0.0005120940879161141,8.001470123689283e-06,0.14182698185225484,64
IPPO,0,21248,331,332,437.92870836637746,6.842636068224648,0.7937584803256446,0.7937584803256446,1474,1170,318,0,55.234375,3535.0,3.0213675213675213,5.0,1170,0.03946227842889538,2525.5858194493044,2489.3292586505063,36.256560798797615,0.013677397601184652,0.000547095904047386,8.548373500740407e-06,0.14205549323617428,64
IPPO,0,21312,332,333,430.3960893409804,6.7249388959528185,0.7815468113975577,0.7815468113975577,1474,1152,319,0,57.0625,3652.0,3.170138888888889,5.0,1152,0.038849253223482136,2486.3522063028568,2447.4365239064527,38.915682396403646,0.013330531533580945,0.0005332212613432378,8.33158220848809e-06,0.14224360397121205,64
IPPO,0,21376,333,334,426.51009026298823,6.664220160359191,0.7964664310954064,0.7964664310954064,1415,1127,288,0,53.21875,3406.0,3.0221827861579413,5.0,1127,0.03713585195040326,2376.6945248258085,2341.6650570972383,35.02946772857094,0.012182237348495538,0.0004872894939398215,7.613898342809711e-06,0.1422288880549684,64
IPPO,0,21440,334,335,416.33733964168846,6.505270931901382,0.7920863309352518,0.7920863309352518,1390,1101,287,0,51.046875,3267.0,2.9673024523160763,5.0,1101,0.03539851465394429,2265.5049378524345,2232.829032704641,32.675905147793536,0.011368543164632972,0.0004547417265853189,7.105339477895608e-06,0.14271682682118447,64
IPPO,0,21504,335,336,414.24943024766173,6.472647347619715,0.8022140221402214,0.8022140221402214,1355,1087,265,0,48.703125,3117.0,2.8675252989880406,5.0,1087,0.03473376408121175,2222.960901197552,2192.4190058009417,30.541895396609238,0.011452286852053873,0.0004580914740821549,7.157679282533671e-06,0.14296442000851775,64
IPPO,0,21568,336,337,436.307083526112,6.8172981800955,0.8236151603498543,0.8236151603498543,1372,1130,250,0,52.9375,3388.0,2.9982300884955753,5.0,1130,0.03661504992861357,2343.3631954312687,2310.4707083757203,32.89248705554899,0.011619629997137603,0.0004647851998855041,7.2622687482110015e-06,0.14330759551740202,64
IPPO,0,21632,337,338,428.79413120623633,6.699908300097443,0.7897687456201822,0.7897687456201822,1427,1127,282,0,55.125,3528.0,3.130434782608696,5.0,1127,0.03579643835208165,2290.9720545332257,2253.582908192235,37.389146340992106,0.011177857856763227,0.0004471143142705291,6.9861611604770175e-06,0.1440796112198857,64
IPPO,0,21696,338,339,436.4421565198083,6.819408695622005,0.7864864864864864,0.7864864864864864,1480,1164,323,0,59.5625,3812.0,3.274914089347079,5.0,1164,0.037220797394134114,2382.1310332245835,2341.1957528843245,40.935280340258544,0.011753512187601897,0.00047014048750407587,7.345945117251185e-06,0.14453418899293002,64
IPPO,0,21760,339,340,415.1154821373941,6.486179408396783,0.7877697841726619,0.7877697841726619,1390,1095,286,0,57.234375,3663.0,3.345205479452055,5.0,1095,0.031691774737639365,2028.2735832089193,1987.015489814813,41.25809339410586,0.009720961559601114,0.00038883846238404454,6.075600974750696e-06,0.14454060450535106,64
IPPO,0,21824,340,341,441.5296847175241,6.898901323711314,0.790224032586558,0.790224032586558,1473,1164,301,0,60.078125,3845.0,3.3032646048109964,5.0,1164,0.036489818174537524,2335.3483631704016,2291.820508870545,43.52785429985734,0.011132281219116308,0.00044529124876465227,6.957675761947692e-06,0.1442976615067319,64
IPPO,0,21888,341,342,405.0831489711977,6.329424202674964,0.7631944444444444,0.7631944444444444,1440,1099,343,0,59.40625,3802.0,3.45950864422202,5.0,1099,0.03536679479719611,2263.474867020551,2217.302300139402,46.17256688114713,0.010361619697900372,0.00041446478791601484,6.476012311187732e-06,0.14377075724194405,64
IPPO,0,21952,342,343,408.91695202572123,6.389327375401894,0.7741935483870968,0.7741935483870968,1426,1104,338,0,58.09375,3718.0,3.3677536231884058,5.0,1104,0.033559979958534124,2147.838717346184,2103.8211046662695,44.01761267991406,0.009794457207740024,0.000391778288309601,6.121535754837515e-06,0.14282915796128554,64
IPPO,0,22016,343,344,389.588648796897,6.087322637451516,0.7423822714681441,0.7423822714681441,1444,1072,365,0,56.96875,3646.0,3.4011194029850746,5.0,1072,0.030834496213221933,1973.4077576462037,1927.7863753228182,45.621382323385596,0.009111225311446968,0.00036444901245787873,5.694515819654355e-06,0.14152793407029368,64
IPPO,0,22080,344,345,395.7935122597386,6.184273629058415,0.7702799712849964,0.7702799712849964,1393,1073,335,0,56.953125,3645.0,3.397017707362535,5.0,1073,0.03330327264074789,2131.4094490078646,2088.332016111449,43.07743289641587,0.009464235630648547,0.0003785694252259419,5.915147269155342e-06,0.13997789366713326,64
IPPO,0,22144,345,346,394.8703428254665,6.169849106647914,0.7772020725388601,0.7772020725388601,1351,1050,293,0,53.921875,3451.0,3.2866666666666666,5.0,1050,0.03147928677317799,2014.6743534833913,1974.88786055055,39.786492932840964,0.008846082681434893,0.0003538433072573957,5.528801675896808e-06,0.1387843580314382,64
IPPO,0,22208,346,347,409.96749375116724,6.405742089861988,0.7701471618780659,0.7701471618780659,1427,1099,325,0,58.890625,3769.0,3.429481346678799,5.0,1099,0.033200382446970274,2124.8244766060975,2079.033245688947,45.79123091715052,0.008985580797680144,0.0003594232319072058,5.61598799855009e-06,0.13834928163486687,64
IPPO,0,22272,347,348,407.1619633413621,6.3619056772087825,0.7718309859154929,0.7718309859154929,1420,1096,328,0,58.0625,3716.0,3.3905109489051095,5.0,1096,0.03575829520626698,2288.5308932010867,2245.453841088774,43.07705211231132,0.009881808915349583,0.00039527235661398336,6.17613057209349e-06,0.1379379203545283,64
IPPO,0,22336,348,349,420.49571822965595,6.570245597338374,0.7660581473968898,0.7660581473968898,1479,1133,341,0,60.265625,3857.0,3.40423654015887,5.0,1133,0.038230251855342755,2446.7361187419365,2401.753940502087,44.9821782398487,0.01064094235128938,0.0004256376940515752,6.650588969555862e-06,0.13728758758704313,64
IPPO,0,22400,349,350,413.19984638327907,6.456247599738735,0.7785613540197461,0.7785613540197461,1418,1104,313,0,58.03125,3714.0,3.364130434782609,5.0,1104,0.03413853477925996,2184.8662258726376,2141.30806721779,43.55815865484848,0.010075556214722642,0.00040302224858890565,6.297222634201651e-06,0.1362849415434553,64
IPPO,0,22464,350,351,406.9908519966908,6.359232062448294,0.7940959409594096,0.7940959409594096,1355,1076,289,0,56.1875,3596.0,3.342007434944238,5.0,1076,0.03230374144580668,2067.4394525316275,2026.8277304797914,40.61172205183619,0.008929055942617722,0.00035716223770470884,5.580659964136076e-06,0.13502634591530868,64
IPPO,0,22528,351,352,424.4265085931627,6.631664196768167,0.7857142857142857,0.7857142857142857,1428,1122,297,0,57.390625,3673.0,3.2736185383244205,5.0,1122,0.03541508716883491,2266.565578805434,2227.218762640009,39.3468161654244,0.010039517882397505,0.0004015807152959002,6.274698676498441e-06,0.1343139414735493,64
IPPO,0,22592,352,353,385.01704420803185,6.015891315750498,0.7620790629575402,0.7620790629575402,1366,1041,320,0,55.203125,3533.0,3.393852065321806,5.0,1041,0.035456569307730945,2269.2204356947805,2226.765875020709,42.45456067407153,0.00990527897832584,0.0003962111591330336,6.19079936145365e-06,0.13356096791961714,64
IPPO,0,22656,353,354,397.90057920664566,6.217196550103838,0.8,0.8,1315,1052,281,0,54.40625,3482.0,3.3098859315589353,5.0,1052,0.031317603861944036,2004.3266471644183,1966.1359754213245,38.1906717430948,0.008902899257119068,0.00035611597028476275,5.564312035699418e-06,0.13302652449499627,64
IPPO,0,22720,354,355,400.7028611410492,6.260982205328894,0.7777777777777778,0.7777777777777778,1359,1057,279,0,53.40625,3418.0,3.2336802270577105,5.0,1057,0.03084355843596032,1973.9877399014604,1936.70630032026,37.2814395812002,0.008784448785925358,0.0003513779514370143,5.490280491203348e-06,0.13346402768692847,64
IPPO,0,22784,355,356,413.9214272555273,6.467522300867614,0.8051660516605166,0.8051660516605166,1355,1091,285,0,56.296875,3603.0,3.302474793767186,5.0,1091,0.0335993624583999,2150.3591973375937,2110.7367507106114,39.62244662698237,0.009517203704216387,0.00038068814816865547,5.948252315135242e-06,0.13368174440351951,64
IPPO,0,22848,356,357,408.46965552931874,6.382338367645605,0.7776978417266187,0.7776978417266187,1390,1081,290,0,54.703125,3501.0,3.238667900092507,5.0,1081,0.03254005332360712,2082.5634127108556,2042.7952722515656,39.76814045929023,0.009461318653418488,0.0003784527461367395,5.913324158386555e-06,0.13354987648041544,64
IPPO,0,22912,357,358,400.97806329271793,6.265282238948718,0.7759484609878311,0.7759484609878311,1397,1084,330,0,53.28125,3410.0,3.1457564575645756,5.0,1084,0.03437573730315898,2200.0471874021746,2163.1815464607807,36.86564094139476,0.01015996715776777,0.0004063986863107108,6.349979473604857e-06,0.13373853870253116,64
IPPO,0,22976,358,359,405.08272903191175,6.329417641123621,0.7611111111111111,0.7611111111111111,1440,1096,333,0,57.125,3656.0,3.335766423357664,5.0,1096,0.036261680486377096,2320.747551128134,2278.094956469501,42.65259465863305,0.010981960741201082,0.00043927842964804325,6.863725463250676e-06,0.1342988986281718,64
IPPO,0,23040,359,360,413.01516289394976,6.453361920217965,0.7904624277456648,0.7904624277456648,1384,1094,289,0,54.328125,3477.0,3.1782449725776964,5.0,1094,0.036755548635389816,2352.355112664948,2314.349167921249,38.005944743700304,0.011274932009355794,0.0004509972803742317,7.046832505847371e-06,0.1354540602217969,64
IPPO,0,23104,360,361,441.2145867385186,6.893977917789353,0.803347280334728,0.803347280334728,1434,1152,278,0,57.828125,3701.0,3.212673611111111,5.0,1152,0.03691848438274027,2362.7830004953776,2325.2826036590636,37.500396836314025,0.0112270286559916,0.000449081146239664,7.01689290999475e-06,0.13652889313219355,64
IPPO,0,23168,361,362,429.18711461886767,6.706048665919807,0.7957894736842105,0.7957894736842105,1425,1134,300,0,55.5,3552.0,3.132275132275132,5.0,1134,0.034115692257741026,2183.4043044954255,2145.739166489013,37.665138006412164,0.010307952399907153,0.0004123180959962861,6.442470249941971e-06,0.13726308829788086,64
IPPO,0,23232,362,363,416.3271482137508,6.505111690839856,0.7943722943722944,0.7943722943722944,1386,1101,291,0,55.109375,3527.0,3.2034514078110807,5.0,1101,0.03296819339877029,2109.9643775212985,2074.052297907802,35.91207961349604,0.010222814180840555,0.00040891256723362215,6.389258863025346e-06,0.1376227978642317,64
IPPO,0,23296,363,364,429.22757011274166,6.706680783011588,0.8073859522085446,0.8073859522085446,1381,1115,257,0,55.421875,3547.0,3.181165919282511,5.0,1115,0.03185882644977434,2038.964892785558,2001.6056938759164,37.35919890964145,0.01026259990988378,0.0004105039963953512,6.414124943677363e-06,0.13759586771401086,64
IPPO,0,23360,364,365,443.2999710187772,6.926562047168394,0.8027586206896552,0.8027586206896552,1450,1164,288,0,57.8125,3700.0,3.178694158075601,5.0,1164,0.03687158044601719,2359.7811485451,2321.3201969707093,38.460951574390165,0.012143453094813326,0.000485738123792533,7.589658184258328e-06,0.13734521401064592,64
IPPO,0,23424,365,366,374.0590925945755,5.844673321790242,0.7561338289962826,0.7561338289962826,1345,1017,316,0,51.421875,3291.0,3.2359882005899707,5.0,1017,0.02965382681764288,1897.8449163291443,1858.4474469506326,39.397469378511126,0.010269956960986157,0.0004107982784394463,6.418723100616348e-06,0.13674906100292356,64
IPPO,0,23488,366,367,389.9124719441488,6.092382374127325,0.7703488372093024,0.7703488372093024,1376,1060,329,0,54.703125,3501.0,3.3028301886792453,5.0,1060,0.03352146863877161,2145.373992881383,2105.1589294580003,40.21506342338138,0.01102661260313693,0.00044106450412547717,6.891632876960581e-06,0.13722540096385596,64
IPPO,0,23552,367,368,406.3823935757623,6.349724899621286,0.7852494577006508,0.7852494577006508,1383,1086,301,0,54.703125,3501.0,3.223756906077348,5.0,1086,0.033449937406535644,2140.7959940182814,2102.567699789608,38.228294228674656,0.011530415358106621,0.0004612166143242649,7.206509598816639e-06,0.1383509352917894,64
IPPO,0,23616,368,369,425.4663866756215,6.647912291806586,0.7872044506258693,0.7872044506258693,1438,1132,300,0,55.578125,3557.0,3.142226148409894,5.0,1132,0.03723074129508844,2382.76744288566,2344.21141213044,38.55603075522057,0.012955751660302411,0.0005182300664120965,8.097344787689007e-06,0.1391785978682445,64
IPPO,0,23680,369,370,408.1396463410583,6.377181974079036,0.7746077032810271,0.7746077032810271,1402,1086,295,0,54.734375,3503.0,3.2255985267034992,5.0,1086,0.033690569644045286,2156.196457218898,2117.4743851975622,38.72207202133513,0.011205512186234692,0.0004482204874493877,7.003445116396683e-06,0.14008485566449963,64
IPPO,0,23744,370,371,416.0417780384146,6.500652781850228,0.7921146953405018,0.7921146953405018,1395,1105,298,0,56.78125,3634.0,3.2886877828054297,5.0,1105,0.03356282042692514,2148.020507323209,2109.0406211332697,38.97988618993878,0.011901160617863154,0.0004760464247145261,7.438225386164471e-06,0.14133051127878193,64
IPPO,0,23808,371,372,414.8692389464038,6.4823318585375596,0.7935251798561151,0.7935251798561151,1390,1103,294,0,57.390625,3673.0,3.3300090661831367,5.0,1103,0.03250806333083874,2080.5160531736797,2038.9647397526112,41.55131342106815,0.011767670919755063,0.00047070683679020255,7.354794324846915e-06,0.1422156129202015,64
IPPO,0,23872,372,373,411.8114325753226,6.434553633989416,0.7692837465564738,0.7692837465564738,1452,1117,337,0,58.515625,3745.0,3.3527305282005373,5.0,1117,0.03535431165766985,2262.67594609087,2219.568344333622,43.10760175724789,0.012665053970139735,0.0005066021588055894,7.915658731337335e-06,0.14307256781360878,64
IPPO,0,23936,373,374,405.15900102178495,6.33060939096539,0.7669225401256106,0.7669225401256106,1433,1099,336,0,57.765625,3697.0,3.3639672429481347,5.0,1099,0.03188241671260708,2040.474669606853,1998.9607459636138,41.51392364323936,0.01137638169696132,0.00045505526787845276,7.1102385606008244e-06,0.14432289884391175,64
IPPO,0,24000,374,375,404.71322988665526,6.323644216978988,0.7676203768318214,0.7676203768318214,1433,1100,341,0,57.15625,3658.0,3.3254545454545457,5.0,1100,0.03152512701792849,2017.6081291474234,1974.9350033318067,42.67312581561709,0.011260692185826506,0.0004504276874330602,7.037932616141566e-06,0.1453387059314652,64
IPPO,0,24064,375,376,426.0639236606146,6.657248807197103,0.769591426657736,0.769591426657736,1493,1149,340,0,62.765625,4017.0,3.496083550913838,5.599999999999909,1149,0.03521122419914769,2253.5183487454524,2206.285385600714,47.23296314473838,0.01234000526773003,0.0004936002107092012,7.71250329233127e-06,0.14602598827079494,64
IPPO,0,24128,376,377,395.76640592407813,6.183850092563721,0.7567375886524823,0.7567375886524823,1410,1067,315,0,57.21875,3662.0,3.4320524835988753,5.0,1067,0.03086479666324625,1975.34698644776,1932.5643442699406,42.782642177819426,0.011137455078030468,0.00044549820312121875,6.960909423769043e-06,0.14638427173886473,64
IPPO,0,24192,377,378,388.47093506823546,6.069858360441179,0.7724288840262582,0.7724288840262582,1371,1059,333,0,54.296875,3475.0,3.2813975448536357,5.0,1059,0.031164607551672066,1994.5348833070123,1955.321215440522,39.21366786648925,0.010848688454234381,0.00043394753816937523,6.780430283896488e-06,0.14690364647964216,64
IPPO,0,24256,378,379,398.0287861566725,6.2191997836980075,0.7875647668393783,0.7875647668393783,1351,1064,297,0,55.265625,3537.0,3.324248120300752,5.0,1064,0.032318977031751864,2068.4145300321193,2027.3489282951662,41.06560173695292,0.01187438047510712,0.0004749752190042848,7.42148779694195e-06,0.14768626758032316,64
IPPO,0,24320,379,380,403.4822944760002,6.304410851187503,0.7666666666666667,0.7666666666666667,1410,1081,309,0,56.71875,3630.0,3.3580018501387605,5.0,1081,0.03254066975662943,2082.6028644242833,2039.386905531573,43.21595889271118,0.011352980197805014,0.00045411920791220054,7.095612623628133e-06,0.14808414434777295,64
IPPO,0,24384,380,381,413.49154589348035,6.4608054045856305,0.802045288531775,0.802045288531775,1369,1098,292,0,57.78125,3698.0,3.3679417122040074,5.0,1098,0.031786442781707926,2034.3323380293073,1993.398284743866,40.9340532854413,0.011494805657312732,0.0004597922262925093,7.184253535820458e-06,0.14809995964703215,64
IPPO,0,24448,381,382,370.602760450334,5.790668132036469,0.7372577171572147,0.7372577171572147,1393,1027,353,0,54.65625,3498.0,3.40603700097371,5.0,1027,0.03147951344266927,2014.6888603308332,1972.5362547583634,42.15260557246919,0.011415847037018608,0.00045663388148074437,7.134904398136631e-06,0.14778527626822885,64
IPPO,0,24512,382,383,387.54165202179627,6.055338312840567,0.7551454932576295,0.7551454932576295,1409,1064,345,0,54.53125,3490.0,3.280075187969925,5.0,1064,0.03258938756087701,2085.7208038961285,2044.2544395744058,41.46636432172229,0.011813032470639225,0.000472521298825569,7.3831452941495156e-06,0.1471602028455534,64
IPPO,0,24576,383,384,416.913641955679,6.514275655557484,0.7720136518771331,0.7720136518771331,1465,1131,342,0,59.8125,3828.0,3.3846153846153846,5.0,1131,0.03664800759275988,2345.4724859366324,2301.8093132934405,43.663172643191444,0.012820115294025677,0.0005128046117610271,8.012572058766048e-06,0.1467270567464013,64
IPPO,0,24640,384,385,410.56756081302603,6.415118137703532,0.7795053003533569,0.7795053003533569,1415,1103,314,0,57.984375,3711.0,3.3644605621033543,5.0,1103,0.03369708321590272,2156.6133258177742,2113.1706699065335,43.442655911241346,0.012019398012156452,0.0004807759204862581,7.512123757597783e-06,0.14666335923997365,64
IPPO,0,24704,385,386,384.1566488301254,6.002447637970709,0.7677655677655678,0.7677655677655678,1365,1048,334,0,53.8125,3444.0,3.286259541984733,5.0,1048,0.03081901817571566,1972.4171632458024,1934.1594884152632,38.25767483053868,0.010859253391763043,0.00043437013567052175,6.787033369851902e-06,0.14624679227921575,64
IPPO,0,24768,386,387,361.00166364677114,5.640650994480799,0.7280638143582306,0.7280638143582306,1379,1004,348,0,51.921875,3323.0,3.3097609561752988,5.0,1004,0.031049790651062687,1987.186601668012,1945.9597911613096,41.22681050670162,0.011206526821304227,0.0004482610728521691,7.004079263315142e-06,0.14704950320125268,64
IPPO,0,24832,387,388,394.75683355810264,6.168075524345354,0.7744742567077593,0.7744742567077593,1379,1068,318,0,54.671875,3499.0,3.2762172284644193,5.0,1068,0.03223009818859664,2062.7262840701846,2021.1193240059413,41.60696006424341,0.012005302451439234,0.0004802120980575693,7.503314032149521e-06,0.14802726905018665,64
IPPO,0,24896,388,389,423.7499988286981,6.621093731698408,0.7721433400946586,0.7721433400946586,1479,1142,330,0,59.90625,3834.0,3.3572679509632226,5.0,1142,0.036390901082402546,2329.0176692737627,2286.1819309572465,42.835738316516746,0.01394733168303162,0.0005578932673212648,8.717082301894762e-06,0.14882022875911116,64
IPPO,0,24960,389,390,399.31083596226637,6.239231811910412,0.7757009345794392,0.7757009345794392,1391,1079,323,0,55.921875,3579.0,3.3169601482854496,5.0,1079,0.029800362417593648,1907.2231947259934,1866.8346610992442,40.38853362674931,0.011050492096992366,0.0004420196838796946,6.906557560620228e-06,0.1492003291503525,64
IPPO,0,25024,390,391,433.2888527786739,6.77013832466678,0.7819905213270142,0.7819905213270142,1477,1155,312,0,60.0625,3844.0,3.328138528138528,5.0,1155,0.035090236663283286,2245.7751464501303,2200.739442158297,45.03570429183343,0.013137400781518154,0.0005254960312607262,8.210875488448847e-06,0.1491613875610724,64
IPPO,0,25088,391,392,399.30424663134175,6.239128853614715,0.7571131158917418,0.7571131158917418,1441,1091,342,0,58.140625,3721.0,3.4106324472960585,5.0,1091,0.03324087030092304,2127.4156992590747,2082.278854136477,45.13684512259814,0.012536622441714664,0.0005014648976685866,7.835389026071665e-06,0.14933687395387996,64
IPPO,0,25152,392,393,389.0559175530296,6.078998711766087,0.7696750902527075,0.7696750902527075,1385,1066,342,0,57.15625,3658.0,3.431519699812383,5.0,1066,0.03129574244932253,2002.9275167566423,1959.6204674591559,43.30704929748631,0.012042411924914967,0.0004816964769965987,7.526507453071854e-06,0.15000245816955401,64
IPPO,0,25216,393,394,396.61461062377873,6.197103290996543,0.7622427253371186,0.7622427253371186,1409,1074,317,0,56.734375,3631.0,3.3808193668528865,5.0,1074,0.03306641442210542,2116.250523014747,2072.689428650798,43.5610943639487,0.013070052909483189,0.0005228021163793276,8.168783068426993e-06,0.15124120106674965,64
IPPO,0,25280,394,395,395.9281126754621,6.186376760554095,0.7541666666666667,0.7541666666666667,1440,1086,352,0,60.46875,3870.0,3.56353591160221,5.0,1086,0.03141210402791923,2010.374657786831,1962.9831258299978,47.39153195683272,0.012005058293070347,0.00048020233172281387,7.503161433168967e-06,0.15225343924347107,64
IPPO,0,25344,395,396,388.76471397951343,6.074448655929897,0.750524109014675,0.750524109014675,1431,1074,359,0,58.1875,3724.0,3.467411545623836,5.0,1074,0.0317715662683489,2033.3802411743297,1988.746838889184,44.63340228514593,0.01181855749384192,0.00047274229975367686,7.386598433651201e-06,0.15281350034447821,64
IPPO,0,25408,396,397,399.97231346984813,6.249567397966377,0.7711442786069652,0.7711442786069652,1407,1085,324,0,59.15625,3786.0,3.4894009216589863,5.0,1085,0.0330548936546187,2115.513193895597,2070.558824759407,44.954369136190344,0.012693541213575675,0.000507741648543027,7.933463258484797e-06,0.15303268168773948,64
IPPO,0,25472,397,398,402.4132634491054,6.287707241392272,0.7669699090272918,0.7669699090272918,1429,1096,339,0,57.671875,3691.0,3.3677007299270074,5.0,1096,0.03293539692012651,2107.8654028880965,2065.557755165684,42.30764772241377,0.012627573335485354,0.0005051029334194141,7.892233334678346e-06,0.15290522498223286,64
IPPO,0,25536,398,399,399.55331774570345,6.2430205897766164,0.7807017543859649,0.7807017543859649,1368,1068,294,0,56.0625,3588.0,3.359550561797753,5.0,1068,0.030128094642185847,1928.1980570998942,1887.3331015260837,40.86495557381099,0.01143199020458828,0.0004572796081835312,7.144993877867675e-06,0.15255794743912854,64
IPPO,0,25600,399,400,397.1947237141974,6.206167558034334,0.7677556818181818,0.7677556818181818,1408,1081,335,0,57.6875,3692.0,3.415356151711378,5.0,1081,0.03034489833888382,1942.0734936885644,1898.3797193281487,43.693774360416754,0.011329119771013894,0.00045316479084055573,7.080699856883683e-06,0.15270669339359788,64
IPPO,0,25664,400,401,409.1706838807616,6.3932919356369,0.7620689655172413,0.7620689655172413,1450,1105,322,0,59.625,3816.0,3.453393665158371,5.0,1105,0.033649421100854095,2153.562950454662,2110.324128029391,43.2388224252719,0.012901067185412413,0.0005160426874164965,8.063166990882758e-06,0.15270130740020157,64
IPPO,0,25728,401,402,426.7057612724018,6.667277519881278,0.7938718662952646,0.7938718662952646,1436,1140,313,0,62.765625,4017.0,3.5236842105263158,5.0,1140,0.03525004880143,2256.00312329152,2210.4441153462517,45.55900794526736,0.012598075657541308,0.0005039230263016524,7.873797285963318e-06,0.15256532634209308,64
IPPO,0,25792,402,403,364.531405717315,5.695803214333047,0.7234794908062234,0.7234794908062234,1414,1023,375,0,55.9375,3580.0,3.4995112414467253,5.0,1023,0.030569158591551644,1956.4261498593053,1909.6121480744762,46.81400178482875,0.01064302374988999,0.0004257209499955996,6.6518898436812435e-06,0.15197188943769602,64
IPPO,0,25856,403,404,380.89535802957226,5.951489969212067,0.7505345687811832,0.7505345687811832,1403,1053,364,0,58.609375,3751.0,3.5622032288698957,5.0,1053,0.029860437038170824,1911.0679704429328,1864.9395263688318,46.12844407410101,0.010377493477178019,0.00041509973908712076,6.485933423236262e-06,0.1509776087179046,64
IPPO,0,25920,404,405,364.1229089188547,5.689420451857105,0.7309608540925266,0.7309608540925266,1405,1027,390,0,57.890625,3705.0,3.607594936708861,5.0,1027,0.027487323527640772,1759.1887057690094,1709.815723745028,49.37298202398184,0.009604124191024802,0.0003841649676409921,6.002577619390502e-06,0.15043860137564627,64
IPPO,0,25984,405,406,385.4073017864341,6.021989090413033,0.7394317394317395,0.7394317394317395,1443,1067,362,0,59.875,3832.0,3.591377694470478,5.0,1067,0.031159147194530112,1994.1854204499273,1946.921322311041,47.264098138886915,0.01162195448456309,0.0004648781793825236,7.263721552851931e-06,0.1505730425089266,64
IPPO,0,26048,406,407,385.7087904429569,6.026699850671202,0.7551601423487544,0.7551601423487544,1405,1061,350,0,60.40625,3866.0,3.64373232799246,5.0,1061,0.030245715422456635,1935.7257870372246,1887.9726369935393,47.7531500436858,0.011088561102724295,0.00044354244410897177,6.930350689202684e-06,0.15086929380050715,64
IPPO,0,26112,407,408,375.7144290027737,5.8705379531683395,0.7448028673835125,0.7448028673835125,1395,1039,352,0,57.25,3664.0,3.5264677574590952,5.0,1039,0.03048635680903132,1951.1268357780045,1904.8534472342305,46.2733885437742,0.010960066458857422,0.00043840265835429687,6.8500415367858886e-06,0.15076208791953313,64
IPPO,0,26176,408,409,401.48498813543085,6.273202939616107,0.748641304347826,0.748641304347826,1472,1102,359,0,61.4375,3932.0,3.5680580762250456,5.0,1102,0.03301699625127076,2113.0877600813287,2064.271619631146,48.81614045018145,0.011838183998438362,0.0004735273599375345,7.398864999023976e-06,0.15033916079959328,64
IPPO,0,26240,409,410,358.8152364464778,5.606488069476216,0.7393225331369662,0.7393225331369662,1358,1004,356,0,53.65625,3434.0,3.4203187250996017,5.0,1004,0.03046283717888968,1949.6215794489397,1906.4531850276803,43.168394421258604,0.011739786933847422,0.00046959147735389686,7.337366833654638e-06,0.149631749096043,64
IPPO,0,26304,410,411,386.58547589117853,6.040398060799665,0.7715328467153285,0.7715328467153285,1370,1057,337,0,57.515625,3681.0,3.4824976348155157,5.0,1057,0.030470627384528173,1950.1201526098032,1907.70021181122,42.41994079858327,0.011238294794076101,0.00044953179176304405,7.023934246297563e-06,0.1484823052577968,64
IPPO,0,26368,411,412,395.661339523518,6.182208430054969,0.7543614794138171,0.7543614794138171,1433,1081,344,0,59.484375,3807.0,3.5217391304347827,5.0,1081,0.032779575863907354,2097.8928552900707,2050.0036580844003,47.88919720567091,0.011249906695280731,0.0004499962678112292,7.031191684550457e-06,0.1478062642875691,64
IPPO,0,26432,412,413,401.06950048200014,6.266710945031252,0.7451112609575186,0.7451112609575186,1483,1105,369,0,60.984375,3903.0,3.532126696832579,5.0,1105,0.03090771842250244,1978.0939790401562,1931.1549631746966,46.93901586545987,0.011217662473046328,0.0004487064989218531,7.011039045653955e-06,0.1472274656834141,64
IPPO,0,26496,413,414,381.9328149972099,5.967700234331405,0.7544867193108399,0.7544867193108399,1393,1051,350,0,59.15625,3786.0,3.6022835394862036,5.0,1051,0.02967218945269657,1899.0201249725803,1852.0727218822747,46.947403090305684,0.010396632847798624,0.00041586531391194496,6.49789552987414e-06,0.14634124706027823,64
IPPO,0,26560,414,415,393.2578634152369,6.1446541158630765,0.7672910662824207,0.7672910662824207,1388,1065,324,0,58.84375,3766.0,3.536150234741784,5.0,1065,0.029054567435134637,1859.4923158486167,1812.2110899139154,47.2812259347012,0.010386874358732128,0.00041547497434928516,6.491796474207581e-06,0.14505203263435493,64
IPPO,0,26624,415,416,417.2719512810429,6.519874238766295,0.774260151410874,0.774260151410874,1453,1125,330,0,61.84375,3958.0,3.518222222222222,5.0,1125,0.03270363432226158,2093.032596624741,2045.2076542114007,47.824942413339734,0.011704671356718911,0.0004681868542687565,7.31541959794932e-06,0.14482058959778515,64
IPPO,0,26688,416,417,381.95595452240866,5.968061789412635,0.7466478475652788,0.7466478475652788,1417,1058,365,0,60.0,3840.0,3.6294896030245747,5.0,1058,0.030359573923778072,1943.0127311217966,1894.6172009000502,48.39553022174624,0.010548174954317022,0.00042192699817268083,6.592609346448138e-06,0.14507814454806223,64
IPPO,0,26752,417,418,375.24086779806225,5.863138559344723,0.7386039886039886,0.7386039886039886,1404,1037,352,0,56.515625,3617.0,3.4879459980713596,5.0,1037,0.031882709104266806,2040.4933826730758,1995.3877970855888,45.10558558748643,0.010984602449011813,0.00043938409796047254,6.8653765306323835e-06,0.14489460882968386,64
IPPO,0,26816,418,419,404.5312207235485,6.320800323805445,0.7795275590551181,0.7795275590551181,1397,1089,318,0,58.25,3728.0,3.4233241505968777,5.0,1089,0.0326909284846414,2092.2194230170494,2048.931643823785,43.28777919326447,0.010943395023287256,0.0004377358009314902,6.8396218895545345e-06,0.14532387122057866,64
IPPO,0,26880,419,420,402.36004503036156,6.286875703599399,0.7384615384615385,0.7384615384615385,1495,1104,363,0,59.53125,3810.0,3.4510869565217392,5.0,1104,0.03321849658200465,2125.983781248298,2077.779980456902,48.20380079139467,0.011199385397710282,0.00044797541590841126,6.999615873568926e-06,0.14565352443693486,64
IPPO,0,26944,420,421,391.09814640754246,6.110908537617851,0.7441860465116279,0.7441860465116279,1462,1088,382,0,60.390625,3865.0,3.552389705882353,5.0,1088,0.03405322047423505,2179.406110351043,2130.4853743405315,48.92073601051104,0.011465038815820288,0.0004586015526328115,7.16564925988768e-06,0.1459058105635884,64
IPPO,0,27008,421,422,384.8711245776461,6.013611321525721,0.7645348837209303,0.7645348837209303,1376,1052,344,0,58.359375,3735.0,3.550380228136882,5.0,1052,0.029066441529564772,1860.2522578921455,1815.6161286610168,44.63612923112813,0.009417275548913346,0.00037669102195653383,5.885797218070841e-06,0.14663319721971327,64
IPPO,0,27072,422,423,380.6666672260545,5.947916675407102,0.7487508922198429,0.7487508922198429,1401,1049,351,0,59.1875,3788.0,3.6110581506196375,5.0,1049,0.03270435050954318,2093.0784326107632,2046.2293230495438,46.849109561220004,0.010744563999105073,0.00042978255996420296,6.715352499440671e-06,0.1471104151995309,64
IPPO,0,27136,423,424,379.92740077033613,5.936365637036502,0.752906976744186,0.752906976744186,1376,1036,332,0,59.046875,3779.0,3.6476833976833976,5.0,1036,0.028640478630909974,1832.9906323782384,1785.6048809766096,47.3857514016294,0.009496435412765007,0.0003798574165106003,5.93527213297813e-06,0.14729872243667108,64
IPPO,0,27200,424,425,375.77990792766684,5.871561061369794,0.7453102453102453,0.7453102453102453,1386,1033,348,0,57.40625,3674.0,3.5566311713455954,5.0,1033,0.029915064748787166,1914.5641439223787,1868.9968106131737,45.56733330920444,0.009409286367029349,0.00037637145468117397,5.880803979393343e-06,0.14708569156253315,64
IPPO,0,27264,425,426,393.8283957465009,6.153568683539077,0.7384510869565217,0.7384510869565217,1472,1087,373,0,57.890625,3705.0,3.408463661453542,5.0,1087,0.031841172513654196,2037.8350408738684,1991.588689845455,46.24635102841326,0.010306550244801291,0.00041226200979205165,6.441593903000807e-06,0.14656507655702095,64
IPPO,0,27328,426,427,386.98657001034144,6.046665156411585,0.7845804988662132,0.7845804988662132,1323,1038,305,0,56.4375,3612.0,3.479768786127168,5.0,1038,0.030388330589568736,1944.853157732399,1902.7033218973233,42.149835835076416,0.009591000659777908,0.0003836400263911163,5.9943754123611925e-06,0.14578045617583413,64
IPPO,0,27392,427,428,393.36101067232016,6.1462657917550025,0.7620416966211359,0.7620416966211359,1391,1060,319,0,56.53125,3618.0,3.413207547169811,5.0,1060,0.030317715490676023,1940.3337914032654,1896.2872752211276,44.046516182137886,0.0094996017735053,0.00037998407094021197,5.937251108440812e-06,0.1446688021223812,64
IPPO,0,27456,428,429,408.18070281836935,6.377823481537021,0.7812723373838456,0.7812723373838456,1399,1093,315,0,58.8125,3764.0,3.4437328453796887,5.0,1093,0.031044796635554345,1986.866984675478,1942.5204008774733,44.34658379800507,0.009936001693818508,0.0003974400677527403,6.210001058636567e-06,0.1432952796077951,64
IPPO,0,27520,429,430,393.67354447550997,6.151149132429843,0.7769571639586411,0.7769571639586411,1354,1052,301,0,54.734375,3503.0,3.329847908745247,5.0,1052,0.030400105824512,1945.606772768768,1905.412764746041,40.19400802272741,0.009249150116942743,0.0003699660046777097,5.780718823089214e-06,0.14162140359256353,64
IPPO,0,27584,430,431,393.10795268555546,6.142311760711804,0.7798232695139912,0.7798232695139912,1358,1059,318,0,53.03125,3394.0,3.2049102927289894,5.0,1059,0.03131470786439547,2004.14130332131,1966.313670273016,37.82763304829455,0.009459247528666346,0.0003783699011466538,5.912029705416466e-06,0.14083154920427615,64
IPPO,0,27648,431,432,413.5028509346258,6.4609820458535285,0.7701949860724234,0.7701949860724234,1436,1106,316,0,57.75,3696.0,3.3417721518987342,5.0,1106,0.032756613406433197,2096.4232580117246,2052.4309704994293,43.99228751229635,0.00990968147593227,0.00039638725903729075,6.193550922457668e-06,0.14062534248633435,64
IPPO,0,27712,432,433,394.0073142684949,6.156364285445233,0.775887573964497,0.775887573964497,1352,1049,294,0,53.171875,3403.0,3.244041944709247,5.0,1049,0.029727623995587187,1902.56793571758,1863.090618481168,39.4773172364121,0.008903386364559741,0.0003561354545823896,5.564616477849838e-06,0.14008550338348172,64
IPPO,0,27776,433,434,421.0487990279695,6.578887484812023,0.7929078014184398,0.7929078014184398,1410,1118,304,0,56.703125,3629.0,3.2459749552772807,5.0,1118,0.034521288471069875,2209.362462148472,2169.5055206107636,39.856941537708096,0.010379720748536136,0.00041518882994144547,6.487325467835085e-06,0.13918523292277046,64
IPPO,0,27840,434,435,387.620572934069,6.056571452094828,0.7621818181818182,0.7621818181818182,1375,1048,322,0,53.03125,3394.0,3.2385496183206106,5.0,1048,0.031824851058797295,2036.790467763027,1998.6097621423685,38.1807056206593,0.00951615763230184,0.0003806463052920736,5.94759852018865e-06,0.13804192974730062,64
IPPO,0,27904,435,436,392.87004290904264,6.138594420453791,0.7738876732312181,0.7738876732312181,1371,1061,319,0,53.125,3400.0,3.2045240339302543,5.0,1061,0.03392861911607976,2171.4316234291045,2133.4263924677844,38.005230961320045,0.010556658440495286,0.0004222663376198114,6.5979115253095534e-06,0.1369570409546757,64
IPPO,0,27968,436,437,422.15666008065097,6.596197813760171,0.7899929527836504,0.7899929527836504,1419,1121,306,0,55.203125,3533.0,3.151650312221231,5.0,1121,0.036334280718788206,2325.3939660024453,2287.21696406684,38.17700193560537,0.011027684940113917,0.00044110739760455664,6.8923030875711974e-06,0.13713655325098212,64
IPPO,0,28032,437,438,392.57662709100356,6.134009798296931,0.7750737463126843,0.7750737463126843,1356,1051,303,0,51.9375,3324.0,3.1627021883920077,5.0,1051,0.03177407752218054,2033.5409614195544,1996.8402254736056,36.70073594594911,0.009494276391967921,0.00037977105567871684,5.933922744979951e-06,0.13714613329470027,64
IPPO,0,28096,438,439,423.420399589877,6.615943743591828,0.8075526506899056,0.8075526506899056,1377,1112,277,0,55.203125,3533.0,3.177158273381295,5.0,1112,0.03613152461236125,2312.41757519112,2275.9321955747814,36.48537961633758,0.011167458441521843,0.00044669833766087375,6.979661525951152e-06,0.1374458386584888,64
IPPO,0,28160,439,440,412.5243672621549,6.44569323847117,0.784992784992785,0.784992784992785,1386,1088,284,0,51.953125,3325.0,3.0560661764705883,5.0,1088,0.03334182936877776,2133.8770796017766,2098.1714560635664,35.705623538210084,0.00998129831326813,0.0003992519325307252,6.238311445792581e-06,0.13793779935413153,64
IPPO,0,28224,440,441,412.1597140709495,6.439995532358586,0.7859725234996384,0.7859725234996384,1383,1087,280,0,52.859375,3383.0,3.112235510579577,5.0,1087,0.03496957639311324,2238.052889159247,2201.31905000115,36.733839158096494,0.01074523439954207,0.0004298093759816828,6.715771499713794e-06,0.13805913220424829,64
IPPO,0,28288,441,442,435.3174381099916,6.801834970468619,0.8112136266855926,0.8112136266855926,1409,1143,282,0,56.265625,3601.0,3.1504811898512686,5.0,1143,0.0375076247154369,2400.4879817879614,2363.568019759563,36.91996202839999,0.011748948861162971,0.00046995795444651885,7.343093038226857e-06,0.13798306612580444,64
IPPO,0,28352,442,443,427.7532667599879,6.683644793124811,0.7944720056697377,0.7944720056697377,1411,1121,276,0,52.59375,3366.0,3.0026761819803744,5.0,1121,0.03407855800960522,2181.0277126147344,2144.89798287149,36.129729743244006,0.010887400399298891,0.00043549601597195564,6.804625249561807e-06,0.13840625064262718,64
IPPO,0,28416,443,444,428.97495985708923,6.702733747767019,0.8115523465703971,0.8115523465703971,1385,1124,272,0,54.03125,3458.0,3.0765124555160144,5.0,1124,0.035946483094025275,2300.5749180176176,2264.6561518133135,35.91876620430362,0.011845515152436753,0.00047382060609747013,7.403446970272971e-06,0.13924542390467845,64
IPPO,0,28480,444,445,401.2653574264091,6.269771209787642,0.782069970845481,0.782069970845481,1372,1073,295,0,50.515625,3233.0,3.0130475302889095,5.0,1073,0.03817999305069126,2443.5195552442406,2409.0846119938865,34.43494325035475,0.01227596957432333,0.0004910387829729332,7.672480983952081e-06,0.14053530521643798,64
IPPO,0,28544,445,446,435.61877212201637,6.806543314406506,0.7851801495581238,0.7851801495581238,1471,1155,303,0,54.65625,3498.0,3.0285714285714285,5.0,1155,0.0376888081832994,2412.0837237311616,2376.6422855025526,35.44143822860911,0.013074523884493849,0.000522980955379754,8.171577427808656e-06,0.14160484846591032,64
IPPO,0,28608,446,447,426.5034891976135,6.664117018712711,0.8149492017416545,0.8149492017416545,1378,1123,279,0,53.0625,3396.0,3.0240427426536063,5.0,1123,0.03710362674855878,2374.632111907762,2340.6410166539836,33.99109525377782,0.012416408826934438,0.0004966563530773775,7.760255516834023e-06,0.14227387854871948,64
IPPO,0,28672,447,448,433.967442415183,6.780741287737234,0.7980501392757661,0.7980501392757661,1436,1146,286,0,53.703125,3437.0,2.99912739965096,5.0,1146,0.04020030431773361,2572.819476334951,2538.481920703835,34.33755563111646,0.014361624433086528,0.0005744649773234611,8.97601527067908e-06,0.14270491823599588,64
IPPO,0,28736,448,449,428.02325160356185,6.687863306305654,0.805176132278936,0.805176132278936,1391,1120,264,0,53.71875,3438.0,3.069642857142857,5.0,1120,0.034172542842972047,2187.042741950211,2152.5239301371694,34.518811813041786,0.01224903577079132,0.0004899614308316528,7.655647356744575e-06,0.142769621371465,64
IPPO,0,28800,449,450,429.42808809052826,6.709813876414504,0.7891483516483516,0.7891483516483516,1456,1149,311,0,55.421875,3547.0,3.0870322019147083,5.0,1149,0.04102035253184006,2625.302562037764,2588.983051846293,36.31951019147222,0.01471898925233899,0.0005887595700935596,9.199368282711869e-06,0.14250223630540476,64
IPPO,0,28864,450,451,440.2780257893101,6.87934415295797,0.8053035589672016,0.8053035589672016,1433,1154,271,0,53.125,3400.0,2.946273830155979,5.0,1154,0.03796577847298313,2429.8098222709204,2396.1607397006037,33.64908257031649,0.013814638646751516,0.0005525855458700606,8.634149154219697e-06,0.14241582610429093,64
IPPO,0,28928,451,452,432.4459522774298,6.756968004334841,0.8047921071176886,0.8047921071176886,1419,1142,283,0,53.875,3448.0,3.0192644483362523,5.0,1142,0.03791095949887766,2426.30140792817,2391.5987761371593,34.702631791009274,0.014385512406150429,0.0005754204962460171,8.990945253844018e-06,0.1431488493755496,64
IPPO,0,28992,452,453,420.170920678572,6.565170635602687,0.7945984363894811,0.7945984363894811,1407,1118,291,0,53.34375,3414.0,3.0536672629695887,5.0,1118,0.0394674331509602,2525.9157216614526,2492.7243666589957,33.191355002455595,0.014968922310050911,0.0005987568924020365,9.35557644378182e-06,0.14441412231196157,64
IPPO,0,29056,453,454,424.35806478879414,6.630594762324908,0.7843814789219073,0.7843814789219073,1447,1135,313,0,53.734375,3439.0,3.029955947136564,5.0,1135,0.036520845803338996,2337.3341314136956,2299.671245915613,37.66288549808329,0.013878189930472871,0.0005551275972189148,8.673868706545544e-06,0.14518766761171478,64
IPPO,0,29120,454,455,443.1366827098828,6.924010667341919,0.7949932341001353,0.7949932341001353,1478,1175,299,0,55.875,3576.0,3.043404255319149,5.0,1175,0.03839668103616952,2457.387586314849,2420.2409511779633,37.146635136885735,0.01453188128560622,0.0005812752514242487,9.082425803503887e-06,0.14630452013835243,64
IPPO,0,29184,455,456,426.5126601086341,6.664260314197408,0.8090452261306532,0.8090452261306532,1393,1127,278,0,53.015625,3393.0,3.010647737355812,5.0,1127,0.037443404638712464,2396.377896877598,2362.592889403741,33.78500747385755,0.01473099893265919,0.0005892399573063676,9.206874332911994e-06,0.14764716806344377,64
IPPO,0,29248,456,457,439.3277515050754,6.864496117266803,0.8011165387299372,0.8011165387299372,1433,1148,262,0,53.84375,3446.0,3.0017421602787455,5.0,1148,0.0351359925739646,2248.7035247337344,2214.1932583264097,34.510266407325446,0.014266503210144141,0.0005706601284057657,8.916564506340089e-06,0.14857149595649424,64
IPPO,0,29312,457,458,437.42653936693443,6.8347896776083505,0.8083916083916084,0.8083916083916084,1430,1156,286,0,54.125,3464.0,2.9965397923875434,5.0,1156,0.03634837847533419,2326.296222421388,2293.5422832877302,32.75393913365832,0.014745444288398546,0.0005898177715359419,9.215902680249092e-06,0.14951036724583253,64
IPPO,0,29376,458,459,463.99288938847434,7.2498888966949115,0.8375350140056023,0.8375350140056023,1428,1196,238,0,54.578125,3493.0,2.92056856187291,5.0,1196,0.038794952078842156,2482.876933045898,2451.3974126969933,31.4795203489049,0.015600712764201208,0.0006240285105680483,9.750445477625755e-06,0.1509431518085232,64
IPPO,0,29440,459,460,464.9553549263851,7.264927420724767,0.82365003417635,0.82365003417635,1463,1205,244,0,54.53125,3490.0,2.896265560165975,5.0,1205,0.04234273033464203,2709.93474141709,2678.3013569823725,31.63338443471791,0.017423497790205845,0.0006969399116082338,1.0889686118878653e-05,0.15216009629409946,64
IPPO,0,29504,460,461,460.9738720213782,7.202716750334035,0.8274428274428275,0.8274428274428275,1443,1194,250,0,54.578125,3493.0,2.925460636515913,5.0,1194,0.036927205971642625,2363.341182185128,2330.8819614845575,32.45922070057072,0.01527281285059016,0.0006109125140236064,9.54550803161885e-06,0.15305710639055092,64
IPPO,0,29568,461,462,451.21909640550166,7.050298381335963,0.82899366643209,0.82899366643209,1421,1178,262,0,51.6875,3308.0,2.808149405772496,5.0,1178,0.03822540393797889,2446.425852030649,2417.6563464499613,28.76950558068592,0.01569641617012718,0.0006278566468050872,9.810260106329488e-06,0.15369135891661326,64
IPPO,0,29632,462,463,465.4724945276239,7.273007726994123,0.816408876933423,0.816408876933423,1487,1214,266,0,52.21875,3342.0,2.7528830313014825,5.0,1214,0.03994512376064156,2556.48792068106,2527.491294520254,28.996626160804492,0.01683383747617936,0.0006733534990471745,1.0521148422612101e-05,0.1548998309203521,64
IPPO,0,29696,463,464,451.3610075265285,7.052515742602008,0.8312056737588652,0.8312056737588652,1410,1172,245,0,49.625,3176.0,2.7098976109215016,5.0,1172,0.03908804645006527,2501.6349728041773,2475.014868396048,26.620104408128505,0.01667604050877429,0.0006670416203509716,1.0422525317983931e-05,0.15590370224452027,64
IPPO,0,29760,464,465,446.5465251791712,6.97728945592455,0.8270462633451957,0.8270462633451957,1405,1162,240,0,49.109375,3143.0,2.7048192771084336,5.0,1162,0.042082257884339065,2693.2645045977,2668.5845424552563,24.679962142442704,0.018284658030184156,0.0007313863212073663,1.1427911268865098e-05,0.15648537353428443,64
IPPO,0,29824,465,466,468.7632518943275,7.324425810848867,0.8340192043895748,0.8340192043895748,1458,1216,246,0,50.375,3224.0,2.651315789473684,5.0,1216,0.0422342353502465,2702.991062415776,2678.723200463784,24.26786195199305,0.0185340901012089,0.0007413636040483559,1.1583806313255561e-05,0.15692611857967093,64
IPPO,0,29888,466,467,467.49229003374927,7.304567031777332,0.8510334996436208,0.8510334996436208,1403,1194,204,0,48.9375,3132.0,2.6231155778894473,5.0,1194,0.04136796875378757,2647.5500002424046,2624.25102579544,23.298974446965243,0.0181842954941992,0.000727371819767968,1.13651846838745e-05,0.1570254468780929,64
IPPO,0,29952,467,468,496.1893314251488,7.75295830351795,0.8425925925925926,0.8425925925925926,1512,1274,235,0,52.4375,3356.0,2.634222919937206,5.0,1274,0.04495255144679748,2876.9632925950386,2853.357489643051,23.605802951988544,0.019570714289856277,0.0007828285715942512,1.2231696431160174e-05,0.15683124545463345,64
IPPO,0,30016,468,469,458.8321492657177,7.169252332276839,0.8397163120567376,0.8397163120567376,1410,1184,221,0,49.296875,3155.0,2.664695945945946,5.0,1184,0.04305687305577079,2755.639875569331,2730.6722108920208,24.967664677309354,0.019572885851590376,0.000782915434063615,1.2233053657243985e-05,0.15631421465706433,64
IPPO,0,30080,469,470,464.6917907956698,7.260809231182341,0.8387997208653175,0.8387997208653175,1433,1202,228,0,50.25,3216.0,2.675540765391015,5.0,1202,0.04318566944817238,2763.882844683032,2740.2069857534952,23.675858929537014,0.019570823409952223,0.000782832936398089,1.223176463122014e-05,0.15546394834123806,64
IPPO,0,30144,470,471,437.97489412022674,6.843357720628543,0.8346686088856519,0.8346686088856519,1373,1146,251,0,48.71875,3118.0,2.7207678883071553,5.0,1146,0.03907413029126864,2500.744338641193,2474.5108567573066,26.23348188388452,0.017675147182940946,0.0007070058873176378,1.104696698933809e-05,0.15493937997536394,64
IPPO,0,30208,471,472,447.53131076755335,6.992676730743021,0.8222066057624736,0.8222066057624736,1423,1170,252,0,50.859375,3255.0,2.782051282051282,5.0,1170,0.03958881743287086,2533.684315703735,2506.280744149429,27.40357155430606,0.018035240615278624,0.0007214096246111449,1.127202538454914e-05,0.15525478989496144,64
IPPO,0,30272,472,473,432.1959391703166,6.753061549536197,0.8111587982832618,0.8111587982832618,1398,1134,250,0,48.359375,3095.0,2.7292768959435625,5.0,1134,0.0391780008820308,2507.3920564499713,2480.4090590214482,26.982997428523447,0.01842152275807901,0.0007368609103231604,1.1513451723799381e-05,0.15550486998262092,64
IPPO,0,30336,473,474,440.23406923546634,6.8786573318041615,0.8051140290255702,0.8051140290255702,1447,1165,273,0,50.765625,3249.0,2.788841201716738,5.0,1165,0.040771581951158695,2609.3812448741564,2580.2804144155243,29.100830458632636,0.01951357108685982,0.0007805428434743927,1.2195981929287386e-05,0.1561427081049801,64
IPPO,0,30400,474,475,426.8248314557022,6.669137991495347,0.8118240807498197,0.8118240807498197,1387,1126,257,0,49.3125,3156.0,2.802841918294849,5.0,1126,0.03687116235520578,2359.75439073317,2330.388253604508,29.36613712866154,0.017732415379512954,0.0007092966151805182,1.1082759612195596e-05,0.1565047109774018,64
IPPO,0,30464,475,476,429.288655746886,6.707635246045093,0.8243440233236151,0.8243440233236151,1372,1131,258,0,50.0625,3204.0,2.8328912466843503,5.0,1131,0.03876618947675943,2481.0361265126035,2451.841300441989,29.194826070613196,0.01828673368130906,0.0007314693472523624,1.1429208550818162e-05,0.15660897627774512,64
IPPO,0,30528,476,477,404.028819695416,6.312950307740875,0.8035982008995503,0.8035982008995503,1334,1072,265,0,49.65625,3178.0,2.96455223880597,5.0,1072,0.031736600561983665,2031.1424359669547,1999.558803575566,31.583632391389084,0.01528766358772806,0.0006115065435091224,9.554789742330038e-06,0.15700186930431487,64
IPPO,0,30592,477,478,397.6531229612834,6.213330046270053,0.7793904208998549,0.7793904208998549,1378,1074,295,0,51.046875,3267.0,3.041899441340782,5.0,1074,0.03408468520602638,2181.419853185688,2145.937446662693,35.48240652299494,0.016416179357138946,0.0006566471742855579,1.0260112098211842e-05,0.1578818921715705,64
IPPO,0,30656,478,479,416.7884226802697,6.512319104379214,0.8043795620437956,0.8043795620437956,1370,1102,256,0,52.15625,3338.0,3.029038112522686,5.0,1102,0.03562427181681418,2279.9533962761075,2246.435790820045,33.517605456062554,0.01782413222197359,0.0007129652888789435,1.1140082638733493e-05,0.1590672766201979,64
IPPO,0,30720,479,480,385.39826908642715,6.021847954475424,0.8009367681498829,0.8009367681498829,1281,1026,259,0,47.609375,3047.0,2.969785575048733,5.0,1026,0.030289201862864643,1938.5089192233372,1907.1053572014762,31.403562021861188,0.0145356938273172,0.000581427753092688,9.08480864207325e-06,0.1599206189279533,64
IPPO,0,30784,480,481,425.9273674752537,6.655115116800839,0.7988826815642458,0.7988826815642458,1432,1144,300,0,54.984375,3519.0,3.0760489510489513,5.0,1144,0.03876487941441998,2480.9522825228787,2445.421299734854,35.530982788025504,0.01828624628069765,0.0007314498512279061,1.1428903925436033e-05,0.16044565315704773,64
IPPO,0,30848,481,482,440.6331698997241,6.884893279683189,0.8078266946191475,0.8078266946191475,1431,1156,267,0,56.21875,3598.0,3.112456747404844,5.0,1156,0.033756092659918205,2160.389930234765,2123.6220560908805,36.76787414388448,0.016014550620258507,0.0006405820248103402,1.0009094137661566e-05,0.1606937298326846,64
IPPO,0,30912,482,483,417.67325724202817,6.52614464440669,0.7894366197183098,0.7894366197183098,1420,1121,299,0,54.875,3512.0,3.1329170383586082,5.0,1121,0.03483911033676473,2229.7030615529425,2192.849101502324,36.853960050617246,0.016585393042107422,0.000663415721684297,1.036587065131714e-05,0.16061845389281987,64
IPPO,0,30976,483,484,408.08988869212067,6.376404510814385,0.7903930131004366,0.7903930131004366,1374,1086,271,0,50.828125,3253.0,2.9953959484346226,5.0,1086,0.03476007266010111,2224.644650246471,2191.0254726777853,33.619177568685195,0.01600525157385474,0.0006402100629541896,1.0003282233659213e-05,0.16063284731914476,64
IPPO,0,31040,484,485,440.44301674883883,6.881922136700607,0.8362573099415205,0.8362573099415205,1368,1144,233,0,53.921875,3451.0,3.0166083916083917,5.0,1144,0.03610069322282365,2310.4443662607137,2279.095449305742,31.348916954971525,0.016974086829355476,0.000678963473174219,1.0608804268347171e-05,0.16109536792053125,64
IPPO,0,31104,485,486,434.33562245213955,6.78649410081468,0.8021902806297057,0.8021902806297057,1461,1172,317,0,55.515625,3553.0,3.031569965870307,5.0,1172,0.03979718716979041,2547.0199788665864,2510.5980462061793,36.421932660406796,0.01909571011844622,0.0007638284047378488,1.1934818824028888e-05,0.16132001862625756,64
IPPO,0,31168,486,487,421.5204184876384,6.58625653886935,0.780774550484094,0.780774550484094,1446,1129,295,0,53.390625,3417.0,3.0265721877767935,5.0,1129,0.035864911440512785,2295.354332192818,2259.6040693373334,35.75026285548414,0.01661221666598708,0.0006644886666394832,1.0382635416241925e-05,0.1612347943341715,64
IPPO,0,31232,487,488,418.0039784986328,6.531312164041138,0.7968526466380543,0.7968526466380543,1398,1114,278,0,52.796875,3379.0,3.033213644524237,5.0,1114,0.03771846350167274,2413.981664107055,2380.4882494027624,33.493414704294956,0.017900120317452146,0.0007160048126980858,1.118757519840759e-05,0.16074962204533555,64
IPPO,0,31296,488,489,442.19758981002855,6.909337340781696,0.8137254901960784,0.8137254901960784,1428,1162,264,0,53.359375,3415.0,2.9388984509466436,5.0,1162,0.03541076954915752,2266.2892511460814,2233.1840150965677,33.10523604951329,0.016540859644827766,0.0006616343857931106,1.0338037278017353e-05,0.1599113044543236,64
IPPO,0,31360,489,490,439.12685205454943,6.861357063352335,0.8006825938566553,0.8006825938566553,1465,1173,301,0,53.84375,3446.0,2.937766410912191,5.0,1173,0.03957776119446401,2532.9767164456966,2499.285197552662,33.691518893035166,0.017697392161420356,0.0007078956864568142,1.1060870100887722e-05,0.15936383056692566,64
IPPO,0,31424,490,491,416.3223226090947,6.505036290767105,0.8,0.8,1385,1108,277,0,51.28125,3282.0,2.9620938628158844,5.0,1108,0.036258431298772154,2320.5396031214177,2287.9722802387764,32.567322882641704,0.01661188307112525,0.0006644753228450099,1.038242691945328e-05,0.15918002493832084,64
IPPO,0,31488,491,492,419.3179258632203,6.551842591612817,0.8148967551622419,0.8148967551622419,1356,1105,257,0,51.390625,3289.0,2.976470588235294,5.0,1105,0.03612230829135541,2311.827730646746,2280.500116125724,31.32761452102086,0.016152905860418496,0.0006461162344167398,1.0095566162761559e-05,0.15851626439039515,64
IPPO,0,31552,492,493,436.6740618287813,6.823032216074708,0.797799174690509,0.797799174690509,1454,1160,287,0,55.09375,3526.0,3.0396551724137932,5.0,1160,0.03864981948571484,2473.5884470857495,2439.660385132327,33.92806195342237,0.017848303514661962,0.0007139321405864785,1.1155189696663726e-05,0.1578890659659766,64
IPPO,0,31616,493,494,432.079604523307,6.751243820676672,0.7980636237897649,0.7980636237897649,1446,1154,298,0,54.8125,3508.0,3.0398613518197575,5.0,1154,0.037696793211824585,2412.5947655567734,2378.6923465437553,33.90241901301797,0.016986346275012762,0.0006794538510005105,1.0616466421882977e-05,0.15762123025728836,64
IPPO,0,31680,494,495,394.0918496769524,6.157685151202381,0.7800738007380074,0.7800738007380074,1355,1057,287,0,51.40625,3290.0,3.1125827814569536,5.0,1057,0.031647510067115164,2025.4406442953705,1990.4419893812378,34.99865491413345,0.013948057799552624,0.000557922311982105,8.71753612472039e-06,0.15680820214488922,64
IPPO,0,31744,495,496,403.5837174914983,6.305995585804661,0.7841315225160829,0.7841315225160829,1399,1097,317,0,53.375,3416.0,3.1139471285323608,5.0,1097,0.03755071213354901,2403.245576547137,2367.116323056061,36.12925349107775,0.0164915202921756,0.000659660811687024,1.030720018260975e-05,0.1558533672126955,64
IPPO,0,31808,496,497,425.5799445772452,6.6496866340194565,0.8008504606661941,0.8008504606661941,1411,1130,285,0,52.65625,3370.0,2.982300884955752,5.0,1130,0.03605507455258234,2307.5247713652698,2274.2491278322514,33.27564353301817,0.015018555292426256,0.0006007422116970502,9.38659705776641e-06,0.15548405013765654,64
IPPO,0,31872,497,498,413.6082372797364,6.462628707495881,0.7895490336435218,0.7895490336435218,1397,1103,293,0,53.828125,3445.0,3.1233000906618313,5.0,1103,0.03137242493985334,2007.8351961506137,1970.18505061851,37.65014553210332,0.013258431936131944,0.0005303372774452778,8.286519960082465e-06,0.1548848080950747,64
IPPO,0,31936,498,499,432.7443887972237,6.76163107495662,0.7806364251861883,0.7806364251861883,1477,1153,304,0,57.4375,3676.0,3.1882046834345186,5.0,1153,0.03518029815423376,2251.5390818709607,2210.7961993450003,40.74288252596064,0.014284872988507577,0.0005713949195403031,8.928045617817236e-06,0.15392555224479856,64
IPPO,0,32000,499,500,450.4464625806123,7.0382259778220675,0.817047817047817,0.817047817047817,1443,1179,267,0,55.171875,3531.0,2.994910941475827,5.0,1179,0.036115558528777666,2311.395745841771,2276.346531075892,35.049214765879945,0.015426194679679902,0.0006170477871871961,9.641371674799939e-06,0.15292014026553505,64
MADDPG,0,64,0,59,376.30189889515157,5.879717170236743,0.728490832157969,0.728490832157969,1418,1033,307,0,52.15625,3338.0,3.2313649564375604,5.0,1033,0.03108533069723546,1989.4611646230696,1948.0549704402006,41.4061941828682,0.01764254692913154,0.0007057018771652616,1.1026591830707213e-05,0.3518317438817052,64
MADDPG,0,128,1,123,366.97873318065143,5.734042705947679,0.7562776957163959,0.7562776957163959,1354,1024,334,0,55.25,3536.0,3.453125,5.0,1024,0.03174130033850543,2031.4432216643477,1986.1172742007188,45.325947463628644,0.01811491297550127,0.0007245965190200509,1.1321820609688295e-05,0.3479463175797115,64
MADDPG,0,192,2,187,343.8712134468043,5.372987710106317,0.7142857142857143,0.7142857142857143,1393,995,380,0,57.28125,3666.0,3.684422110552764,6.0,995,0.033273669822462416,2129.5148686375946,2080.1603611017536,49.35450753584096,0.01854270988436624,0.0007417083953746497,1.1589193677728901e-05,0.3440648079724378,64
MADDPG,0,256,3,251,387.09172909235826,6.048308267068098,0.7596626844694307,0.7596626844694307,1423,1081,358,0,60.46875,3870.0,3.5800185013876042,6.0,1081,0.03379074542823539,2162.607707407065,2117.8298289589497,44.77787844811489,0.019164898036632103,0.0007665959214652842,1.1978061272895065e-05,0.3403572122517119,64
MADDPG,0,320,4,315,357.3418863459211,5.583466974155018,0.7185964912280701,0.7185964912280701,1425,1024,380,0,56.828125,3637.0,3.5517578125,6.0,1024,0.03231870273452452,2068.3969750095694,2021.0369660418787,47.36000896769107,0.019024351400930374,0.000760974056037215,1.1890219625581484e-05,0.3364448396008818,64
MADDPG,0,384,5,379,360.7445008585898,5.636632825915465,0.7260748959778086,0.7260748959778086,1442,1047,405,0,62.96875,4030.0,3.8490926456542502,7.0,1047,0.03511858662404759,2247.589543939046,2198.633534645528,48.9560092935182,0.021315892598175717,0.0008526357039270287,1.3322432873859823e-05,0.3327609022115802,64
MADDPG,0,448,6,443,398.635732816811,6.228683325262672,0.772695285010556,0.772695285010556,1421,1098,335,0,57.828125,3701.0,3.3706739526411655,5.0,1098,0.0321795121059363,2059.4887747799235,2016.2948673397689,43.193907440153794,0.01833760889970175,0.0007335043559880699,1.1461005562313592e-05,0.32890781434542093,64
MADDPG,0,512,7,507,335.6285434495929,5.244195991399889,0.6987270155586988,0.6987270155586988,1414,988,410,0,62.546875,4003.0,4.051619433198381,6.0,988,0.03164985617793516,2025.5907953878502,1970.30339367427,55.287401713579996,0.018412922419654993,0.0007365168967861997,1.150807651228437e-05,0.32499788835189414,64
MADDPG,0,576,8,571,275.92188702911756,4.311279484829962,0.6203389830508474,0.6203389830508474,1475,915,539,0,64.640625,4137.0,4.521311475409836,7.0,915,0.03623644917952346,2319.1327474895015,2259.3768229277675,59.75592456173576,0.02322092557832312,0.0009288370231329248,1.451307848645195e-05,0.3211914203466095,64
MADDPG,0,640,9,635,363.27375335749605,5.676152396210876,0.7335664335664336,0.7335664335664336,1430,1049,407,0,64.109375,4103.0,3.911344137273594,6.0,1049,0.03047533868859287,1950.4216760699437,1897.765005666958,52.656670402985746,0.017203846707640424,0.0006881538683056169,1.0752404192275264e-05,0.3180168041730439,64
MADDPG,0,704,10,699,384.2272269727364,6.003550421449006,0.7626154939587776,0.7626154939587776,1407,1073,359,0,63.953125,4093.0,3.814538676607642,5.0,1073,0.030022873466759577,1921.463901872613,1870.6992316153253,50.76467025728749,0.01667872095284089,0.0006671488381136357,1.0424200595525557e-05,0.3156495478099933,64
MADDPG,0,768,11,763,348.3127234241518,5.442386303502372,0.7115384615384616,0.7115384615384616,1404,999,382,0,59.828125,3829.0,3.8328328328328327,5.0,999,0.02852537627798303,1825.624081790914,1772.483872714647,53.14020907626694,0.015614335738626839,0.0006245734295450736,9.758959836641774e-06,0.31428600276411495,64
MADDPG,0,832,12,827,359.32257459759796,5.614415228087468,0.7149725274725275,0.7149725274725275,1456,1041,411,0,64.984375,4159.0,3.9951969260326607,6.0,1041,0.030445879480889153,1948.5362867769059,1892.2792320808458,56.257054696060806,0.01679569693148372,0.0006718278772593488,1.0497310582177325e-05,0.31281922348604385,64
MADDPG,0,896,13,891,375.15557720967695,5.861805893901202,0.7300068352699932,0.7300068352699932,1463,1068,398,0,66.0625,4228.0,3.958801498127341,6.0,1068,0.03049428197255727,1951.6340462436651,1896.0294254216687,55.60462082199618,0.01633378731708132,0.0006533514926832527,1.0208617073175824e-05,0.31131007576849956,64
MADDPG,0,960,14,955,332.98490074036323,5.2028890740681755,0.6911357340720221,0.6911357340720221,1444,998,436,0,69.90625,4474.0,4.482965931863728,6.0,998,0.03621208903220905,2317.573698061379,2258.7559868373405,58.817711224038305,0.020460124667315175,0.000818404986692607,1.2787577917071984e-05,0.3107638128240109,64
MADDPG,0,1024,15,1019,291.3510662675393,4.5523604104303015,0.6569186875891584,0.6569186875891584,1402,921,479,0,62.59375,4006.0,4.3496199782844736,6.0,921,0.032390144222212716,2072.969230221614,2016.7632146569038,56.2060155647101,0.020166416678008857,0.0008066566671203543,1.2604010423755536e-05,0.31094616554557314,64
MADDPG,0,1088,16,1083,329.9844977619173,5.1560077775299575,0.6861111111111111,0.6861111111111111,1440,988,446,0,65.203125,4173.0,4.223684210526316,6.0,988,0.028772453497591687,1841.437023845868,1781.2851714542473,60.15185239162086,0.016038874886873892,0.0006415549954749557,1.0024296804296183e-05,0.3106135363546658,64
MADDPG,0,1152,17,1147,310.69519795893456,4.8546124681083525,0.6895544192841491,0.6895544192841491,1369,944,451,0,64.453125,4125.0,4.369703389830509,6.0,944,0.030135614599086903,1928.6793343415618,1869.8145976146202,58.86473672694208,0.016351643593159576,0.0006540657437263831,1.0219777245724736e-05,0.30979113072391007,64
MADDPG,0,1216,18,1211,293.389570952815,4.5842120461377345,0.6554199569274947,0.6554199569274947,1393,913,464,0,63.75,4080.0,4.468784227820373,7.0,913,0.03349945218079132,2143.964939570644,2085.137439107878,58.827500462764704,0.016792829585220798,0.0006717131834088318,1.0495518490762998e-05,0.3092545751402892,64
MADDPG,0,1280,19,1275,222.50124963170913,3.476582025495455,0.5665976535541752,0.5665976535541752,1449,821,618,0,65.34375,4182.0,5.093788063337393,9.0,821,0.03851922636527482,2465.2304873775884,2402.9292786032797,62.30120877430828,0.023505147499164894,0.0009402058999665958,1.4690717186978059e-05,0.3092936652338239,64
MADDPG,0,1344,20,1339,287.3141803144673,4.489284067413552,0.6510638297872341,0.6510638297872341,1410,918,515,0,66.515625,4257.0,4.637254901960785,8.0,918,0.031541564303677175,2018.6601154353393,1958.7140750836772,59.94604035166215,0.018295820753016633,0.0007318328301206653,1.1434887970635396e-05,0.30971621075638434,64
MADDPG,0,1408,21,1403,347.2095810232066,5.4251497034876035,0.6993243243243243,0.6993243243243243,1480,1035,440,0,64.234375,4111.0,3.9719806763285024,5.0,1035,0.030289987796530495,1938.5592189779518,1881.407201711775,57.15201726617597,0.020377693874142296,0.0008151077549656918,1.2736058671338934e-05,0.3099140410632881,64
MADDPG,0,1472,22,1467,281.6797493468512,4.40124608354455,0.6582466567607727,0.6582466567607727,1346,886,443,0,61.921875,3963.0,4.472911963882619,6.0,886,0.030202536718456182,1932.9623499811958,1878.5182022254123,54.444147755783774,0.021846693069477507,0.0008738677227791003,1.3654183168423442e-05,0.3099471699351006,64
MADDPG,0,1536,23,1531,267.83948627946427,4.184991973116629,0.6286713286713287,0.6286713286713287,1430,899,529,0,67.625,4328.0,4.814238042269188,7.0,899,0.03869032436518491,2476.180759371834,2414.3777834814,61.802975890435285,0.02910248768661696,0.0011640995074646784,1.81890548041356e-05,0.3096727199429031,64
MADDPG,0,1600,24,1595,276.4956652225676,4.320244769102619,0.6551475881929446,0.6551475881929446,1389,910,495,0,65.984375,4223.0,4.640659340659341,7.0,910,0.03665422996612767,2345.8707178321706,2286.8610455048265,59.009672327343274,0.027417055938550434,0.0010966822375420174,1.713565996159402e-05,0.30939290633388117,64
MADDPG,0,1664,25,1659,212.18492594001285,3.3153894678127007,0.5685986793837124,0.5685986793837124,1363,775,565,0,61.25,3920.0,5.058064516129032,9.0,775,0.033300210050733914,2131.2134432469707,2073.167219909508,58.04622333746254,0.024626204059152848,0.000985048162366114,1.539137753697053e-05,0.30966236950584203,64
MADDPG,0,1728,26,1723,200.48730858536945,3.1326141966463976,0.5553145336225597,0.5553145336225597,1383,768,621,0,58.828125,3765.0,4.90234375,8.0,768,0.03294449851196493,2108.4479047657555,2048.6362258185277,59.81167894722738,0.023164747466154847,0.0009265898986461939,1.447796716634678e-05,0.30980054783870814,64
MADDPG,0,1792,27,1787,243.2923420688959,3.8014428448264983,0.6032078103207811,0.6032078103207811,1434,865,585,0,65.890625,4217.0,4.8751445086705205,8.0,865,0.035775336071247256,2289.621508559824,2229.3844377896385,60.23707077018605,0.026031965602787456,0.0010412786241114982,1.626997850174216e-05,0.3096529552025362,64
MADDPG,0,1856,28,1851,194.72202024444363,3.0425315663194317,0.5373864430468204,0.5373864430468204,1431,769,646,0,65.34375,4182.0,5.438231469440832,9.0,769,0.038107919128152395,2438.9068242017534,2378.640802568556,60.26602163319695,0.02145905800597805,0.000858362320239122,1.3411911253736281e-05,0.3091061099387329,64
MADDPG,0,1920,29,1915,167.7460821775842,2.6210325340247533,0.5131860299358517,0.5131860299358517,1403,720,675,0,59.890625,3833.0,5.323611111111111,9.0,720,0.03601246134667527,2304.797526187217,2246.387456389131,58.4100697980861,0.022844458179005208,0.0009137783271602083,1.4277786361878254e-05,0.3081308634639287,64
MADDPG,0,1984,30,1979,233.2136299301677,3.6439629676588705,0.6001461988304093,0.6001461988304093,1368,821,557,0,65.703125,4205.0,5.121802679658953,8.0,821,0.038057896481630056,2435.7053748243234,2376.7966869819898,58.90868784233417,0.02345232865078144,0.0009380931460312576,1.46577054067384e-05,0.30689960343403455,64
MADDPG,0,2048,31,2043,211.51699069699754,3.3049529796405865,0.5646306818181818,0.5646306818181818,1408,795,607,0,64.53125,4130.0,5.19496855345912,9.0,795,0.03765731003976268,2410.0678425448114,2350.847733047423,59.22010949738832,0.02283003454703762,0.0009132013818815047,1.4268771591898511e-05,0.3054983073378563,64
MADDPG,0,2112,32,2107,271.446247008334,4.241347609505219,0.6463501063075833,0.6463501063075833,1411,912,524,0,66.46875,4254.0,4.6644736842105265,8.0,912,0.034704777767610225,2221.1057771270544,2162.03517756616,59.070599560894145,0.028140608802507225,0.001125624352100289,1.7587880501567016e-05,0.3040358122796506,64
MADDPG,0,2176,33,2171,308.943132868168,4.827236451065125,0.6606905710491368,0.6606905710491368,1506,995,506,0,70.015625,4481.0,4.503517587939698,6.0,995,0.037081259196452956,2373.200588572989,2309.447700489454,63.75288808353425,0.029697273794536152,0.001187890951781446,1.8560796121585094e-05,0.30317057426340704,64
MADDPG,0,2240,34,2235,300.902240797565,4.701597512461953,0.6588881262868909,0.6588881262868909,1457,960,493,0,71.0,4544.0,4.733333333333333,8.0,960,0.036019272570231124,2305.233444494792,2244.808701297923,60.42474319686824,0.02638561887659063,0.0010554247550636252,1.6491011797869144e-05,0.3027712280281853,64
MADDPG,0,2304,35,2299,242.80614108283604,3.793845954419313,0.6243425995492111,0.6243425995492111,1331,831,509,0,59.125,3784.0,4.5535499398315284,7.0,831,0.030208769304522917,1933.3612354894667,1877.690862843302,55.67037264616416,0.027465138693776883,0.0010986055477510753,1.716571168361055e-05,0.30201470349306003,64
MADDPG,0,2368,36,2363,245.3704011617594,3.8339125181524905,0.6180193596425912,0.6180193596425912,1343,830,516,0,63.34375,4054.0,4.88433734939759,8.0,830,0.03522389591076695,2254.329338289085,2198.2159351875976,56.113403101487876,0.02045385945455632,0.0008181543781822528,1.27836621590977e-05,0.30140176259519147,64
MADDPG,0,2432,37,2427,211.2525546593883,3.300821166552942,0.5504908835904628,0.5504908835904628,1426,785,608,0,62.59375,4006.0,5.103184713375796,9.0,785,0.03649753172284477,2335.8420302620652,2275.2045045647196,60.63752569734602,0.01990050190195964,0.0007960200760783856,1.2437813688724775e-05,0.3011485304263095,64
MADDPG,0,2496,38,2491,228.0581291321746,3.563408267690228,0.5836350470673425,0.5836350470673425,1381,806,578,0,60.84375,3894.0,4.831265508684863,9.0,806,0.031146894075869718,1993.401220855662,1935.444036648277,57.957184207385914,0.017894651897458428,0.0007157860758983371,1.1184157435911518e-05,0.3005552212677557,64
MADDPG,0,2560,39,2555,177.01242466779578,2.765819135434309,0.5150665732305536,0.5150665732305536,1427,735,694,0,62.234375,3983.0,5.419047619047619,9.0,735,0.036226635449480675,2318.504668766763,2257.921151952896,60.58351681386813,0.018499572481272583,0.0007399828992509034,1.1562232800795365e-05,0.29967482972166287,64
MADDPG,0,2624,40,2619,183.37516737259142,2.865236990196741,0.5208775654635527,0.5208775654635527,1413,736,669,0,64.21875,4110.0,5.584239130434782,10.0,736,0.037283678201879375,2386.15540492028,2326.936606072435,59.21879884784481,0.019207327114945702,0.0007682930845978281,1.2004579446841063e-05,0.2986566709760366,64
MADDPG,0,2688,41,2683,124.01574929496454,1.9377460827338209,0.4361111111111111,0.4361111111111111,1440,628,787,0,54.515625,3489.0,5.555732484076433,10.0,628,0.033295475127134384,2130.9104081366004,2068.6466905307093,62.2637176058914,0.015957410733482082,0.0006382964293392833,9.973381708426302e-06,0.29727441243182695,64
MADDPG,0,2752,42,2747,225.80257906041425,3.5281652978189726,0.5811965811965812,0.5811965811965812,1404,816,622,0,64.15625,4106.0,5.0318627450980395,8.0,816,0.034546112405866095,2210.95119397543,2151.3969330144046,59.55426096102475,0.02131220545798896,0.0008524882183195584,1.33201284112431e-05,0.29547475408513507,64
MADDPG,0,2816,43,2811,261.6954947926722,4.088992106135503,0.6277056277056277,0.6277056277056277,1386,870,504,0,61.609375,3943.0,4.532183908045977,7.0,870,0.032185639788359435,2059.880946455004,2002.4100047324825,57.47094172252225,0.025821742705134394,0.0010328697082053757,1.6138589190708995e-05,0.2933502737104,64
MADDPG,0,2880,44,2875,235.52723505303933,3.6801130477037396,0.5875350140056023,0.5875350140056023,1428,839,619,0,59.484375,3807.0,4.537544696066746,7.0,839,0.031573047814770605,2020.6750601453189,1959.7317903724759,60.94326977284356,0.022339030979650083,0.0008935612391860033,1.3961894362281302e-05,0.2909033731503082,64
MADDPG,0,2944,45,2939,260.7320322936316,4.073938004587994,0.6316171138506164,0.6316171138506164,1379,871,516,0,63.671875,4075.0,4.6785304247990815,8.0,871,0.03320371480949567,2125.0377478077226,2067.494878622968,57.542869184755325,0.02409913118176129,0.0009639652472704516,1.5061956988600807e-05,0.2881534289990527,64
MADDPG,0,3008,46,3003,295.5401087783266,4.617814199661353,0.6609808102345416,0.6609808102345416,1407,930,478,0,65.40625,4186.0,4.501075268817204,6.0,930,0.03120604885167195,1997.1871265070047,1940.0911603970321,57.095966109972295,0.021773371660502937,0.0008709348664201175,1.3608357287814336e-05,0.28513998407522556,64
MADDPG,0,3072,47,3067,226.90771717416038,3.545433080846256,0.5755189692197566,0.5755189692197566,1397,804,572,0,61.71875,3950.0,4.912935323383085,8.0,804,0.036169063052018065,2314.8200353291563,2256.5616812472203,58.2583540819352,0.019000356042482753,0.0007600142416993101,1.1875222526551721e-05,0.2820577470193365,64
MADDPG,0,3136,48,3131,236.55060228522547,3.696103160706648,0.5918958031837916,0.5918958031837916,1382,818,573,0,59.4375,3804.0,4.65036674816626,7.0,818,0.03282997869482404,2101.1186364687387,2043.4434305406362,57.67520592810343,0.016326590173511644,0.0006530636069404657,1.0204118858444777e-05,0.27888574228665874,64
MADDPG,0,3200,49,3195,269.837870322796,4.216216723793687,0.6227586206896552,0.6227586206896552,1450,903,567,0,64.265625,4113.0,4.554817275747508,7.0,903,0.031825889225300746,2036.8569104192477,1976.0143361883527,60.84257423089615,0.019029393961900974,0.000761175758476039,1.189337122618811e-05,0.2752409079691204,64
MADDPG,0,3264,50,3259,305.2664106692031,4.769787666706298,0.6772058823529412,0.6772058823529412,1360,921,417,0,63.328125,4053.0,4.400651465798045,6.0,921,0.029575463568902817,1892.8296684097802,1833.9303498211673,58.89931858861311,0.01700976729756001,0.0006803906919024004,1.0631104560975006e-05,0.2714904346435583,64
MADDPG,0,3328,51,3323,302.4642860408194,4.726004469387803,0.6466165413533834,0.6466165413533834,1463,946,510,0,66.765625,4273.0,4.516913319238901,7.0,946,0.030009619306316807,1920.6156356042757,1856.8280320477913,63.78760355648463,0.019300136424430816,0.0007720054569772326,1.206258526526926e-05,0.2676712319381602,64
MADDPG,0,3392,52,3387,310.2933914038896,4.848334240685775,0.6830985915492958,0.6830985915492958,1420,970,475,0,66.84375,4278.0,4.410309278350516,6.0,970,0.034474968720455225,2206.3979981091343,2145.5288410443313,60.86915706480201,0.023441817604021996,0.0009376727041608799,1.4651136002513748e-05,0.26380877976199735,64
MADDPG,0,3456,53,3451,263.1482661097144,4.111691657964288,0.6145833333333334,0.6145833333333334,1440,885,549,0,61.9375,3964.0,4.47909604519774,6.7999999999999545,885,0.03127270665235068,2001.4532257504434,1937.851127544485,63.602098205957496,0.020548324807856594,0.0008219329923142638,1.2842703004910372e-05,0.26050495409437113,64
MADDPG,0,3520,54,3515,277.0029442751363,4.328171004299005,0.6316160903316866,0.6316160903316866,1417,895,510,0,64.046875,4099.0,4.579888268156425,6.2999999999999545,895,0.03298796975486492,2111.230064311355,2049.9480052238996,61.2820590874555,0.019856318534128038,0.0007942527413651216,1.2410199083830025e-05,0.25797861434968217,64
MADDPG,0,3584,55,3579,242.55690961770165,3.7899517127765883,0.5982532751091703,0.5982532751091703,1374,822,557,0,60.359375,3863.0,4.699513381995134,8.0,822,0.03090886586637499,1978.1674154479992,1918.8594313329231,59.30798411507579,0.018653247325667265,0.0007461298930266906,1.165827957854204e-05,0.2553811167859049,64
MADDPG,0,3648,56,3643,229.53542335245953,3.58649098988218,0.5837004405286343,0.5837004405286343,1362,795,556,0,56.546875,3619.0,4.552201257861635,7.0,795,0.028618407665259214,1831.5780905765896,1772.0419001383186,59.53619043827071,0.01797432128564279,0.0007189728514257115,1.1233950803526743e-05,0.2525517880737691,64
MADDPG,0,3712,57,3707,291.5835209736521,4.5559925152133145,0.6580829756795422,0.6580829756795422,1398,920,489,0,65.078125,4165.0,4.5271739130434785,6.0,920,0.03169008599179526,2028.1655034748962,1970.956595635162,57.20890783973406,0.01913749356264288,0.0007654997425057151,1.1960933476651799e-05,0.24958218093044937,64
MADDPG,0,3776,58,3771,296.0693012078319,4.626082831372374,0.6635242929659173,0.6635242929659173,1379,915,459,0,65.6875,4204.0,4.594535519125683,7.0,915,0.0340662714263214,2180.2413712845696,2119.2158927978053,61.02547848676432,0.017263547172375666,0.0006905418868950266,1.0789716982734791e-05,0.24660010060796983,64
MADDPG,0,3840,59,3835,205.55916012000296,3.211861876875046,0.5617647058823529,0.5617647058823529,1360,764,600,0,61.265625,3921.0,5.132198952879581,9.0,764,0.0365840954358741,2341.382107895942,2281.624293496385,59.75781439955731,0.01842451142516364,0.0007369804570065457,1.1515319640727277e-05,0.24357709238757086,64
MADDPG,0,3904,60,3899,156.83257610845695,2.45050900169464,0.4914651493598862,0.4914651493598862,1406,691,714,0,60.25,3856.0,5.580318379160636,10.0,691,0.03566331724338841,2282.452303576858,2221.9429308319063,60.50937274495234,0.01986270941350237,0.0007945083765400949,1.2414193383438982e-05,0.24051368691548436,64
MADDPG,0,3968,61,3963,151.924436432819,2.3738193192627968,0.4860614724803431,0.4860614724803431,1399,680,693,0,61.90625,3962.0,5.826470588235294,10.0,680,0.035709968308957216,2285.437971773262,2224.8147517503944,60.623220022866704,0.019479711926691727,0.0007791884770676691,1.217481995418233e-05,0.2372436745948257,64
MADDPG,0,4032,62,4027,117.57015652697743,1.8370336957340223,0.4329268292682927,0.4329268292682927,1476,639,829,0,57.921875,3707.0,5.801251956181534,10.0,639,0.03499121161755751,2239.4375435236807,2174.5366442682853,64.90089925539561,0.019937193044984973,0.0007974877217993989,1.2460745653115608e-05,0.23399505442997504,64
MADDPG,0,4096,63,4091,223.68755983412927,3.49511812240827,0.5886262924667651,0.5886262924667651,1354,797,605,0,63.6875,4076.0,5.114178168130489,9.0,797,0.035463889564775045,2269.688932145603,2211.581022225068,58.10790992053495,0.019910876872717875,0.0007964350749087149,1.244429804544867e-05,0.23057117107594288,64
MADDPG,0,4160,64,4155,217.6871726626288,3.401362072853575,0.565123010130246,0.565123010130246,1382,781,580,0,60.171875,3851.0,4.930857874519846,8.0,781,0.033001908502626326,2112.122144168085,2054.2744869754906,57.84765719259398,0.016672780031981405,0.0006669112012792562,1.0420487519988379e-05,0.22700340753480297,64
MADDPG,0,4224,65,4219,169.9752581928356,2.6558634092630564,0.46820405310971347,0.46820405310971347,1431,670,749,0,47.015625,3009.0,4.491044776119403,7.0,670,0.023217088191432145,1485.8936442516572,1426.7102843958464,59.18335985581047,0.011772699799369074,0.000470907991974763,7.3579373746056715e-06,0.2230902463175342,64
MADDPG,0,4288,66,4283,145.51700741916233,2.2737032409244113,0.4301833568406206,0.4301833568406206,1418,610,801,0,42.8125,2740.0,4.491803278688525,6.0,610,0.02131439980846738,1364.1215877419124,1304.7810893737696,59.3404983681427,0.010142572875932664,0.00040570291503730653,6.3391080474579146e-06,0.21872816578874102,64
MADDPG,0,4352,67,4347,127.67327521863328,1.994894925291145,0.42411347517730497,0.42411347517730497,1410,598,827,0,46.796875,2995.0,5.008361204013378,9.0,598,0.025149445916234223,1609.5645386389904,1549.744831432579,59.8197072064116,0.011435502522371695,0.00045742010089486776,7.147189076482309e-06,0.2144004093278847,64
MADDPG,0,4416,68,4411,111.79797642315674,1.746843381611824,0.43582306018854244,0.43582306018854244,1379,601,767,0,51.53125,3298.0,5.487520798668885,10.0,601,0.026442642736755676,1692.3291351523633,1635.3850547082259,56.94408044413842,0.012344586846052543,0.0004937834738421018,7.71536677878284e-06,0.21047403252505809,64
MADDPG,0,4480,69,4475,124.00149421158127,1.9375233470559574,0.4033557046979866,0.4033557046979866,1490,601,899,0,46.546875,2979.0,4.956738768718802,9.0,601,0.02522233794266198,1614.2296283303667,1552.4180810695373,61.81154726082913,0.011477048363609781,0.0004590819345443913,7.173155227256114e-06,0.20671005016694963,64
MADDPG,0,4544,70,4539,135.9065400380049,2.1235396880938264,0.41978798586572436,0.41978798586572436,1415,594,807,0,43.609375,2791.0,4.698653198653199,7.0,594,0.022540980377005988,1442.6227441283831,1384.1246063783099,58.4981377500728,0.009723956996865266,0.00038895827987461064,6.077473123040791e-06,0.20262281148860375,64
MADDPG,0,4608,71,4603,160.4723510181687,2.507380484658886,0.46203904555314534,0.46203904555314534,1383,639,750,0,46.703125,2989.0,4.677621283255086,7.0,639,0.02331083823213918,1491.8936468569075,1432.9855676696304,58.9080791872773,0.01058905647914366,0.0004235622591657464,6.618160299464788e-06,0.1987892326677383,64
MADDPG,0,4672,72,4667,148.16852045529888,2.315133132114045,0.4592057761732852,0.4592057761732852,1385,636,768,0,48.59375,3110.0,4.889937106918239,8.0,636,0.0271291969974317,1736.268607835629,1677.3249667562627,58.943641079366294,0.012549526647864519,0.0005019810659145807,7.843454154915324e-06,0.19535250690663292,64
MADDPG,0,4736,73,4731,211.8558357029971,3.3102474328593297,0.5585651537335286,0.5585651537335286,1366,763,606,0,58.265625,3729.0,4.8872870249017035,8.0,763,0.0317756909675075,2033.6442219204798,1977.3994335673822,56.24478835309846,0.014089977895319374,0.000563599115812775,8.806236184574609e-06,0.1921557778410084,64
MADDPG,0,4800,74,4795,230.85687628712023,3.6071386919862536,0.5644937586685159,0.5644937586685159,1442,814,610,0,64.953125,4157.0,5.106879606879607,8.0,814,0.036562879641860266,2340.024297079057,2278.8680225261305,61.156274552925275,0.016986696041571832,0.0006794678416628733,1.0616685025982395e-05,0.18965689572674424,64
MADDPG,0,4864,75,4859,150.61560303770028,2.353368797464067,0.4690831556503198,0.4690831556503198,1407,660,739,0,52.875,3384.0,5.127272727272727,9.0,660,0.028722949570462224,1838.2687725095823,1783.5256265549244,54.74314595465812,0.012275747669661004,0.0004910299067864401,7.672342293538127e-06,0.18701727566660936,64
MADDPG,0,4928,76,4923,124.65643845448562,1.9477568508513379,0.43964886613021215,0.43964886613021215,1367,601,788,0,47.5,3040.0,5.058236272878536,9.0,601,0.026229084650599022,1678.6614176383375,1626.1397796416409,52.52163799669642,0.011094029717004968,0.0004437611886801987,6.933768573128105e-06,0.18394187865871758,64
MADDPG,0,4992,77,4987,176.03929209205813,2.7506139389384083,0.49647390691114246,0.49647390691114246,1418,704,674,0,57.921875,3707.0,5.265625,9.0,704,0.0348705444211582,2231.714842954125,2176.691504197201,55.02333875692532,0.014506023759122494,0.0005802409503648997,9.066264849451558e-06,0.18083603406725127,64
MADDPG,0,5056,78,5051,214.77176780726433,3.355808871988505,0.5529081990189209,0.5529081990189209,1427,789,633,0,70.296875,4499.0,5.702154626108999,10.0,789,0.038584037249075546,2469.378383940835,2414.1176785562375,55.26070538459671,0.015864320013292667,0.0006345728005317067,9.915200008307917e-06,0.1783540811447026,64
MADDPG,0,5120,79,5115,126.77875244063382,1.9809180068849035,0.43952180028129395,0.43952180028129395,1422,625,796,0,55.96875,3582.0,5.7312,10.0,625,0.03348712020452984,2143.1756930899096,2086.8142952837075,56.36139780620182,0.01487734051657941,0.0005950936206631764,9.298337822862132e-06,0.1759370660815352,64
MADDPG,0,5184,80,5179,133.75064283399388,2.0898537942811544,0.45384073291050037,0.45384073291050037,1419,644,785,0,53.21875,3406.0,5.288819875776397,9.0,644,0.030347550592818517,1942.2432379403851,1888.2364287662176,54.00680917416715,0.012859457141920296,0.0005143782856768119,8.037160713700185e-06,0.17323474694251745,64
MADDPG,0,5248,81,5243,163.57996728113693,2.5559369887677645,0.4918032786885246,0.4918032786885246,1403,690,733,0,60.515625,3873.0,5.613043478260869,10.0,690,0.03474492411144375,2223.6751431323996,2171.533711121724,52.141432010675295,0.011908257395587327,0.0004763302958234931,7.44266087224208e-06,0.17010490064840106,64
MADDPG,0,5312,82,5307,192.930396100908,3.0145374390766877,0.5358187134502924,0.5358187134502924,1368,733,627,0,61.8125,3956.0,5.39699863574352,9.0,733,0.03455903994889914,2211.778556729545,2156.2805409823313,55.49801574721381,0.015681511813518973,0.0006272604725407589,9.800944883449359e-06,0.16704508243002797,64
MADDPG,0,5376,83,5371,161.1530301582018,2.518016096221903,0.4960231381055676,0.4960231381055676,1383,686,694,0,60.109375,3847.0,5.607871720116618,10.0,686,0.03425280638311958,2192.1796085196534,2135.4112909240603,56.768317595592364,0.015836671787892567,0.0006334668715157027,9.897919867432854e-06,0.1645168062785112,64
MADDPG,0,5440,84,5435,194.270502655922,3.0354766039987813,0.5372604684173172,0.5372604684173172,1409,757,680,0,62.171875,3979.0,5.256274768824307,9.0,757,0.038200548274778034,2444.8350895857943,2388.719063857811,56.116025727983654,0.01654767518711755,0.000661907007484702,1.0342296991948468e-05,0.16339203305621686,64
MADDPG,0,5504,85,5499,202.10687027568096,3.157919848057515,0.5466377440347071,0.5466377440347071,1383,756,603,0,62.796875,4019.0,5.3161375661375665,9.0,756,0.035542259669593165,2274.7046188539625,2218.8761862603506,55.82843259361235,0.016696016574695206,0.0006678406629878083,1.0435010359184504e-05,0.1624139157006505,64
MADDPG,0,5568,86,5563,182.11376594946643,2.845527592960413,0.5183850036049027,0.5183850036049027,1387,719,671,0,60.078125,3845.0,5.347705146036161,9.0,719,0.03627289682007858,2321.465396485029,2264.9328459716935,56.53255051333585,0.01499811548315108,0.0005999246193260432,9.373822176969425e-06,0.16119697748353837,64
MADDPG,0,5632,87,5627,174.89258038444856,2.732696568507009,0.5020661157024794,0.5020661157024794,1452,729,733,0,63.3125,4052.0,5.558299039780521,10.0,729,0.03825533168446205,2448.341227805571,2391.478654371975,56.86257343359647,0.015150647484416623,0.0006060258993766649,9.469154677760389e-06,0.1597926420089122,64
MADDPG,0,5696,88,5691,201.05410614047906,3.1414704084449854,0.55,0.55,1380,759,617,0,63.0625,4036.0,5.317523056653491,9.0,759,0.034835099034377134,2229.446338200137,2174.1110716132685,55.335266586869004,0.01633134796459601,0.0006532539185838404,1.0207092477872506e-05,0.15876256455034649,64
MADDPG,0,5760,89,5755,192.75105482391442,3.0117352316236627,0.5359154929577464,0.5359154929577464,1420,761,664,0,62.578125,4005.0,5.26281208935611,9.0,761,0.03824697664146408,2447.806505053701,2386.7372173081967,61.06928774550413,0.018566561442247876,0.000742662457689915,1.1604100901404922e-05,0.15824045808579434,64
MADDPG,0,5824,90,5819,228.38340291727707,3.568490670582454,0.5855263157894737,0.5855263157894737,1368,801,570,0,64.265625,4113.0,5.134831460674158,8.0,801,0.037047153091657035,2371.0177978660504,2315.5824451327567,55.43535273329387,0.017645465777823062,0.0007058186311129225,1.1028416111139415e-05,0.1575853660149925,64
MADDPG,0,5888,91,5883,198.43800861893487,3.1005938846708574,0.541757443718228,0.541757443718228,1377,746,615,0,64.46875,4126.0,5.53083109919571,9.0,746,0.03408996362880571,2181.7576722435656,2126.6540775912613,55.10359465230428,0.015795618778963225,0.000631824751158529,9.872261736852015e-06,0.15682846033349918,64
MADDPG,0,5952,92,5947,189.52364754325026,2.9613069928632854,0.5129224652087475,0.5129224652087475,1509,774,729,0,66.0,4224.0,5.457364341085271,9.0,774,0.03788977086674726,2424.945335471825,2360.7561688121855,64.18916665963945,0.018831272632344527,0.0007532509052937811,1.176954539521533e-05,0.1564511979481771,64
MADDPG,0,6016,93,6011,169.4615980981615,2.6478374702837733,0.5071633237822349,0.5071633237822349,1396,708,693,0,60.0625,3844.0,5.429378531073446,9.0,708,0.033928960569821635,2171.4534764685845,2114.26050301677,57.192973451814595,0.017448000464085574,0.0006979200185634229,1.0905000290053483e-05,0.1564317733356549,64
MADDPG,0,6080,94,6075,122.01115519035751,1.9064242998493361,0.45113886847905954,0.45113886847905954,1361,614,761,0,53.421875,3419.0,5.568403908794788,10.0,614,0.031365625636572005,2007.4000407406081,1950.7667378919168,56.633302848690654,0.014923469917178066,0.0005969387966871226,9.32716869823629e-06,0.15609165994087332,64
MADDPG,0,6144,95,6139,187.55388713896957,2.9305294865463996,0.525,0.525,1440,756,688,0,64.40625,4122.0,5.4523809523809526,9.0,756,0.039845605327323036,2550.1187409486743,2491.5218333347666,58.59690761390783,0.019666524109375735,0.0007866609643750294,1.2291577568359834e-05,0.15651189656728068,64
MADDPG,0,6208,96,6203,219.7890143727049,3.4342033495735143,0.5595238095238095,0.5595238095238095,1428,799,612,0,65.65625,4202.0,5.259073842302879,9.0,799,0.039980943328144364,2558.7803730012392,2500.312237959017,58.46813504222247,0.018969094322970968,0.0007587637729188387,1.1855683951856855e-05,0.15708765988581705,64
MADDPG,0,6272,97,6267,123.67171978185763,1.9323706215915255,0.4409221902017291,0.4409221902017291,1388,612,782,0,52.25,3344.0,5.4640522875816995,9.0,612,0.030877915416784057,1976.1865866741796,1923.533191122368,52.65339555181136,0.012486018015131424,0.000499440720605257,7.80376125945714e-06,0.1571209242527271,64
MADDPG,0,6336,98,6331,165.4754694020931,2.5855542094077046,0.47950819672131145,0.47950819672131145,1464,702,745,0,59.015625,3777.0,5.380341880341881,9.0,702,0.03400270553191752,2176.1731540427213,2116.42287269777,59.75028134495192,0.014507195178063025,0.000580287807122521,9.066996986289391e-06,0.15666780672239175,64
MADDPG,0,6400,99,6395,208.51474564732825,3.258042900739504,0.5682492581602374,0.5682492581602374,1348,766,600,0,63.53125,4066.0,5.308093994778068,9.0,766,0.03658590059913105,2341.4976383443873,2287.900509330278,53.59712901410923,0.01603393569873459,0.0006413574279493837,1.002120981170912e-05,0.1561148332943934,64
MADDPG,0,6464,100,6459,208.72302181862847,3.26129721591607,0.5640648011782032,0.5640648011782032,1358,766,606,0,63.3125,4052.0,5.289817232375979,9.0,766,0.03550969138907899,2272.620248901055,2218.3811366697328,54.239112231323716,0.015373743146285064,0.0006149497258514026,9.608589466428165e-06,0.15557295028370194,64
MADDPG,0,6528,101,6523,188.9879003001355,2.952935942189617,0.5202513966480447,0.5202513966480447,1432,745,677,0,61.5625,3940.0,5.2885906040268456,9.0,745,0.03479221491786696,2226.7017547434853,2166.987412989003,59.714341754482476,0.016574402796173573,0.000662976111846943,1.0359001747608484e-05,0.15544689899872227,64
MADDPG,0,6592,102,6587,212.1076480857443,3.3141820013397547,0.546831955922865,0.546831955922865,1452,794,655,0,62.625,4008.0,5.047858942065491,8.0,794,0.03387168496863778,2167.787837992818,2106.4326682328924,61.35516975992578,0.015524738322943748,0.0006209895329177499,9.702961451839843e-06,0.15549872430725786,64
MADDPG,0,6656,103,6651,183.7279457247755,2.8707491519496173,0.5146036161335188,0.5146036161335188,1438,740,695,0,60.390625,3865.0,5.222972972972973,9.0,740,0.033969263913631656,2174.032890472426,2115.090469915206,58.94242055721943,0.01555832871247959,0.0006223331484991836,9.723955445299744e-06,0.15572193268727952,64
MADDPG,0,6720,104,6715,128.5086151880442,2.0079471123131905,0.44903777619387025,0.44903777619387025,1403,630,773,0,52.015625,3329.0,5.284126984126984,9.0,630,0.029313822343671695,1876.0846299949885,1813.9414137436884,62.143216251300736,0.012811998836196343,0.0005124799534478537,8.007499272622714e-06,0.15544497273997607,64
MADDPG,0,6784,105,6779,157.64183802172357,2.463153719089431,0.495964783565664,0.495964783565664,1363,676,693,0,58.90625,3770.0,5.576923076923077,10.0,676,0.03337833819187287,2136.2136442798637,2076.4018051793737,59.81183910048902,0.014415882236354184,0.0005766352894541674,9.009926397721365e-06,0.15552442521470136,64
MADDPG,0,6848,106,6843,181.9950270077871,2.8436722969966732,0.5140252454417953,0.5140252454417953,1426,733,688,0,60.015625,3841.0,5.240109140518418,9.0,733,0.035178279937252796,2251.409915984179,2190.358397784907,61.05151819927092,0.01674438713317516,0.0006697754853270065,1.0465241958234477e-05,0.15588686300363117,64
MADDPG,0,6912,107,6907,139.49895905172457,2.1796712351831964,0.48236196319018404,0.48236196319018404,1304,629,694,0,52.625,3368.0,5.354531001589825,9.0,629,0.030561040104363855,1955.9065666792867,1902.9017469065684,53.0048197727196,0.014378154137104502,0.0005751261654841801,8.986346335690314e-06,0.15586456494280415,64
MADDPG,0,6976,108,6971,169.6954750564006,2.6514917977562593,0.5,0.5,1384,692,683,0,57.328125,3669.0,5.3020231213872835,9.0,692,0.03309719760582206,2118.220646772612,2058.761472368542,59.45917440406929,0.014273313355349905,0.0005709325342139962,8.92082084709369e-06,0.1556352659975676,64
MADDPG,0,7040,109,7035,150.56858354390963,2.352634117873588,0.47585724282715186,0.47585724282715186,1429,680,732,0,57.890625,3705.0,5.448529411764706,9.049999999999955,680,0.034638376125892385,2216.8560720571127,2154.5926691306636,62.26340292644853,0.01438236551747942,0.0005752946206991768,8.988978448424638e-06,0.154959300700785,64
MADDPG,0,7104,110,7099,165.81555443262585,2.590868038009779,0.5051020408163265,0.5051020408163265,1372,693,697,0,57.6875,3692.0,5.327561327561328,9.0,693,0.03424122439154504,2191.4383610588825,2133.4428295733114,57.99553148557113,0.01359208648324989,0.0005436834593299956,8.495054052031181e-06,0.15408562352975358,64
MADDPG,0,7168,111,7163,160.9907769186314,2.515480889353616,0.4974471188913202,0.4974471188913202,1371,682,684,0,55.25,3536.0,5.18475073313783,9.0,682,0.032063372557915186,2052.055843706572,1992.3906524070617,59.66519129950979,0.012463815655967915,0.0004985526262387166,7.789884784979946e-06,0.15294223707424776,64
MADDPG,0,7232,112,7227,120.29182381682106,1.8795597471378291,0.4396914446002805,0.4396914446002805,1426,627,780,0,57.515625,3681.0,5.8708133971291865,10.0,627,0.034767447777664225,2225.1166577705103,2160.6910198320456,64.42563793846391,0.014442188921634937,0.0005776875568653974,9.026368076021835e-06,0.15259981313164253,64
MADDPG,0,7296,113,7291,169.04295756323774,2.6412962119255896,0.4937673130193906,0.4937673130193906,1444,713,737,0,60.09375,3846.0,5.394109396914446,9.0,713,0.03737314848934345,2391.881503317981,2323.9493104675116,67.9321928504693,0.015308051987483452,0.0006123220794993381,9.567532492177158e-06,0.15293609173227884,64
MADDPG,0,7360,114,7355,152.45712862522157,2.382142634769087,0.47750362844702465,0.47750362844702465,1378,658,714,0,56.546875,3619.0,5.5,9.0,658,0.033318557894734036,2132.387705262978,2073.4000261957353,58.987679067243036,0.011120099710857829,0.00044480398843431315,6.950062319286143e-06,0.15305956621444022,64
MADDPG,0,7424,115,7419,94.4950398529831,1.476484997702861,0.4026610644257703,0.4026610644257703,1428,575,868,0,50.453125,3229.0,5.615652173913044,9.0,575,0.02712130639480242,1735.763609267355,1675.8766333423566,59.88697592499877,0.009377599466776377,0.00037510397867105506,5.860999666735235e-06,0.1532555198500049,64
MADDPG,0,7488,116,7483,143.4449701166646,2.2413276580728843,0.46061036195883603,0.46061036195883603,1409,649,737,0,59.046875,3779.0,5.822804314329738,10.0,649,0.035073190245514044,2244.6841757128987,2183.476026800403,61.20814891249612,0.012404031290903691,0.0004961612516361476,7.752519556814807e-06,0.1535313119331136,64
MADDPG,0,7552,117,7547,150.54213612526476,2.352220876957262,0.49407407407407405,0.49407407407407405,1350,667,717,0,57.421875,3675.0,5.509745127436282,10.0,667,0.03468436227864825,2219.7991858334876,2161.5102215786737,58.28896425481365,0.01333698576787371,0.0005334794307149484,8.335616104921069e-06,0.15355869122085516,64
MADDPG,0,7616,118,7611,142.5583408219042,2.2274740753422533,0.4592901878914405,0.4592901878914405,1437,660,776,0,56.1875,3596.0,5.448484848484848,10.0,660,0.031307339963265374,2003.6697576489837,1942.102663763092,61.5670938858916,0.0128284468438723,0.000513137873754892,8.017779277420187e-06,0.1542284809461232,64
MADDPG,0,7680,119,7675,239.65913547613337,3.744673991814584,0.6017830609212481,0.6017830609212481,1346,810,548,0,61.40625,3930.0,4.851851851851852,8.0,810,0.03530777187539547,2259.6974000253103,2203.460094327274,56.23730569803618,0.013234234969329798,0.0005293693987731919,8.271396855831123e-06,0.1547557748913386,64
MADDPG,0,7744,120,7739,190.32229626458962,2.973785879134213,0.5287272727272727,0.5287272727272727,1375,727,611,0,58.375,3736.0,5.1389270976616235,9.0,727,0.035283082897664395,2258.117305450521,2197.9735027622296,60.14380268829119,0.015288398109307943,0.0006115359243723177,9.555248818317464e-06,0.1549913811072995,64
MADDPG,0,7808,121,7803,129.28241211791993,2.020037689342499,0.4459753444525018,0.4459753444525018,1379,615,764,0,53.546875,3427.0,5.572357723577236,10.0,615,0.03065280896372133,1961.779773678165,1900.3850740986968,61.39469957946829,0.012348109770524267,0.0004939243908209707,7.717568606577667e-06,0.15482274388751857,64
MADDPG,0,7872,122,7867,153.97270859683334,2.405823571825521,0.47655703289013296,0.47655703289013296,1429,681,753,0,57.875,3704.0,5.439060205580029,10.0,681,0.035077262997047026,2244.94483181101,2185.025193259884,59.91963855112681,0.013574873554920715,0.0005429949421968286,8.484295971825446e-06,0.15434603824792936,64
MADDPG,0,7936,123,7931,202.40547630031654,3.162585567192446,0.5387931034482759,0.5387931034482759,1392,750,638,0,61.5625,3940.0,5.253333333333333,9.0,750,0.036855964721967435,2358.7817422059156,2298.6863311737134,60.095411032201504,0.013765366030714155,0.0005506146412285662,8.603353769196346e-06,0.1539862173955821,64
MADDPG,0,8000,124,7995,118.59136869513677,1.852990135861512,0.43004115226337447,0.43004115226337447,1458,627,842,0,54.921875,3515.0,5.606060606060606,10.0,627,0.03172205863747514,2030.2117527984087,1966.9661096469,63.24564315150827,0.012970989073361017,0.0005188395629344407,8.106868170850636e-06,0.15389633547371445,64
MADDPG,0,8064,125,8059,79.94767328225696,1.249182395035265,0.3863150392017106,0.3863150392017106,1403,542,857,0,46.96875,3006.0,5.546125461254612,9.949999999999932,542,0.030569468206287413,1956.4459652023945,1894.002191217589,62.44377398480528,0.013241699469848978,0.0005296679787939591,8.276062168655611e-06,0.15355778733588527,64
MADDPG,0,8128,126,8123,209.81713237641588,3.278392693381498,0.5626801152737753,0.5626801152737753,1388,781,642,0,64.859375,4151.0,5.314980793854033,9.0,781,0.03791315396575754,2426.441853808483,2367.58795942965,58.85389437883358,0.017627998056963558,0.0007051199222785423,1.1017498785602224e-05,0.1540654796097385,64
MADDPG,0,8192,127,8187,221.9547853620137,3.468043521281464,0.5629090909090909,0.5629090909090909,1375,774,550,0,63.453125,4061.0,5.246770025839793,9.0,774,0.03739131329742571,2393.0440510352455,2336.5137081442836,56.530342890960654,0.014131574640352298,0.0005652629856140919,8.832234150220187e-06,0.15427949762692741,64
MADDPG,0,8256,128,8251,176.21807488380767,2.753407420059495,0.5136887608069164,0.5136887608069164,1388,713,699,0,59.046875,3779.0,5.300140252454418,9.0,713,0.032880274764715875,2104.337584941816,2046.5822993842203,57.75528555759649,0.011891174105412912,0.00047564696421651645,7.4319838158830695e-06,0.15419087943579263,64
MADDPG,0,8320,129,8315,213.1695273616903,3.330773865026411,0.5532670454545454,0.5532670454545454,1408,779,623,0,61.78125,3954.0,5.075738125802311,8.099999999999909,779,0.035140546940970074,2248.995004222085,2191.966232157428,57.02877206465744,0.013043200734286681,0.0005217280293714672,8.152000458929175e-06,0.15402562398315944,64
MADDPG,0,8384,130,8379,156.13559261124615,2.439618634550721,0.4941348973607038,0.4941348973607038,1364,674,694,0,58.140625,3721.0,5.5207715133531154,9.0,674,0.03381946436684705,2164.4457194782112,2106.4887520665543,57.95696741165598,0.012959892260009554,0.0005183956904003822,8.099932662505972e-06,0.15434095878118295,64
MADDPG,0,8448,131,8443,192.70438531335046,3.011006020521101,0.5372076541459957,0.5372076541459957,1411,758,658,0,64.0625,4100.0,5.408970976253298,9.0,758,0.04010551325933948,2566.752848597727,2508.6613354140445,58.09151318368245,0.01491739927606233,0.0005966959710424932,9.323374547538957e-06,0.15449768144586215,64
MADDPG,0,8512,132,8507,204.02410123976256,3.18787658187129,0.5330490405117271,0.5330490405117271,1407,750,625,0,60.640625,3881.0,5.174666666666667,9.0,750,0.03627956796996543,2321.892350077788,2264.136312219487,57.75603785830044,0.012533256427883,0.00050133025711532,7.833285267426874e-06,0.15507020411120556,64
MADDPG,0,8576,133,8571,151.98599730573903,2.3747812079021724,0.4902102973168963,0.4902102973168963,1379,676,734,0,59.796875,3827.0,5.661242603550296,10.0,676,0.033937367498317515,2171.991519892321,2115.0250851365663,56.96643475575567,0.011375177508811523,0.00045500710035246094,7.109485943007202e-06,0.15516313705539725,64
MADDPG,0,8640,134,8635,189.43319053389885,2.9598936020921696,0.5149617258176757,0.5149617258176757,1437,740,673,0,62.40625,3994.0,5.397297297297297,9.0,740,0.03638269765219503,2328.492649740482,2270.010363437676,58.482286302805434,0.01405695633217348,0.0005622782532869392,8.785597707608425e-06,0.15492074835789893,64
MADDPG,0,8704,135,8699,182.61678005212025,2.853387188314379,0.5205965909090909,0.5205965909090909,1408,733,688,0,60.515625,3873.0,5.283765347885402,9.0,733,0.03636593956491669,2327.420132154668,2268.721453537795,58.69867861687386,0.014160368732659677,0.0005664147493063871,8.850230457912299e-06,0.15454052150270703,64
MADDPG,0,8768,136,8763,199.93135467757895,3.123927416837171,0.5536639526276832,0.5536639526276832,1351,748,612,0,63.03125,4034.0,5.393048128342246,9.0,748,0.03715922943643132,2378.1906839316043,2322.1051863154826,56.08549761612016,0.013590263061776455,0.0005436105224710582,8.493914413610284e-06,0.15434350432916893,64
MADDPG,0,8832,137,8827,163.8711762012715,2.5604871281448673,0.486013986013986,0.486013986013986,1430,695,713,0,57.640625,3689.0,5.307913669064749,9.0,695,0.034018954656457184,2177.2130980132597,2118.025773699647,59.18732431361217,0.013632622962804285,0.0005453049185121714,8.520389351752678e-06,0.15458823865282106,64
MADDPG,0,8896,138,8891,152.33277359887614,2.3801995874824398,0.4779874213836478,0.4779874213836478,1431,684,756,0,57.28125,3666.0,5.359649122807017,9.0,684,0.0330531655005697,2115.4025920364606,2054.748960061933,60.65363197452746,0.013625685878994986,0.0005450274351597995,8.516053674371867e-06,0.15532577506914275,64
MADDPG,0,8960,139,8955,142.91887688478198,2.2331074513247184,0.4779735682819383,0.4779735682819383,1362,651,721,0,55.1875,3532.0,5.425499231950845,9.0,651,0.03299679474404227,2111.794863618705,2055.9790158003034,55.815847818401444,0.012600583499936492,0.0005040233399974597,7.875364687460308e-06,0.15583526934978595,64
MADDPG,0,9024,140,9019,160.9495040159087,2.5148360002485735,0.4836692147324531,0.4836692147324531,1439,696,749,0,58.921875,3771.0,5.418103448275862,9.0,696,0.03415477681830857,2185.9057163717484,2126.188875887243,59.716840484506235,0.013906950753221443,0.0005562780301288577,8.691844220763402e-06,0.15599710480471063,64
MADDPG,0,9088,141,9083,179.51582934178947,2.8049348334654605,0.5246636771300448,0.5246636771300448,1338,702,650,0,56.71875,3630.0,5.170940170940171,9.0,702,0.03321673737811083,2125.871192199093,2070.1379734374527,55.73321876164042,0.013737983145284481,0.0005495193258113792,8.5862394658028e-06,0.15592740826046353,64
MADDPG,0,9152,142,9147,195.07641948028413,3.0480690543794395,0.537463976945245,0.537463976945245,1388,746,633,0,60.203125,3853.0,5.164879356568365,9.0,746,0.03733050311298586,2389.152199231095,2330.805835577003,58.346363654092556,0.016494678910044094,0.0006597871564017637,1.0309174318777558e-05,0.15571255382109328,64
MADDPG,0,9216,143,9211,159.360471654943,2.4900073696084846,0.48467569493941554,0.48467569493941554,1403,680,714,0,57.09375,3654.0,5.373529411764705,9.0,680,0.03068768249368396,1964.0116795957733,1905.0886336723752,58.923045923397666,0.013944645774754806,0.0005577858309901922,8.715403609221754e-06,0.15565713816941423,64
MADDPG,0,9280,144,9275,164.50030507288312,2.570317266763799,0.48802190280629704,0.48802190280629704,1461,713,745,0,57.921875,3707.0,5.199158485273492,9.0,713,0.03423564002341903,2191.080961498818,2130.732602464248,60.34835903457107,0.014596676954454732,0.0005838670781781892,9.122923096534207e-06,0.1556167256119596,64
MADDPG,0,9344,145,9339,181.53404087460464,2.8364693886656975,0.5283714075165807,0.5283714075165807,1357,717,642,0,57.875,3704.0,5.165969316596931,9.0,717,0.03373916793380799,2159.3067477637114,2102.4111767477793,56.89557101593273,0.01512421585851271,0.0006049686343405084,9.452634911570444e-06,0.15543732952157946,64
MADDPG,0,9408,146,9403,149.07438651433569,2.329287289286495,0.4625706214689266,0.4625706214689266,1416,655,737,0,54.9375,3516.0,5.36793893129771,9.0,655,0.029906552367413596,1914.0193515144701,1855.8607165684332,58.158634946037864,0.013563742956635148,0.0005425497182654059,8.477339347896968e-06,0.15478229353760503,64
MADDPG,0,9472,147,9467,135.27954836551092,2.113742943211108,0.45343839541547276,0.45343839541547276,1396,633,780,0,51.71875,3310.0,5.229067930489731,9.0,633,0.027796740647211497,1778.9914014215358,1721.2525885437078,57.738812877827655,0.011622633982118637,0.00046490535928474545,7.264146238824148e-06,0.15387860877525378,64
MADDPG,0,9536,148,9531,166.31535593093224,2.5986774364208163,0.4932287954383464,0.4932287954383464,1403,692,692,0,57.9375,3708.0,5.358381502890174,10.0,692,0.03321677392492275,2125.873531195056,2067.603446725793,58.27008446926208,0.014626443720948026,0.0005850577488379211,9.141527325592517e-06,0.1526684103671868,64
MADDPG,0,9600,149,9595,162.8532290493438,2.544581703895997,0.501412429378531,0.501412429378531,1416,710,733,0,60.21875,3854.0,5.428169014084507,9.0,710,0.034570374103996875,2212.5039426558,2153.804591041207,58.69935161459374,0.01610769669046445,0.000644307867618578,1.0067310431540281e-05,0.15211910835290388,64
MADDPG,0,9664,150,9659,165.37362317643954,2.5839628621318678,0.49856527977044474,0.49856527977044474,1394,695,701,0,56.046875,3587.0,5.16115107913669,9.0,695,0.03340422124712512,2137.8701598160073,2080.9806331177374,56.88952669827052,0.015178808106427579,0.0006071523242571032,9.486755066517237e-06,0.15234394795149608,64
MADDPG,0,9728,151,9723,153.27838346616727,2.3949747416588636,0.46552949538024163,0.46552949538024163,1407,655,732,0,51.8125,3316.0,5.062595419847328,8.0,655,0.031437025461942325,2011.969629564309,1953.3460901018566,58.62353946245204,0.013935890340443157,0.0005574356136177263,8.709931462776973e-06,0.15215817362959932,64
MADDPG,0,9792,152,9787,184.4783423513469,2.8824740992397953,0.5422960725075529,0.5422960725075529,1324,718,634,0,60.65625,3882.0,5.406685236768802,9.0,718,0.03763666408860082,2408.7465016704527,2352.4846909582784,56.26181071217339,0.017571095002581822,0.0007028438001032729,1.0981934376613639e-05,0.15182858382783504,64
MADDPG,0,9856,153,9851,102.15723419698867,1.596206784327948,0.39956958393113345,0.39956958393113345,1394,557,823,0,45.53125,2914.0,5.231597845601437,9.0,557,0.025050364928069235,1603.223355396431,1543.655003820345,59.568351576085405,0.011321952383399924,0.00045287809533599695,7.076220239624952e-06,0.15103923281530005,64
MADDPG,0,9920,154,9915,120.5685055404185,1.883882899069039,0.45461309523809523,0.45461309523809523,1344,611,734,0,54.21875,3470.0,5.6792144026186575,10.0,611,0.030494565330590747,1951.6521811578077,1895.4724761410293,56.17970501677763,0.014479886222335227,0.0005791954488934091,9.049928888959517e-06,0.14974989310035677,64
MADDPG,0,9984,155,9979,116.20381400737648,1.8156845938652575,0.43745583038869257,0.43745583038869257,1415,619,795,0,57.296875,3667.0,5.924071082390953,10.0,619,0.03361292168272308,2151.2269876942773,2092.5114755862382,58.71551210803888,0.016122319097185405,0.0006448927638874162,1.0076449435740878e-05,0.1488821311170012,64
MADDPG,0,10048,156,10043,135.15797445170895,2.1118433508079524,0.45663082437275987,0.45663082437275987,1395,637,746,0,57.3125,3668.0,5.758241758241758,10.0,637,0.03521873015780853,2253.998730099746,2194.8574893329296,59.141240766816104,0.016804811179399134,0.0006721924471759654,1.0503006987124459e-05,0.14939243870242624,64
MADDPG,0,10112,157,10107,105.88685278951651,1.6544820748361955,0.42248603351955305,0.42248603351955305,1432,605,832,0,53.703125,3437.0,5.68099173553719,10.0,605,0.0335916242991266,2149.8639551441024,2089.348015868072,60.515939276030814,0.01670317353676965,0.000668126941470786,1.0439483460481031e-05,0.15019442424570345,64
MADDPG,0,10176,158,10171,148.39685812194665,2.3187009081554164,0.4840764331210191,0.4840764331210191,1413,684,747,0,61.484375,3935.0,5.752923976608187,10.0,684,0.038727196356573394,2478.540566820697,2418.765239596301,59.775327224396285,0.02107792803129221,0.0008431171212516885,1.3173705019557633e-05,0.1513791314669854,64
MADDPG,0,10240,159,10235,167.05330669303214,2.610207917078627,0.527714502657555,0.527714502657555,1317,695,633,0,60.0625,3844.0,5.530935251798561,9.0,695,0.03591939045613554,2298.8409891926744,2244.626857662692,54.21413152998147,0.019939802695324617,0.0007975921078129846,1.2462376684577885e-05,0.15247266625854997,64
MADDPG,0,10304,160,10299,180.2397019751632,2.816245343361925,0.5319465081723626,0.5319465081723626,1346,716,625,0,61.03125,3906.0,5.455307262569832,9.0,716,0.03580088261143448,2291.256487131807,2236.131537400762,55.12494973104397,0.02038079672397025,0.0008152318689588101,1.2737997952481408e-05,0.1530699962597813,64
MADDPG,0,10368,161,10363,169.13142376346946,2.6426784963042103,0.5110619469026548,0.5110619469026548,1356,693,643,0,56.4375,3612.0,5.212121212121212,9.0,693,0.03511545797565377,2247.389310441841,2190.735641150162,56.653669291679606,0.02103283573521358,0.0008413134294085432,1.3145522334508488e-05,0.15338366526520805,64
MADDPG,0,10432,162,10427,154.29619675287194,2.410878074263624,0.48210526315789476,0.48210526315789476,1425,687,702,0,57.6875,3692.0,5.374090247452693,9.0,687,0.036531561620379245,2338.0199437042716,2278.194126483127,59.82581722114383,0.022719014619935578,0.000908760584797423,1.4199384137459735e-05,0.1532655917383337,64
MADDPG,0,10496,163,10491,105.56015892099494,1.6493774831405459,0.4211590296495957,0.4211590296495957,1484,625,884,0,55.546875,3555.0,5.688,10.0,625,0.03373238307849816,2158.872517023882,2095.8560567802206,63.016460243660575,0.02101367406352109,0.0008405469625408436,1.3133546289700682e-05,0.1528574805435201,64
MADDPG,0,10560,164,10555,110.6044024683153,1.7281937885674266,0.4357388316151203,0.4357388316151203,1455,634,830,0,56.453125,3613.0,5.698738170347003,10.0,634,0.03288789153164301,2104.8250580251524,2044.4210421900652,60.40401583508803,0.019657484265674735,0.0007862993706269893,1.2285927666046709e-05,0.1520251815715538,64
MADDPG,0,10624,165,10619,127.35749549352235,1.9899608670862867,0.4624561403508772,0.4624561403508772,1425,659,787,0,60.34375,3862.0,5.860394537177542,10.0,659,0.03607923792427161,2309.071227153383,2249.5097944907766,59.561432662606755,0.02271776697725949,0.0009087106790903795,1.419860436078718e-05,0.151239686590331,64
MADDPG,0,10688,166,10683,149.0795883749734,2.3293685683589596,0.5003750937734434,0.5003750937734434,1333,667,643,0,58.640625,3753.0,5.626686656671664,10.0,667,0.03746539489472225,2397.7852732622237,2343.117242805672,54.66803045655148,0.02572751203498809,0.0010291004813995236,1.6079695021867556e-05,0.15148227614941237,64
MADDPG,0,10752,167,10747,128.86405234167708,2.0135008178387044,0.45359385903698535,0.45359385903698535,1433,650,779,0,55.609375,3559.0,5.475384615384615,10.0,650,0.0343129197257137,2196.026862445677,2137.1447560315287,58.88210641414792,0.023690316096305016,0.0009476126438522006,1.4806447560190635e-05,0.15208044528303089,64
MADDPG,0,10816,168,10811,126.21043176969752,1.9720379964015238,0.4624113475177305,0.4624113475177305,1410,652,752,0,57.859375,3703.0,5.679447852760736,10.0,652,0.03438388069275203,2200.56836433613,2143.0257876050955,57.54257673103362,0.023683872672267396,0.0009473549068906959,1.4802420420167123e-05,0.15261310299691333,64
MADDPG,0,10880,169,10875,60.435513392586,0.9443048967591563,0.36899119837508465,0.36899119837508465,1477,545,938,0,49.9375,3196.0,5.864220183486238,10.0,545,0.029507279196022206,1888.4658685454212,1826.030538461296,62.4353300841255,0.019152891072960015,0.0007661156429184006,1.197055692060001e-05,0.1537090117836154,64
MADDPG,0,10944,170,10939,90.57811609664411,1.4152830640100642,0.4135546334716459,0.4135546334716459,1446,598,838,0,53.359375,3415.0,5.710702341137123,10.0,598,0.03403417946365357,2178.1874856738286,2118.8300062449584,59.35747942887044,0.02338635419886399,0.0009354541679545596,1.4616471374289994e-05,0.15507932010333397,64
MADDPG,0,11008,171,11003,136.44536331669326,2.131958801823332,0.48142857142857143,0.48142857142857143,1400,674,756,0,58.609375,3751.0,5.5652818991097925,10.0,674,0.035756951481659444,2288.4448948262043,2231.296851436263,57.14804338994275,0.024441524056305657,0.0009776609622522262,1.5275952535191035e-05,0.1564858577169656,64
MADDPG,0,11072,172,11067,99.08644047088319,1.5482256323575498,0.4036697247706422,0.4036697247706422,1526,616,880,0,51.6875,3308.0,5.37012987012987,9.0,616,0.030810617867467322,1971.8795435179086,1908.4305683878792,63.44897513002868,0.019897318650776884,0.0007958927460310753,1.2435824156735552e-05,0.1575241046863386,64
MADDPG,0,11136,173,11131,93.27190765156607,1.4573735570557198,0.4160887656033287,0.4160887656033287,1442,600,862,0,54.59375,3494.0,5.823333333333333,10.0,600,0.03277713825680056,2097.7368484352355,2038.0553197868262,59.68152864840958,0.021303669787550033,0.0008521467915020013,1.331479361721877e-05,0.1580223344597936,64
MADDPG,0,11200,174,11195,83.08087109694573,1.298138610889777,0.40221914008321774,0.40221914008321774,1442,580,863,0,54.0625,3460.0,5.9655172413793105,10.0,580,0.03112957673564792,1992.2929110814669,1932.0417167295443,60.25119435192169,0.02035494406987654,0.0008141977627950615,1.2721840043672836e-05,0.15824854709209296,64
MADDPG,0,11264,175,11259,71.74499557919516,1.1210155559249244,0.38381742738589214,0.38381742738589214,1446,555,888,0,50.203125,3213.0,5.789189189189189,10.0,555,0.02938299713503766,1880.5118166424102,1820.3836196784805,60.12819696392995,0.018376505497052904,0.0007350602198821161,1.1485315935658065e-05,0.15801403143893872,64
MADDPG,0,11328,176,11323,124.49747951823572,1.9452731174724331,0.45677233429394815,0.45677233429394815,1388,634,745,0,57.15625,3658.0,5.769716088328075,10.0,634,0.03243492070233364,2075.834924949353,2017.4701555795948,58.36476936975711,0.02113893518041684,0.0008455574072166735,1.3211834487760523e-05,0.15749166960391803,64
MADDPG,0,11392,177,11387,106.07498522372691,1.657421644120733,0.438483547925608,0.438483547925608,1398,613,787,0,54.734375,3503.0,5.714518760195759,10.0,613,0.033918047959718534,2170.7550694219863,2113.274496265925,57.48057315606273,0.021986532462148392,0.0008794612984859356,1.3741582788842744e-05,0.15749004001858186,64
MADDPG,0,11456,178,11451,153.48063274590294,2.3981348866547334,0.4981791697013838,0.4981791697013838,1373,684,700,0,59.46875,3806.0,5.564327485380117,9.850000000000023,684,0.03377443985718456,2161.564150859812,2104.4868166509013,57.07733420891014,0.019282097580861482,0.0007712839032344592,1.2051310988038425e-05,0.157509742720182,64
MADDPG,0,11520,179,11515,131.20024088563247,2.0500037638380073,0.4641589779985806,0.4641589779985806,1409,654,743,0,58.046875,3715.0,5.680428134556575,10.0,654,0.034624968776133205,2215.9980016725253,2156.482274690592,59.515726981933284,0.02090160651785941,0.0008360642607143765,1.3063504073662133e-05,0.15722275651698003,64
MADDPG,0,11584,180,11579,155.00138381002574,2.4218966220316522,0.4827109266943292,0.4827109266943292,1446,698,734,0,61.078125,3909.0,5.600286532951289,9.0,698,0.03532988546737265,2261.11266991185,2202.627441995788,58.4852279160611,0.02012231606798616,0.0008048926427194463,1.2576447542491349e-05,0.15674768923545074,64
MADDPG,0,11648,181,11643,132.46646455640393,2.0697885086938115,0.4633972992181947,0.4633972992181947,1407,652,770,0,58.09375,3718.0,5.7024539877300615,10.0,652,0.03589661903938943,2297.3836185209234,2237.6161373585774,59.767481162346634,0.02061711882927146,0.0008246847531708585,1.2885699268294664e-05,0.1560008519956072,64
MADDPG,0,11712,182,11707,131.5900633658594,2.0560947400915532,0.46841731724627395,0.46841731724627395,1409,660,753,0,58.59375,3750.0,5.681818181818182,10.0,660,0.03649366053750605,2335.5942744003873,2275.736808901738,59.85746549864887,0.021089967628080932,0.0008435987051232373,1.3181229767550583e-05,0.15505773216203086,64
MADDPG,0,11776,183,11771,119.32894773710653,1.8645148083922896,0.44482522275531183,0.44482522275531183,1459,649,818,0,56.90625,3642.0,5.61171032357473,10.0,649,0.03396703895519787,2173.890493132664,2113.492980066535,60.39751306612899,0.019048660034332667,0.0007619464013733067,1.1905412521457917e-05,0.15438009824457843,64
MADDPG,0,11840,184,11835,159.84276537358156,2.497543208962212,0.5,0.5,1420,710,715,0,60.75,3888.0,5.476056338028169,9.549999999999955,710,0.03604404288210775,2306.818744454896,2247.1106997020615,59.708044752835555,0.01959339559132427,0.0007837358236529708,1.224587224457767e-05,0.1545263608243544,64
MADDPG,0,11904,185,11899,88.93139776212774,1.389553090033246,0.4070422535211268,0.4070422535211268,1420,578,835,0,53.5625,3428.0,5.930795847750865,10.0,578,0.03335573995499217,2134.767357119499,2073.8489659458746,60.91839117362374,0.01855814573393611,0.0007423258293574444,1.159884108371007e-05,0.1545601080051518,64
MADDPG,0,11968,186,11963,186.71171611582577,2.9173705643097776,0.5436390532544378,0.5436390532544378,1352,735,631,0,60.203125,3853.0,5.242176870748299,9.0,735,0.036454637903626165,2333.0968258320745,2278.6292652049997,54.46756062707422,0.019552648580475777,0.0007821059432190312,1.2220405362797362e-05,0.15430244094042442,64
MADDPG,0,12032,187,12027,166.19358011722844,2.5967746893316943,0.5061998541210795,0.5061998541210795,1371,694,668,0,58.984375,3775.0,5.439481268011527,9.0,694,0.030654068707829465,1961.8603973010856,1905.113454762628,56.74694253845773,0.016740854841726355,0.0006696341936690542,1.0463034276078972e-05,0.1535495195373771,64
MADDPG,0,12096,188,12091,177.6298077257683,2.7754657457151297,0.5288531775018261,0.5288531775018261,1369,724,653,0,60.875,3896.0,5.3812154696132595,9.0,724,0.03624868379750675,2319.915763040432,2264.448547649335,55.46721539109754,0.020065746064592684,0.0008026298425837074,1.2541091290370427e-05,0.15245729056997304,64
MADDPG,0,12160,189,12155,83.61948885609463,1.3065545133764787,0.38239339752407153,0.38239339752407153,1454,556,878,0,47.515625,3041.0,5.469424460431655,10.0,556,0.02687812790706522,1720.200186052174,1660.7652965427621,59.43488950941215,0.016877096128477508,0.0006750838451391003,1.0548185080298443e-05,0.15129980074401428,64
MADDPG,0,12224,190,12219,131.19213500606787,2.0498771094698105,0.46962115796997855,0.46962115796997855,1399,657,755,0,58.109375,3719.0,5.660578386605784,10.0,657,0.035194151279436696,2252.4256818839485,2192.645081216362,59.7806006675865,0.01857842822805913,0.0007431371291223653,1.1611517642536958e-05,0.15067073246673457,64
MADDPG,0,12288,191,12283,149.75568659976963,2.3399326031214005,0.4729824561403509,0.4729824561403509,1425,674,728,0,57.015625,3649.0,5.413946587537092,9.0,674,0.03287166472076457,2103.7865421289325,2048.4486953189557,55.337846809977115,0.017365916473407142,0.0006946366589362856,1.0853697795879463e-05,0.15002381451522956,64
MADDPG,0,12352,192,12347,100.04051279259305,1.5631330123842664,0.38800827015851136,0.38800827015851136,1451,563,884,0,50.171875,3211.0,5.703374777975133,10.0,563,0.029092645078262366,1861.9292850087913,1803.9347582840442,57.994526724747615,0.01318591419488192,0.0005274365677952768,8.2411963718012e-06,0.1489817677661779,64
MADDPG,0,12416,193,12411,134.00597727451418,2.093843394914284,0.4422809457579972,0.4422809457579972,1438,636,821,0,54.15625,3466.0,5.449685534591195,10.0,636,0.03163708119244097,2024.7731963162223,1966.1290938446061,58.64410247161667,0.016320338492265277,0.0006528135396906111,1.0200211557665799e-05,0.14791127386533715,64
MADDPG,0,12480,194,12475,51.94034073525087,0.8115678239882949,0.3178621659634318,0.3178621659634318,1422,452,951,0,38.46875,2462.0,5.446902654867257,10.0,452,0.023050252049974358,1475.2161311983589,1417.817229177079,57.398902021280485,0.013997271248146611,0.0005598908499258645,8.748294530091632e-06,0.14743949649049942,64
MADDPG,0,12544,195,12539,101.6166793692996,1.5877606151453063,0.39632902787219576,0.39632902787219576,1471,583,880,0,51.015625,3265.0,5.600343053173241,10.0,583,0.030656605062321353,1962.0227239885667,1906.8704184199712,55.152305568595786,0.015553596848142653,0.0006221438739257061,9.720998030089158e-06,0.14670331380324142,64
MADDPG,0,12608,196,12603,94.33585670194408,1.4739977609678763,0.4066811909949165,0.4066811909949165,1377,560,840,0,49.171875,3147.0,5.619642857142857,10.0,560,0.028510658795689224,1824.6821629241103,1770.2594557172083,54.42270720690174,0.015659535263834422,0.0006263814105533769,9.787209539896513e-06,0.1461941110056717,64
MADDPG,0,12672,197,12667,54.589493510992156,0.8529608361092524,0.34941520467836257,0.34941520467836257,1368,478,895,0,41.65625,2666.0,5.577405857740586,10.0,478,0.026518330974915696,1697.1731823946045,1643.1966545814528,53.97652781315116,0.010396475240976664,0.0004158590096390666,6.4977970256104155e-06,0.14612154748481976,64
MADDPG,0,12736,198,12731,71.80311741158835,1.121923709556068,0.3488210818307906,0.3488210818307906,1442,503,912,0,43.453125,2781.0,5.52882703777336,10.0,503,0.023491176887219103,1503.4353207820225,1448.454738756488,54.98058202553399,0.01219594789559106,0.00048783791582364237,7.622467434744412e-06,0.14588257594452111,64
MADDPG,0,12800,199,12795,44.75054666376039,0.6992272916212561,0.31654186521443156,0.31654186521443156,1469,465,1002,0,41.5,2656.0,5.711827956989247,10.0,465,0.02330531355720937,1491.5400676613997,1436.1727025807616,55.36736508063833,0.009488459648408065,0.00037953838593632257,5.93028728025504e-06,0.1453468435914685,64
MADDPG,0,12864,200,12859,113.51704355936127,1.7737038056150198,0.4126113776559287,0.4126113776559287,1459,602,856,0,51.140625,3273.0,5.43687707641196,9.949999999999932,602,0.028066137657614836,1796.2328100873494,1740.9440672060773,55.288742881271176,0.013603115715037702,0.0005441246286015081,8.501947321898564e-06,0.14536012385968744,64
MADDPG,0,12928,201,12923,71.24587651573721,1.1132168205583939,0.3659574468085106,0.3659574468085106,1410,516,923,0,46.484375,2975.0,5.765503875968992,10.0,516,0.02503945871771172,1602.5253579335501,1548.3657212212674,54.1596367122828,0.012836977541285544,0.0005134791016514217,8.023110963303464e-06,0.14585309496321375,64
MADDPG,0,12992,202,12987,109.24489009671304,1.7069514077611412,0.4085794655414909,0.4085794655414909,1422,581,848,0,48.234375,3087.0,5.313253012048193,10.0,581,0.025924807985165957,1659.1877110506211,1605.3710117960104,53.8166992546108,0.011998054722212147,0.0004799221888884859,7.498784201382592e-06,0.14609391009842074,64
MADDPG,0,13056,203,13051,146.23865632690723,2.2849790051079255,0.4584527220630373,0.4584527220630373,1396,640,738,0,52.40625,3354.0,5.240625,9.0,640,0.02931904555349752,1876.4189154238413,1821.4948264162842,54.92408900755794,0.012168076316565617,0.0004867230526626247,7.605047697853511e-06,0.1462540770495242,64
MADDPG,0,13120,204,13115,112.34503594960182,1.7553911867125285,0.41731724627395317,0.41731724627395317,1409,588,817,0,49.0625,3140.0,5.340136054421769,10.0,588,0.02734631378909858,1750.164082502309,1693.446608433768,56.717474068541314,0.011394368448010828,0.00045577473792043314,7.121480280006768e-06,0.14606518095198093,64
MADDPG,0,13184,205,13179,140.79453197001615,2.1999145620315024,0.44613259668508287,0.44613259668508287,1448,646,805,0,52.34375,3350.0,5.185758513931889,9.0,646,0.029583894119458165,1893.3692236453226,1836.3480087868177,57.021214858504905,0.01109537635049091,0.0004438150540196364,6.9346102190568185e-06,0.1455432401907494,64
MADDPG,0,13248,206,13243,82.8765963180173,1.2949468174690204,0.3819918144611187,0.3819918144611187,1466,560,884,0,50.203125,3213.0,5.7375,10.0,560,0.030761977860220512,1968.7665830541127,1912.3001908334663,56.466392220645766,0.01144851786022378,0.00045794071440895116,7.155323662639862e-06,0.1449839809236333,64
MADDPG,0,13312,207,13307,173.42199916267785,2.7097187369168414,0.500709219858156,0.500709219858156,1410,706,750,0,59.625,3816.0,5.405099150141643,9.0,706,0.032912397336606246,2106.3934295428,2053.572076845795,52.82135269700528,0.011752248023787906,0.00047008992095151625,7.3451550148674414e-06,0.1439119774481184,64
MADDPG,0,13376,208,13371,206.016527901356,3.2190082484586875,0.5257104194857916,0.5257104194857916,1478,777,681,0,62.953125,4029.0,5.185328185328185,9.0,777,0.034983163714176244,2238.9224777072795,2182.795706568692,56.1267711385878,0.01143599807264143,0.0004574399229056572,7.147498795400894e-06,0.1430256166001314,64
MADDPG,0,13440,209,13435,134.23198919869404,2.0973748312295943,0.4604105571847507,0.4604105571847507,1364,628,770,0,53.640625,3433.0,5.4665605095541405,10.0,628,0.03030585510950263,1939.5747270081683,1887.670537818357,51.904189189810836,0.008994538668342789,0.00035978154673371157,5.621586667714243e-06,0.14231230019793759,64
MADDPG,0,13504,210,13499,202.43679146038593,3.16307486656853,0.5341660543717854,0.5341660543717854,1361,727,604,0,59.25,3792.0,5.21595598349381,9.0,727,0.03308890672114102,2117.6900301530254,2064.895312091788,52.79471806123738,0.010132483451527641,0.00040529933806110566,6.332802157204776e-06,0.14150071598341218,64
MADDPG,0,13568,211,13563,198.84829622471452,3.1070046285111643,0.5362526920315865,0.5362526920315865,1393,747,665,0,59.375,3800.0,5.087014725568943,8.699999999999932,747,0.03442119475234077,2202.956464149809,2149.149805908264,53.806658241545584,0.010838114920949738,0.0004335245968379895,6.7738218255935856e-06,0.14060708806594424,64
MADDPG,0,13632,212,13627,208.49446402693047,3.2577260004207886,0.5287356321839081,0.5287356321839081,1479,782,700,0,63.203125,4045.0,5.172634271099744,9.0,782,0.0361879000177032,2316.025601133005,2257.7558681077758,58.2697330252292,0.011313369845348541,0.00045253479381394165,7.070856153342838e-06,0.1397457040896768,64
MADDPG,0,13696,213,13691,188.1392398882522,2.9396756232539407,0.5110635260528195,0.5110635260528195,1401,716,658,0,62.390625,3993.0,5.576815642458101,9.0,716,0.03478348297633679,2226.1429104855542,2174.1160080459326,52.02690243962156,0.011860754086320192,0.0004744301634528077,7.41297130395012e-06,0.1392517398692767,64
MADDPG,0,13760,214,13755,183.269652157922,2.863588314967531,0.5215453194650818,0.5215453194650818,1346,702,659,0,56.234375,3599.0,5.126780626780627,9.0,702,0.03400842350445784,2176.5391042853016,2124.645669687117,51.89343459818508,0.010449021447064406,0.0004179608578825762,6.530638404415253e-06,0.13858874847227287,64
MADDPG,0,13824,215,13819,215.4784356335231,3.3668505567737985,0.5501754385964912,0.5501754385964912,1425,784,635,0,64.796875,4147.0,5.2895408163265305,9.0,784,0.03799935984033063,2431.95902978116,2375.168420676148,56.79060910501312,0.011450617117503585,0.0004580246847001434,7.1566356984397405e-06,0.1374387079326646,64
MADDPG,0,13888,216,13883,218.41754776950938,3.412774183898584,0.5525946704067322,0.5525946704067322,1426,788,656,0,65.8125,4212.0,5.345177664974619,9.0,788,0.0381791313942425,2443.4644092315198,2387.2694797526756,56.19492947884428,0.010377355854570927,0.0004150942341828371,6.48584740910683e-06,0.13662098301448267,64
MADDPG,0,13952,217,13947,240.12518515294926,3.751956018014832,0.5834512022630834,0.5834512022630834,1414,825,581,0,66.421875,4251.0,5.152727272727272,9.0,825,0.03898061316214027,2494.7592423769775,2439.4888484820012,55.27039389497699,0.011811089534733591,0.00047244358138934364,7.381930959208494e-06,0.13595386897170203,64
MADDPG,0,14016,218,14011,206.0596191658629,3.219681549466608,0.5402298850574713,0.5402298850574713,1392,752,629,0,59.65625,3818.0,5.077127659574468,8.449999999999932,752,0.03459889583662916,2214.3293335442663,2157.8733311196925,56.456002424573256,0.00948136154145476,0.0003792544616581904,5.925850963409225e-06,0.13486973684789894,64
MADDPG,0,14080,219,14075,221.8273391944224,3.46605217491285,0.5708154506437768,0.5708154506437768,1398,798,640,0,64.703125,4141.0,5.18922305764411,9.0,798,0.036642490187162355,2345.1193719783905,2287.325474530218,57.79389744817401,0.01119551454073175,0.00044782058162927,6.997196587957344e-06,0.13335093751124205,64
MADDPG,0,14144,220,14139,173.3666388704338,2.708853732350528,0.4889502762430939,0.4889502762430939,1448,708,716,0,56.265625,3601.0,5.086158192090395,9.0,708,0.032913118091351015,2106.439557846465,2048.713368179848,57.726189666616534,0.010202515683657315,0.0004081006273462926,6.376572302285822e-06,0.132378791344012,64
MADDPG,0,14208,221,14203,164.20220642489252,2.5656594753889457,0.4923413566739606,0.4923413566739606,1371,675,686,0,53.65625,3434.0,5.087407407407407,9.0,675,0.03179019828143047,2034.5726900115499,1981.2668380250082,53.30585198654242,0.009652241024058315,0.0003860896409623326,6.0326506400364465e-06,0.13268380699149473,64
MADDPG,0,14272,222,14267,184.33381266313478,2.880215822861481,0.5181818181818182,0.5181818181818182,1430,741,694,0,61.28125,3922.0,5.292847503373819,9.0,741,0.03757009794834074,2404.4862686938077,2344.1473620698143,60.33890662399264,0.011713341003129556,0.0004685336401251822,7.320838126955972e-06,0.13293360290732845,64
MADDPG,0,14336,223,14331,223.58644499617245,3.4935382030651945,0.5683453237410072,0.5683453237410072,1390,790,614,0,63.4375,4060.0,5.139240506329114,8.0,790,0.034769793658816106,2225.2667941642308,2171.332372635803,53.93442152842769,0.01053214848595027,0.00042128593943801076,6.582592803718918e-06,0.13307440648914085,64
MADDPG,0,14400,224,14395,226.86868605325049,3.544823219582039,0.5730909090909091,0.5730909090909091,1375,788,569,0,63.984375,4095.0,5.196700507614213,9.0,788,0.036632496112363244,2344.4797511912475,2289.7409936395065,54.738757551741,0.011609043180372121,0.0004643617272148849,7.255651987732576e-06,0.1333071454047481,64
MADDPG,0,14464,225,14459,198.97482226717796,3.1089815979246556,0.53328611898017,0.53328611898017,1412,753,651,0,59.671875,3819.0,5.0717131474103585,8.0,753,0.035257234876125476,2256.4630320720303,2200.5180263219763,55.94500575005429,0.010756108890735855,0.0004302443556294342,6.722568056709909e-06,0.13344544213746568,64
MADDPG,0,14528,226,14523,207.47916909606118,3.241862017125956,0.5414908579465542,0.5414908579465542,1422,770,660,0,64.0,4096.0,5.3194805194805195,9.0,770,0.038037773615447704,2434.417511388653,2377.8013762876026,56.616135101049686,0.01052193836868013,0.0004208775347472052,6.576211480425081e-06,0.13356112491744362,64
MADDPG,0,14592,227,14587,256.5156726872249,4.008057385737889,0.6140477914554671,0.6140477914554671,1381,848,547,0,66.890625,4281.0,5.048349056603773,8.0,848,0.0403826381980808,2584.488844677171,2530.9818527192224,53.5069919579494,0.012312679171744164,0.0004925071668697666,7.695424482340103e-06,0.13477151804497484,64
MADDPG,0,14656,228,14651,254.875916965824,3.982436202591,0.6022646850672329,0.6022646850672329,1413,851,555,0,68.6875,4396.0,5.165687426556992,9.0,851,0.0402190826796039,2574.0212914946496,2519.1185454633605,54.90274603128916,0.01222572637060241,0.0004890290548240964,7.641078981626507e-06,0.13629779900967115,64
MADDPG,0,14720,229,14715,235.3930448955974,3.6780163264937094,0.5940520446096654,0.5940520446096654,1345,799,543,0,64.015625,4097.0,5.127659574468085,9.0,799,0.037851119620465994,2422.4716557098236,2369.9251860531667,52.546469656657635,0.011798060358702738,0.00047192241434810953,7.3737877241892115e-06,0.13740967382989228,64
MADDPG,0,14784,230,14779,137.59095062401792,2.14985860350028,0.453180843459614,0.453180843459614,1399,634,766,0,51.71875,3310.0,5.220820189274448,9.0,634,0.0305271227476602,1953.7358558502528,1899.4058185792494,54.33003727100384,0.009708015238015516,0.00038832060952062066,6.067509523759698e-06,0.1380313715784128,64
MADDPG,0,14848,231,14843,208.08478604202466,3.2513247819066353,0.5608308605341247,0.5608308605341247,1348,756,595,0,61.125,3912.0,5.174603174603175,9.0,756,0.03715445294579259,2377.8849885307254,2323.6900650162816,54.19492351444548,0.012275276975022767,0.0004910110790009107,7.67204810938923e-06,0.13851932865489988,64
MADDPG,0,14912,232,14907,223.3492958529505,3.4898327477023514,0.574468085106383,0.574468085106383,1363,783,576,0,63.40625,4058.0,5.182630906768837,9.0,783,0.0350211135992923,2241.3512703547076,2189.2645047993374,52.08676555537084,0.011859063830967308,0.00047436255323869236,7.411914894354568e-06,0.13972020438854504,64
MADDPG,0,14976,233,14971,209.55015720890674,3.274221206389168,0.5542691751085383,0.5542691751085383,1382,766,605,0,64.65625,4138.0,5.402088772845953,9.0,766,0.036346275925909374,2326.1616592582,2272.5378676649602,53.623791593239595,0.01272025862580695,0.000508810345032278,7.950161641129343e-06,0.1406247299076701,64
MADDPG,0,15040,234,15035,226.06108166475462,3.532204401011791,0.5692414752957551,0.5692414752957551,1437,818,640,0,67.703125,4333.0,5.297066014669927,9.0,818,0.03686208976598121,2359.1737450227974,2301.470833386347,57.70291163644972,0.011424022207582643,0.0004569608883033057,7.140013879739152e-06,0.1410882757585367,64
MADDPG,0,15104,235,15099,233.40893951604312,3.6470146799381737,0.5778251599147122,0.5778251599147122,1407,813,583,0,66.1875,4236.0,5.210332103321033,9.0,813,0.03980877471938588,2547.7615820406963,2490.1190832838693,57.64249875682624,0.012591760746596771,0.0005036704298638709,7.869850466622982e-06,0.14113362158708506,64
MADDPG,0,15168,236,15163,180.61922715373936,2.8221754242771775,0.5185995623632386,0.5185995623632386,1371,711,645,0,57.734375,3695.0,5.19690576652602,9.0,711,0.03453727388906059,2210.3855288998775,2154.3069799054406,56.078548994438506,0.011081782944171937,0.0004432713177668775,6.926114340107461e-06,0.14162534131119825,64
MADDPG,0,15232,237,15227,151.33600098408775,2.364625015376371,0.46443228454172364,0.46443228454172364,1462,679,766,0,59.28125,3794.0,5.587628865979381,10.0,679,0.03355164002120714,2147.304961357257,2089.4646392859045,57.840322071351984,0.010272760538894777,0.0004109104215557911,6.420475336809236e-06,0.14189337867295537,64
MADDPG,0,15296,238,15291,134.2642135781566,2.097878337158697,0.44653179190751446,0.44653179190751446,1384,618,792,0,50.28125,3218.0,5.207119741100324,9.0,618,0.02825861393355008,1808.5512917472051,1753.305937692664,55.24535405454115,0.009187863412762419,0.0003675145365104968,5.742414632976512e-06,0.14169569460671444,64
MADDPG,0,15360,239,15355,131.23980570945852,2.0506219642102894,0.42595204513399154,0.42595204513399154,1418,604,817,0,46.96875,3006.0,4.97682119205298,9.0,604,0.024286368473167876,1554.327582282744,1498.650129196037,55.677453086708034,0.007531966820373901,0.000301278672814956,4.707479262733688e-06,0.14183307166562195,64
MADDPG,0,15424,240,15419,194.00685877891377,3.0313571684205276,0.5147563486616334,0.5147563486616334,1457,750,688,0,65.84375,4214.0,5.618666666666667,10.0,750,0.03865070843029769,2473.645339539052,2417.203722241516,56.44161729753532,0.011622604442168848,0.0004649041776867539,7.26412777635553e-06,0.14274017175755366,64
MADDPG,0,15488,241,15483,178.57501053725986,2.7902345396446853,0.510548523206751,0.510548523206751,1422,726,717,0,60.8125,3892.0,5.360881542699724,10.0,726,0.033588024824812705,2149.633588788013,2096.3331185139878,53.30047027402566,0.010384325072644572,0.0004153730029057829,6.490203170402858e-06,0.14405842147617354,64
MADDPG,0,15552,242,15547,198.45392523850694,3.100842581851671,0.5354558610709117,0.5354558610709117,1382,740,636,0,61.0,3904.0,5.275675675675676,9.049999999999955,740,0.0332839254791375,2130.1712306648,2079.2999573499746,50.87127331482655,0.011072393802327336,0.00044289575209309343,6.920246126454585e-06,0.14506836168747927,64
MADDPG,0,15616,243,15611,174.37615958820942,2.724627493565772,0.49003436426116836,0.49003436426116836,1455,713,752,0,57.296875,3667.0,5.143057503506311,9.0,713,0.03459834772119604,2214.2942541565467,2159.207619144232,55.08663501231405,0.01177460087242239,0.00047098403489689557,7.359125545263993e-06,0.14591051621110973,64
MADDPG,0,15680,244,15675,148.79206771788085,2.3248760580918884,0.4618104667609618,0.4618104667609618,1414,653,742,0,53.96875,3454.0,5.289433384379786,9.0,653,0.029408835041959337,1882.1654426853975,1826.894543511267,55.270899174130435,0.010671884097601662,0.0004268753639040665,6.669927561001039e-06,0.14624414674599823,64
MADDPG,0,15744,245,15739,246.93132470620841,3.8583019485345065,0.6042120551924474,0.6042120551924474,1377,832,566,0,64.8125,4148.0,4.985576923076923,8.0,832,0.03777454486379249,2417.5708712827195,2362.6086450682856,54.96222621443544,0.013679548350718605,0.0005471819340287442,8.549717719199128e-06,0.1463242886275296,64
MADDPG,0,15808,246,15803,196.47091319232874,3.0698580186301365,0.533235938641344,0.533235938641344,1369,730,631,0,57.265625,3665.0,5.02054794520548,8.0,730,0.03275149413408765,2096.0956245816096,2043.3030242972575,52.79260028435219,0.011872500025529895,0.0004749000010211958,7.420312515956185e-06,0.14664459634345392,64
MADDPG,0,15872,247,15867,247.33718416346454,3.8646435025541335,0.5916193181818182,0.5916193181818182,1408,833,547,0,69.125,4424.0,5.310924369747899,9.0,833,0.03907856353921693,2501.0280665098835,2445.338992402174,55.689074107709494,0.014490421422264185,0.0005796168568905674,9.056513388915116e-06,0.14752185863249573,64
MADDPG,0,15936,248,15931,161.5574349905901,2.5243349217279705,0.49254790631653655,0.49254790631653655,1409,694,727,0,60.53125,3874.0,5.582132564841499,10.0,694,0.03487387043680837,2231.9277079557355,2178.973353610293,52.954354345441956,0.01211906375690384,0.0004847625502761536,7.5744148480649e-06,0.14802607807847912,64
MADDPG,0,16000,249,15995,142.49049179832346,2.226413934348804,0.44659546061415223,0.44659546061415223,1498,669,837,0,58.78125,3762.0,5.623318385650224,10.0,669,0.03423943925619943,2191.3241123967637,2128.9847588292732,62.339353567489965,0.012429997336278666,0.0004971998934511467,7.768748335174166e-06,0.1481301168137497,64
MADDPG,0,16064,250,16059,156.34780543448022,2.4429344599137535,0.4837570621468927,0.4837570621468927,1416,685,748,0,59.9375,3836.0,5.6,10.0,685,0.03570436126527707,2285.079120977732,2223.5270287191843,61.55209225854715,0.013624812610730522,0.0005449925044292208,8.515507881706576e-06,0.14891150962287508,64
MADDPG,0,16128,251,16123,185.08610451390592,2.89197038302978,0.513121546961326,0.513121546961326,1448,743,702,0,59.640625,3817.0,5.137281292059219,9.0,743,0.03483010544398726,2229.1267484151845,2166.806262592096,62.32048582308944,0.013536329824639131,0.0005414531929855653,8.460206140399457e-06,0.150349753728308,64
MADDPG,0,16192,252,16187,147.64753930289217,2.30699280160769,0.4602510460251046,0.4602510460251046,1434,660,752,0,54.640625,3497.0,5.298484848484849,9.0,660,0.03123354083928007,1998.9466137139245,1936.7412296371933,62.205384076730915,0.012366831050648355,0.0004946732420259342,7.729269406655222e-06,0.15168891629331643,64
MADDPG,0,16256,253,16251,125.69367236517854,1.9639636307059147,0.4420391061452514,0.4420391061452514,1432,633,801,0,53.609375,3431.0,5.420221169036335,10.0,633,0.03092681841789822,1979.3163787454862,1917.503112848686,61.81326589680063,0.012886258590614303,0.0005154503436245721,8.05391161913394e-06,0.15260737453426892,64
MADDPG,0,16320,254,16315,174.51891977444956,2.7268581214757743,0.5056417489421721,0.5056417489421721,1418,717,703,0,59.125,3784.0,5.277545327754533,9.0,717,0.03558824292933144,2277.647547477212,2215.483693568969,62.163853908243034,0.015755706210553888,0.0006302282484221555,9.84731638159618e-06,0.1533319637870863,64
MADDPG,0,16384,255,16379,113.35086915536637,1.7711073305525995,0.4175744371822803,0.4175744371822803,1377,575,802,0,47.859375,3063.0,5.32695652173913,9.299999999999955,575,0.027748433604856966,1775.8997507108459,1714.5544222936644,61.34532841718205,0.010574679160968803,0.0004229871664387521,6.6091744756055015e-06,0.15450097188507503,64
MADDPG,0,16448,256,16443,67.63208774064285,1.0567513709475445,0.3508896797153025,0.3508896797153025,1405,493,920,0,41.25,2640.0,5.354969574036511,9.0,493,0.025068724836865,1604.39838955936,1542.132554628877,62.2658349304834,0.01104332101912413,0.0004417328407649652,6.902075636952581e-06,0.15530746806660556,64
MADDPG,0,16512,257,16507,76.13219184603253,1.1895654975942582,0.3647140864714086,0.3647140864714086,1434,523,902,0,43.484375,2783.0,5.321223709369025,9.0,523,0.02517861513079734,1611.4313683710297,1548.0859163231285,63.34545204790104,0.011084606684835942,0.0004433842673934377,6.927879178022464e-06,0.15570486459760524,64
MADDPG,0,16576,258,16571,51.36864556662849,0.8026350869785701,0.3357825128581925,0.3357825128581925,1361,457,935,0,39.640625,2537.0,5.5514223194748356,10.0,457,0.023199885124401954,1484.7926479617252,1423.568964555321,61.223683406405364,0.010661217234756435,0.0004264486893902574,6.663260771722772e-06,0.15566589107308987,64
MADDPG,0,16640,259,16635,155.90416650812404,2.436002601689438,0.4525691699604743,0.4525691699604743,1518,687,791,0,53.75,3440.0,5.0072780203784575,8.0,687,0.031562491606509445,2019.9994628166044,1954.927070265711,65.07239255089317,0.013303912834731008,0.0005321565133892403,8.31494552170688e-06,0.1558983480284818,64
MADDPG,0,16704,260,16699,141.05657112947148,2.204008923897992,0.4757772957339118,0.4757772957339118,1383,658,741,0,55.015625,3521.0,5.351063829787234,9.0,658,0.03284377966636164,2102.001898647145,2042.9850637234836,59.016834923661385,0.015475274296876684,0.0006190109718750673,9.672046435547927e-06,0.15683691205567138,64
MADDPG,0,16768,261,16763,152.1255723448148,2.3769620678877312,0.47749648382559773,0.47749648382559773,1422,679,757,0,58.84375,3766.0,5.546391752577319,10.0,679,0.03390060028504888,2169.6384182431284,2108.787667699963,60.85075054316566,0.015798759410344317,0.0006319503764137726,9.874224631465197e-06,0.15736668330005096,64
MADDPG,0,16832,262,16827,131.287776832583,2.0513715130091095,0.45314685314685316,0.45314685314685316,1430,648,765,0,57.859375,3703.0,5.714506172839506,10.0,648,0.03664405855334056,2345.219747413796,2285.1730499592127,60.046697454582,0.016618195466803275,0.000664727818672131,1.0386372166752047e-05,0.15747714982899394,64
MADDPG,0,16896,263,16891,129.21760906529647,2.0190251416452574,0.45147375988497485,0.45147375988497485,1391,628,747,0,57.28125,3666.0,5.837579617834395,10.0,628,0.03297700575998136,2110.528368638807,2051.19845304857,59.32991559023605,0.015303665820897644,0.0006121466328359058,9.564791138061028e-06,0.15758505559187871,64
MADDPG,0,16960,264,16955,147.29870730811206,2.301542301689251,0.48328488372093026,0.48328488372093026,1376,665,728,0,58.015625,3713.0,5.583458646616541,10.0,665,0.034198912064564775,2188.7303721321455,2129.738008813414,58.9923633187319,0.01593843095411439,0.0006375372381645757,9.961519346321496e-06,0.15817482323454132,64
MADDPG,0,17024,265,17019,175.01810271067478,2.7346578548542935,0.5202952029520295,0.5202952029520295,1355,705,662,0,56.984375,3647.0,5.173049645390071,9.0,705,0.03331395957120642,2132.0934125572107,2072.5578183560865,59.53559420112379,0.015371588871321102,0.0006148635548528441,9.60724304457569e-06,0.15857677399915143,64
MADDPG,0,17088,266,17083,117.83077873921525,1.8411059178002382,0.40987124463519314,0.40987124463519314,1398,573,818,0,46.015625,2945.0,5.139616055846423,9.0,573,0.02620807317249397,1677.316683039614,1618.12079228304,59.19589075657479,0.011329880008563147,0.00045319520034252587,7.081175005351967e-06,0.15832821873987163,64
MADDPG,0,17152,267,17147,175.65813739103805,2.7446583967349696,0.5095271700776288,0.5095271700776288,1417,722,691,0,59.1875,3788.0,5.246537396121884,9.0,722,0.03655380048424408,2339.443230991621,2277.8214609986035,61.621769993016954,0.015653817959425727,0.0006261527183770291,9.78363622464108e-06,0.15782628071783286,64
MADDPG,0,17216,268,17211,125.33626508775507,1.958379141996173,0.4392129304286718,0.4392129304286718,1423,625,766,0,53.375,3416.0,5.4656,10.0,625,0.031139815894292596,1992.9482172347261,1932.2533626321008,60.69485460262524,0.012570654543782117,0.0005028261817512846,7.856659089863823e-06,0.15726298715144807,64
MADDPG,0,17280,269,17275,107.23918216564098,1.6756122213381404,0.42496493688639553,0.42496493688639553,1426,606,842,0,52.78125,3378.0,5.574257425742574,10.0,606,0.032688907629686674,2092.090088299947,2031.0680597466458,61.0220285533009,0.01319439600706453,0.0005277758402825812,8.246497504415332e-06,0.15617831438967067,64
MADDPG,0,17344,270,17339,123.08003006412869,1.9231254697520108,0.4435028248587571,0.4435028248587571,1416,628,806,0,58.1875,3724.0,5.929936305732484,10.0,628,0.03462341435445137,2215.8985186848877,2155.0029900946415,60.895528590246585,0.014201679861256873,0.0005680671944502749,8.876049913285545e-06,0.15602312312162583,64
MADDPG,0,17408,271,17403,179.37564282612567,2.8027444191582136,0.5205091937765205,0.5205091937765205,1414,736,694,0,64.1875,4108.0,5.581521739130435,9.0,736,0.038667027225109264,2474.689742406993,2412.8334412027743,61.85630120421754,0.015601347777680586,0.0006240539111072235,9.750842361050367e-06,0.15654885715281386,64
MADDPG,0,17472,272,17467,147.42381997390484,2.303497187092263,0.45467224546722457,0.45467224546722457,1434,652,780,0,52.28125,3346.0,5.131901840490798,9.0,652,0.031732085214048016,2030.853453699073,1967.0784530774745,63.77500062159879,0.012667987133227877,0.0005067194853291151,7.917491958267423e-06,0.15670744455615618,64
MADDPG,0,17536,273,17531,198.71678080234955,3.1049497000367117,0.5340990667623834,0.5340990667623834,1393,744,645,0,58.75,3760.0,5.053763440860215,8.850000000000023,744,0.033321469687104116,2132.574059974663,2072.391864850322,60.18219512434059,0.012622348420488833,0.0005048939368195533,7.88896776280552e-06,0.15648995868490917,64
MADDPG,0,17600,274,17595,271.28915654090883,4.2388930709517005,0.6260683760683761,0.6260683760683761,1404,879,517,0,67.140625,4297.0,4.888509670079636,8.0,879,0.03864542568981318,2473.3072441480435,2414.087464660983,59.21977948705963,0.014313773224398951,0.000572550928975958,8.946108265249344e-06,0.15662141627377363,64
MADDPG,0,17664,275,17659,271.8974442603669,4.248397566568233,0.6132971506105834,0.6132971506105834,1474,904,575,0,71.5625,4580.0,5.066371681415929,8.0,904,0.04065994857476693,2602.2367087850835,2541.1798639296003,61.05684485548389,0.014917936462653195,0.0005967174585061278,9.323710289158247e-06,0.15687387019157834,64
MADDPG,0,17728,276,17723,221.203050896206,3.456297670253219,0.5621007806955287,0.5621007806955287,1409,792,625,0,62.8125,4020.0,5.075757575757576,8.0,792,0.03592958582545839,2299.493492829337,2241.4581698656925,58.035322963645974,0.014440223602153303,0.0005776089440861322,9.025139751345815e-06,0.15694029744662935,64
MADDPG,0,17792,277,17787,235.5406235671254,3.6803222432363345,0.5784313725490197,0.5784313725490197,1428,826,604,0,64.421875,4123.0,4.991525423728813,8.0,826,0.034609774450090905,2215.025564805818,2158.5192888102742,56.50627599554258,0.014874577344686404,0.0005949830937874562,9.296610840429003e-06,0.15668050260246846,64
MADDPG,0,17856,278,17851,222.64681666680934,3.478856510418896,0.5707142857142857,0.5707142857142857,1400,799,597,0,63.984375,4095.0,5.1251564455569465,9.0,799,0.041673905528095294,2667.129953798099,2608.6579465230443,58.47200727505371,0.017313944250582563,0.0006925577700233025,1.0821215156614102e-05,0.1562291856350579,64
MADDPG,0,17920,279,17915,208.40535023403157,3.2563335974067433,0.5434933890048712,0.5434933890048712,1437,781,657,0,63.984375,4095.0,5.243277848911652,9.0,781,0.03950805660715637,2528.5156228580076,2465.302973628203,63.212649229804605,0.015033588780228124,0.000601343551209125,9.395992987642577e-06,0.15555361693176217,64
MADDPG,0,17984,280,17979,226.50156243375102,3.5390869130273597,0.5463576158940397,0.5463576158940397,1510,825,650,0,66.71875,4270.0,5.175757575757576,9.0,825,0.04042478834860194,2587.1864543105244,2521.813176158436,65.37327815208783,0.01373640772602117,0.0005494563090408468,8.58525482876323e-06,0.1544430248398158,64
MADDPG,0,18048,281,18043,234.4679660287808,3.6635619691997,0.5726027397260274,0.5726027397260274,1460,836,631,0,69.71875,4462.0,5.337320574162679,9.0,836,0.040413781700180285,2586.4820288115384,2521.9626184319086,64.51941037963014,0.0148337865243174,0.000593351460972696,9.271116577698375e-06,0.15410736266673355,64
MADDPG,0,18112,282,18107,195.07131953420452,3.0479893677219456,0.512542372881356,0.512542372881356,1475,756,718,0,63.984375,4095.0,5.416666666666667,10.0,756,0.03570541667276308,2285.146667056837,2223.0430518829266,62.103615173911344,0.01314334006389008,0.0005257336025556032,8.2145875399313e-06,0.15434663586433903,64
MADDPG,0,18176,283,18171,98.98115021173976,1.5465804720584337,0.39104477611940297,0.39104477611940297,1340,524,808,0,41.890625,2681.0,5.116412213740458,9.0,524,0.021570749257276527,1380.5279524656978,1325.3131184564734,55.21483400922435,0.008360654318152926,0.0003344261727261171,5.225408948845579e-06,0.15403246932140754,64
MADDPG,0,18240,284,18235,45.44478305321901,0.7100747352065471,0.3262618873445501,0.3262618873445501,1367,446,953,0,37.03125,2370.0,5.313901345291479,9.0,446,0.020457497075473362,1309.2798128302952,1251.7864856852354,57.49332714505998,0.009320852265845798,0.0003728340906338319,5.825532666153623e-06,0.15381300225218653,64
MADDPG,0,18304,285,18299,200.04720529896872,3.1257375827963862,0.5209176788124157,0.5209176788124157,1482,772,701,0,64.03125,4098.0,5.308290155440415,9.0,772,0.039271964434604255,2513.4057238146725,2450.9590478199543,62.44667599471949,0.014986510026208672,0.0005994604010483469,9.36656876638042e-06,0.15393825147342638,64
MADDPG,0,18368,286,18363,187.79686661079847,2.934326040793726,0.5336712527154236,0.5336712527154236,1381,737,674,0,59.03125,3778.0,5.126187245590231,8.0,737,0.03560688406120844,2278.84057991734,2220.90493439164,57.935645525699144,0.013532505028726962,0.0005413002011490785,8.457815642954352e-06,0.15398706800077328,64
MADDPG,0,18432,287,18427,189.5246957770864,2.961323371516975,0.5179224579370885,0.5179224579370885,1367,708,612,0,55.34375,3542.0,5.002824858757062,8.0,708,0.03112628805425336,1992.0824354722151,1935.8767341683192,56.205701303896554,0.011662888057931895,0.0004665155223172758,7.289305036207434e-06,0.15357962358486793,64
MADDPG,0,18496,288,18491,129.84035665615127,2.0287555727523636,0.43745583038869257,0.43745583038869257,1415,619,805,0,51.125,3272.0,5.2859450726979,9.0,619,0.031217060518009085,1997.8918731525814,1938.1248178439726,59.76705530860891,0.012108339893737172,0.0004843335957494869,7.567712433585733e-06,0.15255883897761452,64
MADDPG,0,18560,289,18555,169.7293046388885,2.6520203849826327,0.48520302821748107,0.48520302821748107,1453,705,727,0,56.71875,3630.0,5.148936170212766,9.0,705,0.03445545010245819,2205.1488065573244,2142.3878484487964,62.760958108528236,0.012174844410745551,0.00048699377642982204,7.609277756715969e-06,0.1513792447360136,64
MADDPG,0,18624,290,18619,166.8198733061211,2.6065605204081423,0.49396735273243436,0.49396735273243436,1409,696,744,0,56.78125,3634.0,5.221264367816092,9.0,696,0.030730937666025252,1966.7800106256161,1909.316028695871,57.46398192974527,0.011425313950271973,0.00045701255801087895,7.140821218919984e-06,0.1499082981355869,64
MADDPG,0,18688,291,18683,198.70456845113483,3.1047588820489818,0.5239398084815321,0.5239398084815321,1462,766,685,0,64.828125,4149.0,5.4164490861618795,9.0,766,0.03862978477740304,2472.3062257537945,2410.349692839957,61.9565329138384,0.0146647175509728,0.000586588702038912,9.165448469358e-06,0.14949666008081072,64
MADDPG,0,18752,292,18747,218.5885059866585,3.415445406041539,0.5574348132487668,0.5574348132487668,1419,791,630,0,62.96875,4030.0,5.094816687737041,9.0,791,0.03648379877241064,2334.9631214342808,2277.179885372046,57.78323606223558,0.013453765443946816,0.0005381506177578727,8.40860340246676e-06,0.14990528335872372,64
MADDPG,0,18816,293,18811,206.64926852030987,3.228894820629842,0.5379746835443038,0.5379746835443038,1422,765,656,0,61.75,3952.0,5.166013071895425,9.0,765,0.03508019377463362,2245.1324015765513,2187.033176539451,58.09922503710018,0.01269507209480306,0.0005078028837921224,7.934420059251912e-06,0.14974990199745153,64
MADDPG,0,18880,294,18875,269.13708636964543,4.20526697452571,0.6335493160547156,0.6335493160547156,1389,880,544,0,69.984375,4479.0,5.089772727272727,8.0,880,0.03879243772440835,2482.7160143621345,2425.3755486081054,57.34046575402911,0.013798233585328844,0.0005519293434131538,8.623895990830527e-06,0.14924575417185376,64
MADDPG,0,18944,295,18939,194.82117483121323,3.0440808567377067,0.5271816881258942,0.5271816881258942,1398,737,636,0,60.1875,3852.0,5.226594301221167,9.0,737,0.03425163360103673,2192.1045504663507,2132.7097679962767,59.39478247007388,0.012131556232913591,0.0004852622493165437,7.582222645570995e-06,0.14845130620216146,64
MADDPG,0,19008,296,19003,237.40115095321232,3.7093929836439425,0.5868306801736614,0.5868306801736614,1382,811,570,0,66.390625,4249.0,5.23921085080148,9.0,811,0.04018911579450034,2572.1034108480217,2513.724582276659,58.37882857136097,0.014362651280902826,0.000574506051236113,8.976657050564266e-06,0.1474262379729463,64
MADDPG,0,19072,297,19067,249.42563945387514,3.897275616466799,0.6034607065609229,0.6034607065609229,1387,837,552,0,68.984375,4415.0,5.27479091995221,8.0,837,0.03904063161131599,2498.600423124223,2442.7250248450323,55.87539827919158,0.013977908088885313,0.0005591163235554125,8.73619255555332e-06,0.1461384881758034,64
MADDPG,0,19136,298,19131,241.07184987861052,3.7667476543532894,0.5889526542324247,0.5889526542324247,1394,821,574,0,66.0625,4228.0,5.149817295980512,9.0,821,0.03694231751352326,2364.308320865489,2306.781181052528,57.52713981296087,0.014132613297703205,0.0005653045319081282,8.832883311064503e-06,0.1446535378639882,64
MADDPG,0,19200,299,19195,153.34577226670388,2.396027691667248,0.4842632331902718,0.4842632331902718,1398,677,726,0,57.515625,3681.0,5.437223042836042,10.0,677,0.03348363037624163,2142.952344079464,2081.934557288628,61.01778679083518,0.014036794884738727,0.0005614717953895491,8.772996802961704e-06,0.1437673397630826,64
MADDPG,0,19264,300,19259,222.87638025739543,3.4824434415218035,0.5689778413152251,0.5689778413152251,1399,796,602,0,64.21875,4110.0,5.163316582914573,9.0,796,0.038053415300345755,2435.4185792221283,2378.0970425013074,57.32153672082138,0.015420423058532657,0.0006168169223413063,9.63776441158291e-06,0.14440322209701806,64
MADDPG,0,19328,301,19323,246.2739763960378,3.8480308811880906,0.5951048951048951,0.5951048951048951,1430,851,600,0,68.625,4392.0,5.160987074030552,8.0,851,0.03859131232262271,2469.843988647853,2409.5735269913757,60.270461656476904,0.015617642594048126,0.0006247057037619251,9.76102662128008e-06,0.14535334321846183,64
MADDPG,0,19392,302,19387,239.49393063824755,3.742092666222618,0.5863539445628998,0.5863539445628998,1407,825,569,0,65.625,4200.0,5.090909090909091,8.0,825,0.037316243036459085,2388.2395543333814,2331.5242151624093,56.71533917097181,0.014466344992176975,0.000578653799687079,9.041465620110609e-06,0.14587983675632415,64
MADDPG,0,19456,303,19451,208.0705871316926,3.251102923932697,0.5512091038406828,0.5512091038406828,1406,775,636,0,62.8125,4020.0,5.187096774193549,9.0,775,0.0365297395322083,2337.903330061331,2277.85592413609,60.04740592524071,0.015284339422962138,0.0006113735769184855,9.552712139351337e-06,0.14576882111517253,64
MADDPG,0,19520,304,19515,208.7706726662381,3.2620417604099705,0.5398601398601398,0.5398601398601398,1430,772,642,0,61.96875,3966.0,5.137305699481865,8.449999999999932,772,0.036844137757543596,2358.0248164827904,2297.1388797369996,60.885936745789955,0.01566113625594846,0.0006264454502379384,9.788210159967787e-06,0.1457766298285204,64
MADDPG,0,19584,305,19579,211.75121908229323,3.3086127981608318,0.5646970830216903,0.5646970830216903,1337,755,593,0,57.828125,3701.0,4.901986754966887,8.0,755,0.031094165865580798,1990.026615397171,1933.5603699666613,56.46624543051045,0.012252062908731176,0.0004900825163492471,7.657539317956986e-06,0.14705796617980593,64
MADDPG,0,19648,306,19643,200.04305216087042,3.1256726900136003,0.5452522255192879,0.5452522255192879,1348,735,598,0,59.375,3800.0,5.170068027210885,9.0,735,0.03368463489375242,2155.8166332001547,2099.600732317174,56.21590088297966,0.013626652937467228,0.0005450661174986891,8.516658085917018e-06,0.1482392765705156,64
MADDPG,0,19712,307,19707,220.83005082517604,3.4504695441433757,0.5643776824034334,0.5643776824034334,1398,789,631,0,61.765625,3953.0,5.010139416983524,8.0,789,0.0332387321586009,2127.278858150458,2068.2620912538273,59.01676689662976,0.013286560737407112,0.0005314624294962845,8.304100460879445e-06,0.14906912011125492,64
MADDPG,0,19776,308,19771,217.21710174627717,3.3940172147855807,0.547925608011445,0.547925608011445,1398,766,604,0,59.578125,3813.0,4.977806788511749,8.0,766,0.032267480571121915,2065.1187565518026,2006.7405389284065,58.378217623396026,0.01301724035848048,0.0005206896143392192,8.1357752240503e-06,0.14961062058728863,64
MADDPG,0,19840,309,19835,196.63532771372806,3.072426995527001,0.5272601794340924,0.5272601794340924,1449,764,692,0,65.421875,4187.0,5.480366492146596,9.0,764,0.03745491699091282,2397.1146874184205,2336.6398277854983,60.474859632922126,0.015990557140587287,0.0006396222856234915,9.994098212867055e-06,0.1499027091949297,64
MADDPG,0,19904,310,19899,242.19616935204562,3.7843151461257127,0.6021897810218978,0.6021897810218978,1370,825,562,0,65.65625,4202.0,5.093333333333334,8.0,825,0.03615910300876988,2314.182592561272,2256.724884424687,57.4577081365845,0.014549587991375922,0.0005819835196550369,9.093492494609951e-06,0.14993451351007062,64
MADDPG,0,19968,311,19963,210.1819667219695,3.2840932300307735,0.5410764872521246,0.5410764872521246,1412,764,618,0,60.546875,3875.0,5.071989528795812,8.0,764,0.03551949644556669,2273.2477725162685,2216.4520926590903,56.795679857177106,0.013740276395617182,0.0005496110558246873,8.587672747260739e-06,0.15030137272633384,64
MADDPG,0,20032,312,20027,228.7327445653812,3.5739491338340814,0.5936811168258633,0.5936811168258633,1361,808,599,0,64.65625,4138.0,5.121287128712871,9.0,808,0.03705246041927143,2371.3574668333717,2314.5989130648045,56.758553768567374,0.014235623474609082,0.0005694249389843633,8.897264671630676e-06,0.15077129339846732,64
MADDPG,0,20096,313,20091,196.45864599460722,3.069666343665738,0.5271816881258942,0.5271816881258942,1398,737,610,0,57.28125,3666.0,4.974219810040705,9.0,737,0.03297969618398531,2110.70055577506,2054.3582442959987,56.34231147906105,0.013219657106579153,0.0005287862842631661,8.26228569161197e-06,0.15085362765110313,64
MADDPG,0,20160,314,20155,245.66454843329734,3.838508569270271,0.5970359915314044,0.5970359915314044,1417,846,596,0,65.921875,4219.0,4.986997635933806,8.0,846,0.037550784137164846,2403.25018477855,2345.2413738285004,58.00881095005138,0.013897129312114447,0.0005558851724845778,8.685705820071529e-06,0.150723053229142,64
MADDPG,0,20224,315,20219,229.62313028418717,3.5878614106904245,0.5706174591909156,0.5706174591909156,1409,804,584,0,63.390625,4057.0,5.046019900497512,8.0,804,0.03655913029603576,2339.7843389462887,2278.522136540506,61.262202405782645,0.012628143415492038,0.0005051257366196815,7.892589634682524e-06,0.15039246547215063,64
MADDPG,0,20288,316,20283,257.94101894258347,4.030328420977867,0.6167621776504298,0.6167621776504298,1396,861,564,0,67.734375,4335.0,5.034843205574913,8.0,861,0.03807018455432006,2436.491811476484,2377.5652169344216,58.92659454206497,0.013834486645877936,0.0005533794658351174,8.64655415367371e-06,0.15042719565667706,64
MADDPG,0,20352,317,20347,209.15561216674968,3.2680564401054637,0.5496017378711079,0.5496017378711079,1381,759,604,0,60.890625,3897.0,5.134387351778656,9.0,759,0.03598452541681818,2303.0096266763635,2245.994604241305,57.01502243505874,0.013343130030211262,0.0005337252012084505,8.339456268882039e-06,0.15042311270980233,64
MADDPG,0,20416,318,20411,212.20705325918823,3.315735207174816,0.5391061452513967,0.5391061452513967,1432,772,644,0,61.21875,3918.0,5.075129533678757,8.0,772,0.03343009741466971,2139.5262345388614,2078.7041383565343,60.82209618232742,0.011729380818824431,0.0004691752327529772,7.330863011765269e-06,0.1498892235641341,64
MADDPG,0,20480,319,20475,196.55434611699175,3.071161658077996,0.5298295454545454,0.5298295454545454,1408,746,672,0,59.78125,3826.0,5.128686327077748,8.0,746,0.03576682647927369,2289.076894673516,2227.7421241299285,61.33477054358876,0.012548795085840187,0.0005019518034336075,7.842996928650116e-06,0.1488889781396099,64
MADDPG,0,20544,320,20539,214.647260389824,3.353863443591,0.5528511821974965,0.5528511821974965,1438,795,645,0,65.921875,4219.0,5.306918238993711,9.0,795,0.038871732784131335,2487.7908981844053,2428.0644126761485,59.72648550825753,0.013718080196812704,0.0005487232078725081,8.57380012300794e-06,0.1478965666008633,64
MADDPG,0,20608,321,20603,218.66120251935172,3.4165812893648706,0.5645863570391872,0.5645863570391872,1378,778,598,0,63.234375,4047.0,5.201799485861183,9.0,778,0.0366181174638684,2343.5595176875777,2287.5434896668507,56.01602802072718,0.013634233145623375,0.000545369325824935,8.52139571601461e-06,0.1469759915439679,64
MADDPG,0,20672,322,20667,196.514562166317,3.070540033848703,0.5314735336194564,0.5314735336194564,1398,743,668,0,58.78125,3762.0,5.063257065948856,8.0,743,0.033986094611948986,2175.110055164735,2119.20236241963,55.90769274510584,0.012774878666359776,0.0005109951466543911,7.98429916647486e-06,0.14635845958938754,64
MADDPG,0,20736,323,20731,194.38783597037082,3.037309937037044,0.5349361382419233,0.5349361382419233,1331,712,591,0,57.765625,3697.0,5.192415730337078,9.0,712,0.03280904471784007,2099.7788619417643,2045.4714000334313,54.307461908332485,0.011368521538844944,0.00045474086155379773,7.1053259617780896e-06,0.14532104151184486,64
MADDPG,0,20800,324,20795,164.162917871575,2.565045591743359,0.49820531227566406,0.49820531227566406,1393,694,718,0,60.859375,3895.0,5.612391930835735,9.0,694,0.03710452239232743,2374.689433108955,2318.477926527502,56.21150658145397,0.012946313407670796,0.0005178525363068318,8.091445879794247e-06,0.14518148754343546,64
MADDPG,0,20864,325,20859,246.99719823436342,3.8593312224119285,0.5827538247566064,0.5827538247566064,1438,838,599,0,67.5,4320.0,5.155131264916467,8.0,838,0.03806682094503558,2436.276540482277,2378.719662332648,57.55687814962869,0.014667346025274168,0.0005866938410109667,9.167091265796355e-06,0.14654572513274478,64
MADDPG,0,20928,326,20923,176.02531026784746,2.7503954729351165,0.48462064251537934,0.48462064251537934,1463,709,750,0,55.859375,3575.0,5.042313117066291,8.0,709,0.03208807900999851,2053.6370566399046,1994.6357121759663,59.001344463938956,0.012134070659995042,0.00048536282639980165,7.583794162496901e-06,0.14779412368211625,64
MADDPG,0,20992,327,20987,138.56485714547009,2.16507589289797,0.42857142857142855,0.42857142857142855,1393,597,793,0,46.25,2960.0,4.958123953098827,8.0,597,0.02586559638331731,1655.3981685323079,1599.4494274568433,55.94874107546465,0.009770609327373638,0.0003908243730949455,6.106630829608524e-06,0.14848882003090996,64
MADDPG,0,21056,328,21051,175.14906974356248,2.7367042147431637,0.4887005649717514,0.4887005649717514,1416,692,712,0,54.8125,3508.0,5.069364161849711,8.0,692,0.03233030555483789,2069.1395555096246,2011.654260101985,57.48529540763983,0.01319357287550293,0.0005277429150201172,8.245983047189331e-06,0.148994066798853,64
MADDPG,0,21120,329,21115,134.25370183566466,2.0977140911822603,0.42071881606765327,0.42071881606765327,1419,597,843,0,46.375,2968.0,4.971524288107203,8.0,597,0.026019890540916937,1665.272994618684,1605.172228330537,60.10076628814756,0.010376404050584959,0.00041505616202339835,6.485252531615599e-06,0.14913385406552526,64
MADDPG,0,21184,330,21179,151.91624901415446,2.3736913908461634,0.4481534090909091,0.4481534090909091,1408,631,781,0,49.078125,3141.0,4.977812995245642,8.0,631,0.02862281797615942,1831.8603504742027,1773.70778944591,58.152561028292055,0.0115503320094639,0.00046201328037855603,7.218957505914938e-06,0.14880428192653639,64
MADDPG,0,21248,331,21243,130.3579077246971,2.036842308198392,0.41383989145183175,0.41383989145183175,1474,610,869,0,46.1875,2956.0,4.845901639344262,8.0,610,0.0271337340834749,1736.5589813423935,1676.3739634258368,60.185017916556596,0.010732003364414756,0.0004292801345765902,6.707502102759222e-06,0.148179925625429,64
MADDPG,0,21312,332,21307,153.32852350930204,2.3957581798328444,0.44776119402985076,0.44776119402985076,1474,660,816,0,51.796875,3315.0,5.0227272727272725,8.0,660,0.02976993361649567,1905.275751455723,1845.3595799828515,59.916171472871696,0.012193682828387488,0.0004877473131354995,7.621051767742179e-06,0.14721570141251578,64
MADDPG,0,21376,333,21371,152.01514435389004,2.375236630529532,0.4614840989399293,0.4614840989399293,1415,653,759,0,50.390625,3225.0,4.938744257274119,8.0,653,0.029508523122030637,1888.5454798099609,1830.1010709702177,58.44440883974228,0.013029921895918789,0.0005211968758367516,8.143701184949243e-06,0.1476069027904585,64
MADDPG,0,21440,334,21435,162.46936514475266,2.5385838303867603,0.481294964028777,0.481294964028777,1390,669,723,0,51.96875,3326.0,4.971599402092676,8.0,669,0.027629338655088237,1768.2776739256472,1711.3532513664793,56.9244225591665,0.011792255407001294,0.00047169021628005173,7.370159629375808e-06,0.14839657392165412,64
MADDPG,0,21504,335,21499,160.6523473348983,2.510192927107786,0.46863468634686345,0.46863468634686345,1355,635,722,0,47.34375,3030.0,4.771653543307087,8.0,635,0.02398928300913738,1535.3141125847922,1477.8617477396544,57.45236484513833,0.009544891573731402,0.0003817956629492561,5.965557233582126e-06,0.14869855360100365,64
MADDPG,0,21568,336,21563,153.8832224807774,2.4044253512621467,0.467201166180758,0.467201166180758,1372,641,728,0,49.09375,3142.0,4.901716068642746,8.0,641,0.02823038734868167,1806.744790315627,1748.092409961271,58.652380354356566,0.012265398701917198,0.0004906159480766879,7.665874188698249e-06,0.14930664443357106,64
MADDPG,0,21632,337,21627,160.17811625718616,2.5027830665185338,0.4456902592852137,0.4456902592852137,1427,636,768,0,47.765625,3057.0,4.806603773584905,8.0,636,0.026173927210054827,1675.131341443509,1616.4433026241286,58.6880388193802,0.01056661311908508,0.00042266452476340315,6.604133199428174e-06,0.15005225026941968,64
MADDPG,0,21696,338,21691,175.46912983187042,2.7417051536229753,0.47905405405405405,0.47905405405405405,1480,709,803,0,53.984375,3455.0,4.873060648801128,8.0,709,0.030877981739606184,1976.1908313347958,1915.035062083441,61.155769251354464,0.012980268053202796,0.0005192107221281118,8.112667533251748e-06,0.15050513770849955,64
MADDPG,0,21760,339,21755,203.40699308155712,3.17823426689933,0.5258992805755396,0.5258992805755396,1390,731,631,0,54.828125,3509.0,4.800273597811217,7.0,731,0.029816301875408603,1908.2433200261505,1849.4470778694417,58.79624215670858,0.01395166248596947,0.0005580664994387788,8.719789053730919e-06,0.1507283182089102,64
MADDPG,0,21824,340,21819,118.91877467999596,1.858105854374937,0.3910386965376782,0.3910386965376782,1473,576,879,0,44.9375,2876.0,4.993055555555555,9.0,576,0.026150313705017577,1673.620077121125,1608.8898963245708,64.7301807965542,0.012426394651528106,0.0004970557860611242,7.766496657205066e-06,0.1508833701277972,64
MADDPG,0,21888,341,21883,95.33456087440631,1.4896025136625985,0.37430555555555556,0.37430555555555556,1440,539,922,0,42.25,2704.0,5.01669758812616,9.0,539,0.026062858618553862,1668.022951587447,1606.395692665021,61.62725892242577,0.012006487014279886,0.00048025948057119544,7.504054383924929e-06,0.15147948760546107,64
MADDPG,0,21952,342,21947,111.33863710307153,1.7396662047354927,0.3870967741935484,0.3870967741935484,1426,552,873,0,43.625,2792.0,5.057971014492754,9.0,552,0.02404770551536646,1539.0531529834534,1478.7616393191295,60.29151366432338,0.010464874470870298,0.0004185949788348119,6.540546544293936e-06,0.15170788605913332,64
MADDPG,0,22016,343,22011,85.8237750983861,1.3409964859122827,0.3698060941828255,0.3698060941828255,1444,534,914,0,44.90625,2874.0,5.382022471910112,9.0,534,0.027380158091178504,1752.3301178354243,1691.9781176107854,60.35200022463816,0.012983767052501366,0.0005193506821000546,8.114854407813354e-06,0.15158312529938195,64
MADDPG,0,22080,344,22075,118.58431678751657,1.8528799498049464,0.42498205312275666,0.42498205312275666,1393,592,816,0,46.953125,3005.0,5.076013513513513,8.449999999999932,592,0.02624632344856818,1679.7647007083635,1622.115586215055,57.64911449330797,0.011926303748187735,0.0004770521499275094,7.453939842617335e-06,0.15121971403904977,64
MADDPG,0,22144,345,22139,127.16738785578278,1.986990435246606,0.43523316062176165,0.43523316062176165,1351,588,749,0,47.5625,3044.0,5.1768707482993195,9.0,588,0.026123368181994396,1671.8955636476414,1617.2654196864441,54.63014396119794,0.010703309055344628,0.00042813236221378513,6.689568159590393e-06,0.15050236763903707,64
MADDPG,0,22208,346,22203,84.00967213409886,1.3126511270952947,0.37281009110021024,0.37281009110021024,1427,532,895,0,43.953125,2813.0,5.287593984962406,9.0,532,0.026369554356050418,1687.6514787872268,1628.6222316338426,59.029247153384524,0.011690724582771844,0.00046762898331087374,7.306702864232402e-06,0.149559778139854,64
MADDPG,0,22272,347,22267,107.61158171085489,1.6814309642321077,0.42183098591549295,0.42183098591549295,1420,599,824,0,54.09375,3462.0,5.779632721202003,10.0,599,0.03131227319342784,2003.9854843793814,1946.5005733454875,57.48491103389455,0.014270357088675068,0.0005708142835470027,8.918973180421917e-06,0.14997565932955753,64
MADDPG,0,22336,348,22331,125.80449895362342,1.965695296150366,0.4117647058823529,0.4117647058823529,1479,609,858,0,48.25,3088.0,5.070607553366174,8.0,609,0.029505309947803697,1888.3398366594365,1826.5365282437722,61.803308415663,0.012195907759021074,0.000487836310360843,7.622442349388172e-06,0.15038117455126823,64
MADDPG,0,22400,349,22395,84.22475556822366,1.3160118057534946,0.3716502115655853,0.3716502115655853,1418,527,901,0,44.484375,2847.0,5.402277039848197,9.699999999999989,527,0.026674576689418535,1707.172908122786,1649.632525778562,57.540382344224454,0.011708181512174284,0.00046832726048697134,7.317613445108927e-06,0.15044012311332777,64
MADDPG,0,22464,350,22459,115.88274902592705,1.8106679535301102,0.42066420664206644,0.42066420664206644,1355,570,792,0,47.28125,3026.0,5.3087719298245615,9.0,570,0.027090385989558742,1733.7847033317596,1680.5007378221312,53.28396550962831,0.010917655293739758,0.00043670621174959033,6.823534558587349e-06,0.15006772958763212,64
MADDPG,0,22528,351,22523,86.2838505994143,1.3481851656158483,0.36764705882352944,0.36764705882352944,1428,525,889,0,43.109375,2759.0,5.255238095238095,9.0,525,0.023217076206408244,1485.8928772101276,1431.2485946208803,54.64428258924728,0.008543767310356084,0.00034175069241424333,5.339854568972552e-06,0.14916295333838397,64
MADDPG,0,22592,352,22587,71.40025412254958,1.1156289706648372,0.3528550512445095,0.3528550512445095,1366,482,871,0,41.296875,2643.0,5.483402489626556,10.0,482,0.02541237914365581,1626.3922651939718,1572.6581873882274,53.73407780574387,0.009254263171999826,0.00037017052687999305,5.783914482499891e-06,0.14792113849357175,64
MADDPG,0,22656,353,22651,113.10423633212655,1.7672536926894773,0.4357414448669201,0.4357414448669201,1315,573,774,0,49.21875,3150.0,5.49738219895288,10.0,573,0.02681503368177155,1716.1621556333794,1667.391615150228,48.77054048315147,0.010823976582828332,0.00043295906331313323,6.764985364267707e-06,0.14636320196015895,64
MADDPG,0,22720,354,22715,209.52294023492635,3.2737959411707243,0.5526122148638705,0.5526122148638705,1359,751,603,0,61.703125,3949.0,5.25832223701731,9.0,751,0.03368372835781727,2155.7586149003055,2106.5656437460534,49.192971154251566,0.011594087806457584,0.00046376351225830333,7.2463048790359896e-06,0.14472023699876363,64
MADDPG,0,22784,355,22779,218.7326560954905,3.4176977514920392,0.574169741697417,0.574169741697417,1355,778,592,0,64.875,4152.0,5.336760925449871,9.0,778,0.038338324510041696,2453.6527686426684,2402.9694652888525,50.68330335381453,0.011653259194291011,0.00046613036777164044,7.283286996431882e-06,0.1430138081380505,64
MADDPG,0,22848,356,22843,204.4847307837627,3.195073918496292,0.5345323741007194,0.5345323741007194,1390,743,610,0,61.484375,3935.0,5.296096904441454,9.0,743,0.03718573250216957,2379.8868801388526,2326.347845030694,53.53903510815745,0.010905872075270932,0.00043623488301083727,6.816170047044332e-06,0.14100192043576742,64
MADDPG,0,22912,357,22907,108.83104680584748,1.7004851063413668,0.4022906227630637,0.4022906227630637,1397,562,836,0,47.140625,3017.0,5.368327402135232,10.0,562,0.027102355995582098,1734.5507837172543,1683.9952851855778,50.555498531676164,0.008504471049139558,0.00034017884196558233,5.315294405712224e-06,0.1396378924301706,64
MADDPG,0,22976,358,22971,127.07079138805483,1.9854811154383567,0.4326388888888889,0.4326388888888889,1440,623,836,0,52.859375,3383.0,5.430176565008026,10.0,623,0.0306340655909771,1960.5801978225343,1902.3468696652092,58.233328157325346,0.010055818241654692,0.0004022327296661877,6.284886401034183e-06,0.1389505515258192,64
MADDPG,0,23040,359,23035,186.7402880136201,2.917817000212814,0.5303468208092486,0.5303468208092486,1384,734,657,0,61.078125,3909.0,5.325613079019074,9.0,734,0.038283972169414794,2450.174218842547,2390.5286947366994,59.645524105849006,0.01427098752915943,0.0005708395011663772,8.919367205724644e-06,0.13901254234319918,64
MADDPG,0,23104,360,23099,174.48139827893186,2.7262718481083104,0.49442119944211993,0.49442119944211993,1434,709,682,0,60.390625,3865.0,5.451339915373766,10.0,709,0.03528831400642793,2258.4520964113876,2195.3016938445408,63.15040256684801,0.013740410771559871,0.0005496164308623949,8.58775673222492e-06,0.13886735730933694,64
MADDPG,0,23168,361,23163,171.51346556951313,2.6798978995236427,0.503859649122807,0.503859649122807,1425,718,748,0,59.515625,3809.0,5.305013927576602,9.0,718,0.033663883135943526,2154.488520700386,2092.6291501951932,61.85937050519291,0.011257489859440355,0.00045029959437761416,7.035931162150221e-06,0.1382450964871897,64
MADDPG,0,23232,362,23227,199.45123185907144,3.1164254977979913,0.5324675324675324,0.5324675324675324,1386,738,647,0,59.953125,3837.0,5.199186991869919,9.0,738,0.03301938949505113,2113.2409276832723,2054.1433548177406,59.097572865531994,0.013147166186411888,0.0005258866474564755,8.21697886650743e-06,0.13743114508234425,64
MADDPG,0,23296,363,23291,206.96561866714995,3.233837791674218,0.5496017378711079,0.5496017378711079,1381,759,612,0,62.890625,4025.0,5.303030303030303,9.0,759,0.03606417959197723,2308.107493886543,2247.3212805480402,60.78621333850352,0.014140974401578795,0.0005656389760631518,8.838109000986747e-06,0.13634390788998418,64
MADDPG,0,23360,364,23355,173.36724471383002,2.708863198653594,0.4868965517241379,0.4868965517241379,1450,706,731,0,57.515625,3681.0,5.213881019830028,9.0,706,0.03296475190174034,2109.744121711382,2045.8870525429295,63.85706916845226,0.012489315654227817,0.0004995726261691126,7.805822283892385e-06,0.1356949618170635,64
MADDPG,0,23424,365,23419,118.31232272560985,1.8486300425876538,0.4342007434944238,0.4342007434944238,1345,584,768,0,48.0,3072.0,5.260273972602739,9.0,584,0.027200819825888897,1740.8524688568893,1680.5674861850875,60.28498267180094,0.010962284980990866,0.0004384913992396346,6.851428113119291e-06,0.13507412319213413,64
MADDPG,0,23488,366,23483,144.70175281130042,2.260964887676569,0.44622093023255816,0.44622093023255816,1376,614,781,0,49.421875,3163.0,5.151465798045603,9.0,614,0.026929017829497335,1723.4571410878295,1660.2323136453829,63.224827442446184,0.01251998855333284,0.0005007995421333136,7.824992845833025e-06,0.13509616171528777,64
MADDPG,0,23552,367,23547,112.50737299273071,1.7579277030114173,0.40853217642805495,0.40853217642805495,1383,565,821,0,44.40625,2842.0,5.030088495575221,9.0,565,0.025147949396529243,1609.4687613778715,1549.2172664865052,60.251494891366704,0.011152206174567714,0.00044608824698270857,6.970128859104821e-06,0.13570101404430282,64
MADDPG,0,23616,368,23611,181.27976434408066,2.8324963178762603,0.5048678720445062,0.5048678720445062,1438,726,693,0,58.15625,3722.0,5.126721763085399,9.0,726,0.033658057655273486,2154.1156899375032,2090.2711879097965,63.844502027706206,0.012138658208873427,0.0004855463283549371,7.586661380545892e-06,0.13635281644973196,64
MADDPG,0,23680,369,23675,187.37533554950272,2.92773961796098,0.5192582025677603,0.5192582025677603,1402,728,659,0,59.3125,3796.0,5.214285714285714,9.0,728,0.03347245314669992,2142.237001388795,2080.0135504482573,62.22345094053755,0.012310863386300245,0.0004924345354520098,7.694289616437653e-06,0.13672298970029112,64
MADDPG,0,23744,370,23739,181.27180136718707,2.832371896362298,0.5103942652329749,0.5103942652329749,1395,712,687,0,57.46875,3678.0,5.165730337078652,9.0,712,0.033097313219559596,2118.228046051814,2055.0730387204894,63.15500733132495,0.013367423536489172,0.0005346969414595669,8.354639710305732e-06,0.13676013574741197,64
MADDPG,0,23808,371,23803,160.83408698697826,2.5130326091715354,0.47697841726618706,0.47697841726618706,1390,663,741,0,52.484375,3359.0,5.066365007541478,9.0,663,0.03115172075791969,1993.7101285068602,1929.922461244451,63.78766726240992,0.01256039736880201,0.0005024158947520805,7.850248355501257e-06,0.13707510221394426,64
MADDPG,0,23872,372,23867,145.74470930104926,2.2772610828288946,0.4573002754820937,0.4573002754820937,1452,664,793,0,55.015625,3521.0,5.302710843373494,9.0,664,0.032347623897491525,2070.2479294394575,2004.7482084350818,65.49972100437556,0.012322599472970684,0.0004929039789188273,7.701624670606677e-06,0.13800696318195094,64
MADDPG,0,23936,373,23931,153.43354378596453,2.397399121655696,0.4696441032798325,0.4696441032798325,1433,673,760,0,56.078125,3589.0,5.332838038632986,9.0,673,0.030635075916329756,1960.6448586451045,1896.4272050370905,64.21765360801346,0.012783458888767134,0.0005113383555506853,7.989661805479458e-06,0.13943994548728955,64
MADDPG,0,24000,374,23995,142.9778247658473,2.234028511966364,0.44452198185624564,0.44452198185624564,1433,637,802,0,50.890625,3257.0,5.1130298273155415,9.0,637,0.02750758821894928,1760.4856460127537,1697.5886567147793,62.89698929797423,0.011483712434957511,0.00045934849739830044,7.177320271848444e-06,0.14044527714208124,64
MADDPG,0,24064,375,24059,125.58896829506259,1.962327629610353,0.43000669792364365,0.43000669792364365,1493,642,831,0,56.65625,3626.0,5.64797507788162,10.0,642,0.033330129687943924,2133.128300028411,2065.255310022427,67.87299000598439,0.013628307288272176,0.000545132291530887,8.51769205517011e-06,0.14121134240698585,64
MADDPG,0,24128,376,24123,113.00676297090095,1.7657306714203274,0.425531914893617,0.425531914893617,1410,600,796,0,54.265625,3473.0,5.788333333333333,10.0,600,0.0339871646295778,2175.178536292979,2116.8070963966375,58.37143989634172,0.013506513454560328,0.0005402605381824131,8.441570909100205e-06,0.14180681596404507,64
MADDPG,0,24192,377,24187,120.5782234155198,1.884034740867497,0.45076586433260396,0.45076586433260396,1371,618,762,0,54.140625,3465.0,5.606796116504855,10.0,618,0.03159742703997842,2022.2353305586191,1964.0682860098655,58.16704454875285,0.011907841260259799,0.00047631365041039196,7.442400787662374e-06,0.1419161542987286,64
MADDPG,0,24256,378,24251,167.91827395612864,2.62372303056451,0.5122131754256106,0.5122131754256106,1351,692,700,0,58.65625,3754.0,5.42485549132948,10.0,692,0.03411709765501414,2183.494249920905,2119.8928742119992,63.6013757089065,0.01299575307081986,0.0005198301228327944,8.122345669262412e-06,0.14168966858368004,64
MADDPG,0,24320,379,24315,175.67456169960872,2.744915026556386,0.49645390070921985,0.49645390070921985,1410,700,668,0,55.75,3568.0,5.097142857142857,9.0,700,0.03251254021090655,2080.8025734980192,2018.155014251439,62.64755924657943,0.012863371580817401,0.000514534863232696,8.039607238010875e-06,0.1414194358769492,64
MADDPG,0,24384,380,24379,154.49667313879573,2.4140105177936833,0.48940832724616506,0.48940832724616506,1369,670,723,0,55.703125,3565.0,5.32089552238806,9.0,670,0.033904955677018386,2169.9171633291767,2108.8486459990863,61.06851733008954,0.01360719133589466,0.0005442876534357865,8.504494584934163e-06,0.14150374092326573,64
MADDPG,0,24448,381,24443,84.8653837865468,1.3260216216647938,0.3869346733668342,0.3869346733668342,1393,539,845,0,46.328125,2965.0,5.500927643784786,10.0,539,0.026957396727013593,1725.2733905288699,1669.2872303708123,55.986160158057515,0.010168210505996311,0.00040672842023985244,6.355131566247694e-06,0.14140181352684544,64
MADDPG,0,24512,382,24507,99.77529013200574,1.5589889083125896,0.40454222853087296,0.40454222853087296,1409,570,818,0,46.96875,3006.0,5.273684210526316,9.0,570,0.027416680460042992,1754.6675494427516,1697.9329450047092,56.73460443804241,0.010167749685261768,0.0004067099874104707,6.354843553288605e-06,0.1408217985501634,64
MADDPG,0,24576,383,24571,138.32440190533958,2.161318779770931,0.45119453924914676,0.45119453924914676,1465,661,831,0,54.234375,3471.0,5.251134644478063,9.0,661,0.03171371910458966,2029.6780226937383,1971.3240180907974,58.35400460294038,0.011343190833536507,0.0004537276333414603,7.089494270960317e-06,0.14061885075429098,64
MADDPG,0,24640,384,24635,91.66865153703648,1.432322680266195,0.3872791519434629,0.3872791519434629,1415,548,852,0,47.953125,3069.0,5.600364963503649,10.0,548,0.02820059234715439,1804.8379102178808,1746.0161746398778,58.82173557800414,0.0108225785182565,0.00043290314073026,6.764111573910313e-06,0.14071036053380837,64
MADDPG,0,24704,385,24699,84.95839594352367,1.3274749366175573,0.3941391941391941,0.3941391941391941,1365,538,849,0,46.109375,2951.0,5.485130111524164,10.0,538,0.024208012426431287,1549.3127952916025,1494.6140158531462,54.69877943845589,0.009028435044127947,0.0003611374017651179,5.642771902579967e-06,0.14103808515403513,64
MADDPG,0,24768,386,24763,125.2869343566544,1.957608349322725,0.43509789702683105,0.43509789702683105,1379,600,761,0,50.0625,3204.0,5.34,9.0,600,0.027491547206592776,1759.4590212219377,1704.5259685665324,54.93305265540489,0.009783757338999286,0.0003913502935599714,6.114848336874553e-06,0.14122746507328357,64
MADDPG,0,24832,387,24827,149.46657196784525,2.335415186997582,0.47643219724437996,0.47643219724437996,1379,657,725,0,55.109375,3527.0,5.3683409436834095,9.199999999999932,657,0.03128313916450332,2002.1209065282126,1942.7253901392385,59.39551638897377,0.011115084300352324,0.00044460337201409294,6.946927687720202e-06,0.1412529507137601,64
MADDPG,0,24896,388,24891,110.98467018090923,1.7341354715767068,0.4077079107505071,0.4077079107505071,1479,603,867,0,53.734375,3439.0,5.703150912106136,9.0,603,0.0324989250524508,2079.9312033568513,2012.000934911478,67.93026844537314,0.01144276945022268,0.00045771077800890725,7.151730906389176e-06,0.1411033367112028,64
MADDPG,0,24960,389,24955,128.0597450611267,2.0009335165801048,0.44356578001437813,0.44356578001437813,1391,617,786,0,52.390625,3353.0,5.434359805510534,9.0,617,0.03118043086301658,1995.5475752330613,1933.1321947073552,62.41538052570603,0.011065852648063965,0.00044263410592255856,6.9161579050399775e-06,0.140525491221347,64
MADDPG,0,25024,390,25019,151.94309687341638,2.374110888647131,0.4617467840216655,0.4617467840216655,1477,682,787,0,58.453125,3741.0,5.4853372434017595,9.0,682,0.035216570666091275,2253.8605226298414,2186.5070306993366,67.35349193050408,0.012173027454047232,0.00048692109816188923,7.608142158779519e-06,0.1396906457965709,64
MADDPG,0,25088,391,25083,115.31073998980646,1.801730312340726,0.42817487855655795,0.42817487855655795,1441,617,821,0,54.3125,3476.0,5.633711507293355,10.0,617,0.03149255131875115,2015.5232844000739,1949.0854063679749,66.43787803209945,0.010777706436510853,0.00043110825746043414,6.736066522819283e-06,0.13857669623599012,64
MADDPG,0,25152,392,25147,165.6730720008793,2.588641750013739,0.49747292418772565,0.49747292418772565,1385,689,707,0,56.796875,3635.0,5.2757619738751815,9.0,689,0.03465740002107685,2218.0736013489186,2155.014454814651,63.05914653426745,0.011530341569913784,0.00046121366279655134,7.206463481196115e-06,0.1370213843259486,64
MADDPG,0,25216,393,25211,182.5142282609397,2.8517848165771826,0.518097941802697,0.518097941802697,1409,730,670,0,62.984375,4031.0,5.521917808219178,9.0,730,0.03900664701662418,2496.4254090639474,2435.2023036905466,61.22310537340102,0.014115648018456203,0.0005646259207382481,8.822280011535127e-06,0.13548365449289432,64
MADDPG,0,25280,394,25275,152.77987449341197,2.387185538959562,0.46597222222222223,0.46597222222222223,1440,671,748,0,57.4375,3676.0,5.478390461997019,9.0,671,0.0339247001678893,2171.180810744915,2106.1879306770716,64.99288006784305,0.01177478523858645,0.00047099140954345804,7.359240774116532e-06,0.1351445984983167,64
MADDPG,0,25344,395,25339,150.93763499359886,2.3584005467749822,0.47309573724668064,0.47309573724668064,1431,677,767,0,58.09375,3718.0,5.4918759231905465,9.0,677,0.03405197256437285,2179.326244119862,2114.0045347558957,65.32170936396622,0.011687626374571113,0.0004675050549828445,7.3047664841069454e-06,0.13543500638598951,64
MADDPG,0,25408,396,25403,88.39628717289202,1.3811919870764378,0.39516702203269366,0.39516702203269366,1407,556,858,0,51.296875,3283.0,5.904676258992806,10.0,556,0.03165114298851393,2025.6731512648914,1959.5760485671578,66.09710269773387,0.010599952930660177,0.00042399811722640705,6.62497058166261e-06,0.1356221275475087,64
MADDPG,0,25472,397,25467,129.33642708961912,2.0208816732752988,0.443666899930021,0.443666899930021,1429,634,791,0,53.34375,3414.0,5.384858044164038,9.0,634,0.03429859734483693,2195.1102300695634,2129.2941358873527,65.81609418221016,0.012647615459981465,0.0005059046183992586,7.904759662488416e-06,0.13628240744943587,64
MADDPG,0,25536,398,25531,146.28370452734387,2.285682883239748,0.4780701754385965,0.4780701754385965,1368,654,716,0,58.96875,3774.0,5.770642201834862,10.0,654,0.03267321400488073,2091.0856963123665,2027.4090281523181,63.6766681600493,0.012733246585820543,0.0005093298634328218,7.95827911613784e-06,0.13672299190462223,64
MADDPG,0,25600,399,25595,127.33537839356302,1.9896152873994222,0.4559659090909091,0.4559659090909091,1408,642,791,0,59.234375,3791.0,5.904984423676012,10.0,642,0.03493147307201026,2235.614276608657,2169.5040008813253,66.11027572733084,0.01416134066006821,0.0005664536264027284,8.85083791254263e-06,0.13699183100316825,64
MADDPG,0,25664,400,25659,177.39489181177146,2.771795184558929,0.4924137931034483,0.4924137931034483,1450,714,672,0,61.59375,3942.0,5.5210084033613445,9.0,714,0.038206999433154705,2445.247963721901,2379.1732495445663,66.07471417733359,0.01564434047988648,0.0006257736191954593,9.777712799929051e-06,0.13712334872015186,64
MADDPG,0,25728,401,25723,137.8975697267186,2.154649526979978,0.46030640668523676,0.46030640668523676,1436,661,812,0,55.9375,3580.0,5.416036308623298,10.0,661,0.03558718359083285,2277.5797498133024,2210.4631369629683,67.11661285033574,0.013449807716015645,0.0005379923086406258,8.406129822509778e-06,0.13684200573156757,64
MADDPG,0,25792,402,25787,167.86190560726544,2.6228422751135225,0.5014144271570015,0.5014144271570015,1414,709,697,0,61.703125,3949.0,5.569816643159379,10.0,709,0.03826650610530918,2449.0563907397873,2385.411545989636,63.64484475015005,0.0163369033913987,0.000653476135655948,1.0210564619624188e-05,0.1366110043981298,64
MADDPG,0,25856,403,25851,138.58172373709584,2.1653394333921225,0.46970776906628653,0.46970776906628653,1403,659,766,0,56.109375,3591.0,5.449165402124431,9.0,659,0.033160395894131695,2122.2653372244285,2059.8293870879434,62.435950136484635,0.013422122077634118,0.0005368848831053647,8.388826298521324e-06,0.13760845588801082,64
MADDPG,0,25920,404,25915,167.10369342707165,2.6109952097979945,0.5096085409252669,0.5096085409252669,1405,716,703,0,61.828125,3957.0,5.526536312849162,9.0,716,0.035918858565399156,2298.806948185546,2237.9065688453948,60.90037934015105,0.015787527175569766,0.0006315010870227907,9.867204484731105e-06,0.13844857045241393,64
MADDPG,0,25984,405,25979,165.52676769217115,2.586355745190174,0.4802494802494803,0.4802494802494803,1443,693,724,0,56.96875,3646.0,5.261183261183261,9.0,693,0.032835633644867086,2101.4805532714936,2040.4916284722128,60.98892479928157,0.012644401798870273,0.0005057760719548109,7.90275112429392e-06,0.13907035843412147,64
MADDPG,0,26048,406,26043,139.39374228195263,2.17802722315551,0.4512455516014235,0.4512455516014235,1405,634,783,0,54.0625,3460.0,5.457413249211356,9.0,634,0.031633722879915685,2024.5582643146038,1964.6280257143685,59.930238600234944,0.010888240307964847,0.00043552961231859387,6.805150192478029e-06,0.14009556397977335,64
MADDPG,0,26112,407,26107,166.12345431244506,2.595678973631954,0.4867383512544803,0.4867383512544803,1395,679,711,0,55.40625,3546.0,5.222385861561119,9.0,679,0.03118407767591354,1995.7809712584667,1936.8987082116246,58.882263046842944,0.011813129718669194,0.0004725251887467678,7.383206074168247e-06,0.1412125717110992,64
MADDPG,0,26176,408,26171,101.65569085109402,1.588370169548344,0.3797554347826087,0.3797554347826087,1472,559,896,0,46.28125,2962.0,5.298747763864043,9.0,559,0.027066374434314762,1732.2479637961449,1669.7553989717346,62.49256482441044,0.010010892299985703,0.0004004356919994281,6.256807687491064e-06,0.14179598977521163,64
MADDPG,0,26240,409,26235,112.19050587286672,1.7529766542635425,0.42783505154639173,0.42783505154639173,1358,581,775,0,47.96875,3070.0,5.283993115318417,9.0,581,0.031122781727928088,1991.8580305873977,1934.5263386951456,57.331691892251804,0.011192369434620826,0.00044769477738483305,6.995230896638016e-06,0.14228292875195303,64
MADDPG,0,26304,410,26299,134.90192465902257,2.1078425727972276,0.46058394160583943,0.46058394160583943,1370,631,770,0,53.34375,3414.0,5.410459587955626,9.0,631,0.03019218767164031,1932.30001098498,1875.9923350916824,56.30767589329773,0.011437552256287889,0.00045750209025151556,7.1484701601799306e-06,0.14323731491519523,64
MADDPG,0,26368,411,26363,107.08747688015534,1.6732418262524271,0.41032798325191905,0.41032798325191905,1433,588,837,0,52.546875,3363.0,5.719387755102041,10.0,588,0.03098333441180925,1982.9334023557922,1922.0548467377043,60.87855561808892,0.011914404101430553,0.0004765761640572221,7.4465025633940955e-06,0.14446350560902826,64
MADDPG,0,26432,412,26427,118.87506590434496,1.85742290475539,0.40997977073499664,0.40997977073499664,1483,608,865,0,52.203125,3341.0,5.495065789473684,10.0,608,0.029569579327680943,1892.4530769715805,1832.3585275338314,60.09454943774902,0.01142422637698708,0.0004569690550794832,7.140141485616925e-06,0.1451811853422899,64
MADDPG,0,26496,413,26491,115.32380026386042,1.801934379122819,0.4335965541995693,0.4335965541995693,1393,604,791,0,55.34375,3542.0,5.864238410596027,10.0,604,0.03294278702113596,2108.3383693527016,2049.068116650701,59.27025270200034,0.012924950013719065,0.0005169980005487626,8.078093758574416e-06,0.14564494173200518,64
MADDPG,0,26560,414,26555,119.1178107154892,1.8612157924295187,0.43587896253602304,0.43587896253602304,1388,605,779,0,54.578125,3493.0,5.773553719008264,10.0,605,0.033732308817466486,2158.8677643178553,2099.5259500019165,59.34181431593968,0.013334384768883722,0.0005333753907553489,8.333990480552326e-06,0.14586923378788852,64
MADDPG,0,26624,415,26619,84.98251060363023,1.3278517281817224,0.3661390227116311,0.3661390227116311,1453,532,922,0,44.8125,2868.0,5.390977443609023,10.0,532,0.025867787824156566,1655.5384207460202,1593.347335192559,62.19108555346127,0.009112622266239875,0.000364504890649595,5.695388916399922e-06,0.14556633901610622,64
MADDPG,0,26688,416,26683,46.18038223171716,0.7215684723705806,0.3211009174311927,0.3211009174311927,1417,455,982,0,38.109375,2439.0,5.36043956043956,10.0,455,0.022850586758317012,1462.4375525322887,1402.9193556393866,59.518196892901955,0.007605669282503888,0.0003042267713001555,4.75354330156493e-06,0.14477175089711447,64
MADDPG,0,26752,417,26747,132.8050785634416,2.075079352553775,0.42663817663817666,0.42663817663817666,1404,599,789,0,46.953125,3005.0,5.01669449081803,9.0,599,0.02659606844721965,1702.1483806220576,1644.27161535294,57.876765269117406,0.009596499498461293,0.0003838599799384517,5.997812186538308e-06,0.14451629146459105,64
MADDPG,0,26816,418,26811,174.39754324823474,2.724961613253668,0.5046528274874732,0.5046528274874732,1397,705,706,0,58.671875,3755.0,5.326241134751773,9.0,705,0.0351499433238079,2249.596372723706,2191.624742358131,57.97163036557438,0.014294401257368961,0.0005717760502947585,8.9340007858556e-06,0.14449867974913438,64
MADDPG,0,26880,419,26875,129.60888638092263,2.025138849701916,0.4354515050167224,0.4354515050167224,1495,651,807,0,56.78125,3634.0,5.582181259600614,10.0,651,0.03416547823578545,2186.590607090269,2124.0412174215603,62.54938966870862,0.014574868379624309,0.0005829947351849723,9.109292737265193e-06,0.14422220126636248,64
MADDPG,0,26944,420,26939,97.74455058647544,1.5272586029136788,0.39466484268125857,0.39466484268125857,1462,577,891,0,48.78125,3122.0,5.410745233968804,10.0,577,0.02990459236242447,1913.893911195166,1853.547310979296,60.34660021586949,0.012946403278697673,0.0005178561311479069,8.091502049186045e-06,0.14402359336765913,64
MADDPG,0,27008,421,27003,96.49456086886747,1.5077275135760542,0.40406976744186046,0.40406976744186046,1376,556,857,0,45.15625,2890.0,5.197841726618705,9.0,556,0.024961387419718074,1597.5287948619568,1538.844532782534,58.68426207942259,0.010119835440516058,0.00040479341762064236,6.324897150322537e-06,0.14382561171141062,64
MADDPG,0,27072,422,27067,192.18011516257837,3.002814299415287,0.5317630264097074,0.5317630264097074,1401,745,663,0,61.828125,3957.0,5.311409395973154,9.0,745,0.0381026234127841,2438.5678984181823,2377.615785932486,60.9521124856967,0.015304397913060076,0.0006121759165224031,9.565248695662548e-06,0.14374518506241,64
MADDPG,0,27136,423,27131,216.73340703452237,3.386459484914412,0.5581395348837209,0.5581395348837209,1376,768,604,0,61.09375,3910.0,5.091145833333333,8.0,768,0.03394521727777511,2172.493905777607,2113.2116935717445,59.28221220586245,0.014086362335094508,0.0005634544934037803,8.803976459434067e-06,0.14418975171307508,64
MADDPG,0,27200,424,27195,131.1024656549434,2.0484760258584904,0.443001443001443,0.443001443001443,1386,614,752,0,50.984375,3263.0,5.314332247557004,9.0,614,0.030098875960840068,1926.3280614937644,1867.0065858286926,59.32147566507237,0.011968243090171667,0.00047872972360686665,7.480151931357291e-06,0.1447195099600658,64
MADDPG,0,27264,425,27259,152.37367277740773,2.380838637146996,0.45516304347826086,0.45516304347826086,1472,670,785,0,54.96875,3518.0,5.250746268656717,9.0,670,0.03273363004393783,2094.952322812021,2032.580957381997,62.37136543002479,0.012081446811166404,0.00048325787244665616,7.5509042569790026e-06,0.14528640331287146,64
MADDPG,0,27328,426,27323,140.33553660627086,2.1927427594729823,0.47921390778533635,0.47921390778533635,1323,634,710,0,53.3125,3412.0,5.381703470031546,9.0,634,0.03224458644586582,2063.6535325354125,2007.0326570406035,56.62087549480865,0.011898568337366591,0.00047594273349466364,7.436605210854119e-06,0.14570092668310394,64
MADDPG,0,27392,427,27387,173.15927734977717,2.7056137085902683,0.4974838245866283,0.4974838245866283,1391,692,690,0,57.96875,3710.0,5.361271676300578,10.0,692,0.032615253299176965,2087.3762111473256,2027.4392537601009,59.93695738722458,0.011816211724898176,0.00047264846899592705,7.38513232806136e-06,0.1456462704537529,64
MADDPG,0,27456,428,27451,152.64384618579973,2.385060096653121,0.47962830593280914,0.47962830593280914,1399,671,736,0,57.0625,3652.0,5.442622950819672,9.0,671,0.03501992044928278,2241.274908754098,2180.2501762814395,61.02473247265941,0.012563422531605497,0.0005025369012642199,7.852139082253435e-06,0.14539009299136757,64
MADDPG,0,27520,429,27515,176.51120300359665,2.7579875469311976,0.517725258493353,0.517725258493353,1354,701,653,0,59.734375,3823.0,5.453637660485021,9.0,701,0.032863726392028225,2103.2784890898065,2045.0977697573792,58.18071933242669,0.012051894900283695,0.0004820757960113478,7.53243431267731e-06,0.14476456559432851,64
MADDPG,0,27584,430,27579,189.02440281945144,2.9535062940539287,0.5360824742268041,0.5360824742268041,1358,728,650,0,59.296875,3795.0,5.212912087912088,9.0,728,0.03555982835332237,2275.829014612632,2216.696908632408,59.13210598022427,0.012709329160110432,0.0005083731664044173,7.94333072506902e-06,0.14387975004272457,64
MADDPG,0,27648,431,27643,187.08561152726347,2.9232126801134917,0.5069637883008357,0.5069637883008357,1436,728,701,0,63.609375,4071.0,5.592032967032967,10.0,728,0.03783114270383034,2421.1931330451416,2358.852299344443,62.34083370069941,0.013706762027370154,0.0005482704810948061,8.566726267106346e-06,0.14306205743696132,64
MADDPG,0,27712,432,27707,204.55367556666243,3.1961511807291005,0.5517751479289941,0.5517751479289941,1352,746,588,0,60.890625,3897.0,5.2238605898123325,9.0,746,0.03536600188136007,2263.4241204070445,2206.7874577200164,56.63666268702799,0.0129723338036049,0.000518893352144196,8.107708627253063e-06,0.14269837508505157,64
MADDPG,0,27776,433,27771,149.29504615525656,2.3327350961758837,0.4695035460992908,0.4695035460992908,1410,662,741,0,59.390625,3801.0,5.741691842900302,9.949999999999932,662,0.03511742854659382,2247.5154269820046,2193.3842944980456,54.13113248395972,0.013335903516034395,0.0005334361406413758,8.334939697521497e-06,0.14218540159336387,64
MADDPG,0,27840,434,27835,124.52881934637801,1.9457628022871565,0.4516363636363636,0.4516363636363636,1375,621,780,0,56.625,3624.0,5.835748792270532,10.0,621,0.03446670866391882,2205.8693544908047,2153.161670560763,52.70768393004184,0.012607829246736842,0.0005043131698694737,7.879893279210526e-06,0.14122214352221787,64
MADDPG,0,27904,435,27899,144.43109151228612,2.2567358048794706,0.47045951859956237,0.47045951859956237,1371,645,709,0,55.03125,3522.0,5.46046511627907,9.0,645,0.03283196396095816,2101.245693501322,2049.4615580544196,51.78413544690231,0.011880969683358878,0.0004752387873343551,7.4256060520992986e-06,0.1399838689692492,64
MADDPG,0,27968,436,27963,142.11180792763514,2.220496998869299,0.46370683579985905,0.46370683579985905,1419,658,775,0,58.390625,3737.0,5.679331306990881,9.0,658,0.03465558077569246,2217.957169644317,2161.8581016293006,56.09906801501671,0.01305606135744782,0.0005222424542979128,8.160038348404887e-06,0.1391270872157278,64
MADDPG,0,28032,437,28027,151.68302122406033,2.3700472066259426,0.48008849557522126,0.48008849557522126,1356,651,715,0,55.953125,3581.0,5.500768049155146,10.0,651,0.031779689521494923,2033.900129375675,1980.0097617414112,53.89036763426417,0.011806910418405502,0.00047227641673622007,7.3793190115034385e-06,0.13829062624564675,64
MADDPG,0,28096,438,28091,163.99804533090244,2.5624694582953507,0.5025417574437182,0.5025417574437182,1377,692,697,0,60.921875,3899.0,5.634393063583815,10.0,692,0.03507295990550993,2244.6694339526357,2190.2696260126727,54.39980793996306,0.013183866262131238,0.0005273546504852495,8.239916413832023e-06,0.13709655287162037,64
MADDPG,0,28160,439,28155,177.40698035040498,2.771984067975078,0.51010101010101,0.51010101010101,1386,707,657,0,60.5625,3876.0,5.482319660537482,9.0,707,0.03584341447733784,2293.9785265496216,2240.792900789567,53.18562576005505,0.013625081286600853,0.0005450032514640341,8.515675804125533e-06,0.1365094683499446,64
MADDPG,0,28224,440,28219,158.20456237755837,2.4719462871493496,0.4765003615328995,0.4765003615328995,1383,659,696,0,57.390625,3673.0,5.573596358118361,9.0,659,0.032710444109694994,2093.46842302048,2037.9247764621703,55.543646558309526,0.011984209082402551,0.00047936836329610206,7.490130676501595e-06,0.13682717890331306,64
MADDPG,0,28288,441,28283,91.50261840061529,1.429728412509614,0.38396025550035484,0.38396025550035484,1409,541,879,0,47.09375,3014.0,5.5711645101663585,10.0,541,0.028118211609002026,1799.5655429761298,1743.2583413518198,56.307201624310395,0.010647887082963083,0.0004259154833185233,6.6549294268519265e-06,0.13666934971473027,64
MADDPG,0,28352,442,28347,133.428698224837,2.0848234097630782,0.445074415308292,0.445074415308292,1411,628,785,0,56.375,3608.0,5.745222929936306,10.0,628,0.03006347845215365,1924.0626209378336,1868.8779228091516,55.184698128681646,0.010743536523832519,0.00042974146095330073,6.714710327395324e-06,0.1361525370204353,64
MADDPG,0,28416,443,28411,139.85286577652707,2.1852010277582354,0.4584837545126354,0.4584837545126354,1385,635,749,0,52.1875,3340.0,5.25984251968504,9.0,635,0.03140408272369955,2009.8612943167714,1948.4963226749526,61.364971641818656,0.010764492470371574,0.00043057969881486296,6.727807793982234e-06,0.13632981169695535,64
MADDPG,0,28480,444,28475,111.96429676995045,1.7494421370304758,0.4322157434402332,0.4322157434402332,1372,593,783,0,53.265625,3409.0,5.748735244519393,10.0,593,0.03215462119738955,2057.8957566329314,1994.9612091428078,62.93454749012341,0.010107402068526632,0.00040429608274106525,6.317126292829145e-06,0.1362817206764601,64
MADDPG,0,28544,445,28539,142.860553712046,2.2321961517507187,0.44663494221617944,0.44663494221617944,1471,657,797,0,55.328125,3541.0,5.389649923896499,10.0,657,0.03142852264412842,2011.425449224219,1943.7590069931478,67.66644223107151,0.009957849192539812,0.0003983139677015925,6.223655745337383e-06,0.13586450462513228,64
MADDPG,0,28608,446,28603,189.4248335246317,2.9597630238223704,0.530478955007257,0.530478955007257,1378,731,674,0,59.390625,3801.0,5.199726402188783,9.0,731,0.03635848484093506,2326.943029819844,2265.196896474731,61.74613334511389,0.011624517992131983,0.00046498071968527934,7.26532374508249e-06,0.13645767576666074,64
MADDPG,0,28672,447,28667,123.76508011456696,1.9338293767901087,0.43802228412256267,0.43802228412256267,1436,629,805,0,54.703125,3501.0,5.5659777424483305,10.0,629,0.03125062111839266,2000.0397515771303,1933.8227958131679,66.21695576396246,0.01101057295883048,0.0004404229183532192,6.88160809926905e-06,0.13792717958758244,64
MADDPG,0,28736,448,28731,169.11986098565762,2.6424978279009004,0.501078360891445,0.501078360891445,1391,697,698,0,58.90625,3770.0,5.408895265423243,9.0,697,0.0364686285990159,2333.9922303370176,2268.979881463549,65.01234887346857,0.013600342955342407,0.0005440137182136963,8.500214347089005e-06,0.13907117903468913,64
MADDPG,0,28800,449,28795,152.41382874796454,2.381466074186946,0.4690934065934066,0.4690934065934066,1456,683,767,0,57.40625,3674.0,5.379209370424597,9.0,683,0.03404392381459939,2178.811124134361,2112.143535053117,66.66758908124373,0.013924499394363715,0.0005569799757745486,8.702812121477322e-06,0.14034269842663205,64
MADDPG,0,28864,450,28859,95.09722342836909,1.485894116068267,0.3831123517096999,0.3831123517096999,1433,549,865,0,46.375,2968.0,5.406193078324226,10.0,549,0.02626853946190713,1681.1865255620564,1614.86194191956,66.32458364249706,0.012872886269149413,0.0005149154507659765,8.045553918218383e-06,0.1418238700433248,64
MADDPG,0,28928,451,28923,96.86462791148489,1.5135098111169514,0.3798449612403101,0.3798449612403101,1419,539,881,0,42.421875,2715.0,5.037105751391466,9.0,539,0.024082839402544125,1541.301721762824,1476.0520535766102,65.24966818621394,0.01177243939666287,0.0004708975758665148,7.357774622914294e-06,0.1428198733167289,64
MADDPG,0,28992,452,28987,136.2195666761504,2.12843072931485,0.4349680170575693,0.4349680170575693,1407,612,819,0,47.3125,3028.0,4.947712418300654,8.0,612,0.026338851224622737,1685.6864783758551,1626.1100473725548,59.576431003300264,0.011121342326022939,0.00044485369304091756,6.950838953764337e-06,0.14350671687495828,64
MADDPG,0,29056,453,29051,160.37015668725854,2.5057836982384147,0.4768486523842433,0.4768486523842433,1447,690,758,0,56.1875,3596.0,5.211594202898551,9.0,690,0.0328917582840063,2105.0725301764032,2039.4690994877215,65.60343068868127,0.013491347470383374,0.000539653898815335,8.432092168989609e-06,0.1450518393272997,64
MADDPG,0,29120,454,29115,144.93701844738928,2.2646409132404575,0.4512855209742896,0.4512855209742896,1478,667,786,0,56.609375,3623.0,5.431784107946027,9.0,667,0.03356754720805431,2148.323021315476,2080.96856832129,67.35445299418609,0.014157999249400914,0.0005663199699760366,8.848749530875572e-06,0.14660442726200384,64
MADDPG,0,29184,455,29179,141.68099053085305,2.213765477044579,0.46733668341708545,0.46733668341708545,1393,651,754,0,59.46875,3806.0,5.846390168970814,10.0,651,0.03597458330986983,2302.373331831669,2238.0708733488514,64.30245848281919,0.011969926377229299,0.00047879705508917193,7.481203985768311e-06,0.1479372635066651,64
MADDPG,0,29248,456,29243,142.161529197016,2.221273893703375,0.45917655268667135,0.45917655268667135,1433,658,765,0,57.09375,3654.0,5.553191489361702,10.0,658,0.03376005488780241,2160.6435128193543,2095.1973345865094,65.44617823284511,0.012258632819550988,0.0004903453127820395,7.661645512219368e-06,0.1489203750359293,64
MADDPG,0,29312,457,29307,173.7018535700198,2.7140914620315595,0.5034965034965035,0.5034965034965035,1430,720,720,0,62.046875,3971.0,5.5152777777777775,9.0,720,0.03618055998184804,2315.5558388382747,2249.687362514056,65.86847632421855,0.013170578266760125,0.000526823130670405,8.231611416725078e-06,0.14971500429953782,64
MADDPG,0,29376,458,29371,176.3271871082375,2.755112298566211,0.5007002801120448,0.5007002801120448,1428,715,700,0,61.296875,3923.0,5.486713286713287,10.0,715,0.036579117333142196,2341.0635093211004,2275.997355361564,65.06615395953668,0.013689088762170292,0.0005475635504868117,8.555680476356432e-06,0.151041943946115,64
MADDPG,0,29440,459,29435,135.40067354471358,2.1156355241361497,0.44976076555023925,0.44976076555023925,1463,658,809,0,58.859375,3767.0,5.724924012158055,10.0,658,0.034307667430153344,2195.690715529814,2126.0254112346393,69.66530429517366,0.01231277959844715,0.000492511183937886,7.69548724902947e-06,0.15190486323974334,64
MADDPG,0,29504,460,29499,128.59371501725008,2.0092767971445324,0.44490644490644493,0.44490644490644493,1443,642,787,0,55.671875,3563.0,5.549844236760125,9.0,642,0.034173793650826845,2187.122793652918,2115.4141182816434,71.70867537127471,0.01289134088228756,0.0005156536352915024,8.057088051429725e-06,0.15257602595139175,64
MADDPG,0,29568,461,29563,116.02918338966867,1.812955990463573,0.43209007741027444,0.43209007741027444,1421,614,832,0,52.328125,3349.0,5.454397394136808,9.350000000000023,614,0.031055642738069,1987.561135236416,1917.9953630518428,69.56577218457295,0.01145651228469267,0.00045826049138770683,7.160320177932919e-06,0.15274698872680917,64
MADDPG,0,29632,462,29627,148.52106746980752,2.3206416792157425,0.45998655010087425,0.45998655010087425,1487,684,801,0,58.515625,3745.0,5.4751461988304095,10.0,684,0.032226255841626035,2062.480373864066,1990.3648405704114,72.11553329365432,0.011700747229469144,0.0004680298891787658,7.3129670184182154e-06,0.15264556856083555,64
MADDPG,0,29696,463,29691,239.53710519641874,3.7427672686940427,0.5836879432624114,0.5836879432624114,1410,823,603,0,67.015625,4289.0,5.211421628189551,9.0,823,0.038410365170779136,2458.263370929865,2395.3235710406643,62.939799889201666,0.013098043359952995,0.0005239217343981198,8.186277099970622e-06,0.15255968435388192,64
MADDPG,0,29760,464,29755,226.7787455507682,3.5434178992307532,0.5651245551601424,0.5651245551601424,1405,794,607,0,61.34375,3926.0,4.944584382871536,8.0,794,0.03169366474663779,2028.3945437848186,1968.9636962809864,59.43084750383197,0.010578120238172622,0.0004231248095269049,6.611325148857889e-06,0.15289110994195482,64
MADDPG,0,29824,465,29819,249.46817883661495,3.8979402943221086,0.5843621399176955,0.5843621399176955,1458,852,619,0,67.40625,4314.0,5.063380281690141,8.0,852,0.0388099523287972,2483.836949043021,2426.105843930611,57.73110511241036,0.013461845059472148,0.0005384738023788859,8.413653162170092e-06,0.1531116974638474,64
MADDPG,0,29888,466,29883,210.3112430748105,3.286113173043914,0.5473984319315752,0.5473984319315752,1403,768,607,0,64.140625,4105.0,5.345052083333333,9.0,768,0.039177293294728854,2507.3467708626467,2448.464194158439,58.88257670420623,0.013912346918826667,0.0005564938767530667,8.695216824266667e-06,0.15391546166187026,64
MADDPG,0,29952,467,29947,123.61586785565642,1.9314979352446315,0.4298941798941799,0.4298941798941799,1512,650,850,0,58.359375,3735.0,5.746153846153846,10.0,650,0.03534514550245761,2262.089312157287,2200.5693082129815,61.52000394430496,0.012437364308157966,0.0004974945723263186,7.773352692598729e-06,0.15430120336043082,64
MADDPG,0,30016,468,30011,118.85907931644044,1.857173114319382,0.4390070921985816,0.4390070921985816,1410,619,789,0,56.09375,3590.0,5.79967689822294,10.0,619,0.034324895195924104,2196.793292539143,2136.2474815482637,60.545810990879374,0.012085261662801014,0.00048341046651204057,7.553288539250634e-06,0.15418578829370916,64
MADDPG,0,30080,469,30075,116.60346142171392,1.82192908471428,0.43265875785066293,0.43265875785066293,1433,620,820,0,54.90625,3514.0,5.667741935483871,10.0,620,0.03323958666306017,2127.333546435851,2068.011449761152,59.32209667469811,0.012091178843429473,0.00048364715373717894,7.556986777143421e-06,0.15379693864716215,64
MADDPG,0,30144,470,30139,128.91225790377808,2.0142540297465326,0.4712308812818645,0.4712308812818645,1373,647,761,0,56.265625,3601.0,5.565687789799073,10.0,647,0.034014220636045436,2176.910120706908,2120.558338162736,56.35178254417172,0.012716721910895052,0.0005086688764358021,7.947951194309407e-06,0.15330331686110638,64
MADDPG,0,30208,471,30203,176.76956106237094,2.762024391599546,0.5073787772312017,0.5073787772312017,1423,722,695,0,61.71875,3950.0,5.470914127423823,9.0,722,0.03667487719934258,2347.1921407579252,2288.9074450663984,58.28469569152719,0.014067019267313064,0.0005626807706925226,8.791887042070665e-06,0.1533381840756583,64
MADDPG,0,30272,472,30267,167.59611825498854,2.618689347734196,0.49642346208869814,0.49642346208869814,1398,694,686,0,59.75,3824.0,5.510086455331412,10.0,694,0.036242669493958636,2319.5308476133528,2261.3276769843455,58.203170629007396,0.012465549693343922,0.0004986219877337569,7.790968558339951e-06,0.15320176533807328,64
MADDPG,0,30336,473,30331,161.61573252446357,2.5252458206947432,0.474775397373877,0.474775397373877,1447,687,747,0,57.703125,3693.0,5.3755458515283845,9.0,687,0.03411011491255191,2183.0473544033225,2122.776568827481,60.27078557584073,0.012051899237538377,0.0004820759695015351,7.532437023461486e-06,0.15256382033187366,64
MADDPG,0,30400,474,30395,149.30258476970516,2.332852887026643,0.47801009372746933,0.47801009372746933,1387,663,722,0,57.0,3648.0,5.502262443438914,9.0,663,0.0332623064090805,2128.7876101811516,2071.895269731148,56.89234045000379,0.012197565867375955,0.0004879026346950382,7.623478667109972e-06,0.15151228677223338,64
MADDPG,0,30464,475,30459,149.36480283326455,2.3338250442697586,0.48250728862973763,0.48250728862973763,1372,662,727,0,55.640625,3561.0,5.379154078549849,9.0,662,0.03177527546148772,2033.617629535214,1976.0321989294926,57.58543060572208,0.011636942915411898,0.0004654777166164759,7.273089322132436e-06,0.15014784983379906,64
MADDPG,0,30528,476,30523,174.46358793496603,2.725993561483844,0.5209895052473763,0.5209895052473763,1334,695,652,0,59.171875,3787.0,5.448920863309352,9.0,695,0.0349376741448444,2236.0111452700417,2181.4771954029807,54.53394986706029,0.013146318054686476,0.0005258527221874591,8.216448784179048e-06,0.1491010726034357,64
MADDPG,0,30592,477,30587,131.7660108980898,2.058843920282653,0.4593613933236575,0.4593613933236575,1378,633,737,0,56.15625,3594.0,5.677725118483412,10.0,633,0.03256002193000214,2083.8414035201367,2026.7257730836122,57.11563043652555,0.012507095456567308,0.0005002838182626923,7.816934660354568e-06,0.14919361122246283,64
MADDPG,0,30656,478,30651,155.0011485852951,2.421892946645236,0.47737226277372263,0.47737226277372263,1370,654,683,0,53.546875,3427.0,5.240061162079511,9.0,654,0.031907365342792496,2042.07138193872,1984.8837115060808,57.187670432638384,0.012166683758033064,0.0004866673503213226,7.604177348770666e-06,0.14907192655045914,64
MADDPG,0,30720,479,30715,207.94930758495,3.2492079310148436,0.5831381733021077,0.5831381733021077,1281,747,569,0,61.515625,3937.0,5.270414993306559,9.0,747,0.035461481793702045,2269.5348347969307,2217.650129273974,51.884705522956395,0.014791208219605459,0.0005916483287842183,9.244505137253412e-06,0.14876472056428425,64
MADDPG,0,30784,480,30779,213.2480324913708,3.3320005076776686,0.5516759776536313,0.5516759776536313,1432,790,647,0,66.859375,4279.0,5.416455696202532,9.0,790,0.040494052163783746,2591.61933848216,2533.7881149622435,57.83122351991755,0.016944071389292166,0.0006777628555716867,1.0590044618307604e-05,0.14847336170952094,64
MADDPG,0,30848,481,30843,194.80959976677966,3.043899996355932,0.5255066387141859,0.5255066387141859,1431,752,667,0,64.65625,4138.0,5.502659574468085,9.0,752,0.03843691391707306,2459.9624906926756,2399.470295304504,60.49219538817136,0.01544200714255639,0.0006176802857022556,9.651254464097744e-06,0.14889056140221646,64
MADDPG,0,30912,482,30907,176.13299575621278,2.7520780586908247,0.5049295774647887,0.5049295774647887,1420,717,700,0,59.703125,3821.0,5.329149232914923,9.0,717,0.0358040569070029,2291.4596420481853,2235.4754381017947,55.98420394639031,0.015157197568839738,0.0006062879027535895,9.473248480524836e-06,0.1490157901164852,64
MADDPG,0,30976,483,30971,185.49077540196646,2.898293365655726,0.5189228529839883,0.5189228529839883,1374,713,653,0,58.015625,3713.0,5.207573632538569,9.0,713,0.0344226652135337,2203.050573666157,2149.446569283924,53.60400438223324,0.014470207034274077,0.0005788082813709631,9.043879396421298e-06,0.14888392621059005,64
MADDPG,0,31040,484,31035,165.34350819924805,2.5834923156132508,0.49488304093567254,0.49488304093567254,1368,677,695,0,57.421875,3675.0,5.428360413589365,10.0,677,0.034278578484689376,2193.82902302012,2138.904420828716,54.92460219140516,0.01346228700604097,0.0005384914802416388,8.413929378775606e-06,0.14940101937654576,64
MADDPG,0,31104,485,31099,91.56530781751587,1.4307079346486855,0.3887748117727584,0.3887748117727584,1461,568,897,0,48.46875,3102.0,5.461267605633803,10.0,568,0.029662183336345464,1898.3797335261097,1840.1399245460304,58.239808980079495,0.01151639811233459,0.0004606559244933836,7.197748820209119e-06,0.15047772011206223,64
MADDPG,0,31168,486,31163,43.064684933789515,0.6728857020904612,0.318118948824343,0.318118948824343,1446,460,956,0,39.484375,2527.0,5.493478260869566,10.0,460,0.02439052443599367,1560.9935639035948,1504.8150542320673,56.17850967152749,0.009265341603806961,0.0003706136641522784,5.79083850237935e-06,0.15104722366521026,64
MADDPG,0,31232,487,31227,117.1224481367194,1.8300382521362406,0.4084406294706724,0.4084406294706724,1398,571,841,0,46.671875,2987.0,5.231173380035027,10.0,571,0.0245391013920862,1570.502489093517,1515.600225173941,54.90226391957637,0.011152835828285008,0.0004461134331314003,6.97052239267813e-06,0.15116665956548558,64
MADDPG,0,31296,488,31291,120.64410644663958,1.8850641632287435,0.4257703081232493,0.4257703081232493,1428,608,808,0,49.890625,3193.0,5.251644736842105,9.0,608,0.0282513052316315,1808.083534824416,1750.665880537356,57.417654287059435,0.012705601545381329,0.0005082240618152532,7.94100096586333e-06,0.15112553615456806,64
MADDPG,0,31360,489,31355,140.60997031258873,2.197030786134199,0.4539249146757679,0.4539249146757679,1465,665,824,0,53.640625,3433.0,5.162406015037594,9.0,665,0.03124731593034781,1999.8282195422598,1941.5563015662658,58.27191797599444,0.013781097149706902,0.0005512438859882761,8.613185718566814e-06,0.15081181009476924,64
MADDPG,0,31424,490,31419,169.89768779299482,2.654651371765544,0.5054151624548736,0.5054151624548736,1385,700,693,0,57.421875,3675.0,5.25,9.0,700,0.034674487699886056,2219.1672127927077,2162.9406235894594,56.22658920324785,0.016237562636641275,0.000649502505465651,1.0148476647900798e-05,0.1512889732002981,64
MADDPG,0,31488,491,31483,117.95921053285666,1.8431126645758853,0.4351032448377581,0.4351032448377581,1356,590,769,0,48.8125,3124.0,5.294915254237288,9.0,590,0.03014634599920755,1929.3661439492832,1876.7344576381333,52.631686311150524,0.014272622116465825,0.000570904884658633,8.920388822791141e-06,0.1525853693353571,64
MADDPG,0,31552,492,31547,31.68035113019577,0.4950054864093089,0.30398899587345257,0.30398899587345257,1454,442,989,0,39.234375,2511.0,5.680995475113122,10.0,442,0.02246930683563192,1438.0356374804428,1382.44498212111,55.59065535933244,0.012846818993666607,0.0005138727597466643,8.02926187104163e-06,0.15342480844259798,64
MADDPG,0,31616,493,31611,72.66945663877644,1.1354602599808818,0.3457814661134163,0.3457814661134163,1446,500,958,0,40.59375,2598.0,5.196,9.0,500,0.02261478039920948,1447.3459455494067,1389.8420999369725,57.50384561243367,0.012115888438068862,0.00048463553752275447,7.5724302737930386e-06,0.15381067536438162,64
MADDPG,0,31680,494,31675,113.88164555492445,1.7794007117956945,0.4088560885608856,0.4088560885608856,1355,554,794,0,43.40625,2778.0,5.014440433212997,8.0,554,0.02514256005997175,1609.123843838192,1554.8522363505472,54.271607487644204,0.012971975813041322,0.0005188790325216529,8.107484883150826e-06,0.15387946104792705,64
MADDPG,0,31744,495,31739,156.72780351072907,2.448871929855142,0.4810578984989278,0.4810578984989278,1399,673,739,0,54.140625,3465.0,5.148588410104012,9.0,673,0.03274514888818397,2095.689528843774,2039.3533956132044,56.336133230569885,0.01724038443016982,0.0006896153772067928,1.0775240268856137e-05,0.15467507439042813,64
MADDPG,0,31808,496,31803,75.94775095103415,1.1866836086099086,0.3678242381289865,0.3678242381289865,1411,519,899,0,41.53125,2658.0,5.121387283236994,9.0,519,0.023798261184580522,1523.0887158131534,1466.9224624455574,56.16625336759652,0.011788225884650777,0.00047152903538603106,7.367641177906735e-06,0.15535665669126109,64
MADDPG,0,31872,497,31867,148.95363218622947,2.3274005029098355,0.46957766642806015,0.46957766642806015,1397,656,760,0,52.9375,3388.0,5.164634146341464,9.0,656,0.030928742387276817,1979.4395127857163,1922.7666366319017,56.67287615381404,0.014442028756081481,0.0005776811502432593,9.026267972550926e-06,0.155768669465653,64
MADDPG,0,31936,498,31931,211.92520355845159,3.311331305600806,0.5355450236966824,0.5355450236966824,1477,791,651,0,64.953125,4157.0,5.255372945638432,9.0,791,0.03634455875570386,2326.051760365047,2267.819715168036,58.2320451970106,0.017497069731001236,0.0006998827892400495,1.0935668581875773e-05,0.1560086300721293,64
MADDPG,0,32000,499,31995,205.17285729173892,3.2058258951834206,0.5287595287595288,0.5287595287595288,1443,763,674,0,59.5,3808.0,4.990825688073395,9.0,763,0.03455865955652984,2211.7542116179097,2154.876412799771,56.87779881813799,0.01569142759454915,0.000627657103781966,9.807142246593218e-06,0.15617506726232178,64
QMIX,0,64,0,51,392.50824583209874,6.132941341126543,0.7482369534555712,0.7482369534555712,1418,1061,288,0,51.34375,3286.0,3.0970782280867106,5.0,1061,0.031546926257783436,2019.00328049814,1980.9455452700843,38.05773522805552,0.01772697039360303,0.0007090788157441212,1.1079356496001893e-05,0.351836008157157,64
QMIX,0,128,1,115,396.7076622873367,6.198557223239636,0.793205317577548,0.793205317577548,1354,1074,292,0,53.421875,3419.0,3.1834264432029795,5.0,1074,0.03214131657840053,2057.044261017634,2019.713663255456,37.33059776217783,0.018841523024137018,0.0007536609209654807,1.1775951890085636e-05,0.3479926667855473,64
QMIX,0,192,2,179,396.1103096473663,6.1892235882400986,0.7724335965541995,0.7724335965541995,1393,1076,304,0,53.15625,3402.0,3.1617100371747213,5.0,1076,0.030898561428731847,1977.507931438838,1938.1874587949687,39.320472643869316,0.01711307770563995,0.000684523108225598,1.0695673566024969e-05,0.34404802910060767,64
QMIX,0,256,3,243,413.20244421499035,6.456288190859224,0.7849613492621222,0.7849613492621222,1423,1117,301,0,55.84375,3574.0,3.1996418979409134,5.0,1117,0.034032594027879844,2178.08601778431,2139.129157985295,38.956859799015,0.01905720617597723,0.0007622882470390891,1.1910753859985768e-05,0.34027195763792384,64
QMIX,0,320,4,307,423.7034794646931,6.6203668666358295,0.8,0.8,1425,1140,305,0,57.671875,3691.0,3.237719298245614,5.0,1140,0.03180299806295005,2035.391876028803,1995.262675516163,40.129200512640665,0.01744872394201991,0.0006979489576807964,1.0905452463762444e-05,0.3363960063899144,64
QMIX,0,384,5,371,417.0406362693668,6.5162599417088565,0.7766990291262136,0.7766990291262136,1442,1120,291,0,55.4375,3548.0,3.1678571428571427,5.0,1120,0.03551135521944495,2272.726734044477,2233.63662062275,39.09011342172692,0.018395000319995497,0.0007358000127998199,1.1496875199997186e-05,0.3326142484256656,64
QMIX,0,448,6,435,414.8187258208086,6.481542590950134,0.7902885292047853,0.7902885292047853,1421,1123,314,0,56.703125,3629.0,3.2315227070347285,5.0,1123,0.032069585018721314,2052.453441198164,2013.157721631772,39.29571956639241,0.01726913024739662,0.0006907652098958649,1.0793206404622889e-05,0.32879167323772956,64
QMIX,0,512,7,499,413.800856582164,6.465638384096312,0.7885431400282885,0.7885431400282885,1414,1115,296,0,55.96875,3582.0,3.2125560538116593,5.0,1115,0.03457556754731409,2212.836323028102,2172.874284887734,39.962038140368044,0.018667418182834516,0.0007466967273133807,1.1667136364271573e-05,0.3250182971478657,64
QMIX,0,576,8,563,414.2862684907973,6.4732229451687076,0.7647457627118645,0.7647457627118645,1475,1128,324,0,54.921875,3515.0,3.1161347517730498,5.0,1128,0.03208526292918262,2053.456827467688,2013.1100333774007,40.346794090288135,0.017754312040506915,0.0007101724816202767,1.1096445025316823e-05,0.32116124023431203,64
QMIX,0,640,9,627,416.14631169678165,6.502286120262213,0.7902097902097902,0.7902097902097902,1430,1130,318,0,57.25,3664.0,3.2424778761061948,5.0,1130,0.03282488157549878,2100.792420831922,2060.099053410965,40.693367420957664,0.01890995432049097,0.0007563981728196388,1.1818721450306857e-05,0.31773299418963447,64
QMIX,0,704,10,691,425.7852592378599,6.652894675591561,0.8102345415778252,0.8102345415778252,1407,1140,291,0,56.46875,3614.0,3.170175438596491,5.0,1140,0.032425741402034365,2075.247449730199,2037.6235165025553,37.62393322764363,0.018396613827402077,0.0007358645530960831,1.1497883642126298e-05,0.31531377899245394,64
QMIX,0,768,11,755,385.626509533766,6.025414211465094,0.7564102564102564,0.7564102564102564,1404,1062,319,0,54.1875,3468.0,3.2655367231638417,5.0,1062,0.03345763331418017,2141.288532107531,2100.206486569546,41.08204553798523,0.01856563103024421,0.0007426252412097683,1.160351939390263e-05,0.3138536984762398,64
QMIX,0,832,12,819,409.2645300914123,6.394758282678318,0.7712912087912088,0.7712912087912088,1456,1123,331,0,56.796875,3635.0,3.23686553873553,5.0,1123,0.03473252215304607,2222.8814177949484,2180.127818739863,42.753599055086596,0.019372838681225718,0.0007749135472490288,1.2108024175766074e-05,0.31247977605802246,64
QMIX,0,896,13,883,438.7664813784433,6.855726271538177,0.8051948051948052,0.8051948051948052,1463,1178,298,0,61.046875,3907.0,3.3166383701188455,5.0,1178,0.036539164036413406,2338.506498330458,2296.61765245507,41.88884587538755,0.02166218669221508,0.0008664874676886032,1.3538866682634425e-05,0.31096848271521915,64
QMIX,0,960,14,947,433.44578640335726,6.772590412552457,0.7998614958448753,0.7998614958448753,1444,1155,285,0,58.71875,3758.0,3.2536796536796535,5.0,1155,0.034031354278301264,2178.006673811281,2137.984407301613,40.022266509668995,0.018337544476036215,0.0007335017790414485,1.1460965297522634e-05,0.31031946577163316,64
QMIX,0,1024,15,1011,404.92889917436935,6.327014049599521,0.7796005706134094,0.7796005706134094,1402,1093,297,0,54.890625,3513.0,3.2140896614821592,5.0,1093,0.030682337910580094,1963.669626277126,1924.75745502146,38.91217125566676,0.01770229128930248,0.0007080916515720992,1.106393205581405e-05,0.31023724713264417,64
QMIX,0,1088,16,1075,420.9586447685546,6.577478824508666,0.7881944444444444,0.7881944444444444,1440,1135,302,0,57.34375,3670.0,3.2334801762114536,5.0,1135,0.033075674444669724,2116.8431644588622,2074.858031426627,41.98513303223557,0.019720370097573346,0.0007888148039029338,1.232523131098334e-05,0.3099205366153907,64
QMIX,0,1152,17,1139,408.9023828048838,6.38909973132631,0.8056975894813733,0.8056975894813733,1369,1103,295,0,55.515625,3553.0,3.2212148685403443,5.0,1103,0.030995797744792695,1983.7310556667326,1944.137675955567,39.593379711165305,0.018451346936294903,0.0007380538774517961,1.1532091835184315e-05,0.3093891794393158,64
QMIX,0,1216,18,1203,400.8336578048778,6.263025903201216,0.7788944723618091,0.7788944723618091,1393,1085,298,0,54.34375,3478.0,3.2055299539170505,5.0,1085,0.030690976968861857,1964.2225260071589,1924.1978385610953,40.024687446063744,0.017744028172592307,0.0007097611269036922,1.1090017607870191e-05,0.30935779990826684,64
QMIX,0,1280,19,1267,421.81865967675816,6.590916557449346,0.7867494824016563,0.7867494824016563,1449,1140,300,0,57.15625,3658.0,3.2087719298245614,5.0,1140,0.035388728367873636,2264.8786155439125,2224.1007320841813,40.77788345973196,0.020917671532967724,0.000836706861318709,1.3073544708104827e-05,0.3099465704918709,64
QMIX,0,1344,20,1331,409.36650890546207,6.396351701647845,0.7865248226950354,0.7865248226950354,1410,1109,305,0,54.65625,3498.0,3.1541929666366095,5.0,1109,0.03155131127397484,2019.2839215343897,1980.1374080152953,39.146513519094604,0.018482592720753338,0.0007393037088301336,1.1551620450470837e-05,0.31058822278778586,64
QMIX,0,1408,21,1395,414.5467636001895,6.477293181252961,0.7716216216216216,0.7716216216216216,1480,1142,339,0,57.703125,3693.0,3.233800350262697,5.0,1142,0.03557763818406824,2276.9688437803675,2234.533287322885,42.435556457482996,0.021320796487130964,0.0008528318594852385,1.3325497804456851e-05,0.31089639347360265,64
QMIX,0,1472,22,1459,390.1951414417275,6.096799085026992,0.7838038632986627,0.7838038632986627,1346,1055,285,0,53.296875,3411.0,3.233175355450237,5.0,1055,0.029273404966112474,1873.4979178311983,1835.7569005239884,37.74101730720995,0.01740615564843036,0.0006962462259372144,1.0878847280268976e-05,0.31088030777916675,64
QMIX,0,1536,23,1523,414.94099776474354,6.483453090074118,0.7867132867132867,0.7867132867132867,1430,1125,308,0,56.71875,3630.0,3.2266666666666666,5.0,1125,0.03277339282005716,2097.4971404836583,2055.8007967865506,41.69634369710743,0.0191158339273265,0.00076463335709306,1.1947396204579063e-05,0.3104392948107,64
QMIX,0,1600,24,1587,398.0688002628399,6.219825004106873,0.7818574514038877,0.7818574514038877,1389,1086,306,0,53.796875,3443.0,3.1703499079189688,5.0,1086,0.029557550892251743,1891.6832571041116,1851.801460088697,39.88179701541451,0.019119125150433503,0.0007647650060173401,1.1949453219020939e-05,0.30980278753005863,64
QMIX,0,1664,25,1651,386.77273754909686,6.043324024204638,0.7732942039618489,0.7732942039618489,1363,1054,295,0,51.359375,3287.0,3.118595825426945,5.0,1054,0.0294219400523311,1883.0041633491903,1845.6898532756043,37.31431007358567,0.01818190748164709,0.0007272762992658837,1.1363692176029432e-05,0.3096660078837966,64
QMIX,0,1728,26,1715,400.1127684458156,6.251762006965869,0.7903109182935647,0.7903109182935647,1383,1093,306,0,54.171875,3467.0,3.172003659652333,5.0,1093,0.03058952920895115,1957.7298693728735,1918.1995664346637,39.53030293821016,0.02043017358990226,0.0008172069435960904,1.2768858493688912e-05,0.309417127532392,64
QMIX,0,1792,27,1779,406.42657133943663,6.350415177178697,0.7796373779637378,0.7796373779637378,1434,1118,324,0,56.046875,3587.0,3.208407871198569,5.0,1118,0.03258755754238879,2085.6036827128823,2046.885371992768,38.71831072011355,0.02218770038730105,0.000887508015492042,1.3867312742063156e-05,0.3089939443508414,64
QMIX,0,1856,28,1843,411.38684652255597,6.427919476914937,0.7805730258560447,0.7805730258560447,1431,1117,312,0,56.5625,3620.0,3.2408236347358996,5.0,1117,0.03151055867136613,2016.6757549674323,1976.0928748527822,40.58288011465064,0.019038764081515915,0.0007615505632606366,1.1899227550947448e-05,0.3081823746553811,64
QMIX,0,1920,29,1907,385.3829102662072,6.021607972909488,0.759800427655025,0.759800427655025,1403,1066,319,0,53.71875,3438.0,3.225140712945591,5.0,1066,0.03071214547702876,1965.5773105298406,1926.138687909613,39.43862262022753,0.02027867848211549,0.0008111471392846197,1.2674174051322182e-05,0.3069635898286923,64
QMIX,0,1984,30,1971,414.5048813869053,6.4766387716703955,0.8121345029239766,0.8121345029239766,1368,1111,266,0,55.65625,3562.0,3.206120612061206,5.0,1111,0.03269527862663243,2092.4978321044755,2053.989362711659,38.50846939281552,0.02194635120765176,0.0008778540483060704,1.371646950478235e-05,0.30558891024970614,64
QMIX,0,2048,31,2035,409.50987038053665,6.398591724695885,0.7869318181818182,0.7869318181818182,1408,1108,291,0,54.328125,3477.0,3.138086642599278,5.0,1108,0.03137373298607488,2007.9189111087926,1969.0082046662183,38.91070644257485,0.020362669787067727,0.0008145067914827091,1.272666861691733e-05,0.3038962847204844,64
QMIX,0,2112,32,2099,399.5766533113034,6.243385207989116,0.781715095676825,0.781715095676825,1411,1103,324,0,55.53125,3554.0,3.2221214868540344,5.0,1103,0.033445772508427785,2140.5294405393784,2100.826671740545,39.702768798833986,0.022307139814455573,0.000892285592578223,1.3941962384034734e-05,0.30256835176244684,64
QMIX,0,2176,33,2163,428.04208304898714,6.688157547640424,0.7822045152722443,0.7822045152722443,1506,1178,331,0,60.0,3840.0,3.2597623089983023,5.0,1178,0.038918446884021934,2490.7806005774037,2447.7349981224424,43.04560245496179,0.02584768589507224,0.0010339074358028896,1.615480368442015e-05,0.30163492788795654,64
QMIX,0,2240,34,2227,415.8146826427568,6.497104416293075,0.7755662319835278,0.7755662319835278,1457,1130,307,0,56.953125,3645.0,3.225663716814159,5.0,1130,0.03278655301009901,2098.3393926463364,2057.445633173816,40.893759472520514,0.021161782146912684,0.0008464712858765074,1.3226113841820428e-05,0.3004387228906512,64
QMIX,0,2304,35,2291,399.272107998299,6.238626687473422,0.8076634109691961,0.8076634109691961,1331,1075,269,0,53.5,3424.0,3.1851162790697676,5.0,1075,0.0302961114285726,1938.9511314286465,1900.8567013552874,38.09443007335915,0.02053523113535696,0.0008214092454142784,1.28345194595981e-05,0.29910167826793477,64
QMIX,0,2368,36,2355,388.7730458435703,6.074578841305786,0.7900223380491437,0.7900223380491437,1343,1061,301,0,53.828125,3445.0,3.24693685202639,5.0,1061,0.029554348691751674,1891.4783162721071,1853.03324663467,38.445069637436305,0.01846154306090334,0.0007384617224361335,1.1538464413064586e-05,0.2986174225110576,64
QMIX,0,2432,37,2419,399.1518713701486,6.236747990158572,0.7678821879382889,0.7678821879382889,1426,1095,313,0,53.546875,3427.0,3.1296803652968035,5.0,1095,0.03204201241163958,2050.688794344933,2010.5414181867334,40.14737615819945,0.02055573063672167,0.0008222292254688668,1.2847331647951044e-05,0.29820055504169507,64
QMIX,0,2496,38,2483,406.8455839803436,6.356962249692868,0.7921795800144823,0.7921795800144823,1381,1094,275,0,54.078125,3461.0,3.1636197440585008,5.0,1094,0.029579282826521676,1893.0741008973873,1854.7284558361268,38.3456450612607,0.020092925707062267,0.0008037170282824907,1.2558078566913918e-05,0.29750716745187833,64
QMIX,0,2560,39,2547,403.3439994989577,6.302249992171214,0.7806587245970568,0.7806587245970568,1427,1114,328,0,55.96875,3582.0,3.215439856373429,5.0,1114,0.033889805155101455,2168.947529926493,2128.751867501274,40.19566242522015,0.02174439657273842,0.0008697758629095367,1.3590247857961511e-05,0.29646117727836785,64
QMIX,0,2624,40,2611,402.4124418630002,6.287694404109378,0.7763623496107572,0.7763623496107572,1413,1097,293,0,55.078125,3525.0,3.2133090246125797,5.0,1097,0.031768385592144295,2033.176677897235,1993.5166678625396,39.66001003469497,0.022539485828101814,0.0009015794331240725,1.4087178642563633e-05,0.29522626888120007,64
QMIX,0,2688,41,2675,430.3892754920786,6.724832429563728,0.8034722222222223,0.8034722222222223,1440,1157,289,0,59.5625,3812.0,3.2947277441659466,5.0,1157,0.03361351523930307,2151.2649753153964,2108.293687789909,42.971287525488066,0.02157271961104861,0.0008629087844419445,1.3482949756905382e-05,0.2936022056629327,64
QMIX,0,2752,42,2739,399.41564180453685,6.240869403195888,0.7799145299145299,0.7799145299145299,1404,1095,307,0,56.65625,3626.0,3.311415525114155,5.0,1095,0.031243055646539047,1999.555561378499,1959.0102574301382,40.54530394836177,0.02159558312535571,0.0008638233250142284,1.3497239453347319e-05,0.29167903916607646,64
QMIX,0,2816,43,2803,397.87035213829597,6.2167242521608745,0.7835497835497836,0.7835497835497836,1386,1086,299,0,53.78125,3442.0,3.169429097605893,5.0,1086,0.03129864005982809,2003.1129638289979,1964.1383172642584,38.97464656473954,0.021129801806242254,0.0008451920722496901,1.3206126128901408e-05,0.2897442968227296,64
QMIX,0,2880,44,2867,402.5326758485824,6.2895730601341,0.7843137254901961,0.7843137254901961,1428,1120,331,0,56.796875,3635.0,3.2455357142857144,5.0,1120,0.03489083761918277,2233.013607627697,2191.1558839640143,41.85772366368283,0.025056977443582165,0.0010022790977432866,1.5660610902238853e-05,0.28833064308490836,64
QMIX,0,2944,45,2931,379.76033700333073,5.933755265677043,0.7643219724437998,0.7643219724437998,1379,1054,320,0,53.484375,3423.0,3.247628083491461,5.0,1054,0.03056802054442959,1956.3533148434938,1916.5900763064571,39.76323853703599,0.020828798232092962,0.0008331519292837185,1.3017998895058102e-05,0.28648907066597473,64
QMIX,0,3008,46,2995,402.5202173044635,6.289378395382242,0.7839374555792467,0.7839374555792467,1407,1103,309,0,54.1875,3468.0,3.1441523118767,5.0,1103,0.032366772231384906,2071.473422808634,2034.7293801304247,36.74404267820998,0.022541706406459933,0.0009016682562583973,1.4088566504037458e-05,0.2843787291837631,64
QMIX,0,3072,47,3059,404.47945644108506,6.319991506891954,0.7845382963493199,0.7845382963493199,1397,1096,286,0,54.15625,3466.0,3.1624087591240877,5.0,1096,0.031176172733355552,1995.2750549347554,1955.8218872286004,39.453167706154275,0.02122951738077563,0.0008491806952310251,1.3268448362984768e-05,0.2820472703924437,64
QMIX,0,3136,48,3123,406.2886252496403,6.3482597695256295,0.7981186685962374,0.7981186685962374,1382,1103,289,0,57.296875,3667.0,3.3245693563009975,5.0,1103,0.03103835204023891,1986.4545305752904,1945.2006624286303,41.2538681466602,0.021796735334827143,0.0008718694133930857,1.3622959584266963e-05,0.27940823525187236,64
QMIX,0,3200,49,3187,402.3060381035916,6.286031845368619,0.7710344827586207,0.7710344827586207,1450,1118,339,0,56.046875,3587.0,3.208407871198569,5.0,1118,0.033663701036624895,2154.476866343993,2114.6264978999375,39.850368444056464,0.0225125583824381,0.000900502335297524,1.4070348989023812e-05,0.27656489987830296,64
QMIX,0,3264,50,3251,396.54908843024094,6.196079506722515,0.7904411764705882,0.7904411764705882,1360,1075,277,0,54.40625,3482.0,3.2390697674418605,5.0,1075,0.03185454608722834,2038.6909495826137,1999.8677757090186,38.82317387359458,0.022193031907395182,0.0008877212762958073,1.3870644942121988e-05,0.2735300941462032,64
QMIX,0,3328,51,3315,410.1522533233423,6.408628958177223,0.771701982228298,0.771701982228298,1463,1129,325,0,58.3125,3732.0,3.3055801594331267,5.0,1129,0.032150295190398234,2057.618892185487,2015.2578361057715,42.361056079715205,0.022110920371341745,0.0008844368148536698,1.3819325232088591e-05,0.27028958278835263,64
QMIX,0,3392,52,3379,418.1116130084804,6.532993953257506,0.8,0.8,1420,1136,298,0,58.640625,3753.0,3.3036971830985915,5.0,1136,0.034594589735864024,2214.0537430952977,2172.5693899356156,41.48435315968228,0.02331374573331001,0.0009325498293324005,1.4571091083318757e-05,0.26689286442173343,64
QMIX,0,3456,53,3443,396.361142509193,6.19314285170614,0.7625,0.7625,1440,1098,337,0,54.921875,3515.0,3.2012750455373404,5.0,1098,0.029723643421807312,1902.313178995668,1861.03768480047,41.27549419519785,0.019597165361958872,0.0007838866144783549,1.2248228351224296e-05,0.2636238222777304,64
QMIX,0,3520,54,3507,427.04523277379326,6.67258176209052,0.8073394495412844,0.8073394495412844,1417,1144,280,0,58.375,3736.0,3.265734265734266,5.0,1144,0.03458498708664952,2213.4391735455692,2172.5291893744156,40.90998417115394,0.021393795716971264,0.0008557518286788506,1.337112232310704e-05,0.2604003691679254,64
QMIX,0,3584,55,3571,407.80045487373576,6.371882107402121,0.7983988355167394,0.7983988355167394,1374,1097,277,0,53.40625,3418.0,3.115770282588879,5.0,1097,0.03173091074023513,2030.7782873750484,1995.4169325846747,35.361354790373674,0.020384986135444278,0.0008153994454177711,1.2740616334652673e-05,0.257466154092043,64
QMIX,0,3648,56,3635,382.6106398146891,5.978291247104517,0.7716593245227606,0.7716593245227606,1362,1051,302,0,52.6875,3372.0,3.20837297811608,5.0,1051,0.02966727324799518,1898.7054878716915,1859.982463234662,38.723024637028594,0.019906220780275742,0.0007962488312110296,1.2441387987672338e-05,0.25463209489973715,64
QMIX,0,3712,57,3699,395.72688777686346,6.183232621513492,0.7746781115879828,0.7746781115879828,1398,1083,313,0,55.34375,3542.0,3.270544783010157,5.0,1083,0.032314886661322,2068.152746324608,2028.5191022827773,39.63364404183019,0.01934513252504152,0.0007738053010016609,1.2090707828150952e-05,0.25166900999747954,64
QMIX,0,3776,58,3763,418.20644753856845,6.534475742790132,0.8092820884699057,0.8092820884699057,1379,1116,267,0,56.28125,3602.0,3.227598566308244,5.0,1116,0.03311601788804741,2119.425144835034,2081.7714650182647,37.65367981676946,0.02076104798961999,0.0008304419195847997,1.2975654993512495e-05,0.2486576226006038,64
QMIX,0,3840,59,3827,401.99262280686094,6.281134731357202,0.7970588235294118,0.7970588235294118,1360,1084,280,0,54.234375,3471.0,3.202029520295203,5.0,1084,0.030730392963856393,1966.745149686809,1929.2804345310838,37.46471515572471,0.01984489268385585,0.000793795707354234,1.2403057927409907e-05,0.2454151277162045,64
QMIX,0,3904,60,3891,407.4768284199281,6.3668254440613765,0.786628733997155,0.786628733997155,1406,1106,305,0,55.484375,3551.0,3.2106690777576854,5.0,1106,0.03220977557758737,2061.425636965592,2021.610625697209,39.81501126838243,0.018981166683125997,0.0007592466673250399,1.1863229176953749e-05,0.24205827910729683,64
QMIX,0,3968,61,3955,411.5147056845457,6.429917276321026,0.7891350964974982,0.7891350964974982,1399,1104,286,0,55.46875,3550.0,3.2155797101449277,5.0,1104,0.0310898950228289,1989.7532814610497,1950.5919467926572,39.161334668392236,0.017681251427075086,0.0007072500570830035,1.1050782141921929e-05,0.2385690923230988,64
QMIX,0,4032,62,4019,426.3353801680528,6.661490315125825,0.7831978319783198,0.7831978319783198,1476,1156,316,0,59.28125,3794.0,3.282006920415225,5.0,1156,0.03579989716374338,2291.193418479576,2247.7431711020026,43.45024737757327,0.019985828848213042,0.0007994331539285217,1.2491143030133152e-05,0.23513238689808408,64
QMIX,0,4096,63,4083,400.2810277619823,6.254391058780973,0.7983751846381093,0.7983751846381093,1354,1081,290,0,55.921875,3579.0,3.310823311748381,5.0,1081,0.03315746730212707,2122.0779073361323,2082.0281165232695,40.049790812862575,0.017948977870951108,0.0007179591148380442,1.1218111169344441e-05,0.23172397480134063,64
QMIX,0,4160,64,4147,395.73414974998036,6.183346089843443,0.7742402315484804,0.7742402315484804,1382,1070,294,0,53.578125,3429.0,3.2046728971962617,5.0,1070,0.030816859596082685,1972.279014149292,1933.2018869786052,39.077127170686445,0.01655438196224713,0.0006621752784898851,1.0346488726404455e-05,0.22794482430386057,64
QMIX,0,4224,65,4211,409.93614658949997,6.405252290460937,0.7784765897973445,0.7784765897973445,1431,1114,320,0,56.046875,3587.0,3.2199281867145424,5.0,1114,0.03225797831033181,2064.5106118612357,2023.7955639863226,40.71504787491304,0.01667867112245481,0.0006671468448981924,1.0424169451534256e-05,0.2243112923003452,64
QMIX,0,4288,66,4275,405.51747934233356,6.336210614723962,0.7743300423131171,0.7743300423131171,1418,1098,309,0,55.84375,3574.0,3.255009107468124,5.0,1098,0.032427646587580544,2075.369381605155,2034.6277001521391,40.74168145301609,0.01630100649636218,0.0006520402598544872,1.0188129060226363e-05,0.22133189037274686,64
QMIX,0,4352,67,4339,408.6836905684524,6.385682665132069,0.7893617021276595,0.7893617021276595,1410,1113,318,0,56.75,3632.0,3.2632524707996406,5.0,1113,0.035737357796355146,2287.1908989667295,2246.929346788815,40.26155217791454,0.01824897289322285,0.000729958915728914,1.1405608058264281e-05,0.21832625570788686,64
QMIX,0,4416,68,4403,406.0357915000427,6.344309242188167,0.7868020304568528,0.7868020304568528,1379,1085,279,0,55.671875,3563.0,3.2838709677419353,5.0,1085,0.03218252485217557,2059.6815905392364,2020.6930247646744,38.98856577456236,0.016295206206133575,0.0006518082482453429,1.0184503878833483e-05,0.21514333421026383,64
QMIX,0,4480,69,4467,423.27959402602085,6.613743656656576,0.7751677852348994,0.7751677852348994,1490,1155,341,0,60.625,3880.0,3.3593073593073592,5.0,1155,0.03539621170623277,2265.3575491988972,2220.741147526684,44.61640167221269,0.017577876281110207,0.0007031150512444083,1.098617267569388e-05,0.21181689328694633,64
QMIX,0,4544,70,4531,397.7131242211944,6.214267565956162,0.7653710247349823,0.7653710247349823,1415,1083,320,0,55.578125,3557.0,3.2843951985226223,5.0,1083,0.033703319736811184,2157.0124631559156,2115.796320709787,41.21614244612981,0.01595597599837721,0.0006382390399350885,9.972484998985758e-06,0.20874472450697212,64
QMIX,0,4608,71,4595,395.03748908746877,6.1724607669916995,0.777295733911786,0.777295733911786,1383,1075,313,0,53.453125,3421.0,3.182325581395349,5.0,1075,0.0334683332414226,2141.9733274510463,2102.2770496950166,39.69627775603036,0.015751758148420766,0.0006300703259368306,9.844848842762979e-06,0.20563937259090517,64
QMIX,0,4672,72,4659,417.70640599131417,6.526662593614284,0.8050541516245487,0.8050541516245487,1385,1115,290,0,57.15625,3658.0,3.2807174887892376,5.0,1115,0.033597412021077064,2150.234369348932,2110.7357852700716,39.49858407886087,0.015399163613593572,0.0006159665445437429,9.624477258495983e-06,0.20227872898440483,64
QMIX,0,4736,73,4723,389.2278707963868,6.081685481193544,0.7723279648609077,0.7723279648609077,1366,1055,303,0,52.53125,3362.0,3.186729857819905,5.0,1055,0.03171378403193169,2029.6821780436283,1989.839672478294,39.84250556533377,0.01472872580121921,0.0005891490320487684,9.205453625762007e-06,0.19874822626796732,64
QMIX,0,4800,74,4787,424.4257661760214,6.631652596500334,0.7843273231622746,0.7843273231622746,1442,1131,293,0,59.46875,3806.0,3.3651635720601236,5.0,1131,0.033818266206594394,2164.3690372220412,2121.1129149525696,43.25612226947132,0.014993025350303049,0.000599721014012122,9.370640843939406e-06,0.19526963791869717,64
QMIX,0,4864,75,4851,412.75965017025885,6.4493695339102945,0.7874911158493249,0.7874911158493249,1407,1108,306,0,55.6875,3564.0,3.216606498194946,5.0,1108,0.03219671768440695,2060.5899318020447,2021.0220104655345,39.56792133651075,0.013838350181065653,0.0005535340072426262,8.648968863166034e-06,0.19192946326408328,64
QMIX,0,4928,76,4915,388.63219654815725,6.072378071064957,0.7739575713240673,0.7739575713240673,1367,1058,319,0,55.15625,3530.0,3.33648393194707,5.0,1058,0.03072976197662984,1966.7047665043099,1925.5671859452343,41.13758055907547,0.013263699254173178,0.0005305479701669271,8.289812033858236e-06,0.18835888769812298,64
QMIX,0,4992,77,4979,408.00207342095496,6.375032397202421,0.7708039492242595,0.7708039492242595,1418,1093,303,0,55.453125,3549.0,3.2470265324794143,5.0,1093,0.0316598695693176,2026.2316524363264,1985.256259790249,40.97539264607732,0.012790213167057656,0.0005116085266823063,7.993883229411035e-06,0.18469103960186384,64
QMIX,0,5056,78,5043,457.79688725576887,7.1530763633713885,0.8318149964961458,0.8318149964961458,1427,1187,256,0,62.53125,4002.0,3.371524852569503,5.0,1187,0.03326573339698446,2129.0069374070054,2086.8040051478492,42.20293225915612,0.013893515301609548,0.0005557406120643819,8.683447063505967e-06,0.1808564653893362,64
QMIX,0,5120,79,5107,419.72736853895896,6.558240133421234,0.7862165963431786,0.7862165963431786,1422,1118,298,0,58.71875,3758.0,3.361359570661896,5.0,1118,0.03291215065208731,2106.3776417335876,2063.8500505736197,42.5275911599682,0.012919735476482792,0.0005167894190593117,8.074834672801745e-06,0.1770578078114417,64
QMIX,0,5184,80,5171,404.3981727864603,6.318721449788442,0.7702607470049331,0.7702607470049331,1419,1093,323,0,56.109375,3591.0,3.2854528819762123,5.0,1093,0.032156631990019384,2058.0244473612406,2016.8678496857299,41.15659767551096,0.012473409688196064,0.0004989363875278426,7.79588105512254e-06,0.17320824448427966,64
QMIX,0,5248,81,5235,424.25547117968176,6.6289917371825275,0.7997148966500356,0.7997148966500356,1403,1122,287,0,57.046875,3651.0,3.2540106951871657,5.0,1122,0.032945350688796546,2108.502444082979,2068.337134866188,40.165309216791016,0.012533147761283045,0.0005013259104513218,7.833217350801903e-06,0.16937844202250502,64
QMIX,0,5312,82,5299,409.59105485402074,6.399860232094074,0.7909356725146199,0.7909356725146199,1368,1082,276,0,55.609375,3559.0,3.289279112754159,5.0,1082,0.030961740109786428,1981.5513670263315,1941.5209717701819,40.03039525614945,0.011615372630762783,0.0004646149052305113,7.259607894226739e-06,0.16626307727522582,64
QMIX,0,5376,83,5363,404.8756670484816,6.326182297632525,0.7866955892986262,0.7866955892986262,1383,1088,313,0,55.546875,3555.0,3.2674632352941178,5.0,1088,0.030737880698004996,1967.2243646723198,1926.818777635276,40.40558703704315,0.011187343493210345,0.00044749373972841376,6.992089683256465e-06,0.16434646765630812,64
QMIX,0,5440,84,5427,387.4875815746884,6.054493462104507,0.7537260468417317,0.7537260468417317,1409,1062,341,0,54.140625,3465.0,3.26271186440678,5.0,1062,0.033840074626704617,2165.7647761090952,2125.199215459267,40.565560649827624,0.011836660129231534,0.0004734664051692614,7.397912580769709e-06,0.1634828973008654,64
QMIX,0,5504,85,5491,394.3207667050846,6.161261979766947,0.7664497469269703,0.7664497469269703,1383,1060,313,0,54.234375,3471.0,3.2745283018867926,5.0,1060,0.028385869764278513,1816.6956649138249,1776.792108693998,39.903556219827074,0.009896377837246046,0.00039585511348984184,6.185236148278779e-06,0.16268264994556758,64
QMIX,0,5568,86,5555,417.4950017523763,6.52335940238088,0.7981254506128335,0.7981254506128335,1387,1107,294,0,56.953125,3645.0,3.292682926829268,5.0,1107,0.03212166546019766,2055.7865894526503,2013.8671221620893,41.91946729055982,0.01081910895738988,0.0004327643582955952,6.761943098368675e-06,0.1618165077541817,64
QMIX,0,5632,87,5619,424.0397841444923,6.625621627257692,0.78099173553719,0.78099173553719,1452,1134,317,0,58.03125,3714.0,3.2751322751322753,5.0,1134,0.03511500707671451,2247.360452909729,2206.2184173773994,41.142035532328094,0.011891748472933044,0.0004756699389173218,7.432342795583153e-06,0.1608475560053677,64
QMIX,0,5696,88,5683,410.85914135000894,6.41967408359389,0.7884057971014493,0.7884057971014493,1380,1088,286,0,53.5,3424.0,3.1470588235294117,5.0,1088,0.03185230455822774,2038.5474917265753,2001.2518482500275,37.295643476547355,0.010827178958794599,0.00043308715835178397,6.7669868492466245e-06,0.15980287502403168,64
QMIX,0,5760,89,5747,403.3516768524231,6.302369950819111,0.7697183098591549,0.7697183098591549,1420,1093,335,0,58.125,3720.0,3.403476669716377,5.0,1093,0.032797311927701266,2099.027963372881,2055.451681568741,43.57628180413973,0.011424640243334928,0.00045698560973339716,7.140400152084331e-06,0.15856994734738092,64
QMIX,0,5824,90,5811,412.65813888400044,6.447783420062507,0.7931286549707602,0.7931286549707602,1368,1085,277,0,56.265625,3601.0,3.31889400921659,5.0,1085,0.030443141027886797,1948.361025784755,1908.297149332365,40.063876452390076,0.009746738374025291,0.0003898695349610117,6.0917114837658075e-06,0.15707568335412764,64
QMIX,0,5888,91,5875,401.67602977492436,6.276187965233193,0.7785039941902687,0.7785039941902687,1377,1072,301,0,56.109375,3591.0,3.349813432835821,5.0,1072,0.029256064017446962,1872.3880971166056,1831.1286589380463,41.2594381785592,0.009756046761752114,0.00039024187047008457,6.097529226095071e-06,0.1552392895500344,64
QMIX,0,5952,92,5939,443.6189386001106,6.931545915626728,0.7859509609012592,0.7859509609012592,1509,1186,336,0,62.0625,3972.0,3.3490725126475547,5.0,1186,0.03482041857510069,2228.506788806444,2183.5153267364153,44.99146207002963,0.01128030284372039,0.0004512121137488156,7.0501892773252435e-06,0.15354940341337692,64
QMIX,0,6016,93,6003,405.47263973536343,6.335509995865054,0.7765042979942693,0.7765042979942693,1396,1084,307,0,53.9375,3452.0,3.1845018450184504,5.0,1084,0.03065990291503578,1962.2337865622899,1923.9592728755042,38.274513686784935,0.010249914389467154,0.00040999657557868615,6.406196493416971e-06,0.1526200769205932,64
QMIX,0,6080,94,6067,405.62723805436906,6.3379255945995165,0.789860396767083,0.789860396767083,1361,1075,286,0,53.546875,3427.0,3.187906976744186,5.0,1075,0.03190554334473541,2041.954774063066,2005.6642506115695,36.290523451495815,0.010513693491554272,0.0004205477396621709,6.57105843222142e-06,0.15213159003720098,64
QMIX,0,6144,95,6131,428.3547893449512,6.6930435835148625,0.7902777777777777,0.7902777777777777,1440,1138,308,0,58.0625,3716.0,3.265377855887522,5.0,1138,0.033088127912393024,2117.6401863931537,2076.4684103953896,41.17177599776456,0.011067253796078043,0.0004426901518431217,6.917033622548777e-06,0.15143068906265078,64
QMIX,0,6208,96,6195,433.82247334877866,6.7784761460746665,0.7976190476190477,0.7976190476190477,1428,1139,282,0,55.703125,3565.0,3.1299385425812116,5.0,1139,0.03233354525989425,2069.346896633232,2030.9233225724452,38.423574060786756,0.011272791136675658,0.0004509116454670263,7.045494460422286e-06,0.15037255660954432,64
QMIX,0,6272,97,6259,423.6560966869469,6.6196265107335455,0.8004322766570605,0.8004322766570605,1388,1111,276,0,55.6875,3564.0,3.207920792079208,5.0,1111,0.033257004022518216,2128.448257441166,2090.415663215083,38.03259422608309,0.010871084053111144,0.00043484336212444574,6.794427533194465e-06,0.1491752662737662,64
QMIX,0,6336,98,6323,420.8526717179773,6.575822995593395,0.7704918032786885,0.7704918032786885,1464,1128,325,0,57.984375,3711.0,3.2898936170212765,5.0,1128,0.033029170734565606,2113.8669270121986,2072.137629100443,41.72929791175624,0.010867177736260773,0.00043468710945043093,6.791986085162983e-06,0.14867308469466617,64
QMIX,0,6400,99,6387,421.03887215867866,6.578732377479354,0.8152818991097923,0.8152818991097923,1348,1099,264,0,54.234375,3471.0,3.1583257506824385,5.0,1099,0.03105266550533335,1987.3705923413345,1950.673494225531,36.69709811580384,0.01035394652328756,0.0004141578609315024,6.471216577054725e-06,0.14879119999508136,64
QMIX,0,6464,100,6451,403.4427203278787,6.303792505123105,0.788659793814433,0.788659793814433,1358,1071,289,0,51.921875,3323.0,3.1027077497665734,5.0,1071,0.03126115205839537,2000.713731737304,1965.5746119781172,35.13911975918679,0.010424612237481291,0.00041698448949925164,6.515382648425807e-06,0.14846477606231476,64
QMIX,0,6528,101,6515,416.90866404663245,6.514197875728632,0.7772346368715084,0.7772346368715084,1432,1113,311,0,56.1875,3596.0,3.2309074573225516,5.0,1113,0.03155833639809836,2019.733529478295,1979.0902008746218,40.64332860367268,0.010867119295234989,0.00043468477180939955,6.791949559521868e-06,0.1485802003647716,64
QMIX,0,6592,102,6579,436.4269152348853,6.819170550545083,0.7940771349862259,0.7940771349862259,1452,1153,301,0,55.46875,3550.0,3.0789245446660884,5.0,1153,0.033001456458614555,2112.0932133513315,2073.2004759504994,38.89273740083126,0.01122241636639496,0.0004488966546557984,7.01401022899685e-06,0.14885603199375386,64
QMIX,0,6656,103,6643,390.35030098264554,6.0992234528538365,0.7468706536856745,0.7468706536856745,1438,1074,357,0,54.765625,3505.0,3.2635009310986964,5.0,1074,0.031667950007255,2026.74880046432,1984.8141566872248,41.93464377709536,0.011082063835316184,0.0004432825534126474,6.9262898970726155e-06,0.14876816474509735,64
QMIX,0,6720,104,6707,453.124667019423,7.080072922178484,0.8374910905203136,0.8374910905203136,1403,1175,261,0,58.21875,3726.0,3.1710638297872342,5.0,1175,0.03569703402024298,2284.610177295551,2246.1212839295767,38.488893365975066,0.012618756431762823,0.0005047502572705129,7.886722769851765e-06,0.14925363341612805,64
QMIX,0,6784,105,6771,402.14976346715787,6.283590054174342,0.7791636096845195,0.7791636096845195,1363,1062,276,0,53.421875,3419.0,3.21939736346516,5.0,1062,0.0285783425602562,1829.0139238563968,1789.492927270361,39.52099658603698,0.00980629223342854,0.0003922516893371416,6.1289326458928376e-06,0.1497677521661161,64
QMIX,0,6848,106,6835,425.86173562610986,6.654089619157967,0.7938288920056101,0.7938288920056101,1426,1132,298,0,56.734375,3631.0,3.2075971731448765,5.0,1132,0.033685023050102875,2155.841475206584,2115.8037426123196,40.03773259426402,0.012975748946265006,0.0005190299578506002,8.109843091415628e-06,0.15066478146319867,64
QMIX,0,6912,107,6899,382.1179741462379,5.970593346034967,0.7852760736196319,0.7852760736196319,1304,1024,291,0,51.78125,3314.0,3.236328125,5.0,1024,0.027771097505011992,1777.3502403207674,1739.8912586190852,37.45898170168213,0.010353310019761088,0.00041413240079044353,6.47081876235068e-06,0.1515737054108952,64
QMIX,0,6976,108,6963,391.89901525563187,6.123422113369248,0.7630057803468208,0.7630057803468208,1384,1056,310,0,54.25,3472.0,3.287878787878788,5.0,1056,0.029563932177056995,1892.0916593316476,1851.439623389544,40.65203594210369,0.01087554407607755,0.00043502176304310196,6.797215047548468e-06,0.15209623963877478,64
QMIX,0,7040,109,7027,437.32786051649725,6.83324782057027,0.8054583624912526,0.8054583624912526,1429,1151,282,0,59.890625,3833.0,3.3301476976542137,5.0,1151,0.03419635767444222,2188.566891164302,2145.6320451597003,42.93484600460211,0.012957274127225731,0.0005182909650890292,8.098296329516082e-06,0.15241867351272506,64
QMIX,0,7104,110,7091,399.4411482769525,6.241267941827383,0.782798833819242,0.782798833819242,1372,1074,310,0,53.875,3448.0,3.2104283054003724,5.0,1074,0.03276328867791851,2096.8504753867846,2058.8046943168956,38.04578106988835,0.011383411346872221,0.0004553364538748889,7.114632091795139e-06,0.15244923188145348,64
QMIX,0,7168,111,7155,380.4112861195548,5.943926345618044,0.7571115973741794,0.7571115973741794,1371,1038,326,0,52.5625,3364.0,3.2408477842003856,5.0,1038,0.029634052713275405,1896.579373649626,1856.8425070683795,39.73686658124546,0.011175918202319762,0.0004470367280927905,6.984948876449851e-06,0.15198684441371751,64
QMIX,0,7232,112,7219,424.34201783632795,6.630344028692624,0.7868162692847125,0.7868162692847125,1426,1122,290,0,56.359375,3607.0,3.214795008912656,5.0,1122,0.03388232806138441,2168.468995928602,2129.11104082162,39.3579551069821,0.011754685444720378,0.0004701874177888151,7.346678402950236e-06,0.1516378628230669,64
QMIX,0,7296,113,7283,425.2967099676937,6.645261093245214,0.7846260387811634,0.7846260387811634,1444,1133,304,0,57.640625,3689.0,3.255957634598411,5.0,1133,0.03518624025644033,2251.919376412181,2211.1552066990553,40.76416971312573,0.013192784131056587,0.0005277113652422635,8.245490081910366e-06,0.1526580058583014,64
QMIX,0,7360,114,7347,389.46000432385154,6.08531256756018,0.7685050798258345,0.7685050798258345,1378,1059,329,0,55.921875,3579.0,3.3796033994334276,5.0,1059,0.029640571836518203,1896.996597537165,1854.9402125055851,42.056385031580305,0.010862981441810058,0.0004345192576724023,6.789363401131286e-06,0.15360749651948888,64
QMIX,0,7424,115,7411,432.7273084421276,6.761364194408244,0.7997198879551821,0.7997198879551821,1428,1142,293,0,56.703125,3629.0,3.177758318739054,5.0,1142,0.03102841597757774,1985.8186225649754,1946.7581354714628,39.060487093512556,0.011375482147453084,0.00045501928589812335,7.109676342158177e-06,0.1542077058250568,64
QMIX,0,7488,116,7475,423.0710540197373,6.610485219058395,0.7963094393186657,0.7963094393186657,1409,1122,293,0,57.0625,3652.0,3.2549019607843137,5.0,1122,0.031014676864965975,1984.9393193578223,1944.4806730158966,40.45864634192576,0.012383817583311698,0.0004953527033324679,7.739885989569811e-06,0.15471296700361525,64
QMIX,0,7552,117,7539,374.938442276064,5.8584131605635,0.7585185185185185,0.7585185185185185,1350,1024,324,0,53.015625,3393.0,3.3134765625,5.0,1024,0.029897312371358738,1913.4279917669592,1873.4323481813421,39.99564358561656,0.010765097608276687,0.0004306039043310675,6.7281860051729296e-06,0.155721139214331,64
QMIX,0,7616,118,7603,412.5367856416887,6.445887275651386,0.7731384829505915,0.7731384829505915,1437,1111,322,0,57.46875,3678.0,3.3105310531053105,5.0,1111,0.03178173080936911,2034.0307717996227,1992.2126357883078,41.818136011314074,0.012012191235015866,0.00048048764940063465,7.507619521884916e-06,0.15638391398005017,64
QMIX,0,7680,119,7667,380.02168192027113,5.9378387800042365,0.7674591381872214,0.7674591381872214,1346,1033,319,0,53.734375,3439.0,3.329138431752178,5.0,1033,0.02765537572898161,1769.944046654823,1729.6190150554241,40.32503159939953,0.010856952474414327,0.0004342780989765731,6.785595296508955e-06,0.1571713057026225,64
QMIX,0,7744,120,7731,381.4860004630564,5.960718757235257,0.757090909090909,0.757090909090909,1375,1041,323,0,52.578125,3365.0,3.2324687800192122,5.0,1041,0.030561182021093793,1955.9156493500027,1916.1602903407327,39.75535900927008,0.012148119669528118,0.00048592478678112467,7.592574793455073e-06,0.15825905671766827,64
QMIX,0,7808,121,7795,413.8520221373933,6.46643784589677,0.7976794778825236,0.7976794778825236,1379,1100,289,0,56.21875,3598.0,3.270909090909091,5.0,1100,0.031127311243885923,1992.147919608699,1951.985164696613,40.162754912086264,0.012517991699279965,0.0005007196679711986,7.823744812049978e-06,0.15925591716280668,64
QMIX,0,7872,122,7859,407.91422342390183,6.373659740998466,0.7676696990902729,0.7676696990902729,1429,1097,307,0,55.6875,3564.0,3.2488605287146766,5.0,1097,0.034024507175553054,2177.5684592353955,2137.4624496712236,40.10600956417101,0.013668418825660819,0.0005467367530264328,8.542761766038012e-06,0.1598166369953297,64
QMIX,0,7936,123,7923,434.67633237703194,6.791817693391124,0.8189655172413793,0.8189655172413793,1392,1140,262,0,56.453125,3613.0,3.1692982456140353,5.0,1140,0.03513728921113432,2248.7865095125967,2213.019246173328,35.76726333926729,0.01526503856733333,0.0006106015426933332,9.540649104583331e-06,0.16016795956107033,64
QMIX,0,8000,124,7987,423.7240674221234,6.6206885534706785,0.7818930041152263,0.7818930041152263,1458,1140,324,0,56.484375,3615.0,3.1710526315789473,5.0,1140,0.032794038699512626,2098.818476768808,2059.9102579749865,38.908218793820986,0.01368184110477913,0.0005472736441911652,8.551150690486956e-06,0.16026523491330613,64
QMIX,0,8064,125,8051,440.56995594280795,6.883905561606374,0.8189593727726301,0.8189593727726301,1403,1149,249,0,52.828125,3381.0,2.9425587467362924,5.0,1149,0.03576084026034503,2288.693776662082,2254.6449817091284,34.04879495295335,0.01594237424305673,0.0006376949697222692,9.963983901910457e-06,0.16067512048445148,64
QMIX,0,8128,126,8115,404.068400207952,6.31356875324925,0.7867435158501441,0.7867435158501441,1388,1092,319,0,56.09375,3590.0,3.2875457875457874,5.0,1092,0.03249511695044359,2079.6874848283896,2039.9901828596217,39.69730196876732,0.012791108382958341,0.0005116443353183337,7.994442739348963e-06,0.16108559076524404,64
QMIX,0,8192,127,8179,411.28242001633174,6.4262878127551835,0.7883636363636364,0.7883636363636364,1375,1084,265,0,53.921875,3451.0,3.183579335793358,5.0,1084,0.030891818536333805,1977.0763863253635,1939.1936879052234,37.88269842014061,0.012942228201131943,0.0005176891280452777,8.088892625707464e-06,0.16100825660989632,64
QMIX,0,8256,128,8243,395.1075254559328,6.17355508524895,0.771613832853026,0.771613832853026,1388,1071,318,0,53.21875,3406.0,3.180205415499533,5.0,1071,0.0315103508411624,2016.662453834394,1977.2937664104004,39.36868742399313,0.012896345220934085,0.0005158538088373634,8.060215763083804e-06,0.16070957406156738,64
QMIX,0,8320,129,8307,404.8840551905951,6.326313362353049,0.7791193181818182,0.7791193181818182,1408,1097,323,0,56.5625,3620.0,3.299908842297174,5.0,1097,0.032274626373520174,2065.576087905291,2026.0528738361816,39.52321406910984,0.01336605720455555,0.000534642288182222,8.353785752847219e-06,0.16003947971233448,64
QMIX,0,8384,130,8371,394.49719912794137,6.164018736374084,0.7763929618768328,0.7763929618768328,1364,1059,298,0,55.71875,3566.0,3.3673276676109536,5.0,1059,0.028974972815562133,1854.3982601959765,1811.9902110087182,42.40804918725785,0.011852462316390764,0.00047409849265563054,7.407788947744227e-06,0.15900352761650444,64
QMIX,0,8448,131,8435,395.35688305449395,6.177451297726468,0.7682494684620836,0.7682494684620836,1411,1084,336,0,54.90625,3514.0,3.2416974169741697,5.0,1084,0.033437399947080185,2139.993596613132,2100.613544612477,39.380052000654516,0.014886292275836821,0.0005954516910334728,9.303932672398013e-06,0.157757204820552,64
QMIX,0,8512,132,8499,414.40204900053516,6.475032015633362,0.7867803837953091,0.7867803837953091,1407,1107,292,0,56.59375,3622.0,3.2719060523938572,5.0,1107,0.03455525568195232,2211.5363636449483,2171.8262449911404,39.71011865380715,0.015061570788023637,0.0006024628315209455,9.413481742514774e-06,0.15707428578141816,64
QMIX,0,8576,133,8563,390.3035958957828,6.098493685871606,0.7693981145757796,0.7693981145757796,1379,1061,318,0,56.453125,3613.0,3.405278039585297,5.0,1061,0.030277937723335802,1937.7880142934914,1895.6876490867132,42.1003652067785,0.013093487830058873,0.0005237395132023549,8.183429893786796e-06,0.1572089450644823,64
QMIX,0,8640,134,8627,409.08094786620995,6.3918898104095305,0.7696590118302018,0.7696590118302018,1437,1106,319,0,58.3125,3732.0,3.3743218806509945,5.0,1106,0.03151409606319857,2016.9021480447084,1972.6444192147703,44.25772882993806,0.013877686463478598,0.0005551074585391439,8.673554039674124e-06,0.1571649247238111,64
QMIX,0,8704,135,8691,411.44667875710707,6.428854355579798,0.7883522727272727,0.7883522727272727,1408,1110,316,0,57.625,3688.0,3.3225225225225223,5.0,1110,0.032869360136119755,2103.639048711664,2061.665011885341,41.97403682632325,0.01415061526906861,0.0005660246107627443,8.84413454316788e-06,0.1573946216276655,64
QMIX,0,8768,136,8755,401.8506697268539,6.278916714482092,0.7957068837897854,0.7957068837897854,1351,1075,282,0,54.375,3480.0,3.2372093023255815,5.0,1075,0.03342118449434068,2138.9558076378034,2099.3145203342824,39.64128730352157,0.01525427431264819,0.0006101709725059276,9.533921445405119e-06,0.15777418768891976,64
QMIX,0,8832,137,8819,394.18430128746223,6.159129707616597,0.7531468531468531,0.7531468531468531,1430,1077,338,0,55.875,3576.0,3.32033426183844,5.0,1077,0.029436814283515755,1883.9561141450083,1841.4800996468596,42.476014498149574,0.012053508759344784,0.0004821403503737914,7.53344297459049e-06,0.1581645476588603,64
QMIX,0,8896,138,8883,419.72361315052166,6.558181455476901,0.7840670859538784,0.7840670859538784,1431,1122,300,0,55.5,3552.0,3.165775401069519,5.0,1122,0.03237231643546492,2071.8282518697547,2033.4047215868184,38.42353028293592,0.014304228536128148,0.0005721691414451259,8.940142835080092e-06,0.1589799153792717,64
QMIX,0,8960,139,8947,392.937926534466,6.139655102101031,0.7826725403817915,0.7826725403817915,1362,1066,310,0,54.046875,3459.0,3.24484052532833,5.0,1066,0.03451177308087999,2208.7534771763194,2169.609832716531,39.14364445978818,0.014541435658532696,0.0005816574263413078,9.088397286582935e-06,0.1595211926093491,64
QMIX,0,9024,140,9011,421.69802199341666,6.589031593647135,0.7887421820708825,0.7887421820708825,1439,1135,316,0,60.125,3848.0,3.390308370044053,5.0,1135,0.03496436590872389,2237.719418158329,2194.082445319146,43.63697283918221,0.015135859060129781,0.0006054343624051912,9.459911912581113e-06,0.16047974729811484,64
QMIX,0,9088,141,9075,396.3764318973268,6.193381748395732,0.7907324364723468,0.7907324364723468,1338,1058,283,0,55.796875,3571.0,3.3752362948960304,5.0,1058,0.029784964051664815,1906.2376993065482,1866.3582436392355,39.87945566731446,0.012643993287097914,0.0005057597314839166,7.902495804436196e-06,0.1614671568967651,64
QMIX,0,9152,142,9139,392.99691908285854,6.140576860669665,0.7665706051873199,0.7665706051873199,1388,1064,312,0,55.359375,3543.0,3.329887218045113,5.0,1064,0.033219252112653745,2126.03213520984,2082.1352698516425,43.89686535819823,0.013209586178610832,0.0005283834471444332,8.25599136163177e-06,0.16205398474648602,64
QMIX,0,9216,143,9203,393.3128838212078,6.1455138097063715,0.7647897362794013,0.7647897362794013,1403,1073,331,0,56.796875,3635.0,3.387698042870457,5.0,1073,0.030258490363002016,1936.5433832321291,1893.8292916267542,42.71409160537481,0.012725277218988673,0.0005090110887595469,7.95329826186792e-06,0.16228018986543674,64
QMIX,0,9280,144,9267,384.20377219388007,6.003183940529376,0.7351129363449692,0.7351129363449692,1461,1074,378,0,55.640625,3561.0,3.315642458100559,5.0,1074,0.03131547138114875,2004.1901683935198,1960.770586292798,43.419582100721236,0.012868262612663809,0.0005147305045065523,8.04266413291488e-06,0.16207375334281798,64
QMIX,0,9344,145,9331,386.3288607038577,6.036388448497776,0.7730287398673544,0.7730287398673544,1357,1049,315,0,54.765625,3505.0,3.3412774070543376,5.0,1049,0.030342559238804932,1941.9237912835156,1901.5473920074112,40.3763992761045,0.012983934780142698,0.0005193573912057079,8.114959237589186e-06,0.16168588582292953,64
QMIX,0,9408,146,9395,389.0354179091613,6.0786784048306455,0.751412429378531,0.751412429378531,1416,1064,337,0,57.0,3648.0,3.4285714285714284,5.0,1064,0.03205789322095605,2051.705166141187,2007.3438023716258,44.36136376956181,0.011997180933443864,0.0004798872373377545,7.498238083402414e-06,0.1611320562368777,64
QMIX,0,9472,147,9459,399.7439270867568,6.245998860730575,0.7743553008595988,0.7743553008595988,1396,1081,318,0,57.359375,3671.0,3.3959296947271045,5.0,1081,0.031123253077032165,1991.8881969300585,1949.4557875943724,42.432409335685875,0.013013517926732538,0.0005205407170693015,8.133448704207836e-06,0.1611335811824188,64
QMIX,0,9536,148,9523,395.47397966632167,6.179280932286276,0.7647897362794013,0.7647897362794013,1403,1073,323,0,56.078125,3589.0,3.3448275862068964,5.0,1073,0.030906311874886676,1978.0039599927472,1935.3179666182975,42.68599337444961,0.012216080788909966,0.0004886432315563986,7.635050493068728e-06,0.16078440957320317,64
QMIX,0,9600,149,9587,421.0865720402393,6.579477688128739,0.7959039548022598,0.7959039548022598,1416,1127,311,0,60.046875,3843.0,3.409937888198758,5.0,1127,0.03423318281412101,2190.9237001037445,2148.3403164848933,42.58338361884998,0.012668143824732744,0.0005067257529893098,7.917589890457965e-06,0.1602092174626416,64
QMIX,0,9664,150,9651,412.71699649370527,6.448703070214145,0.7898134863701578,0.7898134863701578,1394,1101,297,0,57.96875,3710.0,3.369663941871026,5.0,1101,0.031220573258544815,1998.116688546868,1956.9855991244433,41.13108942242492,0.012355040655569364,0.0004942016262227746,7.721900409730853e-06,0.15920620937511717,64
QMIX,0,9728,151,9715,379.0305420607775,5.922352219699649,0.7412935323383084,0.7412935323383084,1407,1043,342,0,55.5,3552.0,3.405560882070949,5.0,1043,0.030487982348316827,1951.230870292277,1907.8164543349749,43.41441595730276,0.011508622178749714,0.00046034488714998857,7.1928888617185714e-06,0.15786838393109892,64
QMIX,0,9792,152,9779,391.334304342236,6.114598505347438,0.7938066465256798,0.7938066465256798,1324,1051,297,0,51.53125,3298.0,3.137963843958135,5.0,1051,0.03148786284777957,2015.2232222578923,1980.4997728740877,34.72344938380466,0.012489820711342288,0.0004995928284536915,7.80613794458893e-06,0.15626375317125835,64
QMIX,0,9856,153,9843,416.0802862031102,6.5012544719235965,0.7905308464849354,0.7905308464849354,1394,1102,281,0,56.390625,3609.0,3.2749546279491835,5.0,1102,0.034106254296615374,2182.800274983384,2143.7281918947187,39.072083088664826,0.013466053481274814,0.0005386421392509926,8.416283425796759e-06,0.15463908113515093,64
QMIX,0,9920,154,9907,381.03963896187383,5.953744358779279,0.7708333333333334,0.7708333333333334,1344,1036,320,0,55.234375,3535.0,3.4121621621621623,5.0,1036,0.02904397817217493,1858.8146030191954,1817.7178617861096,41.09674123308639,0.010870430441866395,0.00043481721767465575,6.794019026166496e-06,0.15383376129641207,64
QMIX,0,9984,155,9971,398.7862517548645,6.231035183669758,0.7639575971731449,0.7639575971731449,1415,1081,318,0,53.75,3440.0,3.1822386679000925,5.0,1081,0.034256885528016236,2192.440673793039,2153.721164525698,38.719509267340555,0.013665766515459485,0.0005466306606183794,8.541104072162179e-06,0.15354645871522077,64
QMIX,0,10048,156,10035,416.22673321561933,6.503542706494052,0.7942652329749104,0.7942652329749104,1395,1108,296,0,54.921875,3515.0,3.172382671480144,5.0,1108,0.03349152257022937,2143.4574444946797,2104.9282562315857,38.52918826309334,0.01258278529448114,0.0005033114117792456,7.864240809050712e-06,0.15281592444939435,64
QMIX,0,10112,157,10099,409.17456994181407,6.393352655340845,0.770949720670391,0.770949720670391,1432,1104,327,0,59.34375,3798.0,3.4402173913043477,5.0,1104,0.032143532204069514,2057.186061060449,2012.2835643019705,44.90249675847837,0.0119083571932906,0.000476334287731624,7.442723245806625e-06,0.15175343198691804,64
QMIX,0,10176,158,10163,418.1983194863659,6.534348741974467,0.7883934890304317,0.7883934890304317,1413,1114,299,0,58.265625,3729.0,3.3473967684021546,5.0,1114,0.03381407051349234,2164.1005128635097,2122.307323552817,41.79318931069205,0.01245736403213544,0.0004982945612854176,7.78585252008465e-06,0.15045004525264372,64
QMIX,0,10240,159,10227,364.03553708117033,5.688055266893286,0.7585421412300684,0.7585421412300684,1317,999,326,0,52.28125,3346.0,3.349349349349349,5.0,999,0.02870507048320784,1837.1245109253018,1797.1900220599016,39.93448886539994,0.010591001433735857,0.0004236400573494343,6.619375896084911e-06,0.14881495545602863,64
QMIX,0,10304,160,10291,395.4841115928415,6.179439243638148,0.7793462109955424,0.7793462109955424,1346,1049,284,0,54.3125,3476.0,3.313632030505243,5.0,1049,0.02642351882641713,1691.1052048906963,1651.53166975588,39.57353513481654,0.009234074433601693,0.0003693629773440677,5.771296521001058e-06,0.14755621832378424,64
QMIX,0,10368,161,10355,386.3781293805792,6.03715827157155,0.7699115044247787,0.7699115044247787,1356,1044,312,0,56.078125,3589.0,3.4377394636015324,5.0,1044,0.029435927498032907,1883.899359874106,1841.7886206294759,42.11073924462995,0.010668832948103014,0.00042675331792412055,6.668020592564384e-06,0.14656202155574197,64
QMIX,0,10432,162,10419,426.6319558407272,6.666124310011362,0.7908771929824562,0.7908771929824562,1425,1127,291,0,59.9375,3836.0,3.4037267080745344,5.0,1127,0.033629686907856116,2152.2999621027916,2108.7220379995456,43.57792410324687,0.01133245782347235,0.000453298312938894,7.082786139670219e-06,0.1462658147214963,64
QMIX,0,10496,163,10483,416.3857809063709,6.506027826662045,0.7648247978436657,0.7648247978436657,1484,1135,355,0,59.6875,3820.0,3.3656387665198237,5.0,1135,0.03664477713414799,2345.265736585471,2299.582875453875,45.68286113159606,0.013241555084275776,0.000529662203371031,8.27597192767236e-06,0.14572373586279574,64
QMIX,0,10560,164,10547,412.8994435077605,6.451553804808758,0.7676975945017183,0.7676975945017183,1455,1117,334,0,59.34375,3798.0,3.4001790510295433,5.0,1117,0.03205034370182785,2051.2219969169823,2006.7841563471754,44.43784056980701,0.01177703022556109,0.0004710812090224436,7.360643890975681e-06,0.14501823770320735,64
QMIX,0,10624,165,10611,414.7089189520482,6.479826858625753,0.783859649122807,0.783859649122807,1425,1117,329,0,58.0625,3716.0,3.3267681289167412,5.0,1117,0.03367037557621014,2154.904036877449,2112.0860893649024,42.81794751254552,0.011227163200737212,0.0004490865280294885,7.0169770004607574e-06,0.14467623978540553,64
QMIX,0,10688,166,10675,366.9461786605989,5.733534041571858,0.7494373593398349,0.7494373593398349,1333,999,318,0,53.125,3400.0,3.4034034034034035,5.0,999,0.028672973054173784,1835.0702754671222,1793.88459342552,41.18568204160248,0.009749677290103545,0.0003899870916041418,6.093548306314716e-06,0.1443003775110885,64
QMIX,0,10752,167,10739,393.59024688102454,6.1498476075160085,0.7515701325889742,0.7515701325889742,1433,1077,348,0,59.28125,3794.0,3.522748375116063,5.0,1077,0.03271610943243716,2093.8310036759785,2049.209103824957,44.62189985102258,0.010910514281644445,0.0004364205712657778,6.819071426027778e-06,0.14374089362253661,64
QMIX,0,10816,168,10803,404.30253185417416,6.317227060221471,0.7702127659574468,0.7702127659574468,1410,1086,322,0,58.5625,3748.0,3.451197053406998,5.0,1086,0.029574904219685522,1892.7938700598734,1850.4973525225269,42.29651753734629,0.009158253828500855,0.0003663301531400342,5.723908642813034e-06,0.14343170418324164,64
QMIX,0,10880,169,10867,459.1226615207339,7.173791586261467,0.8124576844955992,0.8124576844955992,1477,1200,289,0,64.203125,4109.0,3.424166666666667,5.0,1200,0.035800714429206834,2291.2457234692374,2246.2993807925177,44.94634267672075,0.0112855970982079,0.000451423883928316,7.053498186379938e-06,0.1435652377491095,64
QMIX,0,10944,170,10931,394.72534003847613,6.16758343810119,0.7475795297372061,0.7475795297372061,1446,1081,358,0,57.84375,3702.0,3.4246068455134133,5.0,1081,0.03158948103475057,2021.7267862240365,1976.5566425492693,45.17014367476669,0.009165997953296532,0.00036663991813186127,5.728748720810332e-06,0.1435389567095346,64
QMIX,0,11008,171,10995,381.86482956295447,5.966637961921164,0.75,0.75,1400,1050,354,0,54.921875,3515.0,3.3476190476190477,5.0,1050,0.031873639999258525,2039.9129599525456,1997.3614435052712,42.55151644727526,0.009942122453774911,0.00039768489815099643,6.213826533609319e-06,0.14325246369103006,64
QMIX,0,11072,172,11059,429.29473722413206,6.7077302691270635,0.7634338138925295,0.7634338138925295,1526,1165,359,0,63.375,4056.0,3.4815450643776824,5.0,1165,0.038118684835680434,2439.5958294835477,2391.920491150514,47.67533833303401,0.01174567162037013,0.0004698268648148052,7.341044762731331e-06,0.1428697644403107,64
QMIX,0,11136,173,11123,409.61929697639187,6.400301515256123,0.7704576976421637,0.7704576976421637,1442,1111,346,0,59.84375,3830.0,3.447344734473447,5.0,1111,0.03333388120058531,2133.36839683746,2087.8100564945403,45.55834034291935,0.010069870293662063,0.0004027948117464825,6.2936689335387894e-06,0.14222362232999639,64
QMIX,0,11200,174,11187,436.91702643802984,6.826828538094216,0.7968099861303745,0.7968099861303745,1442,1149,292,0,59.46875,3806.0,3.3124456048738034,5.0,1149,0.03496640095646097,2237.849661213502,2195.715167306154,42.13449390734821,0.010647546857616907,0.00042590187430467625,6.6547167860105664e-06,0.1412868986293645,64
QMIX,0,11264,175,11251,424.965083592316,6.640079431129937,0.7814661134163209,0.7814661134163209,1446,1130,314,0,58.671875,3755.0,3.3230088495575223,5.0,1130,0.03308098348950203,2117.18294332813,2075.3798515470526,41.80309178107606,0.00954787679622994,0.00038191507184919763,5.967422997643713e-06,0.13998061061683104,64
QMIX,0,11328,176,11315,413.3637753610296,6.458808990016087,0.7860230547550432,0.7860230547550432,1388,1091,286,0,56.609375,3623.0,3.3208065994500457,5.0,1091,0.0318368923825731,2037.5611124846782,1997.256400085532,40.304712399146126,0.009531917948184542,0.00038127671792738166,5.9574487176153384e-06,0.1386212039660092,64
QMIX,0,11392,177,11379,386.93485379227127,6.045857090504239,0.7532188841201717,0.7532188841201717,1398,1053,337,0,56.265625,3601.0,3.419753086419753,5.0,1053,0.029415238239157582,1882.5752473060852,1840.2346240758357,42.340623230248816,0.008903956580951139,0.0003561582632380456,5.564972863094462e-06,0.13840918582598344,64
QMIX,0,11456,178,11443,404.08045103617235,6.313757047440193,0.7858703568827385,0.7858703568827385,1373,1079,309,0,57.703125,3693.0,3.422613531047266,5.0,1079,0.031044661573793528,1986.8583407227857,1945.7313426265682,41.12699809621842,0.009077548368442424,0.00036310193473769697,5.673467730276515e-06,0.13802545612651895,64
QMIX,0,11520,179,11507,413.90420369512606,6.467253182736345,0.7799858055358411,0.7799858055358411,1409,1099,300,0,55.578125,3557.0,3.2365787079162875,5.0,1099,0.03314137895091831,2121.048252858772,2080.553275032441,40.494977826330775,0.009692487463821604,0.00038769949855286417,6.057804664888503e-06,0.13746030077253552,64
QMIX,0,11584,180,11571,410.91457840545655,6.420540287585259,0.7634854771784232,0.7634854771784232,1446,1104,332,0,59.265625,3793.0,3.4356884057971016,5.0,1104,0.03081337260989335,1972.0558470331744,1926.836213372959,45.21963366021505,0.008924540013575661,0.00035698160054302647,5.577837508484789e-06,0.1364926022167298,64
QMIX,0,11648,181,11635,405.9930414086079,6.343641272009498,0.7761194029850746,0.7761194029850746,1407,1092,325,0,60.3125,3860.0,3.5347985347985347,5.0,1092,0.03416436314183882,2186.5192410776845,2141.5932711084774,44.9259699692071,0.00955744166391652,0.0003822976665566608,5.973401039947825e-06,0.13520039276470042,64
QMIX,0,11712,182,11699,417.0394479749139,6.51624137460803,0.7877927608232789,0.7877927608232789,1409,1110,309,0,58.78125,3762.0,3.389189189189189,5.0,1110,0.03513761289586275,2248.807225335216,2206.7681134045783,42.03911193063656,0.010173092883494413,0.0004069237153397765,6.358183052184008e-06,0.13484809611897408,64
QMIX,0,11776,183,11763,460.65213386974153,7.1976895917147115,0.8197395476353667,0.8197395476353667,1459,1196,270,0,53.9375,3452.0,2.8862876254180603,5.0,1196,0.04088770936701565,2616.8133994890013,2585.9131968091438,30.900202679857795,0.01238075885121224,0.0004952303540484896,7.73797428200765e-06,0.13527092101841176,64
QMIX,0,11840,184,11827,418.02063146498347,6.531572366640367,0.7816901408450704,0.7816901408450704,1420,1110,304,0,56.6875,3628.0,3.2684684684684684,5.0,1110,0.03326619737934808,2129.036632278277,2087.970156156853,41.06647612142353,0.00992544201050921,0.0003970176804203684,6.203401256568256e-06,0.13539360990413846,64
QMIX,0,11904,185,11891,429.05505047720646,6.703985163706351,0.7950704225352113,0.7950704225352113,1420,1129,284,0,55.34375,3542.0,3.137289636846767,5.0,1129,0.037924812007985996,2427.187968511104,2391.642099796954,35.54586871414983,0.01152834655565632,0.0004611338622262528,7.2052165972852e-06,0.1352901110578501,64
QMIX,0,11968,186,11955,412.1531987274684,6.439893730116694,0.8025147928994083,0.8025147928994083,1352,1085,276,0,52.078125,3333.0,3.071889400921659,5.0,1085,0.033671373149397256,2154.9678815614243,2120.8658968099444,34.10198475148034,0.010880463539721762,0.00043521854158887045,6.800289712326101e-06,0.13575680647861313,64
QMIX,0,12032,187,12019,422.34815620407556,6.599189940688681,0.8030634573304157,0.8030634573304157,1371,1101,267,0,54.1875,3468.0,3.1498637602179835,5.0,1101,0.03260018264455074,2086.411689251247,2050.296986301758,36.11470294948947,0.009692304943635602,0.0003876921977454241,6.057690589772252e-06,0.13582356231092965,64
QMIX,0,12096,188,12083,419.06981061956253,6.5479657909306646,0.8086194302410519,0.8086194302410519,1369,1107,284,0,50.796875,3251.0,2.93676603432701,5.0,1107,0.036436211924472765,2331.917563166257,2302.5829271580733,29.334636008183168,0.012175051356916319,0.0004870020542766527,7.609407098072699e-06,0.13627371697347934,64
QMIX,0,12160,189,12147,449.15219394662023,7.018003030415941,0.8026134800550206,0.8026134800550206,1454,1167,267,0,51.0,3264.0,2.796915167095116,5.0,1167,0.035167001731131964,2250.6881107924455,2220.6684249207574,30.019685871687464,0.011445802096310926,0.00045783208385243707,7.153626310194329e-06,0.13696533613050788,64
QMIX,0,12224,190,12211,405.85929724567507,6.341551519463673,0.775553967119371,0.775553967119371,1399,1085,306,0,52.40625,3354.0,3.091244239631336,5.0,1085,0.03487747192890763,2232.1582034500884,2196.698015113884,35.46018833620371,0.01093428662484071,0.0004373714649936284,6.8339291405254435e-06,0.13795930775539647,64
QMIX,0,12288,191,12275,422.5034962995578,6.601617129680591,0.7852631578947369,0.7852631578947369,1425,1119,298,0,53.59375,3430.0,3.065236818588025,5.0,1119,0.036310671922473656,2323.8830030383137,2289.935557635478,33.94744540283565,0.011210798141003906,0.0004484319256401562,7.006748838127441e-06,0.1389980307729835,64
QMIX,0,12352,192,12339,438.6127004763315,6.85332344494268,0.7946243969676086,0.7946243969676086,1451,1153,289,0,54.015625,3457.0,2.9982653946227233,5.0,1153,0.03515722819468765,2250.0626044600094,2215.0128896257006,35.049714834308936,0.011870650025621965,0.00047482600102487856,7.4191562660137275e-06,0.1399633216005352,64
QMIX,0,12416,193,12403,379.2384390366253,5.925600609947271,0.739221140472879,0.739221140472879,1438,1063,388,0,54.3125,3476.0,3.2699905926622765,5.0,1063,0.03216415976821308,2058.5062251656373,2015.6431416807482,42.86308348488791,0.011057544703903967,0.0004423017881561587,6.91096543993998e-06,0.14036705463311938,64
QMIX,0,12480,194,12467,427.997932766393,6.68746769947489,0.80098452883263,0.80098452883263,1422,1139,304,0,58.34375,3734.0,3.2783143107989465,5.0,1139,0.03502461939910755,2241.575641542883,2201.5728874720903,40.002754070792676,0.012545118566064743,0.0005018047426425897,7.840699103790464e-06,0.14049363852363356,64
QMIX,0,12544,195,12531,425.66257659932353,6.65097775936443,0.7729435757987764,0.7729435757987764,1471,1137,311,0,55.625,3560.0,3.1310466138962183,5.0,1137,0.0376745777696801,2411.1729772595263,2374.4779888155763,36.694988443949754,0.012815202140975897,0.0005126080856390359,8.009501338109936e-06,0.14036365865791817,64
QMIX,0,12608,196,12595,385.1850962223174,6.018517128473709,0.7632534495279594,0.7632534495279594,1377,1051,333,0,54.625,3496.0,3.326355851569933,5.0,1051,0.03235540467302127,2070.745899073361,2027.8931595059955,42.85273956736554,0.010711691680576847,0.0004284676672230739,6.69480730036053e-06,0.1401764055262511,64
QMIX,0,12672,197,12659,383.40235598284437,5.990661812231943,0.7631578947368421,0.7631578947368421,1368,1044,327,0,54.03125,3458.0,3.3122605363984676,5.0,1044,0.030334117887149778,1941.3835447775857,1900.5225735277315,40.86097124985353,0.010538489052675489,0.00042153956210701953,6.58655565792218e-06,0.14108676465947687,64
QMIX,0,12736,198,12723,410.01885777372775,6.406544652714496,0.7662968099861304,0.7662968099861304,1442,1105,321,0,55.734375,3567.0,3.228054298642534,5.0,1105,0.03475452662835088,2224.2897042144564,2184.3147413757906,39.974962838665455,0.012683244898306792,0.0005073297959322716,7.927028061441744e-06,0.14225458994292745,64
QMIX,0,12800,199,12787,430.8715398382856,6.732367809973213,0.7862491490810075,0.7862491490810075,1469,1155,330,0,58.578125,3749.0,3.245887445887446,5.0,1155,0.03407762439105105,2180.9679610272674,2137.1834250739253,43.78453595334251,0.01152833697310942,0.0004611334789243768,7.205210608193387e-06,0.14310982886198242,64
QMIX,0,12864,200,12851,445.5985182254377,6.962476847272464,0.7998629198080878,0.7998629198080878,1459,1167,285,0,58.59375,3750.0,3.2133676092544987,5.0,1167,0.0330669296128236,2116.2834952207104,2077.5606800382798,38.72281518243011,0.011583388003736669,0.00046333552014946673,7.239617502335418e-06,0.1436604976799876,64
QMIX,0,12928,201,12915,419.65549318234025,6.557117080974066,0.7893617021276595,0.7893617021276595,1410,1113,292,0,53.765625,3441.0,3.091644204851752,5.0,1113,0.03357088750286104,2148.5368001831066,2111.499441484911,37.03735869819478,0.012106972729817235,0.0004842789091926894,7.566857956135772e-06,0.1445846629710345,64
QMIX,0,12992,202,12979,415.03894650085863,6.484983539075916,0.7812939521800282,0.7812939521800282,1422,1111,318,0,55.921875,3579.0,3.2214221422142213,5.0,1111,0.031567445817352276,2020.3165323105457,1980.4711489149622,39.845383395583745,0.011080713361424983,0.0004432285344569993,6.925445850890614e-06,0.1454640697417838,64
QMIX,0,13056,203,13043,401.59692559963355,6.274951962494274,0.7736389684813754,0.7736389684813754,1396,1080,313,0,56.15625,3594.0,3.327777777777778,5.0,1080,0.03150909052003432,2016.5817932821965,1976.2135669885956,40.36822629360031,0.01092783471110622,0.0004371133884442488,6.829896694441388e-06,0.1459817221176866,64
QMIX,0,13120,204,13107,411.6538137315335,6.432090839555211,0.7828246983676366,0.7828246983676366,1409,1103,309,0,52.0,3328.0,3.017225747960109,5.0,1103,0.033416736062323295,2138.671107988691,2103.2976251929913,35.37348279569979,0.012021777049045413,0.0004808710819618165,7.513610655653383e-06,0.14709382909234137,64
QMIX,0,13184,205,13171,414.2303805509648,6.472349696108825,0.7700276243093923,0.7700276243093923,1448,1115,322,0,55.21875,3534.0,3.1695067264573993,5.0,1115,0.03419224458124995,2188.3036531999965,2150.0003692959367,38.30328390406022,0.012464359364578105,0.0004985743745831242,7.790224602861315e-06,0.14827324120386043,64
QMIX,0,13248,206,13235,410.2637316990431,6.410370807797548,0.7612551159618008,0.7612551159618008,1466,1116,348,0,60.546875,3875.0,3.4722222222222223,6.0,1116,0.03531293342750768,2260.0277393604915,2215.0072668658377,45.020472494652566,0.011474201236145686,0.00045896804944582745,7.171375772591054e-06,0.14913358886646289,64
QMIX,0,13312,207,13299,392.83674181084444,6.138074090794444,0.7602836879432624,0.7602836879432624,1410,1072,346,0,58.4375,3740.0,3.4888059701492535,5.449999999999932,1072,0.031445980383982955,2012.5427445749092,1968.9730556606842,43.5696889142251,0.010468813160250482,0.00041875252641001924,6.543008225156551e-06,0.14953688479680746,64
QMIX,0,13376,208,13363,387.4267947538709,6.053543668029233,0.7347767253044655,0.7347767253044655,1478,1086,392,0,58.09375,3718.0,3.423572744014733,5.0,1086,0.03395822161526128,2173.326183376722,2128.2211362045937,45.105047172129304,0.01213726647051497,0.00048549065882059876,7.585791544071856e-06,0.14957558698810408,64
QMIX,0,13440,209,13427,383.607074307286,5.9938605360513435,0.7683284457478006,0.7683284457478006,1364,1048,340,0,54.984375,3519.0,3.357824427480916,5.0,1048,0.029983823572990315,1918.96470867138,1879.8628780852946,39.10183058608572,0.009981060056468783,0.00039924240225875133,6.2381625352929895e-06,0.14952371460595842,64
QMIX,0,13504,210,13491,378.20583043888627,5.909466100607598,0.7509184423218221,0.7509184423218221,1361,1022,310,0,54.09375,3462.0,3.3874755381604698,5.0,1022,0.02866437981926826,1834.5203084331688,1793.0262481195975,41.49406031357189,0.010044497222003393,0.00040177988888013573,6.277810763752121e-06,0.14979129841312705,64
QMIX,0,13568,211,13555,392.65636877558006,6.1352557621184385,0.7688442211055276,0.7688442211055276,1393,1071,339,0,56.109375,3591.0,3.3529411764705883,5.0,1071,0.03367793301736672,2155.38771311147,2114.2276358328945,41.16007727857478,0.011498648362128643,0.00045994593448514575,7.186655226330402e-06,0.14991014967770694,64
QMIX,0,13632,212,13619,428.7504482840586,6.699225754438416,0.7802569303583502,0.7802569303583502,1479,1154,331,0,61.78125,3954.0,3.4263431542461005,5.0,1154,0.03639735547764847,2329.430750569502,2285.131426055987,44.299324513514705,0.013109881980241048,0.0005243952792096419,8.193676237650655e-06,0.1498912903482335,64
QMIX,0,13696,213,13683,390.3727383336386,6.099574036463103,0.7566024268379729,0.7566024268379729,1401,1060,320,0,54.484375,3487.0,3.289622641509434,5.0,1060,0.03255234301592425,2083.349953019152,2043.3464423103271,40.00351070882494,0.012242768051167816,0.0004897107220467126,7.651730031979885e-06,0.14947505350279577,64
QMIX,0,13760,214,13747,387.5894343998455,6.056084912497586,0.7786032689450223,0.7786032689450223,1346,1048,309,0,53.3125,3412.0,3.2557251908396947,5.0,1048,0.031288501333980624,2002.4640853747599,1963.8692059737166,38.59487940104404,0.011560373868684491,0.00046241495474737965,7.225233667927807e-06,0.14857967644412878,64
QMIX,0,13824,215,13811,413.7829970979714,6.465359329655803,0.7803508771929825,0.7803508771929825,1425,1112,314,0,58.265625,3729.0,3.3534172661870505,5.0,1112,0.03448582578529674,2207.0928502589913,2164.7669822045023,42.32586805448952,0.013255552024509837,0.0005302220809803935,8.284720015318649e-06,0.14749401912318755,64
QMIX,0,13888,216,13875,413.4794005611706,6.460615633768291,0.7791023842917251,0.7791023842917251,1426,1111,313,0,56.640625,3625.0,3.262826282628263,5.0,1111,0.038132130304928326,2440.4563395154128,2401.681191281172,38.77514823424265,0.013560096832544421,0.0005424038733017768,8.475060520340263e-06,0.14640445452204276,64
QMIX,0,13952,217,13939,401.3220825275089,6.270657539492326,0.7666195190947667,0.7666195190947667,1414,1084,321,0,56.984375,3647.0,3.364391143911439,5.0,1084,0.03238317182607195,2072.522996868605,2030.9331393021591,41.5898575664463,0.0116559949551087,0.00046623979820434796,7.284996846942937e-06,0.14663029311989367,64
QMIX,0,14016,218,14003,423.8417994198853,6.622528115935708,0.8038793103448276,0.8038793103448276,1392,1119,287,0,54.015625,3457.0,3.089365504915103,5.0,1119,0.03229547640516174,2066.9104899303516,2030.920244617233,35.99024531311868,0.0116155005320317,0.00046462002128126804,7.259687832519813e-06,0.14770924149996767,64
QMIX,0,14080,219,14067,399.86470456265187,6.247886008791435,0.7761087267525035,0.7761087267525035,1398,1085,323,0,53.875,3448.0,3.1778801843317974,5.0,1085,0.035351626687750576,2262.5041080160368,2223.997314832613,38.50679318342351,0.013316874339611763,0.0005326749735844705,8.323046462257352e-06,0.14847874902510824,64
QMIX,0,14144,220,14131,410.37317410467995,6.412080845385624,0.7720994475138122,0.7720994475138122,1448,1118,332,0,52.625,3368.0,3.012522361359571,5.0,1118,0.039494666744960064,2527.658671677444,2492.45996239196,35.198709285485144,0.015591326454598983,0.0006236530581839593,9.744579034124365e-06,0.14901494250809555,64
QMIX,0,14208,221,14195,408.95572192939295,6.389933155146765,0.7935813274981766,0.7935813274981766,1371,1088,272,0,49.390625,3161.0,2.905330882352941,5.0,1088,0.03755422175996309,2403.470192637638,2372.618523009179,30.851669628458907,0.016311262776580328,0.0006524505110632132,1.0194539235362706e-05,0.1492764975882258,64
QMIX,0,14272,222,14259,423.3508163246345,6.614856505072414,0.793006993006993,0.793006993006993,1430,1134,299,0,53.109375,3399.0,2.997354497354497,5.0,1134,0.040312935682530186,2580.027883681932,2545.843757394855,34.18412628707629,0.017327210630134232,0.0006930884252053693,1.0829506643833895e-05,0.14991215643770356,64
QMIX,0,14336,223,14323,365.18301553131835,5.705984617676849,0.7388489208633093,0.7388489208633093,1390,1027,374,0,53.3125,3412.0,3.3222979552093475,5.0,1027,0.031854040291722625,2038.6585786702478,1997.5094845009903,41.1490941692578,0.01242626308833731,0.0004970505235334923,7.766414430210818e-06,0.15052975693237586,64
QMIX,0,14400,224,14387,407.8098995594639,6.372029680616623,0.7883636363636364,0.7883636363636364,1375,1084,276,0,47.03125,3010.0,2.7767527675276753,5.0,1084,0.03485191246483827,2230.5223977496494,2202.0005484627645,28.521849286885566,0.014556823757763508,0.0005822729503105403,9.098014848602193e-06,0.15096071608764977,64
QMIX,0,14464,225,14451,374.3343622044223,5.848974409444098,0.7365439093484419,0.7365439093484419,1412,1040,357,0,54.40625,3482.0,3.348076923076923,5.0,1040,0.030948722623825663,1980.7182479248424,1937.6976648805871,43.02058304425444,0.012410157090581448,0.0004964062836232579,7.756348181613405e-06,0.15184798181351644,64
QMIX,0,14528,226,14515,382.10364009295535,5.970369376452427,0.750351617440225,0.750351617440225,1422,1067,374,0,55.015625,3521.0,3.2999062792877227,5.0,1067,0.03339906895536961,2137.540413143655,2095.6201275320436,41.920285611611256,0.01338751007067573,0.0005355004028270292,8.36719379417233e-06,0.15250000542278355,64
QMIX,0,14592,227,14579,384.4170803811081,6.006516880954814,0.7581462708182476,0.7581462708182476,1381,1047,327,0,54.59375,3494.0,3.3371537726838585,5.0,1047,0.02970460762603855,1901.094888066467,1859.0060436882604,42.08884437820679,0.0115873383207231,0.000463493532828924,7.242086450451937e-06,0.15284289198130135,64
QMIX,0,14656,228,14643,415.8840027270246,6.4981875426097595,0.7891012031139419,0.7891012031139419,1413,1115,307,0,52.65625,3370.0,3.022421524663677,5.0,1115,0.03536947339183794,2263.6462970776283,2227.065051652065,36.58124542556288,0.014363572676681166,0.0005745429070672467,8.977232922925729e-06,0.1528662557825996,64
QMIX,0,14720,229,14707,375.56169357954195,5.868151462180343,0.7605947955390334,0.7605947955390334,1345,1023,313,0,52.125,3336.0,3.2609970674486806,5.0,1023,0.028766387880187178,1841.0488243319794,1800.7364015242954,40.31242280768353,0.011862121210182161,0.00047448484840728643,7.4138257563638505e-06,0.1525011055657845,64
QMIX,0,14784,230,14771,397.3289448188706,6.208264762794853,0.773409578270193,0.773409578270193,1399,1082,327,0,52.703125,3373.0,3.1173752310536043,5.0,1082,0.0337003699076137,2156.8236740872767,2118.8972751852098,37.9263989020675,0.013764257664698428,0.0005505703065879371,8.602661040436518e-06,0.15200975338984535,64
QMIX,0,14848,231,14835,376.8058759995662,5.887591812493222,0.7596439169139466,0.7596439169139466,1348,1024,309,0,52.84375,3382.0,3.302734375,5.0,1024,0.030188392590509216,1932.0571257925899,1890.8844740666889,41.17265172590134,0.011904765006309725,0.000476190600252389,7.440478128943578e-06,0.15209960041038842,64
QMIX,0,14912,232,14899,381.52236506493796,5.961286954139656,0.764490095377843,0.764490095377843,1363,1042,326,0,49.65625,3178.0,3.049904030710173,5.0,1042,0.029067184092927155,1860.2997819473378,1824.1054511444167,36.19433080292052,0.011807647127826343,0.0004723058851130537,7.379779454891464e-06,0.1519050350588091,64
QMIX,0,14976,233,14963,362.4071878627891,5.66261231035608,0.7366136034732272,0.7366136034732272,1382,1018,362,0,46.46875,2974.0,2.9214145383104126,5.0,1018,0.03333442965638441,2133.403498008602,2100.3319096861046,33.07158832249657,0.013690421152759058,0.0005476168461103623,8.556513220474412e-06,0.15142069744868306,64
QMIX,0,15040,234,15027,399.0723371758734,6.235505268373021,0.7627000695894224,0.7627000695894224,1437,1096,353,0,53.421875,3419.0,3.1195255474452557,5.0,1096,0.03213359729761747,2056.550227047518,2016.127890320793,40.42233672672427,0.013231876743330755,0.0005292750697332302,8.269922964581722e-06,0.15067248929814264,64
QMIX,0,15104,235,15091,414.24786663965017,6.472622916244534,0.7853589196872779,0.7853589196872779,1407,1105,290,0,49.578125,3173.0,2.8714932126696833,5.0,1105,0.035080785999103414,2245.1703039426184,2211.687651087503,33.48265285511526,0.014845583267542676,0.0005938233307017071,9.278489542214173e-06,0.14971154582222682,64
QMIX,0,15168,236,15155,370.35500700900457,5.786796984515696,0.7476294675419402,0.7476294675419402,1371,1025,346,0,51.28125,3282.0,3.2019512195121953,5.0,1025,0.031481348724157344,2014.80631834607,1975.364381920293,39.441936425777676,0.012248903828269148,0.0004899561531307659,7.655564892668218e-06,0.1490926138898006,64
QMIX,0,15232,237,15219,394.37124501390156,6.162050703342212,0.7441860465116279,0.7441860465116279,1462,1088,364,0,54.015625,3457.0,3.177389705882353,5.0,1088,0.03168608030640225,2027.909139609744,1985.1700204910514,42.73911911869252,0.012483605252086244,0.0004993442100834497,7.802253282553902e-06,0.14844703126304382,64
QMIX,0,15296,238,15283,388.08431093139643,6.063817358303069,0.7680635838150289,0.7680635838150289,1384,1063,339,0,55.671875,3563.0,3.351834430856068,5.0,1063,0.03178657288225406,2034.3406644642598,1991.4773682560017,42.863296208258554,0.011895082123917116,0.0004758032849566846,7.434426327448197e-06,0.14815317795150262,64
QMIX,0,15360,239,15347,389.7509730018594,6.089858953154053,0.7517630465444288,0.7517630465444288,1418,1066,339,0,49.828125,3189.0,2.9915572232645404,5.0,1066,0.030603087714989843,1958.59761375935,1921.8600969284105,36.73751683093937,0.011460490271099601,0.00045841961084398407,7.162806419437251e-06,0.14781434685239025,64
QMIX,0,15424,240,15411,404.9005285298117,6.326570758278308,0.755662319835278,0.755662319835278,1457,1101,351,0,60.671875,3883.0,3.5267938237965484,5.0,1101,0.030410661391807158,1946.282329075658,1898.0329301239922,48.2493989516655,0.010268375574097018,0.0004107350229638807,6.417734733810636e-06,0.14708650589375294,64
QMIX,0,15488,241,15475,371.42888544038584,5.803576335006029,0.7334739803094233,0.7334739803094233,1422,1043,388,0,54.9375,3516.0,3.37104506232023,5.0,1043,0.02826225571117812,1808.7843655153997,1763.3798358595425,45.404529655856415,0.009993127754159649,0.00039972511016638597,6.245704846349781e-06,0.1459847528260348,64
QMIX,0,15552,242,15539,392.685386614586,6.135709165852906,0.7706222865412445,0.7706222865412445,1382,1065,331,0,47.46875,3038.0,2.852582159624413,5.0,1065,0.028221785195739167,1806.1942525273066,1772.76498376229,33.42926876501547,0.009633444975995891,0.0003853377990398357,6.0209031099974325e-06,0.1450482951087118,64
QMIX,0,15616,243,15603,418.8044956909873,6.543820245171677,0.7731958762886598,0.7731958762886598,1455,1125,321,0,49.546875,3171.0,2.8186666666666667,5.0,1125,0.0325103550698801,2080.6627244723263,2044.310889938481,36.35183453384616,0.011804848690520762,0.0004721939476208305,7.378030431575476e-06,0.14454539916061937,64
QMIX,0,15680,244,15667,389.26530280212955,6.082270356283274,0.7531824611032532,0.7531824611032532,1414,1065,346,0,43.0625,2756.0,2.587793427230047,5.0,1065,0.030891195936760422,1977.036539952667,1947.4972518959473,29.53928805671994,0.010263002231944832,0.00041052008927779327,6.41437639496552e-06,0.14373384445124465,64
QMIX,0,15744,245,15731,375.2001613598155,5.862502521247118,0.7494553376906318,0.7494553376906318,1377,1032,341,0,47.265625,3025.0,2.931201550387597,5.0,1032,0.029747535105472407,1903.8422467502342,1866.9987568112076,36.84348993902651,0.010704793627014007,0.00042819174508056026,6.690496016883754e-06,0.14290867556663361,64
QMIX,0,15808,246,15795,376.2620940016609,5.8790952187759515,0.7567567567567568,0.7567567567567568,1369,1036,348,0,51.65625,3306.0,3.1911196911196913,5.0,1036,0.028178816911093474,1803.4442823099823,1764.3021221725044,39.14216013747758,0.009850644778598245,0.0003940257911439298,6.1566529866239035e-06,0.1428303476636818,64
QMIX,0,15872,247,15859,402.0213385299226,6.281583414530041,0.7684659090909091,0.7684659090909091,1408,1082,316,0,51.421875,3291.0,3.0415896487985212,5.0,1082,0.030974513109286405,1982.36883899433,1944.9685986486486,37.40024034568081,0.010834512510563759,0.0004333805004225504,6.77157031910235e-06,0.1430534766965718,64
QMIX,0,15936,248,15923,401.4251996196026,6.272268744056291,0.7721788502484032,0.7721788502484032,1409,1088,327,0,48.984375,3135.0,2.8814338235294117,5.0,1088,0.0329789129987152,2110.650431917773,2079.3801480828083,31.27028383496412,0.011725195862589511,0.0004690078345035804,7.328247414118444e-06,0.1429744720304741,64
QMIX,0,16000,249,15987,418.22694960155644,6.534796087524319,0.7630173564753004,0.7630173564753004,1498,1143,366,0,53.65625,3434.0,3.0043744531933507,5.0,1143,0.037605062928754256,2406.7240274402725,2369.5428264854877,37.18120095478467,0.012704504744596591,0.0005081801897838636,7.94031546537287e-06,0.14331399402092776,64
QMIX,0,16064,250,16051,431.77115905862263,6.746424360290979,0.8029661016949152,0.8029661016949152,1416,1137,283,0,49.703125,3181.0,2.797713280562885,5.0,1137,0.03739227751580436,2393.105761011479,2364.4514845755043,28.654276435974854,0.013168399032164522,0.0005267359612865809,8.230249395102827e-06,0.14398774597142175,64
QMIX,0,16128,251,16115,395.17895645444503,6.174671194600704,0.75,0.75,1448,1086,355,0,47.3125,3028.0,2.7882136279926337,5.0,1086,0.034888861502424755,2232.887136155184,2201.3507366904896,31.53639946469421,0.012241126829908716,0.0004896450731963486,7.650704268692948e-06,0.14423160577574456,64
QMIX,0,16192,252,16179,377.25237274368806,5.894568324120126,0.7273361227336123,0.7273361227336123,1434,1043,360,0,52.671875,3371.0,3.2320230105465004,5.0,1043,0.03177756568028152,2033.7642035380172,1990.3680170657717,43.396186472245724,0.010035513958269869,0.0004014205583307948,6.2721962239186684e-06,0.14449143209828597,64
QMIX,0,16256,253,16243,408.60950198252647,6.384523468476976,0.770949720670391,0.770949720670391,1432,1104,333,0,52.171875,3339.0,3.0244565217391304,5.0,1104,0.03321255493751822,2125.603516001166,2090.428650066778,35.1748659343867,0.010751241932010332,0.00043004967728041323,6.719526207506457e-06,0.14501475893506732,64
QMIX,0,16320,254,16307,372.57619982939957,5.821503122334368,0.734132581100141,0.734132581100141,1418,1041,377,0,55.546875,3555.0,3.414985590778098,5.0,1041,0.030292226965019004,1938.7025257612163,1892.908310826063,45.79421493515342,0.009920948362129353,0.0003968379344851741,6.200592726330846e-06,0.14525143252462117,64
QMIX,0,16384,255,16371,388.7139582235669,6.073655597243233,0.766158315177923,0.766158315177923,1377,1055,331,0,57.0625,3652.0,3.461611374407583,5.0,1055,0.03182103219529399,2036.5460604988152,1991.5976147656681,44.94844573314689,0.010445077021165853,0.0004178030808466341,6.528173138228658e-06,0.1451697648112759,64
QMIX,0,16448,256,16435,378.7707677633625,5.9182932463025395,0.7459074733096085,0.7459074733096085,1405,1048,361,0,58.453125,3741.0,3.5696564885496183,5.0,1048,0.031981582421318704,2046.8212749643972,2000.2151939154026,46.60608104899486,0.010394653730109903,0.00041578614920439615,6.49665858131869e-06,0.1447850985065656,64
QMIX,0,16512,257,16499,403.15848840009835,6.299351381251537,0.7629009762900977,0.7629009762900977,1434,1094,335,0,51.359375,3287.0,3.004570383912249,5.0,1094,0.03728237025541037,2386.0716963462637,2349.6095094412735,36.462186904989515,0.011531951417649827,0.00046127805670599306,7.207469636031142e-06,0.14412827846447643,64
QMIX,0,16576,258,16563,401.0620636428333,6.266594744419271,0.7891256429096253,0.7891256429096253,1361,1074,308,0,53.25,3408.0,3.1731843575418996,5.0,1074,0.0335341166182545,2146.183463568288,2109.4757669560618,36.70769661222673,0.010313929533810762,0.0004125571813524305,6.4462059586317265e-06,0.14321788411295727,64
QMIX,0,16640,259,16627,405.03244061447947,6.328631884601242,0.7351778656126482,0.7351778656126482,1518,1116,379,0,53.859375,3447.0,3.088709677419355,5.0,1116,0.035411065094305104,2266.3081660355265,2228.116888522699,38.19127751282837,0.010760767587108918,0.00043043070348435674,6.725479741943074e-06,0.1420499249251212,64
QMIX,0,16704,260,16691,349.1503194655733,5.455473741649583,0.7180043383947939,0.7180043383947939,1383,993,391,0,47.078125,3013.0,3.0342396777442096,5.0,993,0.032591407737814555,2085.8500952201316,2050.378187163753,35.47190805638013,0.009544283658051768,0.0003817713463220707,5.965177286282355e-06,0.14124238024695318,64
QMIX,0,16768,261,16755,376.76843981776403,5.887006872152563,0.7383966244725738,0.7383966244725738,1422,1050,379,0,51.4375,3292.0,3.1352380952380954,5.0,1050,0.0333565125562967,2134.816803602989,2096.934369740131,37.88243386285743,0.01014978127449712,0.0004059912509798848,6.3436132965607e-06,0.14054153836944633,64
QMIX,0,16832,262,16819,370.50669759335557,5.789167149896181,0.7258741258741259,0.7258741258741259,1430,1038,386,0,57.90625,3706.0,3.5703275529865124,5.0,1038,0.03284688835159115,2102.2008545018334,2055.0991554456823,47.10169905615162,0.00987297284728679,0.0003949189138914716,6.170608029554243e-06,0.1394717303529921,64
QMIX,0,16896,263,16883,385.972297836948,6.030817153702312,0.7555715312724659,0.7555715312724659,1391,1051,335,0,49.921875,3195.0,3.0399619410085634,5.0,1051,0.03564571176854238,2281.325553186712,2247.87319938579,33.45235380092194,0.0105740213672864,0.000422960854691456,6.608763354554e-06,0.1384606739061202,64
QMIX,0,16960,264,16947,374.296035742588,5.8483755584779376,0.7449127906976745,0.7449127906976745,1376,1025,340,0,52.1875,3340.0,3.2585365853658534,5.0,1025,0.031955472049956794,2045.1502111972347,2006.21427492511,38.93593627212568,0.009359854064459518,0.0003743941625783807,5.849908790287199e-06,0.13769528981177206,64
QMIX,0,17024,265,17011,364.2618310860806,5.691591110720009,0.7505535055350554,0.7505535055350554,1355,1017,370,0,51.71875,3310.0,3.254670599803343,5.0,1017,0.03255486828549619,2083.511570271756,2043.1009011037788,40.41066916797712,0.00951822707345349,0.0003807290829381396,5.948891920908431e-06,0.13655653666989848,64
QMIX,0,17088,266,17075,382.06014338269375,5.96968974035459,0.7489270386266095,0.7489270386266095,1398,1047,345,0,48.46875,3102.0,2.962750716332378,5.0,1047,0.03251964767940683,2081.257451482037,2047.125088012229,34.132363469808546,0.00972260154368955,0.00038890406174758207,6.07662596480597e-06,0.13552045972893326,64
QMIX,0,17152,267,17139,392.72147381452237,6.136273028351912,0.7565278757939309,0.7565278757939309,1417,1072,345,0,49.046875,3139.0,2.9281716417910446,5.0,1072,0.036255742726584474,2320.367534501406,2288.0294204775405,32.33811402386607,0.010447483015626818,0.0004178993206250727,6.529676884766761e-06,0.1349103997951469,64
QMIX,0,17216,268,17203,402.8801027735748,6.295001605837106,0.7624736472241743,0.7624736472241743,1423,1085,319,0,47.203125,3021.0,2.784331797235023,5.0,1085,0.036106534905757263,2310.818233968465,2280.7959542107665,30.022279757698158,0.011263745629029376,0.000450549825161175,7.03984101814336e-06,0.1341011087306823,64
QMIX,0,17280,269,17267,406.55276073456093,6.352386886477515,0.7762973352033661,0.7762973352033661,1426,1107,347,0,49.1875,3148.0,2.843721770551039,5.0,1107,0.040419278216207805,2586.8338058372997,2558.0155074607005,28.81829837659695,0.012487905264094002,0.0004995162105637601,7.804940790058751e-06,0.13411576418166313,64
QMIX,0,17344,270,17331,394.2703138815381,6.160473654399032,0.7556497175141242,0.7556497175141242,1416,1070,333,0,47.078125,3013.0,2.8158878504672895,5.0,1070,0.033635180357357165,2152.6515428708585,2121.0944076570113,31.557135213847342,0.010812976618014097,0.0004325190647205639,6.758110386258811e-06,0.13478093859057286,64
QMIX,0,17408,271,17395,423.79772741814645,6.621839490908538,0.7977369165487977,0.7977369165487977,1414,1128,308,0,49.71875,3182.0,2.8209219858156027,5.0,1128,0.036549856737791146,2339.1908312186333,2308.933856662398,30.256974556234155,0.011252043276847186,0.0004500817310738874,7.032527048029491e-06,0.13494674545186353,64
QMIX,0,17472,272,17459,378.0574204972953,5.907147195270239,0.7350069735006973,0.7350069735006973,1434,1054,376,0,49.46875,3166.0,3.0037950664136623,5.0,1054,0.03529121774699103,2258.637935807426,2222.1419236537085,36.49601215371767,0.011866470178196548,0.0004746588071278619,7.4165438613728425e-06,0.13502088858831174,64
QMIX,0,17536,273,17523,370.2168711281922,5.7846386113780035,0.7358219669777458,0.7358219669777458,1393,1025,350,0,47.4375,3036.0,2.961951219512195,5.0,1025,0.035715309273777064,2285.7797935217322,2251.7047162250424,34.07507729669206,0.011835724250587125,0.00047342897002348495,7.397327656616952e-06,0.13564934753425234,64
QMIX,0,17600,274,17587,386.654000902192,6.04146876409675,0.7542735042735043,0.7542735042735043,1404,1059,339,0,51.578125,3301.0,3.117091595845137,5.0,1059,0.03600126295109973,2304.080828870383,2268.093124529176,35.987704341207014,0.01257491149590005,0.000502996459836002,7.859319684937531e-06,0.13650528737279535,64
QMIX,0,17664,275,17651,391.87133631282234,6.122989629887849,0.7388059701492538,0.7388059701492538,1474,1089,383,0,55.21875,3534.0,3.2451790633608817,5.0,1089,0.03501402382692581,2240.8975249232517,2199.645661212856,41.2518637103964,0.012005500233451424,0.0004802200093380569,7.503437645907139e-06,0.13782668138624685,64
QMIX,0,17728,276,17715,367.60716996074814,5.74386203063669,0.7331440738112136,0.7331440738112136,1409,1033,388,0,57.265625,3665.0,3.547918683446273,5.0,1033,0.02967729514688117,1899.346889400395,1852.7662421042146,46.58064729617979,0.009807227887614236,0.00039228911550456943,6.129517429758897e-06,0.1388665574495654,64
QMIX,0,17792,277,17779,357.06841213260543,5.57919393957196,0.7100840336134454,0.7100840336134454,1428,1014,398,0,53.9375,3452.0,3.4043392504930967,5.0,1014,0.02993083000105972,1915.5731200678222,1870.9900907074173,44.58302936040534,0.009542554004566474,0.00038170216018265895,5.964096252854046e-06,0.13936182171087302,64
QMIX,0,17856,278,17843,378.3687557823397,5.912011809099058,0.7542857142857143,0.7542857142857143,1400,1056,371,0,53.609375,3431.0,3.2490530303030303,5.0,1056,0.035811410997804154,2291.9303038594658,2253.5163609938536,38.41394286561249,0.012434439167140982,0.0004973775666856393,7.771524479463114e-06,0.1395323205705358,64
QMIX,0,17920,279,17907,417.57117923350677,6.524549675523543,0.7794015309672929,0.7794015309672929,1437,1120,312,0,52.0,3328.0,2.9714285714285715,5.0,1120,0.03912091950902313,2503.7388485774804,2472.1694656874324,31.569382890047002,0.014074892514428115,0.0005629957005771246,8.796807821517572e-06,0.1396754134230126,64
QMIX,0,17984,280,17971,435.4725962417233,6.8042593162769265,0.7741721854304636,0.7741721854304636,1510,1169,327,0,53.109375,3399.0,2.9076133447390933,5.0,1169,0.04164210876045844,2665.0949606693403,2634.117362763237,30.977597906103558,0.015291212998396581,0.0006116485199358633,9.557008123997863e-06,0.13995860596603651,64
QMIX,0,18048,281,18035,429.1172422595688,6.7049569103057625,0.7883561643835616,0.7883561643835616,1460,1151,306,0,48.703125,3117.0,2.7080799304952214,5.0,1151,0.045058468570599176,2883.741988518347,2858.861722860653,24.880265657695166,0.01773566022958419,0.0007094264091833675,1.1084787643490117e-05,0.14142608526224093,64
QMIX,0,18112,282,18099,424.2295917614369,6.6285873712724515,0.7776271186440677,0.7776271186440677,1475,1147,335,0,50.984375,3263.0,2.844812554489974,5.0,1147,0.03944555967064467,2524.515818921259,2494.677806185335,29.8380127359239,0.014568418586337104,0.0005827367434534841,9.10526161646069e-06,0.14309547451955157,64
QMIX,0,18176,283,18163,379.0104209136771,5.922037826776204,0.7671641791044777,0.7671641791044777,1340,1028,308,0,49.75,3184.0,3.09727626459144,5.0,1028,0.032109746740318156,2055.023791380362,2022.6610074300938,32.3627839502691,0.012182006351966524,0.000487280254078661,7.613753969979078e-06,0.1442509656633716,64
QMIX,0,18240,284,18227,381.3483139456616,5.958567405400962,0.7666422823701536,0.7666422823701536,1367,1048,335,0,47.390625,3033.0,2.894083969465649,5.0,1048,0.033176496238555404,2123.2957592675457,2094.259828087854,29.03593117969144,0.01389379395796498,0.0005557517583185992,8.683621223728112e-06,0.14492344661018666,64
QMIX,0,18304,285,18291,417.23230012841145,6.519254689506429,0.7651821862348178,0.7651821862348178,1482,1134,336,0,50.15625,3210.0,2.8306878306878307,5.0,1134,0.038409624926117575,2458.2159952715247,2428.2894789473903,29.92651632413386,0.015597341651551876,0.000623893666062075,9.748338532219922e-06,0.1459207409613807,64
QMIX,0,18368,286,18355,371.59027253005723,5.806098008282144,0.7501810282404056,0.7501810282404056,1381,1036,357,0,50.890625,3257.0,3.143822393822394,5.0,1036,0.03673557489464595,2351.076793257341,2315.506216215377,35.57057704196385,0.013894606263997562,0.0005557842505599025,8.684128914998477e-06,0.14717383265423023,64
QMIX,0,18432,287,18419,390.246543733836,6.097602245841188,0.7717629846378932,0.7717629846378932,1367,1055,296,0,47.265625,3025.0,2.867298578199052,5.0,1055,0.03711144155367719,2375.13225943534,2347.389943783362,27.74231565197921,0.015650865696354547,0.0006260346278541819,9.781791060221592e-06,0.14815264694177935,64
QMIX,0,18496,288,18483,415.12891297077806,6.486389265168407,0.7879858657243817,0.7879858657243817,1415,1115,314,0,56.8125,3636.0,3.260986547085202,5.0,1115,0.03689390201223307,2361.2097287829165,2323.8029082174376,37.406820565478455,0.014657790664966494,0.0005863116265986597,9.161119165604058e-06,0.14933274536193586,64
QMIX,0,18560,289,18547,400.69503593555044,6.260859936492976,0.7522367515485203,0.7522367515485203,1453,1093,330,0,50.515625,3233.0,2.9579139981701736,5.0,1093,0.036796047855946805,2354.9470627805954,2321.4072225026903,33.53984027790573,0.0152824340946031,0.000611297363784124,9.551521309126938e-06,0.15077299557140206,64
QMIX,0,18624,290,18611,393.5458805263803,6.149154383224692,0.7714691270404542,0.7714691270404542,1409,1087,352,0,54.625,3496.0,3.216191352345906,5.0,1087,0.03481086851547727,2227.895584990545,2192.1709433580627,35.724641632482275,0.01566574131572035,0.000626629652628814,9.791088322325219e-06,0.15188566664993014,64
QMIX,0,18688,291,18675,437.5687950745646,6.837012423040072,0.7941176470588235,0.7941176470588235,1462,1161,285,0,53.171875,3403.0,2.9310938845822565,5.0,1161,0.03955511439307826,2531.527321157009,2501.287256115712,30.24006504129833,0.017522008178414834,0.0007008803271365934,1.0951255111509272e-05,0.15275261605878718,64
QMIX,0,18752,292,18739,400.52876581829764,6.258261965910901,0.766737138830162,0.766737138830162,1419,1088,321,0,53.15625,3402.0,3.1268382352941178,5.0,1088,0.036160522187856384,2314.2734200228088,2280.2100046431733,34.063415379636034,0.015377531091571833,0.0006151012436628734,9.610956932232396e-06,0.15348542473167354,64
QMIX,0,18816,293,18803,408.50283626266526,6.382856816604145,0.7819971870604782,0.7819971870604782,1422,1112,330,0,51.234375,3279.0,2.948741007194245,5.0,1112,0.039144871671667025,2505.2717869866897,2473.431163326516,31.84062366017357,0.016735022383484656,0.0006694008953393862,1.045938898967791e-05,0.15472875440683972,64
QMIX,0,18880,294,18867,403.3507439545772,6.3023553742902685,0.7868970482361412,0.7868970482361412,1389,1093,320,0,51.5,3296.0,3.0155535224153707,5.0,1093,0.03622614592148619,2318.473338975116,2287.0243837906887,31.448955184426378,0.01565565692274526,0.0006262262769098103,9.784785576715786e-06,0.15562047591588737,64
QMIX,0,18944,295,18931,426.22533550119704,6.659770867206204,0.8032904148783977,0.8032904148783977,1398,1123,257,0,47.03125,3010.0,2.6803205699020483,5.0,1123,0.037704611342788824,2413.0951259384847,2389.020828721398,24.074297217087192,0.017080972244581275,0.000683238889783251,1.0675607652863296e-05,0.15620421653528035,64
QMIX,0,19008,296,18995,404.18417441744157,6.3153777252725245,0.7836468885672938,0.7836468885672938,1382,1083,289,0,48.125,3080.0,2.8439519852262234,5.0,1083,0.03511038766785768,2247.0648107428915,2216.941454096393,30.12335664649899,0.015206339215136649,0.000608253568605466,9.503962009460406e-06,0.15647517262108768,64
QMIX,0,19072,297,19059,408.18928511624074,6.377957579941262,0.7887527036770007,0.7887527036770007,1387,1094,301,0,50.515625,3233.0,2.9552102376599634,5.0,1094,0.03179302705833442,2034.753731733403,2000.9792125680453,33.774519165357155,0.013560431928882523,0.0005424172771553009,8.475269955551576e-06,0.15619556355704423,64
QMIX,0,19136,298,19123,404.8526793839326,6.325823115373947,0.7790530846484935,0.7790530846484935,1394,1086,291,0,48.78125,3122.0,2.874769797421731,5.0,1086,0.034364955026758216,2199.357121712526,2169.326604840015,30.03051687251179,0.015355949927478829,0.0006142379970991531,9.597468704674268e-06,0.15559460181049,64
QMIX,0,19200,299,19187,445.8480449436177,6.966375702244027,0.8361945636623748,0.8361945636623748,1398,1169,255,0,53.125,3400.0,2.9084687767322497,5.0,1169,0.04019611302088052,2572.551233336353,2542.8086713417906,29.742561994562486,0.019094857121742127,0.0007637942848696851,1.1934285701088829e-05,0.15480415137325884,64
QMIX,0,19264,300,19251,434.6856528996434,6.791963326556928,0.8134381701215153,0.8134381701215153,1399,1138,248,0,46.015625,2945.0,2.5878734622144113,5.0,1138,0.03918077773633457,2507.5697751254124,2485.33066066655,22.239114458862105,0.018103291297175025,0.000724131651887001,1.131455706073439e-05,0.15395331236753163,64
QMIX,0,19328,301,19315,402.7560027336415,6.293062542713148,0.7734265734265734,0.7734265734265734,1430,1106,340,0,53.171875,3403.0,3.076853526220615,5.0,1106,0.03553889508583202,2274.4892854932496,2238.2246959866015,36.26458950664754,0.016298406062225504,0.0006519362424890202,1.018650378889094e-05,0.15325474321706856,64
QMIX,0,19392,302,19379,427.53272301870504,6.680198797167266,0.8031272210376688,0.8031272210376688,1407,1130,275,0,49.515625,3169.0,2.804424778761062,5.0,1130,0.03259005983938398,2085.7638297205744,2057.0615767709633,28.702252949610305,0.014918001899639011,0.0005967200759855604,9.323751187274382e-06,0.15353185409371023,64
QMIX,0,19456,303,19443,410.4923704339093,6.413943288029833,0.7837837837837838,0.7837837837837838,1406,1102,295,0,46.640625,2985.0,2.7087114337568057,5.0,1102,0.035165207983619155,2250.573310951626,2222.7257188952985,27.84759205632601,0.016274298348039742,0.0006509719339215897,1.0171436467524839e-05,0.1537386803048274,64
QMIX,0,19520,304,19507,420.3803667783002,6.56844323091094,0.7909090909090909,0.7909090909090909,1430,1131,303,0,50.078125,3205.0,2.8337754199823166,5.0,1131,0.034762707531987284,2224.813282047186,2194.4498860448966,30.363396002288898,0.01726915099868508,0.0006907660399474031,1.0793219374178174e-05,0.15416700829348695,64
QMIX,0,19584,305,19571,409.21107278017695,6.393923012190265,0.8107703814510098,0.8107703814510098,1337,1084,257,0,46.453125,2973.0,2.742619926199262,5.0,1084,0.03520896529065088,2253.3737786016563,2227.96170093822,25.412077663438122,0.017735305147843276,0.000709412205913731,1.1084565717402047e-05,0.15472445134122081,64
QMIX,0,19648,306,19635,415.5375619979425,6.492774406217851,0.8123145400593472,0.8123145400593472,1348,1095,253,0,45.796875,2931.0,2.6767123287671235,5.0,1095,0.034168987686941994,2186.8152119642878,2161.7147789937826,25.100432970504798,0.016825556607609624,0.000673022264304385,1.0515972879756016e-05,0.15501252978031818,64
QMIX,0,19712,307,19699,449.99551551989805,7.031179929998407,0.8354792560801144,0.8354792560801144,1398,1168,237,0,47.40625,3034.0,2.5976027397260273,5.0,1168,0.03521105765182752,2253.507689716961,2230.542573452429,22.965116264531428,0.017079535901865884,0.0006831814360746353,1.0674709938666177e-05,0.15575203562042417,64
QMIX,0,19776,308,19763,431.50912761305483,6.742330118953982,0.8104434907010014,0.8104434907010014,1398,1133,250,0,44.34375,2838.0,2.504854368932039,4.0,1133,0.037052744566810666,2371.3756522758827,2349.3180985575946,22.057553718287252,0.018680120720337506,0.0007472048288135003,1.1675075450210942e-05,0.1564641688535256,64
QMIX,0,19840,309,19827,442.2051772514726,6.9094558945542595,0.8102139406487232,0.8102139406487232,1449,1174,280,0,50.359375,3223.0,2.745315161839864,5.0,1174,0.037892026169117646,2425.0896748235295,2398.261545366507,26.828129457022097,0.01972197129414608,0.0007888788517658432,1.23262320588413e-05,0.1578052054150149,64
QMIX,0,19904,310,19891,367.3225010323588,5.739414078630606,0.7481751824817519,0.7481751824817519,1370,1025,342,0,48.1875,3084.0,3.008780487804878,5.0,1025,0.0310004969906088,1984.031807398963,1949.6635810824343,34.368226316529245,0.015841605565186292,0.0006336642226074516,9.901003478241431e-06,0.15883297657048465,64
QMIX,0,19968,311,19955,338.5061681982211,5.289158878097204,0.6961756373937678,0.6961756373937678,1412,983,391,0,55.515625,3553.0,3.614445574771109,6.0,983,0.031684708330129825,2027.8213331283087,1983.5364022905574,44.28493083775182,0.016817261054196956,0.0006726904421678783,1.0510788158873098e-05,0.15931827539793367,64
QMIX,0,20032,312,20019,385.36418212183867,6.021315345653729,0.7876561351947098,0.7876561351947098,1361,1072,346,0,52.15625,3338.0,3.1138059701492535,5.0,1072,0.03604635858099119,2306.9669491834366,2273.0503808659705,33.91656831746525,0.01811296567260793,0.0007245186269043171,1.1320603545379955e-05,0.15964864673352863,64
QMIX,0,20096,313,20083,405.01493514205504,6.32835836159461,0.7753934191702432,0.7753934191702432,1398,1084,277,0,45.296875,2899.0,2.6743542435424352,5.0,1084,0.03571974992025689,2286.063994896441,2259.3426895795783,26.721305316862047,0.0177930380411058,0.0007117215216442319,1.1120648775691124e-05,0.15975140001182828,64
QMIX,0,20160,314,20147,376.4956075655771,5.882743868212142,0.7424135497529993,0.7424135497529993,1417,1052,359,0,46.265625,2961.0,2.814638783269962,5.0,1052,0.03151918616484337,2017.2279145499758,1984.8964834821688,32.33143106780751,0.015321641539998244,0.0006128656615999298,9.576025962498903e-06,0.1597853439329297,64
QMIX,0,20224,315,20211,385.8518061539719,6.028934471155811,0.7579843860894251,0.7579843860894251,1409,1068,347,0,50.390625,3225.0,3.019662921348315,5.0,1068,0.033365599330703884,2135.3983571650488,2099.9313963512614,35.46696081378751,0.015911569739052264,0.0006364627895620906,9.944731086907665e-06,0.16011424650557482,64
QMIX,0,20288,316,20275,419.9572645399892,6.561832258437331,0.8051575931232091,0.8051575931232091,1396,1124,291,0,51.953125,3325.0,2.9581850533807827,5.0,1124,0.035205896825975046,2253.177396862403,2219.649821947833,33.52757491457035,0.016972569667205385,0.0006789027866882154,1.0607856042003366e-05,0.16027768139072374,64
QMIX,0,20352,317,20339,415.3122175377615,6.489253399027524,0.8015930485155685,0.8015930485155685,1381,1107,270,0,47.546875,3043.0,2.7488708220415536,5.0,1107,0.037911149833320446,2426.3135893325084,2402.370110102751,23.943479229758218,0.018815039393444866,0.0007526015757377946,1.175939962090304e-05,0.1601483943465516,64
QMIX,0,20416,318,20403,447.6657879076342,6.994777936056784,0.8198324022346368,0.8198324022346368,1432,1174,256,0,48.71875,3118.0,2.65587734241908,5.0,1174,0.040600183620435486,2598.411751707871,2573.6035442921366,24.808207415733147,0.02014578572633575,0.0008058314290534301,1.2591116078959845e-05,0.15988692312844838,64
QMIX,0,20480,319,20467,429.8307133374333,6.716104895897395,0.8075284090909091,0.8075284090909091,1408,1137,269,0,46.40625,2970.0,2.612137203166227,5.0,1137,0.04039951122897383,2585.568718654325,2561.461904532615,24.10681412170915,0.01838525103477998,0.0007354100413911992,1.1490781896737488e-05,0.15920290878882043,64
QMIX,0,20544,320,20531,395.18804675985996,6.174813230622812,0.7573018080667594,0.7573018080667594,1438,1089,344,0,50.390625,3225.0,2.961432506887052,5.0,1089,0.0341064839853694,2182.814975063641,2148.0419886409736,34.772986422668005,0.0161122522861464,0.0006444900914458559,1.0070157678841499e-05,0.15856503432555463,64
QMIX,0,20608,321,20595,426.5362651203702,6.664629142505785,0.8171262699564587,0.8171262699564587,1378,1126,265,0,45.328125,2901.0,2.5763765541740673,5.0,1126,0.035247462194513746,2255.8375804488796,2232.3136565512236,23.523923897655965,0.016725624544991127,0.000669024981799645,1.0453515340619453e-05,0.1581235400992665,64
QMIX,0,20672,322,20659,417.63482392383423,6.52554412380991,0.7989985693848355,0.7989985693848355,1398,1117,286,0,43.03125,2754.0,2.4655326768128916,4.0,1117,0.03804334226329015,2434.7739048505696,2414.2252211409414,20.548683709628456,0.017915757689281546,0.0007166303075712619,1.1197348555800967e-05,0.15758784742653062,64
QMIX,0,20736,323,20723,408.9490555147412,6.389828992417831,0.8069120961682945,0.8069120961682945,1331,1074,237,0,42.09375,2694.0,2.5083798882681565,4.0,1074,0.035238668908921786,2255.2748101709944,2233.668972853952,21.605837317043505,0.017414467899147704,0.0006965787159659082,1.0884042436967316e-05,0.15678341505272847,64
QMIX,0,20800,324,20787,413.58293886489105,6.462233419763923,0.7968413496051687,0.7968413496051687,1393,1110,293,0,47.65625,3050.0,2.7477477477477477,5.0,1110,0.03576195866408027,2288.7653545011376,2262.623350401967,26.142004099171636,0.017509192283597118,0.0007003676913438847,1.0943245177248199e-05,0.15625052467348988,64
QMIX,0,20864,325,20851,431.41680415589883,6.740887564935919,0.7990264255910987,0.7990264255910987,1438,1149,284,0,45.3125,2900.0,2.5239338555265447,4.0,1149,0.038757166845519754,2480.4586781132643,2456.3085646601453,24.150113453120202,0.01849401992000366,0.0007397607968001464,1.1558762450002287e-05,0.15569012641762617,64
QMIX,0,20928,326,20915,413.44937086704584,6.460146419797591,0.771701982228298,0.771701982228298,1463,1129,339,0,54.578125,3493.0,3.0938883968113373,5.0,1129,0.03510054967947748,2246.435179486559,2207.470852362806,38.96432712375273,0.015832794506307393,0.0006333117802522957,9.89549656644212e-06,0.15549691300217805,64
QMIX,0,20992,327,20979,421.67224311775124,6.588628798714863,0.8025843503230438,0.8025843503230438,1393,1118,270,0,46.953125,3005.0,2.6878354203935597,5.0,1118,0.037419242824957545,2394.8315407972827,2370.02057869317,24.810962104113585,0.0170439138073326,0.000681756552293304,1.0652446129582875e-05,0.1552738686736377,64
QMIX,0,21056,328,21043,437.93119487043435,6.842674919850537,0.8135593220338984,0.8135593220338984,1416,1152,266,0,45.984375,2943.0,2.5546875,4.0,1152,0.03751226534886638,2400.7849823274487,2377.899536125406,22.88544620204231,0.016906639965744038,0.0006762655986297615,1.0566649978590024e-05,0.15492956538783553,64
QMIX,0,21120,329,21107,425.99690443068266,6.656201631729417,0.8012684989429175,0.8012684989429175,1419,1137,297,0,49.5625,3172.0,2.7897977132805627,5.0,1137,0.035753095716505444,2288.1981258563483,2258.7271711297026,29.47095472664618,0.015571353310334435,0.0006228541324133774,9.732095818959022e-06,0.15419459575470695,64
QMIX,0,21184,330,21171,410.6218928760227,6.4159670761878544,0.7819602272727273,0.7819602272727273,1408,1101,292,0,44.84375,2870.0,2.6067211625794733,5.0,1101,0.035468944844238334,2270.0124700312535,2245.9176838069984,24.0947862242564,0.016474134772516708,0.0006589653909006684,1.0296334232822943e-05,0.1538889968941728,64
QMIX,0,21248,331,21235,403.35931904458084,6.302489360071576,0.7578018995929444,0.7578018995929444,1474,1117,368,0,45.609375,2919.0,2.6132497761862132,5.0,1117,0.03732069819721741,2388.5246846219143,2361.0523439637964,27.472340658117666,0.016761093925118885,0.0006704437570047554,1.0475683703199303e-05,0.15373075516310306,64
QMIX,0,21312,332,21299,388.4129947465302,6.068953042914535,0.7381275440976933,0.7381275440976933,1474,1088,381,0,45.984375,2943.0,2.7049632352941178,5.0,1088,0.03281126046404359,2099.92066969879,2069.6640174913623,30.256652207427962,0.014173694495021205,0.0005669477798008482,8.858559059388253e-06,0.1533469572527671,64
QMIX,0,21376,333,21363,372.6685402737456,5.822945941777275,0.7378091872791519,0.7378091872791519,1415,1044,363,0,48.078125,3077.0,2.9473180076628354,5.0,1044,0.03459858317267339,2214.309323051097,2180.424025774484,33.885297276613784,0.015317848426078348,0.0006127139370431339,9.573655266298968e-06,0.15347885427955668,64
QMIX,0,21440,334,21427,392.51281846428014,6.133012788504377,0.7719424460431654,0.7719424460431654,1390,1073,336,0,48.203125,3085.0,2.875116495806151,5.0,1073,0.03079440142203895,1970.841691010493,1939.1835122917955,31.65817871869753,0.013050911546547205,0.0005220364618618882,8.156819716592003e-06,0.15344161501273768,64
QMIX,0,21504,335,21491,410.72558467878446,6.417587260606007,0.7992619926199263,0.7992619926199263,1355,1083,254,0,43.515625,2785.0,2.571560480147738,4.0,1083,0.03615312157121559,2313.799780557798,2291.5344795254778,22.265301032321617,0.016210083842183903,0.0006484033536873561,1.0131302401364939e-05,0.1532832426537037,64
QMIX,0,21568,336,21555,436.0811906979113,6.8137686046548644,0.8301749271137027,0.8301749271137027,1372,1139,249,0,43.75,2800.0,2.4582967515364356,4.0,1139,0.03788303872442821,2424.5144783634055,2404.8042308472454,19.710247516160134,0.016373724396464437,0.0006549489758585775,1.0233577747790273e-05,0.15338337309096617,64
QMIX,0,21632,337,21619,408.4207687759039,6.381574512123499,0.7708479327259986,0.7708479327259986,1427,1100,304,0,42.609375,2727.0,2.479090909090909,4.0,1100,0.036602881621454426,2342.5844237730835,2319.285441990894,23.298981782188857,0.015502908810771893,0.0006201163524308757,9.689318006732433e-06,0.15407694225917856,64
QMIX,0,21696,338,21683,444.9520237665171,6.952375371351829,0.8033783783783783,0.8033783783783783,1480,1189,312,0,53.453125,3421.0,2.8772077375946172,5.0,1189,0.04065573184536301,2601.9668381032325,2572.2778271795924,29.689010923640893,0.01665219634690396,0.0006660878538761585,1.0407622716814976e-05,0.15443817801883136,64
QMIX,0,21760,339,21747,468.65975647043945,7.322808694850616,0.8510791366906475,0.8510791366906475,1390,1183,189,0,45.703125,2925.0,2.4725274725274726,4.0,1183,0.038776443344133556,2481.6923740245475,2462.410888251771,19.281485772776808,0.014952444301895011,0.0005980977720758004,9.345277688684382e-06,0.15472752476405613,64
QMIX,0,21824,340,21811,422.33479100952775,6.598981109523871,0.7746096401900883,0.7746096401900883,1473,1141,330,0,51.015625,3265.0,2.8615249780893954,5.0,1141,0.03825521813708346,2448.3339607733415,2415.2349422799516,33.0990184933904,0.014231568814658296,0.0005692627525863319,8.894730509161435e-06,0.1546823274609506,64
QMIX,0,21888,341,21875,373.18899423592893,5.8310780349363895,0.7284722222222222,0.7284722222222222,1440,1049,381,0,44.609375,2855.0,2.721639656816015,5.0,1049,0.03369211624802681,2156.2954398737156,2125.5548976561377,30.740542217578824,0.012696725106140018,0.0005078690042456007,7.935453191337511e-06,0.15435977774701665,64
QMIX,0,21952,342,21939,417.9377895751359,6.530277962111499,0.791023842917251,0.791023842917251,1426,1128,321,0,47.78125,3058.0,2.7109929078014185,5.0,1128,0.04005187609533239,2563.320070101273,2537.1676070945687,26.15246300670438,0.015178054544138751,0.0006071221817655501,9.48628409008672e-06,0.15373855853568646,64
QMIX,0,22016,343,22003,421.7035712556246,6.589118300869134,0.7832409972299169,0.7832409972299169,1444,1131,310,0,44.296875,2835.0,2.506631299734748,4.0,1131,0.04075317518064224,2608.203211561103,2587.8927881014806,20.310423459623024,0.014929585465427386,0.0005971834186170955,9.330990915892117e-06,0.15311888928506037,64
QMIX,0,22080,344,22067,387.8791641685597,6.060611940133746,0.7645369705671213,0.7645369705671213,1393,1065,347,0,42.953125,2749.0,2.581220657276995,5.0,1065,0.03533038934313541,2261.1449179606666,2239.1953616837945,21.94955627687162,0.012499833970050205,0.0004999933588020082,7.812396231281378e-06,0.15221089543241434,64
QMIX,0,22144,345,22131,378.0734867275741,5.907398230118345,0.7601776461880089,0.7601776461880089,1351,1027,309,0,39.609375,2535.0,2.4683544303797467,4.0,1027,0.03507193575435572,2244.603888278766,2225.618286280142,18.98560199862339,0.0129545689228661,0.000518182756914644,8.096605576791312e-06,0.15160568323422163,64
QMIX,0,22208,346,22195,438.3353565109022,6.848989945482847,0.8086895585143657,0.8086895585143657,1427,1154,278,0,45.40625,2906.0,2.518197573656846,4.0,1154,0.04039556268492015,2585.3160118348897,2564.727003704079,20.58900813081072,0.014575897162857065,0.0005830358865142826,9.109935726785666e-06,0.15100385979139747,64
QMIX,0,22272,347,22259,437.76631458322913,6.840098665362955,0.8091549295774648,0.8091549295774648,1420,1149,273,0,43.46875,2782.0,2.421235857267189,4.0,1149,0.04177551652565376,2673.633057641841,2655.9984676761337,17.63458996570508,0.014794774180782046,0.0005917909672312819,9.246733862988779e-06,0.15031927582148896,64
QMIX,0,22336,348,22323,379.33668618394813,5.92713572162419,0.7241379310344828,0.7241379310344828,1479,1071,400,0,42.90625,2746.0,2.5639589169000936,4.0,1071,0.03550090522992172,2272.05793471499,2246.2526469948657,25.805287720124984,0.012264221184906691,0.0004905688473962677,7.665138240566682e-06,0.149168272667668,64
QMIX,0,22400,349,22387,427.80307144782023,6.684422991372191,0.7997179125528914,0.7997179125528914,1418,1134,290,0,46.96875,3006.0,2.6507936507936507,4.0,1134,0.041491832812795455,2655.4773000189093,2631.572210546207,23.90508947270241,0.014365461003216111,0.0005746184401286444,8.978413127010069e-06,0.1476929064185128,64
QMIX,0,22464,350,22451,465.28451942394145,7.270070615999085,0.8656826568265683,0.8656826568265683,1355,1173,188,0,44.90625,2874.0,2.450127877237852,4.0,1173,0.041154603386541186,2633.8946167386357,2616.904270334686,16.990346403950557,0.014517163026190764,0.0005806865210476306,9.073226891369228e-06,0.14625509178757468,64
QMIX,0,22528,351,22515,450.90937646012503,7.045459007189454,0.8186274509803921,0.8186274509803921,1428,1169,247,0,44.765625,2865.0,2.4508126603934985,4.0,1169,0.043004163098952275,2752.2664383329457,2733.8798831185995,18.386555214347176,0.015284289051572898,0.0006113715620629159,9.552680657233062e-06,0.14554461275804986,64
QMIX,0,22592,352,22579,409.9478728505066,6.405435513289166,0.7972181551976574,0.7972181551976574,1366,1089,285,0,44.453125,2845.0,2.6124885215794307,5.0,1089,0.039297223834046414,2515.0223253789704,2491.9140791656264,23.10824621334527,0.013782933146738017,0.0005513173258695207,8.61433321671126e-06,0.1446349279506375,64
QMIX,0,22656,353,22643,364.5972667297746,5.696832292652728,0.755893536121673,0.755893536121673,1315,994,314,0,40.640625,2601.0,2.6167002012072436,5.0,994,0.032148816933924365,2057.5242837711594,2033.2957941468785,24.228489624281142,0.0108788734700779,0.00043515493880311596,6.799295918798687e-06,0.14362238510709088,64
QMIX,0,22720,354,22707,409.476062469922,6.398063476092531,0.7961736571008095,0.7961736571008095,1359,1082,272,0,43.96875,2814.0,2.6007393715341958,5.0,1082,0.03662320630113415,2343.885203272586,2322.594410342071,21.290792930515607,0.012773613349301011,0.0005109445339720405,7.983508343313132e-06,0.1430156014637614,64
QMIX,0,22784,355,22771,412.0841631853972,6.438815049771831,0.8044280442804428,0.8044280442804428,1355,1090,274,0,47.625,3048.0,2.7963302752293577,5.0,1090,0.038293455619885876,2450.781159672696,2423.7433369946934,27.037822678003113,0.01349324827716925,0.00053972993108677,8.433280173230782e-06,0.14240289197102368,64
QMIX,0,22848,356,22835,437.2156119107806,6.831493936105947,0.8165467625899281,0.8165467625899281,1390,1135,243,0,45.328125,2901.0,2.555947136563877,4.0,1135,0.0395224761000949,2529.4384704060735,2506.9795531906757,22.45891721539794,0.014164232808369811,0.0005665693123347924,8.852645505231132e-06,0.14183585760020823,64
QMIX,0,22912,357,22899,440.39719885799315,6.881206232156143,0.82319255547602,0.82319255547602,1397,1150,261,0,45.296875,2899.0,2.5208695652173914,4.0,1150,0.040562605276459114,2596.0067376933835,2575.053994674498,20.952743018886423,0.015116955204795947,0.0006046782081918379,9.448097002997467e-06,0.14202724277487727,64
QMIX,0,22976,358,22963,424.7974767818656,6.63746057471665,0.7840277777777778,0.7840277777777778,1440,1129,297,0,48.390625,3097.0,2.7431355181576618,5.0,1129,0.03905378168762827,2499.442028008209,2471.2512936294825,28.190734378726265,0.01335241756318859,0.0005340967025275436,8.345260976992869e-06,0.1421729086078962,64
QMIX,0,23040,359,23027,393.3994787536389,6.146866855525608,0.773121387283237,0.773121387283237,1384,1070,319,0,45.6875,2924.0,2.7327102803738317,5.0,1070,0.0381932306090779,2444.3667589809857,2418.7852287268834,25.58153025410259,0.014774514835777129,0.0005909805934310852,9.234071772360706e-06,0.1429204089066476,64
QMIX,0,23104,360,23091,431.34479315667977,6.739762393073121,0.797071129707113,0.797071129707113,1434,1143,282,0,44.25,2832.0,2.477690288713911,4.0,1143,0.04095086840469646,2620.8555779005733,2600.2096450496665,20.645932850906977,0.016303972822567913,0.0006521589129027165,1.0189983014104946e-05,0.14381750207313798,64
QMIX,0,23168,361,23155,451.0822697156682,7.0481604643073155,0.8266666666666667,0.8266666666666667,1425,1178,265,0,43.984375,2815.0,2.3896434634974533,4.0,1178,0.041121420507225406,2631.770912462426,2612.6530745084165,19.11783795400846,0.01613367850337538,0.0006453471401350152,1.0083549064609613e-05,0.14458396734785517,64
QMIX,0,23232,362,23219,400.57222840695795,6.258941068858718,0.7748917748917749,0.7748917748917749,1386,1074,308,0,43.125,2760.0,2.569832402234637,5.0,1074,0.034769062192505765,2225.219980320369,2200.689885175059,24.530095145309826,0.01196776479019652,0.00047871059160786077,7.4798529938728245e-06,0.1450620314585736,64
QMIX,0,23296,363,23283,424.2857038418973,6.629464122529646,0.8073859522085446,0.8073859522085446,1381,1115,256,0,41.5,2656.0,2.382062780269058,4.0,1115,0.04094613739802677,2620.5527934737133,2602.888196762013,17.66459671169902,0.016687897867269232,0.0006675159146907693,1.0429936167043271e-05,0.14510885745929097,64
QMIX,0,23360,364,23347,383.2963003150551,5.989004692422736,0.74,0.74,1450,1073,376,0,43.59375,2790.0,2.6001863932898415,4.0,1073,0.03577937913865087,2289.8802648736555,2265.0147606843793,24.86550418927654,0.014750345984131542,0.0005900138393652617,9.218966240082214e-06,0.14507798806196487,64
QMIX,0,23424,365,23411,356.0108271335645,5.562669173961945,0.737546468401487,0.737546468401487,1345,992,341,0,43.03125,2754.0,2.776209677419355,5.0,992,0.030202626787091878,1932.96811437388,1902.2458521764058,30.722262197472865,0.012897507381726667,0.0005159002952690667,8.060942113579167e-06,0.14552084338050864,64
QMIX,0,23488,366,23475,370.42537976965446,5.787896558900851,0.751453488372093,0.751453488372093,1376,1034,362,0,52.734375,3375.0,3.2640232108317213,5.0,1034,0.034301576074936994,2195.3008687959677,2157.4417535569637,37.859115239004346,0.012424506855602889,0.0004969802742241156,7.765316784751806e-06,0.14691120774312388,64
QMIX,0,23552,367,23539,388.6691804424652,6.072955944413518,0.7664497469269703,0.7664497469269703,1383,1060,318,0,43.0625,2756.0,2.6,5.0,1060,0.036015773314574395,2305.0094921327614,2281.2166876479337,23.7928044848279,0.01567392828302522,0.0006269571313210089,9.796205176890764e-06,0.1480778642776239,64
QMIX,0,23616,368,23603,376.72303991866715,5.886297498729174,0.7336578581363005,0.7336578581363005,1438,1055,374,0,49.390625,3161.0,2.996208530805687,5.0,1055,0.03488258684811525,2232.485558279376,2197.5779758613226,34.90758241805492,0.014026014031930415,0.0005610405612772166,8.76625876995651e-06,0.1490826227481583,64
QMIX,0,23680,369,23667,379.57844736198166,5.930913240030963,0.7453637660485022,0.7453637660485022,1402,1045,335,0,49.390625,3161.0,3.0248803827751196,5.0,1045,0.035007523424271825,2240.4814991533967,2206.7453599092364,33.73613924415983,0.014311799092217312,0.0005724719636886925,8.94487443263582e-06,0.1504403795160003,64
QMIX,0,23744,370,23731,390.9911499427018,6.109236717854715,0.7720430107526882,0.7720430107526882,1395,1077,344,0,47.265625,3025.0,2.808727948003714,5.0,1077,0.0342390401278193,2191.2985681804353,2163.8355578518426,27.463010328592738,0.015094017035496381,0.0006037606814198553,9.433760647185239e-06,0.1517857995679901,64
QMIX,0,23808,371,23795,372.1889593870565,5.815452490422758,0.7474820143884892,0.7474820143884892,1390,1039,357,0,46.53125,2978.0,2.8662175168431183,5.0,1039,0.034225194220605985,2190.412430118783,2159.4643878042275,30.948042314554932,0.014672916088832057,0.0005869166435532823,9.170572555520036e-06,0.15280111773567806,64
QMIX,0,23872,372,23859,394.63619789214624,6.166190592064785,0.75,0.75,1452,1089,353,0,54.65625,3498.0,3.212121212121212,5.0,1089,0.03742446192054526,2395.1655629148963,2355.919241053282,39.246321861614035,0.01543289408780867,0.0006173157635123468,9.645558804880418e-06,0.15395333979676668,64
QMIX,0,23936,373,23923,431.75435737439705,6.746161833974954,0.8060013956734124,0.8060013956734124,1433,1155,305,0,49.5,3168.0,2.742857142857143,5.0,1155,0.03897581629551102,2494.4522429127055,2468.9905850875957,25.461657825109665,0.01797140117216211,0.0007188560468864844,1.1232125732601319e-05,0.15553575605947637,64
QMIX,0,24000,374,23987,434.85731752366894,6.794645586307327,0.8032100488485694,0.8032100488485694,1433,1151,278,0,44.1875,2828.0,2.4569939183318854,4.0,1151,0.04083925352877358,2613.7122258415093,2594.353463848498,19.358761993010646,0.018417379513834296,0.0007366951805533718,1.1510862196146435e-05,0.1569921975888034,64
QMIX,0,24064,375,24051,463.697176890975,7.245268388921485,0.8171466845277964,0.8171466845277964,1493,1220,274,0,47.453125,3037.0,2.489344262295082,4.0,1220,0.0464831879996774,2974.9240319793535,2955.054948440537,19.869083538816582,0.02141956024976651,0.0008567824099906604,1.3387225156104069e-05,0.15829084066477986,64
QMIX,0,24128,376,24115,409.3598036545624,6.396246932102538,0.7780141843971631,0.7780141843971631,1410,1097,279,0,42.171875,2699.0,2.460346399270738,4.0,1097,0.04165908658829549,2666.181541650911,2646.0997727299805,20.081768920930912,0.019908963454554972,0.0007963585381821989,1.2443102159096858e-05,0.1593626033528322,64
QMIX,0,24192,377,24179,395.82155399878957,6.184711781231087,0.7848285922684172,0.7848285922684172,1371,1076,311,0,43.71875,2798.0,2.600371747211896,5.0,1076,0.037033463751757756,2370.1416801124965,2345.245390056281,24.896290056215634,0.01693895307482487,0.0006775581229929949,1.0586845671765545e-05,0.16061096681657644,64
QMIX,0,24256,378,24243,435.2118322170711,6.800184878391736,0.840858623242043,0.840858623242043,1351,1136,231,0,45.0,2880.0,2.535211267605634,4.0,1136,0.042505164476520356,2720.330526497303,2702.133463561012,18.197062936290386,0.020434538586455397,0.0008173815434582159,1.2771586616534623e-05,0.16178834490270627,64
QMIX,0,24320,379,24307,457.39547394381646,7.146804280372132,0.8354609929078014,0.8354609929078014,1410,1178,213,0,46.0625,2948.0,2.502546689303905,4.0,1178,0.041778896972835204,2673.849406261453,2652.95622825165,20.89317800980181,0.01954933814794567,0.0007819735259178268,1.2218336342466044e-05,0.16279639083359268,64
QMIX,0,24384,380,24371,428.0674350334032,6.688553672396925,0.8239590942293645,0.8239590942293645,1369,1128,251,0,46.28125,2962.0,2.625886524822695,5.0,1128,0.04205123994624358,2691.2793565595894,2669.218112538371,22.061244021218013,0.02008044353108209,0.0008032177412432836,1.2550277206926306e-05,0.1635147628308305,64
QMIX,0,24448,381,24435,369.83459885477816,5.778665607105909,0.7437185929648241,0.7437185929648241,1393,1036,355,0,44.09375,2822.0,2.723938223938224,5.0,1036,0.03474995404172912,2223.9970586706636,2196.865450469118,27.13160820154601,0.015665199437050876,0.000626607977482035,9.790749648156797e-06,0.163579300460385,64
QMIX,0,24512,382,24499,391.6788887243182,6.119982636317472,0.7622427253371186,0.7622427253371186,1409,1074,327,0,43.890625,2809.0,2.6154562383612663,5.0,1074,0.0361119057205414,2311.161966114649,2284.756392686006,26.40557342864357,0.01711170637649451,0.0006844682550597804,1.0694816485309069e-05,0.1632288172815726,64
QMIX,0,24576,383,24563,382.3277379638107,5.973870905684542,0.7324232081911263,0.7324232081911263,1465,1073,382,0,58.140625,3721.0,3.4678471575023297,5.0,1073,0.0376144284659756,2407.3234218224384,2362.100835633254,45.222586189185215,0.015454599193448642,0.0006181839677379457,9.659124495905401e-06,0.16255860621901191,64
QMIX,0,24640,384,24627,412.87095775894767,6.451108714983557,0.7943462897526502,0.7943462897526502,1415,1124,320,0,49.390625,3161.0,2.8122775800711746,5.0,1124,0.041101409937993875,2630.490236031608,2603.951900362985,26.538335668623198,0.020068411279765944,0.0008027364511906378,1.2542757049853715e-05,0.16192624248642562,64
QMIX,0,24704,385,24691,416.0248051752337,6.500387580863027,0.8102564102564103,0.8102564102564103,1365,1106,266,0,45.203125,2893.0,2.615732368896926,5.0,1106,0.03874756697568144,2479.8442864436124,2458.4892366972927,21.355049746320407,0.019026660977221166,0.0007610664390888467,1.189166311076323e-05,0.16190560426889028,64
QMIX,0,24768,386,24755,401.1332537879605,6.267707090436883,0.7868020304568528,0.7868020304568528,1379,1085,275,0,43.609375,2791.0,2.5723502304147465,5.0,1085,0.04188412729909632,2680.5841471421645,2661.295991728878,19.288155413287225,0.023137315475273406,0.0009254926190109362,1.4460822172045879e-05,0.16264697308658174,64
QMIX,0,24832,387,24819,437.12254058208316,6.830039696595049,0.8339376359680928,0.8339376359680928,1379,1150,236,0,44.90625,2874.0,2.4991304347826087,4.0,1150,0.04483398565387408,2869.375081847941,2850.449867749116,18.925214098825464,0.024669578787933143,0.0009867831515173258,1.5418486742458215e-05,0.16335642490226823,64
QMIX,0,24896,388,24883,429.0918379677582,6.704559968246222,0.786342123056119,0.786342123056119,1479,1163,305,0,53.84375,3446.0,2.9630266552020634,5.0,1163,0.043593020328459665,2789.9533010214186,2759.6083102648136,30.34499075660544,0.023817311875701734,0.0009526924750280694,1.4885819922313584e-05,0.16383137220285396,64
QMIX,0,24960,389,24947,443.4471864190218,6.928862287797216,0.8368080517613228,0.8368080517613228,1391,1164,236,0,48.4375,3100.0,2.663230240549828,5.0,1164,0.042123772918870886,2695.9214668077366,2675.226911384527,20.694555423209394,0.023660334628404316,0.0009464133851361726,1.4787709142752697e-05,0.16395268920375833,64
QMIX,0,25024,390,25011,431.63372356972366,6.744276930776932,0.7853757616790792,0.7853757616790792,1477,1160,305,0,52.375,3352.0,2.889655172413793,5.0,1160,0.04019059639441579,2572.19816924261,2539.878753187928,32.319416054682826,0.019637252830038327,0.0007854901132015331,1.2273283018773955e-05,0.1636956942001143,64
QMIX,0,25088,391,25075,458.218017979138,7.159656530924031,0.8348369188063844,0.8348369188063844,1441,1203,243,0,50.765625,3249.0,2.7007481296758105,5.0,1203,0.04468470460335576,2859.8210946147688,2837.13036128671,22.690733328058837,0.02460587172256356,0.0009842348689025424,1.5378669826602225e-05,0.16406546572525174,64
QMIX,0,25152,392,25139,393.9622816810851,6.155660651266954,0.779783393501805,0.779783393501805,1385,1080,316,0,49.1875,3148.0,2.914814814814815,5.0,1080,0.037542682616319246,2402.731687444432,2372.245611591675,30.486075852756702,0.019497941823511222,0.0007799176729404489,1.2186213639694514e-05,0.16464032529092748,64
QMIX,0,25216,393,25203,411.68863637102555,6.432634943297274,0.7906316536550745,0.7906316536550745,1409,1114,280,0,49.453125,3165.0,2.841113105924596,5.0,1114,0.044472463769100495,2846.2376812224315,2819.986864936681,26.250816285751217,0.025329276501172966,0.0010131710600469186,1.5830797813233103e-05,0.16572088306002963,64
QMIX,0,25280,394,25267,396.5730936138943,6.196454587717098,0.7625,0.7625,1440,1098,331,0,46.3125,2964.0,2.699453551912568,5.0,1098,0.039789704788846206,2546.5411064861573,2519.858271589854,26.68283489630429,0.022207468207462444,0.0008882987282984977,1.3879667629664027e-05,0.16679075750461286,64
QMIX,0,25344,395,25331,373.9377112249763,5.842776737890254,0.742837176799441,0.742837176799441,1431,1063,383,0,46.625,2984.0,2.8071495766698025,5.0,1063,0.03596005740508231,2301.443673925268,2272.468105778129,28.975568147139207,0.018639577796922734,0.0007455831118769094,1.164973612307671e-05,0.16718507490750084,64
QMIX,0,25408,396,25395,423.4145089808125,6.6158517028251955,0.806680881307747,0.806680881307747,1407,1135,273,0,45.953125,2941.0,2.5911894273127754,5.0,1135,0.043239619921268416,2767.3356749611785,2746.803475858372,20.532199102806025,0.023292402095119638,0.0009316960838047856,1.4557751309449775e-05,0.1675670471549783,64
QMIX,0,25472,397,25459,421.51432560151017,6.586161337523596,0.7914625612316305,0.7914625612316305,1429,1131,282,0,50.078125,3205.0,2.8337754199823166,5.0,1131,0.04208918077555127,2693.7075696352813,2667.6901345100455,26.01743512523599,0.022006760407381268,0.0008802704162952507,1.3754225254613292e-05,0.16792679399934873,64
QMIX,0,25536,398,25523,388.8271961887466,6.075424940449166,0.7792397660818714,0.7792397660818714,1368,1066,322,0,51.875,3320.0,3.1144465290806753,5.0,1066,0.03646428834407961,2333.714454021095,2301.7231074794718,31.99134654162364,0.01667358819085477,0.0006669435276341907,1.042099261928423e-05,0.16847847618181516,64
QMIX,0,25600,399,25587,450.82773534803187,7.044183364812998,0.8394886363636364,0.8394886363636364,1408,1182,233,0,48.703125,3117.0,2.6370558375634516,5.0,1182,0.045593597892242474,2917.990265103518,2897.759152279126,20.23111282439087,0.02489170785068986,0.0009956683140275944,1.5557317406681163e-05,0.16931313329073114,64
QMIX,0,25664,400,25651,428.0382994686498,6.6880984291976535,0.7944827586206896,0.7944827586206896,1450,1152,278,0,46.390625,2969.0,2.5772569444444446,4.0,1152,0.04488630135921972,2872.723286990062,2852.8292526178707,19.894034372192895,0.02540522106285898,0.0010162088425143593,1.5878263164286864e-05,0.1700576987875171,64
QMIX,0,25728,401,25715,448.7563911213173,7.0118186112705825,0.825208913649025,0.825208913649025,1436,1185,251,0,48.921875,3131.0,2.6421940928270042,5.0,1185,0.047843095173616665,3061.9580911114667,3041.7076425196565,20.250448591810567,0.025958542127140057,0.0010383416850856023,1.6224088829462536e-05,0.17052809033072847,64
QMIX,0,25792,402,25779,422.2903790459468,6.598287172592919,0.801980198019802,0.801980198019802,1414,1134,282,0,52.1875,3340.0,2.945326278659612,5.0,1134,0.04295293786721098,2748.9880235015025,2719.6938388754716,29.294184626032894,0.02284651470438025,0.00091386058817521,1.4279071690237656e-05,0.17068943837961004,64
QMIX,0,25856,403,25843,437.65401996591027,6.838344061967348,0.8260869565217391,0.8260869565217391,1403,1159,248,0,49.34375,3158.0,2.724762726488352,5.0,1159,0.04560129170859128,2918.4826693498417,2896.334558908387,22.148110441455295,0.025293594132352312,0.0010117437652940925,1.5808496332720195e-05,0.17036165886418533,64
QMIX,0,25920,404,25907,405.05833389596313,6.329036467124424,0.7836298932384341,0.7836298932384341,1405,1101,302,0,50.890625,3257.0,2.958219800181653,5.0,1101,0.04092116368223244,2618.954475662876,2588.7030770234933,30.251398639382455,0.021581403891661882,0.0008632561556664753,1.3488377432288677e-05,0.17000958988604287,64
QMIX,0,25984,405,25971,402.21358460967014,6.284587259526096,0.7671517671517671,0.7671517671517671,1443,1107,326,0,57.71875,3694.0,3.336946702800361,5.0,1107,0.04161848474702678,2663.5830238097137,2626.8547528296613,36.72827098005482,0.021980570499470553,0.0008792228199788221,1.3737856562169095e-05,0.1698304918589177,64
QMIX,0,26048,406,26035,428.66517245011363,6.6978933195330255,0.8156583629893238,0.8156583629893238,1405,1146,274,0,54.171875,3467.0,3.025305410122164,5.0,1146,0.04370766580321839,2797.290611405977,2768.8408526262406,28.449758779735724,0.023576179642686643,0.0009430471857074657,1.4735112276679152e-05,0.16959257783498238,64
QMIX,0,26112,407,26099,388.25795163305764,6.066530494266526,0.7670250896057348,0.7670250896057348,1395,1070,329,0,51.609375,3303.0,3.086915887850467,5.0,1070,0.04064481234360798,2601.267989990911,2570.302921253044,30.96506873786636,0.02017855575142936,0.0008071422300571744,1.261159734464335e-05,0.16897130930412096,64
QMIX,0,26176,408,26163,432.4945021639486,6.757726596311697,0.7914402173913043,0.7914402173913043,1472,1165,291,0,49.296875,3155.0,2.708154506437768,5.0,1165,0.04584018312533991,2933.7717200217544,2909.92606227856,23.845657743194824,0.023826314091227183,0.0009530525636490874,1.489144630701699e-05,0.16806623025435646,64
QMIX,0,26240,409,26227,392.55114190432096,6.133611592255015,0.7871870397643593,0.7871870397643593,1358,1069,291,0,45.40625,2906.0,2.7184284377923293,5.0,1069,0.0406129035536545,2599.2258274338883,2576.5823406312647,22.643486802624906,0.022338558242359256,0.0008935423296943702,1.3961598901474535e-05,0.1670410654464482,64
QMIX,0,26304,410,26291,454.3768053094984,7.099637582960913,0.8627737226277372,0.8627737226277372,1370,1182,213,0,49.453125,3165.0,2.6776649746192893,5.0,1182,0.045903751750770286,2937.840112049298,2918.727444433562,19.11266761573549,0.025545511327330066,0.0010218204530932026,1.596594457958129e-05,0.1657468344029896,64
QMIX,0,26368,411,26355,455.7600393508735,7.121250614857399,0.834612700628053,0.834612700628053,1433,1196,237,0,48.78125,3122.0,2.6103678929765888,5.0,1196,0.04733392087414116,3029.370935945034,3008.4551644978415,20.91577144719373,0.02578164581554698,0.0010312658326218792,1.6113528634716862e-05,0.16527684347876417,64
QMIX,0,26432,412,26419,474.32695768941966,7.411358713897182,0.8320971004720162,0.8320971004720162,1483,1234,240,0,49.796875,3187.0,2.5826580226904374,5.0,1234,0.04238038384065035,2712.344565801622,2690.955056024014,21.389509777608346,0.022542995576014344,0.0009017198230405737,1.4089372235008964e-05,0.16465520386333365,64
QMIX,0,26496,413,26483,463.7922637292735,7.246754120769898,0.8578607322325915,0.8578607322325915,1393,1195,205,0,47.171875,3019.0,2.526359832635983,4.0,1195,0.0459406529515203,2940.201788897299,2922.538115333772,17.6636735635265,0.02386481487352101,0.0009545925949408404,1.4915509295950631e-05,0.16389754558584685,64
QMIX,0,26560,414,26547,436.4875778369769,6.8201184037027645,0.8220461095100865,0.8220461095100865,1388,1141,236,0,47.328125,3029.0,2.6546888694127957,5.0,1141,0.03951784275422014,2529.141936270089,2505.712560134535,23.42937613555421,0.02039015354849346,0.0008156061419397384,1.2743845967808412e-05,0.1636277816614387,64
QMIX,0,26624,415,26611,477.0213469174733,7.45345854558552,0.848589125946318,0.848589125946318,1453,1233,223,0,49.859375,3191.0,2.5879967558799675,4.0,1233,0.043557128526456636,2787.6562256932248,2765.3051815391873,22.351044154037652,0.022364842004585196,0.0008945936801834078,1.3978026252865747e-05,0.16334028790125987,64
QMIX,0,26688,416,26675,483.0211388469861,7.547205294484158,0.8708539167254764,0.8708539167254764,1417,1234,197,0,49.375,3160.0,2.560777957860616,5.0,1234,0.04712050145058364,3015.712092837353,2996.2549363391677,19.457156498185004,0.02298834031020054,0.0009195336124080215,1.4367712693875336e-05,0.16298907009714164,64
QMIX,0,26752,417,26739,419.12102293509383,6.548765983360841,0.7891737891737892,0.7891737891737892,1404,1108,258,0,47.6875,3052.0,2.7545126353790614,5.0,1108,0.03767331800958882,2411.0923526136844,2381.5147701233404,29.57758249034471,0.017615552668848802,0.0007046221067539522,1.1009720418030502e-05,0.16243829908589724,64
QMIX,0,26816,418,26803,427.6435198114327,6.681929997053636,0.8138869005010737,0.8138869005010737,1397,1137,287,0,56.578125,3621.0,3.1846965699208445,6.0,1137,0.039468714151096575,2525.997705670181,2492.272872465085,33.724833205096445,0.015727908456135198,0.0006291163382454079,9.829942785084499e-06,0.16241662995225892,64
QMIX,0,26880,419,26867,469.0717578557741,7.32924621649647,0.820066889632107,0.820066889632107,1495,1226,250,0,50.8125,3252.0,2.6525285481239806,5.0,1226,0.04772890001544226,3054.649600988305,3030.28594152632,24.36365946198481,0.022643989017092768,0.0009057595606837107,1.415249313568298e-05,0.16267639143052348,64
QMIX,0,26944,420,26931,432.1384410689707,6.752163141702667,0.792749658002736,0.792749658002736,1462,1159,311,0,52.75,3376.0,2.912855910267472,5.0,1159,0.039795847742624776,2546.934255527986,2515.2187024569744,31.715553071012117,0.017368008827428758,0.0006947203530971503,1.0855005517142973e-05,0.16287800584348155,64
QMIX,0,27008,421,26995,444.9764721791727,6.952757377799573,0.842296511627907,0.842296511627907,1376,1159,241,0,45.09375,2886.0,2.4900776531492665,4.0,1159,0.04075831798444817,2608.532351004683,2589.4096193301225,19.122731674560452,0.018270995823317523,0.000730839832932701,1.1419372389573452e-05,0.1634696517835087,64
QMIX,0,27072,422,27059,478.0226359247505,7.469103686324226,0.867237687366167,0.867237687366167,1401,1215,180,0,45.96875,2942.0,2.4213991769547327,4.0,1215,0.04947817248685587,3166.6030391587756,3151.352431795243,15.25060736353204,0.022961209609240245,0.0009184483843696098,1.4350756005775153e-05,0.1643885975746991,64
QMIX,0,27136,423,27123,465.2026291120442,7.26879107987569,0.8590116279069767,0.8590116279069767,1376,1182,184,0,44.640625,2857.0,2.4170896785109983,4.0,1182,0.046324931199489355,2964.795596767319,2949.8901112248204,14.905485542498987,0.02042264780572483,0.0008169059122289932,1.276415487857802e-05,0.1650819737672245,64
QMIX,0,27200,424,27187,422.3824545853183,6.599725852895599,0.8080808080808081,0.8080808080808081,1386,1120,268,0,44.203125,2829.0,2.525892857142857,5.0,1120,0.04130435884097576,2643.4789658224486,2623.1791445113895,20.29982131106022,0.018260851971556233,0.0007304340788622494,1.1413032482222647e-05,0.16526196906087276,64
QMIX,0,27264,425,27251,468.3518096232831,7.317997025363798,0.8260869565217391,0.8260869565217391,1472,1216,241,0,50.953125,3261.0,2.6817434210526314,5.0,1216,0.04704777757865652,3011.057765034017,2989.378577152982,21.679187881034316,0.020501732684319124,0.0008200693073727649,1.2813582927699452e-05,0.16532310705506673,64
QMIX,0,27328,426,27315,444.3797903988551,6.943434224982111,0.8624338624338624,0.8624338624338624,1323,1141,204,0,41.78125,2674.0,2.3435582822085887,4.0,1141,0.044410952275234894,2842.300945615033,2827.761941979876,14.539003635158736,0.019535946146329197,0.000781437845853168,1.220996634145575e-05,0.1652327062895641,64
QMIX,0,27392,427,27379,464.16658216382575,7.252602846309777,0.8519051042415529,0.8519051042415529,1391,1185,190,0,46.3125,2964.0,2.50126582278481,4.0,1185,0.048472992342867,3102.2715099434877,3086.7679497471804,15.503560196307795,0.02108106950223719,0.0008432427800894876,1.3175668438898244e-05,0.164930362416726,64
QMIX,0,27456,428,27443,408.79409409964967,6.387407720307026,0.7862759113652609,0.7862759113652609,1399,1100,295,0,46.484375,2975.0,2.7045454545454546,5.0,1100,0.04012248826929101,2567.8392492346247,2543.7322231523676,24.107026082258677,0.017525310794883595,0.0007010124317953438,1.0953319246802247e-05,0.16426692827160458,64
QMIX,0,27520,429,27507,389.85334829447766,6.091458567101213,0.7784342688330872,0.7784342688330872,1354,1054,307,0,41.46875,2654.0,2.5180265654648957,4.0,1054,0.03449406780752574,2207.6203396816472,2186.9907369791413,20.629602702506514,0.014618082614811784,0.0005847233045924714,9.136301634257365e-06,0.16367212165773304,64
QMIX,0,27584,430,27571,391.3607366621649,6.115011510346327,0.7812960235640648,0.7812960235640648,1358,1061,310,0,46.203125,2957.0,2.7869934024505185,5.0,1061,0.036638827657556446,2344.8849700836126,2318.624373883544,26.26059620006698,0.014570352294034666,0.0005828140917613867,9.106470183771666e-06,0.16306179605148033,64
QMIX,0,27648,431,27635,445.942319223048,6.967848737860125,0.8133704735376045,0.8133704735376045,1436,1168,261,0,46.78125,2994.0,2.5633561643835616,4.0,1168,0.044181212566280485,2827.597604241951,2807.525516135078,20.072088106873007,0.018379322050845453,0.0007351728820338181,1.1487076281778408e-05,0.16234074978010754,64
QMIX,0,27712,432,27699,417.94344081302006,6.5303662627034385,0.8106508875739645,0.8106508875739645,1352,1096,247,0,42.71875,2734.0,2.4945255474452557,4.0,1096,0.03916612797888494,2506.632190648636,2489.8936300221317,16.73856062650451,0.015771157278415073,0.0006308462911366029,9.85697329900942e-06,0.16151976115317518,64
QMIX,0,27776,433,27763,386.45630058446716,6.038379696632299,0.7560283687943262,0.7560283687943262,1410,1066,347,0,46.84375,2998.0,2.8123827392120075,5.0,1066,0.035459027392137486,2269.377753096799,2241.442782835192,27.934970261606917,0.013781036091909527,0.0005512414436763811,8.613147557443454e-06,0.1601134594986603,64
QMIX,0,27840,434,27827,387.5544888235953,6.055538887868677,0.7701818181818182,0.7701818181818182,1375,1059,325,0,42.015625,2689.0,2.5391879131255903,4.0,1059,0.03551022533959394,2272.6544217340124,2252.055599791711,20.598821942302962,0.013919531019946496,0.0005567812407978598,8.69970688746656e-06,0.15895310998933593,64
QMIX,0,27904,435,27891,428.01264535438446,6.687697583662257,0.8161925601750547,0.8161925601750547,1371,1119,245,0,44.890625,2873.0,2.5674709562109026,4.0,1119,0.043498552189070484,2783.907340100511,2765.089967721666,18.817372378845395,0.01700733565337715,0.000680293426135086,1.0629584783360719e-05,0.1582865637670688,64
QMIX,0,27968,436,27955,408.3076239891367,6.379806624830261,0.7780126849894292,0.7780126849894292,1419,1104,320,0,51.359375,3287.0,2.977355072463768,5.0,1104,0.040168962467513766,2570.813597920881,2542.889001599872,27.92459632101013,0.014743321675239684,0.0005897328670095873,9.214576047024802e-06,0.15751703728731903,64
QMIX,0,28032,437,28019,404.16609580247774,6.315095246913715,0.7971976401179941,0.7971976401179941,1356,1081,287,0,44.828125,2869.0,2.6540240518038853,5.0,1081,0.03927499223462751,2513.5995030161603,2492.808453579576,20.791049436585038,0.015345625060038854,0.0006138250024015541,9.591015662524283e-06,0.15674237387622142,64
QMIX,0,28096,438,28083,393.38289991170564,6.1466078111204006,0.775599128540305,0.775599128540305,1377,1068,310,0,47.6875,3052.0,2.857677902621723,5.0,1068,0.04067522858631555,2603.2146295241955,2576.041668950549,27.172960573646982,0.016059352455226734,0.0006423740982090694,1.0037095284516709e-05,0.15656331060302758,64
QMIX,0,28160,439,28147,368.1040973835251,5.751626521617579,0.7380952380952381,0.7380952380952381,1386,1023,351,0,51.046875,3267.0,3.193548387096774,5.0,1023,0.03187863395566757,2040.2325731627243,2005.273252502837,34.959320659886856,0.012198588079442654,0.00048794352317770614,7.6241175496516585e-06,0.15588235363626612,64
QMIX,0,28224,440,28211,422.0106784507507,6.593916850792979,0.8054953000723066,0.8054953000723066,1383,1114,265,0,42.453125,2717.0,2.438958707360862,4.0,1114,0.04152255384234406,2657.44344591002,2640.152435838984,17.291010071036144,0.017048557131397076,0.0006819422852558831,1.0655348207123173e-05,0.1551164395008314,64
QMIX,0,28288,441,28275,409.5544194662617,6.399287804160339,0.7842441447835344,0.7842441447835344,1409,1105,305,0,43.390625,2777.0,2.5131221719457013,4.0,1105,0.039684355492214836,2539.7987515017494,2519.6679862389074,20.130765262841564,0.01694076897377014,0.0006776307589508056,1.0587980608606337e-05,0.1548528161661854,64
QMIX,0,28352,442,28339,457.0985703612282,7.142165161894191,0.8369950389794472,0.8369950389794472,1411,1181,231,0,42.75,2736.0,2.316680779000847,4.0,1181,0.04269937467790073,2732.7599793856466,2718.5211523007306,14.238827084915908,0.01820097402529592,0.0007280389610118368,1.137560876580995e-05,0.1551308136204928,64
QMIX,0,28416,443,28403,455.1585817751234,7.1118528402363035,0.8483754512635379,0.8483754512635379,1385,1175,218,0,43.171875,2763.0,2.3514893617021277,4.0,1175,0.045664378087784535,2922.52019761821,2909.910272172575,12.609925445636055,0.020303644638780805,0.0008121457855512321,1.2689777899238002e-05,0.15586147400784833,64
QMIX,0,28480,444,28467,374.2131940102535,5.847081156410211,0.7543731778425656,0.7543731778425656,1372,1035,328,0,39.8125,2548.0,2.4618357487922706,4.0,1035,0.037598514486118666,2406.3049271115947,2386.81674336658,19.488183745014748,0.01659552107506893,0.0006638208430027571,1.037220067191808e-05,0.15686055606684338,64
QMIX,0,28544,445,28531,450.47650655920006,7.038695414987501,0.8082936777702243,0.8082936777702243,1471,1189,266,0,44.921875,2875.0,2.4179983179142135,4.0,1189,0.04636785233163425,2967.5425492245918,2951.436245387009,16.106303837583013,0.02115824293246533,0.0008463297172986132,1.3223901832790832e-05,0.15778957637846397,64
QMIX,0,28608,446,28595,433.47043852481124,6.772975601950176,0.8301886792452831,0.8301886792452831,1378,1144,268,0,44.21875,2830.0,2.4737762237762237,4.0,1144,0.043623707984844086,2791.9173110300217,2775.6178271994218,16.29948383060086,0.01936352230854562,0.0007745408923418249,1.2102201442841014e-05,0.15840471187255722,64
QMIX,0,28672,447,28659,410.3918063244827,6.412371973820042,0.775766016713092,0.775766016713092,1436,1114,309,0,42.71875,2734.0,2.454219030520646,4.0,1114,0.04320252632918418,2764.9616850677876,2747.0747688614606,17.88691620632663,0.02028483577093488,0.0008113934308373952,1.26780223568343e-05,0.15885090689238138,64
QMIX,0,28736,448,28723,420.12779309519294,6.56449676711239,0.805176132278936,0.805176132278936,1391,1120,277,0,42.015625,2689.0,2.400892857142857,4.0,1120,0.04092452409620498,2619.1695421571185,2603.920704296667,15.248837860451083,0.01927309132131983,0.0007709236528527933,1.2045682075824895e-05,0.1589734305765427,64
QMIX,0,28800,449,28787,418.0959750599301,6.5327496103114076,0.7822802197802198,0.7822802197802198,1456,1139,309,0,44.046875,2819.0,2.474978050921861,4.0,1139,0.04721342649419595,3021.659295628541,3004.004037970705,17.65525765783557,0.024002731456136437,0.0009601092582454575,1.5001707160085273e-05,0.15917596408024615,64
QMIX,0,28864,450,28851,425.6767828907423,6.651199732667848,0.7969295184926727,0.7969295184926727,1433,1142,287,0,44.84375,2870.0,2.5131348511383536,5.0,1142,0.04118734086737253,2635.989815511842,2617.6591171228415,18.330698389000297,0.02183591585041692,0.0008734366340166767,1.3647447406510574e-05,0.1605717672636462,64
QMIX,0,28928,451,28915,412.4407609825279,6.444386890351998,0.7906976744186046,0.7906976744186046,1419,1122,301,0,43.28125,2770.0,2.4688057040998217,4.0,1122,0.04356115332599745,2787.913812863837,2770.037826345872,17.875986517964535,0.02296675924010325,0.00091867036960413,1.435422452506453e-05,0.1622646638772637,64
QMIX,0,28992,452,28979,368.0871539968396,5.751361781200619,0.736318407960199,0.736318407960199,1407,1036,350,0,43.984375,2815.0,2.7171814671814674,5.0,1036,0.03722683612318009,2382.517511883526,2358.9289838468208,23.588528036704624,0.0194209135231043,0.000776836540924172,1.2138070951940188e-05,0.16359476357420866,64
QMIX,0,29056,453,29043,392.86329827712916,6.138489035580143,0.7650310988251555,0.7650310988251555,1447,1107,369,0,48.765625,3121.0,2.8193315266486,5.0,1107,0.04162519647582401,2664.0125744527363,2638.095925823733,25.91664862900259,0.022249222075925675,0.000889968883037027,1.3905763797453546e-05,0.16494342085533795,64
QMIX,0,29120,454,29107,424.97894729550785,6.64029605149231,0.7787550744248986,0.7787550744248986,1478,1151,311,0,45.625,2920.0,2.536924413553432,4.0,1151,0.04256329312729235,2724.0507601467107,2703.2105041713157,20.8402559753959,0.02172501965283603,0.0008690007861134413,1.357813728302252e-05,0.16690999089213066,64
QMIX,0,29184,455,29171,389.2317247362663,6.081745699004161,0.7731514716439339,0.7731514716439339,1393,1077,334,0,44.546875,2851.0,2.647168059424327,5.0,1077,0.038328041538359406,2452.994658455002,2430.8282689843586,22.166389470642518,0.019519345617608583,0.0007807738247043434,1.2199591011005365e-05,0.16837704680732277,64
QMIX,0,29248,456,29235,420.8141524276528,6.575221131682075,0.787857641311933,0.787857641311933,1433,1129,284,0,45.078125,2885.0,2.5553587245349867,4.0,1129,0.039477632241081535,2526.5684634292184,2506.2545363011614,20.313927128055514,0.020878862959792018,0.0008351545183916807,1.304928934987001e-05,0.16967599815864493,64
QMIX,0,29312,457,29299,428.08361448774497,6.688806476371015,0.8041958041958042,0.8041958041958042,1430,1150,288,0,43.1875,2764.0,2.4034782608695653,4.0,1150,0.04081429623030175,2612.114958739312,2593.021235268133,19.093723471178798,0.02177388037572345,0.0008709552150289381,1.3608675234827158e-05,0.1714488197746292,64
QMIX,0,29376,458,29363,423.4057007048996,6.615714073514056,0.8011204481792717,0.8011204481792717,1428,1144,289,0,42.640625,2729.0,2.3854895104895104,4.0,1144,0.04419571543245667,2828.525787677227,2812.946642476193,15.579145201034951,0.024636835561941645,0.0009854734224776659,1.539802222621353e-05,0.1731327203001426,64
QMIX,0,29440,459,29427,394.70394014592773,6.167249064780121,0.7532467532467533,0.7532467532467533,1463,1102,359,0,48.34375,3094.0,2.807622504537205,5.0,1102,0.03961210276338639,2535.174576856729,2505.746682973613,29.427893883115352,0.0202049062028334,0.000808196248113336,1.2628066376770876e-05,0.17438819214547652,64
QMIX,0,29504,460,29491,444.383005802428,6.943484465662937,0.817047817047817,0.817047817047817,1443,1179,252,0,47.53125,3042.0,2.5801526717557253,5.0,1179,0.0450492722029194,2883.1534209868414,2864.667918403301,18.48550258354092,0.026154333754391104,0.0010461733501756442,1.634645859649444e-05,0.17540796065880718,64
QMIX,0,29568,461,29555,424.01073099044834,6.625167671725755,0.8050668543279381,0.8050668543279381,1421,1144,289,0,45.359375,2903.0,2.5375874125874125,4.0,1144,0.042763775166262626,2736.881610640808,2719.537241859994,17.344368780812967,0.024125207991619345,0.0009650083196647738,1.507825499476209e-05,0.17704290835644204,64
QMIX,0,29632,462,29619,418.43464848467937,6.538041382573115,0.7760591795561533,0.7760591795561533,1487,1154,332,0,45.296875,2899.0,2.5121317157712304,4.0,1154,0.0438328001853864,2805.2992118647294,2784.800807077805,20.498404786924514,0.02495834697890925,0.00099833387915637,1.559896686181828e-05,0.1784468219449642,64
QMIX,0,29696,463,29683,436.4528769281029,6.819576202001608,0.824822695035461,0.824822695035461,1410,1163,252,0,45.125,2888.0,2.4832330180567497,4.0,1163,0.044468671149772564,2845.994953585444,2829.8484925488174,16.14646103662475,0.027262001536274873,0.001090480061450995,1.7038750960171795e-05,0.17971103811627767,64
QMIX,0,29760,464,29747,434.19126957612593,6.784238587126968,0.8220640569395018,0.8220640569395018,1405,1155,246,0,45.171875,2891.0,2.503030303030303,4.0,1155,0.04391746762707595,2810.717928132861,2794.4030515108057,16.31487662205438,0.02744732420042618,0.0010978929680170472,1.7154577625266363e-05,0.18049020640349878,64
QMIX,0,29824,465,29811,468.45897030918644,7.319671411081038,0.845679012345679,0.845679012345679,1458,1233,235,0,45.71875,2926.0,2.373073803730738,4.0,1233,0.050668914647912705,3242.8105374664133,3227.6898494400098,15.120688026400948,0.030325426503912414,0.0012130170601564966,1.895339156494526e-05,0.18114703032904922,64
QMIX,0,29888,466,29875,454.4624689641761,7.100976077565251,0.8431931575196009,0.8431931575196009,1403,1183,205,0,46.625,2984.0,2.5224006762468303,4.0,1183,0.0470871641081738,3013.578502923123,2996.2156590749983,17.362843848125273,0.028158142249077738,0.0011263256899631095,1.7598838905673586e-05,0.18161014311756976,64
QMIX,0,29952,467,29939,449.146632362418,7.0179161306627815,0.8009259259259259,0.8009259259259259,1512,1211,299,0,46.578125,2981.0,2.4616019818331956,4.0,1211,0.04234752414874865,2710.2415455199134,2692.554448481989,17.68709703792413,0.025875184960125946,0.0010350073984050378,1.6171990600078716e-05,0.18156753754742544,64
QMIX,0,30016,468,30003,427.53048723605116,6.680163863063299,0.8141843971631205,0.8141843971631205,1410,1148,260,0,42.765625,2737.0,2.3841463414634148,4.0,1148,0.04303834697490654,2754.454206394019,2739.1469563585965,15.307250035420873,0.028097881625017855,0.0011239152650007142,1.756117601563616e-05,0.18118614530456567,64
QMIX,0,30080,469,30067,392.51535575290916,6.133052433639206,0.7662247034193999,0.7662247034193999,1433,1098,332,0,44.453125,2845.0,2.5910746812386156,4.0,1098,0.04197198029552929,2686.2067389138742,2664.2924426869295,21.91429622694538,0.026128006551488357,0.0010451202620595343,1.6330004094680224e-05,0.181293881076424,64
QMIX,0,30144,470,30131,388.28363791902143,6.06693184248471,0.7895120174799709,0.7895120174799709,1373,1084,312,0,42.8125,2740.0,2.5276752767527677,5.0,1084,0.043818864991825524,2804.4073594768333,2787.3413196506076,17.06603982622596,0.029573373900686997,0.00118293495602748,1.8483358687929374e-05,0.18200670984143047,64
QMIX,0,30208,471,30195,417.8185555210823,6.528414930016911,0.8004216444132115,0.8004216444132115,1423,1139,280,0,45.828125,2933.0,2.5750658472344163,5.0,1139,0.04724603348412264,3023.7461429838486,3006.112598437426,17.63354454642404,0.030330524336159667,0.0012132209734463867,1.8956577710099793e-05,0.1828597299759081,64
QMIX,0,30272,472,30259,379.8360108618576,5.934937669716525,0.7610872675250357,0.7610872675250357,1398,1064,322,0,41.734375,2671.0,2.5103383458646618,4.0,1064,0.03781686005590624,2420.2790435779993,2400.586021747654,19.693021830345035,0.025897054444968273,0.001035882177798731,1.618565902810517e-05,0.18332117244758278,64
QMIX,0,30336,473,30323,404.94352828777403,6.327242629496469,0.7719419488597098,0.7719419488597098,1447,1117,324,0,44.90625,2874.0,2.5729632945389436,4.0,1117,0.04004738450739089,2563.0326084730173,2541.197031555233,21.835576917784813,0.02341299552468937,0.0009365198209875748,1.4633122202930857e-05,0.1832832131732654,64
QMIX,0,30400,474,30387,426.9186059900065,6.670603218593851,0.8233597692862292,0.8233597692862292,1387,1142,248,0,43.9375,2812.0,2.4623467600700524,4.0,1142,0.040602327239670985,2598.548943338943,2582.9689542891583,15.579989049784754,0.027673667345382014,0.0011069466938152805,1.729604209086376e-05,0.18310650984051768,64
QMIX,0,30464,475,30451,414.91764467817393,6.483088198096468,0.8185131195335277,0.8185131195335277,1372,1123,264,0,42.046875,2691.0,2.396260017809439,4.0,1123,0.04295006928554877,2748.8044342751214,2734.5184492576,14.285985017520408,0.029741695800071924,0.001189667832002877,1.858855987504495e-05,0.18336357651281607,64
QMIX,0,30528,476,30515,394.61019879731424,6.165784356208035,0.8043478260869565,0.8043478260869565,1334,1073,265,0,39.75,2544.0,2.3709226467847158,4.0,1073,0.03956254353077157,2532.0027859693805,2517.6281101433333,14.374675826046966,0.027175137696573263,0.0010870055078629306,1.698446106035829e-05,0.18384209693110787,64
QMIX,0,30592,477,30579,382.0189166111056,5.969045572048525,0.7692307692307693,0.7692307692307693,1378,1060,302,0,43.90625,2810.0,2.650943396226415,5.0,1060,0.04128134040834707,2642.0057861342125,2622.0400127537405,19.965773380471372,0.025974190606662936,0.0010389676242665174,1.6233869129164334e-05,0.1847789955280557,64
QMIX,0,30656,478,30643,422.8931991869073,6.607706237295426,0.8248175182481752,0.8248175182481752,1370,1130,240,0,42.296875,2707.0,2.395575221238938,4.0,1130,0.04225785950929659,2704.503008594982,2689.637603902814,14.865404692168735,0.029505296197616562,0.0011802118479046625,1.8440810123510352e-05,0.18572565006949743,64
QMIX,0,30720,479,30707,401.5808548718762,6.274700857373066,0.834504293520687,0.834504293520687,1281,1069,214,0,40.40625,2586.0,2.4190832553788586,4.0,1069,0.03978559135020989,2546.277846413433,2532.854342971073,13.423503442359745,0.02832301739853006,0.0011329206959412024,1.7701885874081287e-05,0.18648802177773216,64
QMIX,0,30784,480,30771,400.0898883857121,6.251404506026751,0.7779329608938548,0.7779329608938548,1432,1114,321,0,44.359375,2839.0,2.5484739676840213,4.0,1114,0.04184736655117077,2678.2314592749294,2660.7160599975914,17.515399277338222,0.027856943015252645,0.0011142777206101058,1.7410589384532903e-05,0.18695503849237632,64
QMIX,0,30848,481,30835,398.6849038047425,6.229451621949101,0.7742837176799441,0.7742837176799441,1431,1108,319,0,44.078125,2821.0,2.546028880866426,4.0,1108,0.038346010542342976,2454.1446747099503,2434.9661593647006,19.17851534525037,0.027526779391473986,0.0011010711756589595,1.7204237119671242e-05,0.18707589075054712,64
QMIX,0,30912,482,30899,396.67362768720216,6.198025432612534,0.780281690140845,0.780281690140845,1420,1108,317,0,43.203125,2765.0,2.4954873646209386,4.0,1108,0.04128994250608153,2642.556320389218,2626.9231370635493,15.633183325667284,0.02997259122258216,0.0011989036489032864,1.873286951411385e-05,0.1874117061054706,64
QMIX,0,30976,483,30963,392.38266094977826,6.130979077340285,0.7867540029112081,0.7867540029112081,1374,1081,277,0,42.25,2704.0,2.501387604070305,4.0,1081,0.042113287806685,2695.25041962784,2679.3112932213057,15.939126406534239,0.03109025688004264,0.0012436102752017056,1.943141055002665e-05,0.18829351923035748,64
QMIX,0,31040,484,31027,417.0173167357909,6.515895573996733,0.8216374269005848,0.8216374269005848,1368,1124,247,0,43.046875,2755.0,2.451067615658363,4.0,1124,0.04221389184894046,2701.6890783321896,2686.868522333344,14.820555998846256,0.030749943568689944,0.0012299977427475978,1.9218714730431216e-05,0.1890972521263471,64
QMIX,0,31104,485,31091,422.0406644877181,6.594385382620596,0.8008213552361396,0.8008213552361396,1461,1170,318,0,44.234375,2831.0,2.4196581196581195,4.0,1170,0.04625297431550173,2960.190356192111,2942.6255046220163,17.564851570093992,0.03257013637367937,0.001302805454947175,2.035633523354961e-05,0.18957620345470824,64
QMIX,0,31168,486,31155,409.34270102095104,6.39597970345236,0.7828492392807745,0.7828492392807745,1446,1132,294,0,44.015625,2817.0,2.4885159010600706,4.0,1132,0.047492541678177874,3039.522667403384,3022.971354988542,16.5513124148412,0.03323863599291677,0.001329545439716671,2.0774147495572984e-05,0.1899214692258973,64
QMIX,0,31232,487,31219,410.6290718230965,6.416079247235883,0.7989985693848355,0.7989985693848355,1398,1117,282,0,42.859375,2743.0,2.4556848701880036,4.0,1117,0.040904340907088485,2617.877818053663,2599.3064973764917,18.57132067717116,0.027938355872845398,0.001117534234913816,1.7461472420528374e-05,0.18978263435585616,64
QMIX,0,31296,488,31283,429.2996138894879,6.707806467023248,0.8123249299719888,0.8123249299719888,1428,1160,260,0,43.171875,2763.0,2.3818965517241377,4.0,1160,0.0444465304585531,2844.5779493473988,2829.3476075752747,15.230341772124419,0.03303081478151655,0.001321232591260662,2.0644259238447845e-05,0.18954630499692454,64
QMIX,0,31360,489,31347,469.94352891301054,7.34286763926579,0.8491467576791809,0.8491467576791809,1465,1244,236,0,46.46875,2974.0,2.3906752411575565,4.0,1244,0.04874218729446007,3119.4999868454443,3105.26190223803,14.238084607413644,0.03448905662845281,0.0013795622651381124,2.1555660392783006e-05,0.1900590657193941,64
QMIX,0,31424,490,31411,465.26043973923083,7.269694370925482,0.8743682310469314,0.8743682310469314,1385,1211,172,0,43.9375,2812.0,2.3220478943022296,4.0,1211,0.05211134081088529,3335.1258118966584,3323.9742777125794,11.151534184079432,0.03840571784523856,0.0015362287138095424,2.40035736532741e-05,0.19041471668088056,64
QMIX,0,31488,491,31475,428.3596852078314,6.693120081372365,0.8436578171091446,0.8436578171091446,1356,1144,214,0,40.71875,2606.0,2.277972027972028,4.0,1144,0.0507875084916184,3250.400543463578,3239.1020600466436,11.298483416933678,0.03664487333858896,0.0014657949335435583,2.29030458366181e-05,0.19045061743008346,64
QMIX,0,31552,492,31539,470.26193803302533,7.347842781766021,0.8507565337001376,0.8507565337001376,1454,1237,212,0,47.078125,3013.0,2.4357316087308005,5.0,1237,0.04965130601407034,3177.683584900502,3163.885745027355,13.797839873147876,0.03612986988614199,0.0014451947954456795,2.2581168678838742e-05,0.19011425243863384,64
QMIX,0,31616,493,31603,477.7196431167361,7.464369423699002,0.8644536652835408,0.8644536652835408,1446,1250,198,0,46.578125,2981.0,2.3848,4.0,1250,0.05239011621797238,3352.967437950232,3339.645474627449,13.321963322782858,0.03721760095587119,0.0014887040382348476,2.3261000597419493e-05,0.18958848912654425,64
QMIX,0,31680,494,31667,436.49881408045627,6.820293970007129,0.8501845018450185,0.8501845018450185,1355,1152,195,0,42.96875,2750.0,2.3871527777777777,4.0,1152,0.04647681083823863,2974.5158936472726,2962.0206853059753,12.49520834129821,0.03498002038051377,0.0013992008152205508,2.1862512737821106e-05,0.18878040307057445,64
QMIX,0,31744,495,31731,436.57491903017296,6.821483109846453,0.8377412437455325,0.8377412437455325,1399,1172,242,0,44.75,2864.0,2.4436860068259385,4.0,1172,0.050050853243214455,3203.254607565725,3186.575821975254,16.678785590469843,0.03529008098381482,0.0014116032393525929,2.2056300614884263e-05,0.18759538949610055,64
QMIX,0,31808,496,31795,422.94074839342096,6.6084491936472025,0.813607370659107,0.813607370659107,1411,1148,269,0,42.640625,2729.0,2.3771777003484322,4.0,1148,0.045232379280016735,2894.872273921071,2878.588949379935,16.283324541135034,0.031721614109681634,0.0012688645643872654,1.9826008818551022e-05,0.18641529722673328,64
QMIX,0,31872,497,31859,425.8796023612671,6.654368786894798,0.8203292770221904,0.8203292770221904,1397,1146,245,0,43.40625,2778.0,2.424083769633508,4.0,1146,0.04424225462477237,2831.5042959854313,2816.165041129695,15.339254855736545,0.03265777583084784,0.0013063110332339138,2.0411109894279903e-05,0.18569038154608025,64
QMIX,0,31936,498,31923,417.87737452291935,6.529333976920615,0.7833446174678402,0.7833446174678402,1477,1157,309,0,43.5,2784.0,2.4062229904926533,4.0,1157,0.04396885233122331,2814.006549198292,2796.682734678583,17.32381451970845,0.03322625048458241,0.0013290500193832964,2.0766406552864007e-05,0.18554909241011436,64
QMIX,0,32000,499,31987,420.98552127182984,6.577898769872341,0.7983367983367984,0.7983367983367984,1443,1152,291,0,40.734375,2607.0,2.2630208333333335,4.0,1152,0.04082244854533987,2612.6367069017515,2597.7401798252317,14.89652707651984,0.030494791303546286,0.0012197916521418514,1.9059244564716428e-05,0.18545295554418523,64
