train_slots,rollout_index,updates,train_return,train_mean_slot_Rsys,train_cr,train_arrived,train_done,train_timeout,train_rejected,train_avg_delay_s,train_p95_delay_s,train_delay_samples,train_total_energy_j,train_energy_comp_j,train_energy_trans_j,train_avg_energy_j_per_slot,train_cum_hl_mean_satellite,train_cum_hl_system,train_avg_hl_per_sat_slot,train_avg_dod,train_n_slots
64,0,1,-126.03101428178512,-1.9692345981528925,0.7491712707182321,905,678,176,0,3.6002949852507373,6.0,678,4666.937999003589,4642.672397093254,24.265601910332364,72.92090623443107,0.002671483712430718,0.06678709281076795,4.1741933006729966e-05,0.3602695504006264,64
128,1,2,-164.22268981486224,-2.5659795283572224,0.7694770544290288,937,721,219,0,3.690707350901526,6.0,721,5355.657780641406,5328.746783523185,26.910997118217274,83.68215282252197,0.0031030426593882795,0.07757606648470698,4.848504155294187e-05,0.35788945107270215,64
192,2,3,-138.91270680201043,-2.170511043781413,0.7723577235772358,861,665,187,0,3.8721804511278197,6.0,665,4673.548526821265,4646.794462584844,26.75406423642207,73.02419573158227,0.0027539544965656877,0.06884886241414219,4.303053900883887e-05,0.3556615832505222,64
256,3,4,-151.44777400259363,-2.3663714687905255,0.7882736156351792,921,726,195,0,3.831955922865014,6.0,726,5223.882096710328,5196.017032082633,27.865064627700864,81.62315776109888,0.003016052475650237,0.07540131189125593,4.7125819932034954e-05,0.3529705439285913,64
320,4,5,-162.14155236874143,-2.533461755761585,0.8013468013468014,891,714,181,0,3.7661064425770308,6.0,714,5472.663755658208,5446.448784865798,26.214970792411624,85.5103711821595,0.0031121567041708775,0.07780391760427194,4.862744850266996e-05,0.35095482518821636,64
384,5,6,-164.1699605888847,-2.5651556342013233,0.8077360637087599,879,710,175,0,3.8197183098591547,6.0,710,5297.767137461687,5273.325550594505,24.441586867180966,82.77761152283885,0.0031286321119648056,0.07821580279912015,4.888487674945009e-05,0.34945175286492447,64
448,6,7,-149.90017165737413,-2.342190182146471,0.8054968287526427,946,762,181,0,3.7493438320209975,6.0,762,5527.383020101194,5500.179801801222,27.2032182999735,86.36535968908116,0.003102666094003467,0.07756665235008667,4.847915771880417e-05,0.3486264167528077,64
512,7,8,-137.39174338469374,-2.1467459903858397,0.7848699763593381,846,664,191,0,3.677710843373494,6.0,664,4965.287588006193,4941.605021187356,23.682566818837486,77.58261856259676,0.0027318708484261743,0.06829677121065436,4.2685482006658974e-05,0.3479990719318276,64
576,8,9,-171.299421810363,-2.6765534657869217,0.7847682119205298,906,711,196,0,3.818565400843882,6.0,711,5282.3174608383115,5254.589295261442,27.72816557686902,82.53621032559862,0.003176819379758283,0.07942048449395707,4.963780280872317e-05,0.34963891890946575,64
640,9,10,-195.39531382365658,-3.053051778494634,0.7697368421052632,912,702,210,0,3.801994301994302,6.0,702,5673.374092466316,5646.142724496475,27.23136796984187,88.64647019478619,0.0033817664620043237,0.08454416155010809,5.284010096881756e-05,0.35280961423557,64
704,10,11,-185.78825351617107,-2.902941461190173,0.7444933920704846,908,676,215,0,3.856508875739645,6.0,676,5042.5765494247225,5014.499498446611,28.07705097811052,78.79025858476129,0.003214980065440042,0.08037450163600104,5.0234063522500655e-05,0.3571145018832015,64
768,11,12,-203.08054793874632,-3.1731335615429113,0.7744444444444445,900,697,205,0,3.922525107604017,6.0,697,5312.217243097308,5284.542923188857,27.674319908450794,83.00339442339543,0.003450778071949169,0.08626945179872923,5.391840737420577e-05,0.36117106772654184,64
832,12,13,-258.64269088804826,-4.041292045125754,0.7626752966558792,927,707,227,0,3.898161244695898,6.0,707,5570.758911871915,5543.062651184361,27.696260687553195,87.04310799799867,0.0040032895159525855,0.10008223789881464,6.255139868675915e-05,0.36508879011075046,64
896,13,14,-275.18261706464534,-4.2997283916350835,0.7743271221532091,966,748,216,0,3.935828877005348,6.0,748,5634.661575200236,5603.72821148518,30.93336371505482,88.04158711250369,0.004279666346941621,0.10699165867354052,6.686978667096283e-05,0.37057996996901155,64
960,14,15,-345.55085399378976,-5.399232093652965,0.7746781115879828,932,722,220,0,3.934903047091413,6.0,722,5979.210358730542,5949.905859622526,29.304499108018355,93.42516185516472,0.004917006686829632,0.1229251671707408,7.6828229481713e-05,0.3769754514331446,64
1024,15,16,-328.62021911793636,-5.134690923717756,0.7714285714285715,945,729,202,0,3.9135802469135803,6.0,729,6158.281971737286,6129.692354243564,28.589617493718283,96.22315580839509,0.004785411243505828,0.1196352810876457,7.477205067977857e-05,0.38306482235494477,64
1088,16,17,-398.2520994750784,-6.2226890542981,0.7581632653061224,980,743,216,0,3.908479138627187,6.0,743,5558.063024295884,5527.734371135289,30.328653160593113,86.84473475462319,0.005494785530488391,0.13736963826220977,8.585602391388111e-05,0.38912077128773975,64
1152,17,18,-332.72321552516587,-5.198800242580717,0.7860262008733624,916,720,224,0,3.9541666666666666,6.0,720,5347.19160247779,5318.483329570685,28.708272907107002,83.54986878871547,0.0047796481802070525,0.11949120450517631,7.46820028157352e-05,0.39497408128148925,64
1216,18,19,-215.44499122885782,-3.3663279879509034,0.7554585152838428,916,692,229,0,3.979768786127168,6.0,692,4330.820095944128,4302.027550922462,28.792545021668786,67.669063999127,0.0035319693651581587,0.08829923412895396,5.518702133059623e-05,0.3990097956919988,64
1280,19,20,-392.6797686804854,-6.135621385632584,0.7665198237885462,908,696,206,0,4.064655172413793,6.0,696,5385.6124620450655,5355.231609345142,30.380852699921412,84.15019471945415,0.005339504580854135,0.13348761452135338,8.342975907584586e-05,0.40251439161587144,64
1344,20,21,-377.81136044544155,-5.903302506960024,0.7725321888412017,932,720,213,0,3.9625,6.0,720,5075.465988031065,5047.184907798307,28.281080232755674,79.30415606298538,0.0052403954764503845,0.13100988691125962,8.188117931953726e-05,0.40666377897223055,64
1408,21,22,-409.014903316234,-6.390857864316156,0.7764102564102564,975,757,218,0,3.9048877146631438,6.0,757,6051.984721848526,6022.539905195721,29.444816652803077,94.56226127888321,0.005633846648992343,0.14084616622480858,8.802885389050536e-05,0.4105862964505166,64
1472,22,23,-483.4451686334935,-7.553830759898336,0.7399347116430903,919,680,233,0,3.913235294117647,6.0,680,5773.914726156046,5745.165890438747,28.748835717297204,90.21741759618821,0.006172619890680644,0.1543154972670161,9.644718579188506e-05,0.4136736944145582,64
1536,23,24,-394.265401844287,-6.160396903816984,0.7669172932330827,931,714,208,0,4.046218487394958,6.0,714,4946.888767205744,4918.275221730998,28.613545474745756,77.29513698758976,0.005393669640123673,0.13484174100309182,8.427608812693239e-05,0.4169715270695462,64
1600,24,25,-260.2413823254932,-4.066271598835831,0.7959401709401709,936,745,210,0,3.7610738255033556,6.0,745,4693.761212946067,4667.998854885782,25.762358060287085,73.34001895228229,0.004127590426607036,0.10318976066517589,6.449360041573493e-05,0.4194627344733681,64
1664,25,26,-381.75925121230796,-5.964988300192312,0.7854821235102926,923,725,186,0,3.860689655172414,6.0,725,5436.14504904595,5408.671735566995,27.473313478956598,84.93976639134297,0.005322461320998452,0.13306153302496132,8.316345814060082e-05,0.4224143188414088,64
1728,26,27,-323.72979848364827,-5.058278101307004,0.7602094240837697,955,726,222,0,3.756198347107438,6.0,726,5006.310359900223,4978.613642486599,27.696717413625834,78.22359937344099,0.004703940142822001,0.11759850357055002,7.349906473159376e-05,0.4255931714057236,64
1792,27,28,-329.80647494877167,-5.153226171074557,0.8207650273224044,915,751,173,0,3.7350199733688414,6.0,751,5333.47847123887,5307.782497512319,25.69597372654896,83.33560111310734,0.004882133772083792,0.1220533443020948,7.628334018880925e-05,0.42786645565943515,64
1856,28,29,-321.6983045375776,-5.02653600839965,0.7929936305732485,942,747,199,0,3.8125836680053546,6.0,747,4941.877220856639,4914.17497967572,27.702241180919536,77.21683157588498,0.0047606698845582595,0.11901674711395649,7.43854669462228e-05,0.4303054666269751,64
1920,29,30,-373.3362788468307,-5.833379356981729,0.7661909989023051,911,698,217,0,3.865329512893983,6.0,698,5065.728660449875,5038.470063138971,27.25859731090282,79.1520103195293,0.005137492484579749,0.12843731211449372,8.027332007155858e-05,0.43200502027241494,64
1984,30,31,-311.80294404911126,-4.8719210007673635,0.7608938547486034,895,681,201,0,3.7723935389133625,6.0,681,4701.6134213890655,4676.222187395585,25.391233993482814,73.46270970920415,0.004500834665130727,0.11252086662826817,7.032554164266761e-05,0.4347340481901245,64
2048,31,32,-405.54280456846453,-6.336606321382258,0.7747844827586207,928,719,219,0,3.7426981919332407,6.0,719,5327.183711221442,5300.267444996924,26.916266224516352,83.23724548783503,0.0055067274804250135,0.13766818701062533,8.604261688164084e-05,0.436852213397266,64
2112,32,33,-470.6512778894388,-7.353926217022481,0.7927350427350427,936,742,196,0,3.746630727762803,6.0,742,5635.4432630692445,5608.723006174867,26.720256894377428,88.05380098545695,0.006238781446369074,0.15596953615922685,9.748096009951678e-05,0.4387690784981445,64
2176,33,34,-328.1809055908916,-5.127826649857681,0.7408637873754153,903,669,226,0,3.584454409566517,6.0,669,5055.3068009790195,5029.845932479591,25.46086849942838,78.98916876529718,0.00460425887378752,0.11510647184468799,7.194154490293e-05,0.4398927108046631,64
2240,34,35,-361.66854568690474,-5.6510710263578865,0.7708108108108108,925,713,202,0,3.70687237026648,6.0,713,5510.657079174015,5485.049458527927,25.60762064608977,86.10401686209399,0.005074352027054427,0.12685880067636068,7.928675042272542e-05,0.4411266865320883,64
2304,35,36,-535.6670237659362,-8.369797246342753,0.8128342245989305,935,760,192,0,3.8526315789473684,6.0,760,6227.867105877095,6200.356063107596,27.51104276949633,97.31042352932961,0.0069376127575183225,0.17344031893795805,0.00010840019933622379,0.4417707677276026,64
2368,36,37,-413.111705607342,-6.454870400114719,0.7804632426988922,993,775,212,0,3.696774193548387,6.0,775,5911.579441091652,5884.299199570578,27.28024152107472,92.36842876705707,0.0057248562624174805,0.143121406560437,8.945087910027313e-05,0.44320649280425817,64
2432,37,38,-399.7847825519106,-6.246637227373603,0.8030634573304157,914,734,194,0,3.803814713896458,6.0,734,5599.57672949684,5572.820405404665,26.756324092174207,87.49338639838813,0.005516409536293468,0.13791023840733668,8.619389900458544e-05,0.4449671161484064,64
2496,38,39,-260.734928125528,-4.073983251961375,0.7692307692307693,871,670,196,0,3.7880597014925375,6.0,670,4456.1992111203845,4429.878643891216,26.320567229168702,69.62811267375601,0.003969698278515181,0.09924245696287953,6.20265356017997e-05,0.44543440695840264,64
2560,39,40,-333.9472349606445,-5.21792554626007,0.7649527806925498,953,729,207,0,3.803840877914952,6.0,729,5437.995057183418,5409.145679200427,28.849377982991232,84.9686727684909,0.004829720608092236,0.1207430152023059,7.546438450144119e-05,0.4458824705839785,64
2624,40,41,-389.1734749290731,-6.080835545766767,0.774468085106383,940,728,213,0,3.912087912087912,6.0,728,5554.288942702885,5524.092348762932,30.196593939955296,86.78576472973258,0.0053709302659934,0.134273256649835,8.392078540614688e-05,0.44602063002871006,64
2688,41,42,-255.46378129532002,-3.9916215827393753,0.7801339285714286,896,699,202,0,3.7696709585121604,6.0,699,4295.54594713269,4268.6632216947,26.8827254379889,67.11790542394829,0.003981171042265994,0.09952927605664985,6.220579753540616e-05,0.44531520412305403,64
2752,42,43,-408.861626731682,-6.388462917682531,0.7914847161572053,916,725,197,0,3.7917241379310345,6.0,725,5339.833703773087,5312.538275779289,27.295427993797308,83.43490162145449,0.00558212778766462,0.1395531946916155,8.722074668225969e-05,0.44414195007793666,64
2816,43,44,-345.38311088260195,-5.3966111075406555,0.7927631578947368,912,723,189,0,3.7911479944674964,6.0,723,4685.650583307612,4658.844083533105,26.806499774505266,73.21329036418143,0.004950471828855117,0.12376179572137792,7.73511223258612e-05,0.44295793216938506,64
2880,44,45,-424.68917579658125,-6.635768371821582,0.804902962206333,979,788,199,0,3.6560913705583755,6.0,788,5570.409621292287,5543.695844766183,26.713776526105292,87.03765033269198,0.005885538142703176,0.1471384535675794,9.196153347973712e-05,0.44177421798970173,64
2944,45,46,-430.76037215768525,-6.730630814963832,0.76931330472103,932,717,208,0,3.917712691771269,6.0,717,5961.670630395866,5931.610176311699,30.060454084169795,93.15110359993541,0.005765490176505662,0.14413725441264155,9.008578400790097e-05,0.44097189439681606,64
3008,46,47,-388.8256049949738,-6.075400078046465,0.787117903930131,916,721,194,0,3.693481276005548,6.0,721,5107.844125721871,5081.05772892106,26.786396800813556,79.81006446440423,0.005375226970674024,0.1343806742668506,8.398792141678163e-05,0.4405227141402429,64
3072,47,48,-452.61236470790016,-7.07206819856094,0.7761194029850746,938,728,203,0,3.802197802197802,6.0,728,5580.809668411054,5552.814783598179,27.994884812875455,87.20015106892272,0.006016501450428578,0.15041253626071444,9.400783516294653e-05,0.4403052510796239,64
3136,48,49,-347.1904186237424,-5.424850290995975,0.7899159663865546,952,752,200,0,3.7898936170212765,6.0,752,5164.049240319633,5135.6087258234675,28.440514496167353,80.68826937999427,0.0050241653130224575,0.12560413282556143,7.85025830159759e-05,0.4401010188811382,64
3200,49,50,-356.09146895296476,-5.563929202390074,0.8015607580824972,897,719,198,0,3.732962447844228,6.0,719,5408.385900158598,5383.123415911242,25.26248424735483,84.50602968997809,0.005037515624021602,0.12593789060054006,7.871118162533753e-05,0.43967109380184444,64
3264,50,51,-394.5793791520536,-6.165302799250838,0.725635593220339,944,685,219,0,3.762043795620438,6.0,685,5233.114161775688,5204.966136181368,28.148025594324192,81.76740877774513,0.005313727284871836,0.1328431821217959,8.302698882612244e-05,0.4386531478273264,64
3328,51,52,-454.115597529851,-7.095556211403922,0.7510822510822511,924,694,241,0,3.889048991354467,6.0,694,5133.6403934784075,5103.7913613848605,29.849032093547038,80.21313114810012,0.005904741089183074,0.14761852722957686,9.226157951848553e-05,0.43722582460692067,64
3392,52,53,-436.686421906248,-6.823225342285125,0.7757510729613734,932,723,221,0,4.020746887966805,6.0,723,5328.132315984437,5298.469786243389,29.66252974104707,83.25206743725683,0.005825915380139624,0.1456478845034906,9.102992781468162e-05,0.4350616534592516,64
3456,53,54,-481.3555358801166,-7.5211802481268215,0.7831449126413155,973,762,205,0,3.8766404199475066,6.0,762,5792.116018782459,5762.619022567812,29.496996214644952,90.50181279347592,0.006381003904462955,0.15952509761157388,9.970318600723367e-05,0.4330041889465851,64
3520,54,55,-393.4834369406543,-6.148178702197724,0.7815964523281597,902,705,199,0,3.954609929078014,6.0,705,5357.193593466206,5327.616153289886,29.577440176319058,83.70614989790947,0.005375137220067234,0.13437843050168086,8.398651906355053e-05,0.4319494024877396,64
3584,55,56,-507.0570226175527,-7.922765978399261,0.7460650577124869,953,711,238,0,3.890295358649789,6.0,711,5564.191732546305,5535.119371624293,29.072360922012294,86.94049582103601,0.006477543922555187,0.16193859806387967,0.0001012116237899248,0.43048351411854174,64
3648,56,57,-488.19182132024713,-7.627997208128861,0.7766393442622951,976,758,229,0,3.8232189973614776,6.0,758,5683.156465629256,5652.7979482163955,30.358517412857815,88.79931977545712,0.006414070153312361,0.16035175383280903,0.00010021984614550564,0.43128006001876695,64
3712,57,58,-509.4755647596445,-7.960555699369445,0.7573131094257854,923,699,219,0,3.783977110157368,6.0,699,5957.0454557346775,5929.581023166549,27.464432568128647,93.07883524585434,0.006496614980903616,0.1624153745225904,0.000101509609076619,0.43189822111067155,64
3776,58,59,-462.28898592817,-7.223265405127656,0.7947247706422018,872,693,175,0,3.8282828282828283,6.0,693,4973.905868455459,4947.7634533821265,26.142415073331637,77.71727919461655,0.006063981725472697,0.15159954313681742,9.474971446051089e-05,0.4311840588118064,64
3840,59,60,-485.70963097381195,-7.589212983965812,0.8235294117647058,935,770,179,0,3.8168831168831168,6.0,770,5890.833750330228,5864.128162058211,26.70558827201588,92.04427734890982,0.006477913221750324,0.1619478305437581,0.00010121739408984881,0.43069258579276,64
3904,60,61,-460.44105385648857,-7.194391466507634,0.7890295358649789,948,748,199,0,3.712566844919786,6.0,748,5950.995872232744,5924.7973668416535,26.198505391093256,92.98431050363662,0.0061475830095859595,0.153689575239649,9.605598452478062e-05,0.4303190222368929,64
3968,61,62,-527.4250927263462,-8.241017073849159,0.8022222222222222,900,722,176,0,3.527700831024931,6.0,722,5815.488891967732,5792.711522648919,22.77736931881198,90.86701393699582,0.00678185882311909,0.16954647057797725,0.00010596654411123578,0.4297438830574126,64
4032,62,63,-477.34819636517307,-7.458565568205829,0.8008658008658008,924,740,183,0,3.5013513513513512,6.0,740,5437.680508896386,5413.90727337802,23.773235518364707,84.96375795150603,0.006317886999768954,0.15794717499422387,9.871698437138991e-05,0.4290422589828081,64
4096,63,64,-550.1862337766873,-8.59665990276074,0.793859649122807,912,724,185,0,3.584254143646409,6.0,724,6339.721733050977,6315.32156469799,24.400168352985155,99.05815207892151,0.007005128900601242,0.17512822251503105,0.00010945513907189441,0.429378067435902,64
4160,64,65,-472.9646527376981,-7.390072699026533,0.78,900,702,194,0,3.698005698005698,6.0,702,6154.336185806995,6129.670074863797,24.666110943197417,96.1615029032343,0.006170523208445514,0.15426308021113785,9.641442513196116e-05,0.42948379242326085,64
4224,65,66,-378.9397813890272,-5.92093408420355,0.8168539325842696,890,727,175,0,3.502063273727648,6.0,727,5099.1493903580895,5076.923414942114,22.2259754159757,79.67420922434515,0.005313714417381731,0.1328428604345433,8.302678777158955e-05,0.4284821120202217,64
4288,66,67,-424.32575081104176,-6.6300898564225275,0.8070739549839229,933,753,177,0,3.586985391766268,6.0,753,5557.43740645824,5532.705911625303,24.731494832935034,86.83495947591,0.005824689842827478,0.14561724607068696,9.101077879417934e-05,0.42684720899103745,64
4352,67,68,-411.2546609892984,-6.425854077957787,0.8004223864836325,947,758,181,0,3.538258575197889,6.0,758,5569.439557249467,5544.86793052155,24.571626727916776,87.02249308202292,0.0057039846961368075,0.1425996174034202,8.912476087713762e-05,0.4253328952341586,64
4416,68,69,-342.5173800971818,-5.351834064018465,0.8217054263565892,903,742,166,0,3.5808625336927222,6.0,742,5414.736982935565,5390.829090017855,23.907892917711973,84.6052653583682,0.0049967207078243136,0.12491801769560784,7.80737610597549e-05,0.42374855372407205,64
4480,69,70,-490.1994250959899,-7.659366017124842,0.7802197802197802,1001,781,219,0,3.6312419974391807,6.0,781,6134.466320345072,6105.986456930234,28.479863414835883,95.85103625539175,0.0065019981259656755,0.1625499531491419,0.00010159372071821368,0.4215417374564656,64
4544,70,71,-513.6395411277838,-8.025617830121622,0.7666666666666667,990,759,226,0,3.6100131752305664,6.0,759,6665.276322920586,6639.454997433305,25.82132548727924,104.14494254563415,0.006675532498281932,0.1668883124570483,0.00010430519528565519,0.41963373533731824,64
4608,71,72,-399.16171708237795,-6.236901829412155,0.7851929092805006,959,753,209,0,3.691899070385126,6.0,753,5787.355324863929,5761.351858036496,26.003466827432966,90.42742695099889,0.005535041498822929,0.13837603747057323,8.648502341910827e-05,0.418088300442877,64
4672,72,73,-431.0820588233448,-6.735657169114763,0.8074468085106383,940,759,170,0,3.673254281949934,6.0,759,6218.779637916341,6192.816716109901,25.962921806440356,97.16843184244283,0.005917238467739476,0.14793096169348688,9.245685105842931e-05,0.4166777884219832,64
4736,73,74,-369.2637555777563,-5.769746180902442,0.8037904124860646,897,721,190,0,3.5825242718446604,6.0,721,5638.082702514326,5614.159546086154,23.92315642817489,88.09504222678635,0.00518306926411914,0.1295767316029785,8.098545725186156e-05,0.41544152733769396,64
4800,74,75,-408.3757841541802,-6.380871627409066,0.7989637305699482,965,771,196,0,3.5058365758754864,6.0,771,6422.2845888099655,6397.799705099346,24.484883710620903,100.34819670015571,0.005687002392860917,0.14217505982152293,8.885941238845182e-05,0.4147860160913803,64
4864,75,76,-367.69867437815753,-5.7452917871587115,0.8079748163693599,953,770,181,0,3.6142857142857143,6.0,770,6082.0634739779225,6056.971795744246,25.09167823367669,95.03224178090504,0.005297714510633541,0.13244286276583853,8.277678922864908e-05,0.41508700961604034,64
4928,76,77,-346.69648089116794,-5.417132513924499,0.7964693665628245,963,767,199,0,3.7392438070404173,6.0,767,6178.494301964782,6150.417556659586,28.0767453051938,96.53897346819971,0.005058734298465888,0.1264683574616472,7.90427234135295e-05,0.41547545038323397,64
4992,77,78,-403.8750204524798,-6.310547194569997,0.7928416485900217,922,731,179,0,3.7592339261285908,6.0,731,6282.916536060638,6257.142671132876,25.773864927761622,98.17057087594746,0.005567028138698165,0.13917570346745411,8.698481466715883e-05,0.4153628545362308,64
5056,78,79,-361.6814889317601,-5.651273264558752,0.7668067226890757,952,730,213,0,3.6136986301369864,6.0,730,6195.459623865689,6169.834375176206,25.62524868948174,96.80405662290138,0.005102823081462448,0.12757057703656122,7.973161064785075e-05,0.4150344260580944,64
5120,79,80,-335.044551033246,-5.235071109894469,0.7931769722814499,938,744,201,0,3.8131720430107525,6.0,744,6163.738861000441,6136.345182936541,27.393678063900083,96.30841970313189,0.0048853536098077,0.12213384024519251,7.633365015324532e-05,0.41501245975682677,64
5184,80,81,-286.07631840036356,-4.469942475005681,0.7939262472885033,922,732,191,0,3.7745901639344264,6.0,732,5524.580027341461,5497.611884249666,26.968143091795692,86.32156292721032,0.0043786542827888375,0.10946635706972094,6.841647316857559e-05,0.4151016766112595,64
5248,81,82,-354.0893777102158,-5.532646526722122,0.7929562433297759,937,743,200,0,3.6689098250336474,6.0,743,5436.130395866686,5409.780372474134,26.350023392549826,84.93953743541697,0.005075236895360131,0.12688092238400328,7.930057649000205e-05,0.4150158703039693,64
5312,82,83,-319.6487910232494,-4.9945123597382715,0.8,995,796,197,0,3.722361809045226,6.0,796,5639.390747298691,5613.401746623536,25.98900067515277,88.11548042654205,0.004861104357290882,0.12152760893227206,7.595475558267004e-05,0.41496190813710354,64
5376,83,84,-275.0626142927607,-4.297853348324386,0.7986725663716814,904,722,188,0,3.6218836565096955,6.0,722,5492.98684916168,5469.5554927177955,23.43135644388863,85.82791951815125,0.004248893241896192,0.1062223310474048,6.6388956904628e-05,0.4146246492971071,64
5440,84,85,-316.068651182655,-4.938572674728984,0.8106951871657754,935,758,176,0,3.5184696569920844,6.0,758,5709.710311354413,5685.788574686172,23.921736668242602,89.2142236149127,0.004760170718751786,0.11900426796879464,7.437766748049665e-05,0.41494406680202367,64
5504,85,86,-264.2785710920805,-4.1293526733137575,0.8,915,732,175,0,3.616120218579235,6.0,732,5514.752183738014,5488.71656086745,26.03562287056474,86.16800287090646,0.004180304380651302,0.10450760951628256,6.53172559476766e-05,0.41558795636548573,64
5568,86,87,-328.411202673679,-5.131425041776234,0.7951273532668881,903,718,191,0,3.605849582172702,6.0,718,5543.883716492036,5518.339965824661,25.54375066737837,86.62318307018806,0.0047699890478012956,0.1192497261950324,7.453107887189524e-05,0.4159411773016948,64
5632,87,88,-327.3455397190129,-5.114774058109576,0.8070362473347548,938,757,189,0,3.582562747688243,6.0,757,5944.738978890156,5919.54976404753,25.189214842628157,92.8865465451587,0.00485168198136698,0.1212920495341745,7.580753095885906e-05,0.4169643871343848,64
5696,88,89,-299.83871142532485,-4.684979866020701,0.7635782747603834,939,717,215,0,3.728033472803347,6.0,717,5728.538009037833,5702.154853699395,26.38315533843859,89.50840639121614,0.004450826954321298,0.11127067385803245,6.954417116127028e-05,0.418801322958711,64
5760,89,90,-248.585804261502,-3.884153191585969,0.804851157662624,907,730,193,0,3.713698630136986,6.0,730,4830.1091268660175,4804.802823377923,25.306303488092222,75.47045510728152,0.003998544273865535,0.09996360684663838,6.247725427914898e-05,0.4198981652935496,64
5824,90,91,-257.8879344675054,-4.0294989760547715,0.7442116868798236,907,675,204,0,3.688888888888889,6.0,675,4786.681508032044,4760.691182903891,25.990325128152996,74.79189856300069,0.003944582401440877,0.09861456003602194,6.163410002251371e-05,0.42001548828489765,64
5888,91,92,-317.07363576444186,-4.954275558819404,0.7842920353982301,904,709,187,0,3.7348377997179125,6.0,709,5543.618321508792,5516.848745116837,26.7695763919566,86.61903627357488,0.004637853569184424,0.1159463392296106,7.246646201850663e-05,0.4197060998086811,64
5952,92,93,-338.14692912319197,-5.2835457675498745,0.8004410143329658,907,726,194,0,3.84297520661157,6.0,726,5933.258656920882,5906.845486239959,26.41317068092521,92.70716651438877,0.004882166855904671,0.12205417139761678,7.628385712351049e-05,0.41980130243453323,64
6016,93,94,-298.75790591024605,-4.668092279847595,0.798175598631699,877,700,190,0,3.81,6.0,700,5158.481483152487,5131.17556978944,27.305913363047594,80.60127317425761,0.004430499554345619,0.11076248885864047,6.92265555366503e-05,0.41961861733002764,64
6080,94,95,-340.47249821541294,-5.319882784615827,0.7782515991471215,938,730,204,0,3.758904109589041,6.0,730,5918.092280093598,5891.2905132036785,26.80176688991857,92.47019187646247,0.004902164866640663,0.12255412166601659,7.659632604126037e-05,0.41835307568172114,64
6144,95,96,-256.58577259993075,-4.009152696873918,0.7704741379310345,928,715,206,0,3.6923076923076925,6.0,715,4717.3792025034145,4689.929852047053,27.449350456360666,73.70905003911585,0.004026161277078677,0.10065403192696692,6.290876995435433e-05,0.41694669233174564,64
6208,96,97,-350.4955657563735,-5.476493214943336,0.7895855472901169,941,743,196,0,3.8479138627187077,6.0,743,5964.333931090832,5936.651570165479,27.682360925352732,93.19271767329425,0.005042581490360594,0.12606453725901484,7.879033578688428e-05,0.4153213756595014,64
6272,97,98,-406.72915561449827,-6.355143056476535,0.797752808988764,890,710,187,0,3.5774647887323945,6.0,710,6171.4029532657705,6147.40183626693,24.001116998840722,96.42817114477766,0.005537090344325969,0.13842725860814922,8.651703663009327e-05,0.41353166764622823,64
6336,98,99,-316.07475723963205,-4.938668081869251,0.7779030439684329,887,690,201,0,3.6753623188405795,6.0,690,4876.405379879769,4851.293614731748,25.111765148021412,76.19383406062138,0.004566808341047254,0.11417020852618136,7.135638032886335e-05,0.4115442906031743,64
6400,99,100,-342.3437771255107,-5.349121517586105,0.7812177502579979,969,757,216,0,3.727873183619551,6.0,757,6048.50401289432,6022.055039991307,26.448972903014507,94.50787520147375,0.0049727872712888015,0.12431968178222004,7.769980111388752e-05,0.4093815598294955,64
6464,100,101,-328.2356581276925,-5.128682158245195,0.7913223140495868,968,766,194,0,3.672323759791123,6.0,766,5450.605094183127,5425.08200937153,25.523084811597585,85.16570459661136,0.004875592266730786,0.12188980666826964,7.618112916766853e-05,0.40800937155961037,64
6528,101,102,-473.9150872686987,-7.404923238573417,0.8095238095238095,945,765,188,0,3.6980392156862747,6.0,765,6782.465808075833,6754.9672491419,27.498558933932095,105.97602825118489,0.006338346927911342,0.15845867319778356,9.903667074861472e-05,0.40694703997458803,64
6592,102,103,-311.18336482241483,-4.862240075350232,0.7933701657458564,905,718,176,0,3.850974930362117,6.0,718,5253.8820024548,5226.70214683632,27.179855618479138,82.09190628835626,0.004611612220285218,0.11529030550713046,7.205644094195653e-05,0.4059942976769115,64
6656,103,104,-287.93930943468547,-4.4990517099169605,0.7993562231759657,932,745,187,0,3.9006711409395973,6.0,745,5173.418991250119,5146.182373390131,27.23661785998569,80.8346717382831,0.004432154507800613,0.11080386269501533,6.925241418438458e-05,0.4043773201189288,64
6720,104,105,-438.18215715192974,-6.846596205498902,0.7407776669990029,1003,743,255,0,3.763122476446837,6.0,743,6069.803679660206,6039.965716415452,29.837963244754715,94.84068249469072,0.005845891979463397,0.14614729948658492,9.134206217911558e-05,0.4025987447924282,64
6784,105,106,-320.5492668257517,-5.0085822941523706,0.8027571580063627,943,757,192,0,3.906208718626156,6.0,757,6074.096613478997,6045.359304893451,28.73730858554489,94.90775958560933,0.00477996402609568,0.119499100652392,7.4686937907745e-05,0.4012243154736365,64
6848,106,107,-302.5375325828782,-4.727148946607472,0.7885057471264367,870,686,190,0,3.8104956268221573,6.0,686,4789.740113694788,4763.641511194025,26.098602500763405,74.83968927648107,0.0044334088707180365,0.11083522176795091,6.927201360496932e-05,0.40010646824695945,64
6912,107,108,-299.98804944145286,-4.687313272522701,0.7763157894736842,912,708,202,0,3.7994350282485874,6.0,708,4213.0536306085205,4187.168441248097,25.885189360422366,65.82896297825813,0.00444593788756817,0.11114844718920425,6.946777949325265e-05,0.39900569478085324,64
6976,108,109,-333.9706260420068,-5.2182910319063565,0.7479253112033195,964,721,233,0,3.912621359223301,6.0,721,4813.683351726252,4783.308653645866,30.374698080387745,75.21380237072269,0.004777782037600373,0.11944455094000932,7.465284433750583e-05,0.39846722280795305,64
7040,109,110,-406.18684418427137,-6.34666944037924,0.777319587628866,970,754,224,0,3.9323607427055705,6.0,754,5772.602884201207,5741.196193867142,31.406690334065512,90.19692006564387,0.005591036254221845,0.13977590635554613,8.735994147221632e-05,0.39886036050520746,64
7104,110,111,-371.60814773185143,-5.806377308310179,0.7678756476683938,965,741,224,0,4.058029689608637,6.0,741,5597.232063012491,5565.773631536782,31.45843147571233,87.45675098457018,0.005216357888938581,0.13040894722346452,8.150559201466533e-05,0.39968643347557026,64
7168,111,112,-356.45387800431536,-5.5695918438174274,0.7692307692307693,1001,770,240,0,3.912987012987013,6.0,770,5759.996549621409,5727.828021279679,32.16852834173119,89.99994608783452,0.005114809637429569,0.12787024093573923,7.991890058483701e-05,0.40061391519246936,64
7232,112,113,-239.94656822378147,-3.7491651284965855,0.7569367369589345,901,682,214,0,3.8152492668621703,6.0,682,4508.423059626872,4479.724817567817,28.69824205905498,70.44411030666987,0.00377051926685262,0.0942629816713155,5.8914363544572185e-05,0.4005917657503028,64
7296,113,114,-380.24244419872434,-5.941288190605068,0.7723404255319148,940,726,209,0,3.796143250688705,6.0,726,5273.093988443285,5244.8110290671775,28.282959376108607,82.39209356942632,0.005283101382904067,0.13207753457260168,8.254845910787605e-05,0.400107873184055,64
7360,114,115,-365.1078303563074,-5.704809849317303,0.7838405036726128,953,747,201,0,3.8018741633199467,6.0,747,5737.396097560309,5709.444838697843,27.95125886246315,89.64681402437982,0.005190884017313456,0.1297721004328364,8.110756277052275e-05,0.4006446991028523,64
7424,115,116,-444.9560072413892,-6.9524376131467065,0.7829787234042553,940,736,201,0,3.7472826086956523,6.0,736,5279.705514672064,5251.434003121123,28.271511550942456,82.495398666751,0.005962288416318975,0.14905721040797437,9.316075650498398e-05,0.4015734554549805,64
7488,116,117,-287.0931354810993,-4.4858302418921765,0.79337899543379,876,695,195,0,3.8028776978417267,6.0,695,4502.798474825096,4476.090293027803,26.708181797291218,70.35622616914212,0.004293887132441409,0.10734717831103523,6.709198644439702e-05,0.4016436890832341,64
7552,117,118,-343.0814568680244,-5.3606477635628815,0.7763578274760383,939,729,210,0,3.877914951989026,6.0,729,5014.6402080188645,4986.312695440513,28.32751257835187,78.35375325029476,0.004917470259314266,0.12293675648285667,7.683547280178541e-05,0.40153354493684995,64
7616,118,119,-321.2923492428831,-5.020192956920049,0.7569593147751607,934,707,222,0,3.7906647807637905,6.0,707,4381.33087564712,4351.639411164446,29.691464482673673,68.45829493198625,0.004631482144129797,0.11578705360324491,7.236690850202807e-05,0.4023183460645812,64
7680,119,120,-365.38388979667013,-5.709123278072971,0.7875706214689265,885,697,201,0,3.8823529411764706,6.0,697,4769.600372589667,4741.292355181668,28.308017408000772,74.52500582171355,0.005073788287224961,0.12684470718062402,7.927794198789001e-05,0.402799760568736,64
7744,120,121,-417.61141508474583,-6.525178360699154,0.7463002114164905,946,706,226,0,3.84985835694051,6.0,706,5333.015299304586,5303.821900566616,29.193398737969353,83.32836405163415,0.005588108268294845,0.13970270670737112,8.731419169210696e-05,0.4042944773381131,64
7808,121,122,-378.66761955586827,-5.916681555560442,0.8037077426390403,917,737,170,0,3.8046132971506106,6.0,737,5393.1655395950675,5365.96558148144,27.19995811362887,84.26821155617293,0.005340218362890444,0.1335054590722611,8.344091192016319e-05,0.40637834549853025,64
7872,122,123,-381.49086726897497,-5.960794801077734,0.7586206896551724,928,704,225,0,3.8267045454545454,6.0,704,5031.334353634665,5003.069470992887,28.264882641779547,78.61459927554164,0.005220578019759804,0.1305144504939951,8.157153155874694e-05,0.40815841711519096,64
7936,123,124,-409.04541792697194,-6.3913346551089365,0.8231083844580777,978,805,184,0,3.8422360248447207,6.0,805,5629.620515959175,5600.019794885494,29.600721073681218,87.9628205618621,0.005789572186648897,0.14473930466622242,9.046206541638901e-05,0.4096730791231339,64
8000,124,125,-324.90664050196796,-5.076666257843249,0.7794285714285715,875,682,186,0,3.837243401759531,6.0,682,4585.044165451703,4559.113615900852,25.930549550850127,71.64131508518285,0.004652374014523713,0.11630935036309283,7.269334397693301e-05,0.4101483479018933,64
8064,125,126,-411.17637732792025,-6.424630895748754,0.7693920335429769,954,734,226,0,3.7452316076294276,6.0,734,5512.8618460454045,5485.354912140978,27.506933904427264,86.13846634445945,0.005589135756632305,0.13972839391580763,8.733024619737976e-05,0.4103867727106823,64
8128,126,127,-448.2897997108007,-7.004528120481261,0.788480635551142,1007,794,214,0,3.938287153652393,6.0,794,6376.884506605383,6345.678026813482,31.2064797919037,99.6388204157091,0.006120314200189507,0.15300785500473768,9.562990937796105e-05,0.4107085150629698,64
8192,127,128,-367.9607207453658,-5.7493862616463405,0.7681912681912682,962,739,230,0,3.8443843031123137,6.0,739,5031.86006957803,5001.867979424107,29.99209015392161,78.62281358715671,0.005164670062380066,0.12911675155950164,8.069796972468853e-05,0.4106496813058059,64
8256,128,129,-349.5500110216864,-5.46171892221385,0.76,975,741,213,0,3.8218623481781377,6.0,741,5140.721008878619,5110.718265758756,30.00274311986083,80.32376576372842,0.005006556855068991,0.12516392137672477,7.822745086045298e-05,0.4099859649386692,64
8320,129,130,-400.90320875213786,-6.264112636752154,0.7703862660944206,932,718,225,0,3.8050139275766015,6.0,718,5275.532087153564,5246.738516154181,28.793570999383288,82.43018886177444,0.00544936548828585,0.13623413720714625,8.514633575446641e-05,0.4092362096729544,64
8384,130,131,-383.86265131450057,-5.997853926789071,0.7973713033953997,913,728,200,0,3.973901098901099,6.0,728,5603.692944019288,5574.623356848901,29.069587170389774,87.55770225030138,0.005336616293278017,0.13341540733195043,8.338462958246902e-05,0.40841561998048986,64
8448,131,132,-433.82320710123,-6.778487610956719,0.7715472481827622,963,743,197,0,3.8815612382234184,6.0,743,6242.794555469586,6212.732198551637,30.06235691794751,97.54366492921228,0.005873365863125716,0.1468341465781429,9.177134161133931e-05,0.40862577162306024,64
8512,132,133,-362.89659783669043,-5.670259341198288,0.7721382289416847,926,715,211,0,3.904895104895105,6.0,715,5078.718645932218,5048.711571878118,30.00707405409719,79.35497884269091,0.005080220863659309,0.12700552159148273,7.93784509946767e-05,0.4087989540773682,64
8576,133,134,-315.0769016329234,-4.923076588014428,0.7555555555555555,945,714,241,0,3.8865546218487395,6.0,714,5150.557016438728,5119.232015692765,31.32500074596214,80.47745338185513,0.004564836449500633,0.11412091123751582,7.132556952344739e-05,0.40798995581675823,64
8640,134,135,-203.88254263836825,-3.185664728724504,0.7570621468926554,885,670,206,0,3.8671641791044777,6.0,670,4021.268571153041,3993.189439248297,28.07913190474396,62.83232142426627,0.0033898010961770594,0.08474502740442648,5.296564212776655e-05,0.4066485817279949,64
8704,135,136,-253.95271329115837,-3.9680111451743496,0.768990634755463,961,739,218,0,3.8673883626522327,6.0,739,5158.656115507587,5127.886904948429,30.769210559154512,80.60400180480605,0.004038969434483553,0.10097423586208883,6.310889741380552e-05,0.4063517527755772,64
8768,136,137,-295.1833454291341,-4.61223977233022,0.7624434389140271,884,674,228,0,3.8694362017804154,6.0,674,4440.141121469525,4412.340820540255,27.800300929268563,69.37720502296133,0.0042857705555953704,0.10714426388988427,6.696516493117766e-05,0.4061366764735911,64
8832,137,138,-313.8604618378531,-4.904069716216455,0.7746031746031746,945,732,199,0,3.912568306010929,6.0,732,5281.5033921828945,5250.946610394392,30.556781788503244,82.52349050285773,0.0046457965955998895,0.11614491488999723,7.259057180624827e-05,0.4055268213519092,64
8896,138,139,-380.9580870804157,-5.952470110631495,0.755939524838013,926,700,234,0,3.887142857142857,6.0,700,5711.21388047849,5681.743574078049,29.470306400444173,89.2377168824764,0.005196392156693223,0.12990980391733056,8.11936274483316e-05,0.40468299274757114,64
8960,139,140,-306.41737364159724,-4.787771463149957,0.783695652173913,920,721,197,0,3.929264909847434,6.0,721,4718.8215691524665,4690.210992530138,28.61057662232745,73.73158701800729,0.004547725476656695,0.11369313691641737,7.105821057276086e-05,0.404115545877171,64
9024,140,141,-416.72281329997895,-6.511293957812171,0.7904761904761904,945,747,194,0,3.92904953145917,6.0,747,6098.275033602113,6070.213950408457,28.061083193657726,95.28554740003301,0.005714653392843622,0.14286633482109057,8.92914592631816e-05,0.40335339401551645,64
9088,141,142,-394.13802689085605,-6.158406670169626,0.7954048140043763,914,727,209,0,3.828060522696011,6.0,727,5344.692205303873,5317.0613339814445,27.630871322428884,83.51081570787302,0.005421993092857908,0.13554982732144769,8.471864207590481e-05,0.4038882817831526,64
9152,142,143,-547.3336634203098,-8.55208849094234,0.7515657620041754,958,720,212,0,3.6597222222222223,6.0,720,6243.320679833129,6216.336234055925,26.98444577720417,97.55188562239265,0.0069337306341003425,0.17334326585250856,0.00010833954115781785,0.40499823759575326,64
9216,143,144,-389.43972299688375,-6.0849956718263085,0.8192488262910798,852,698,173,0,3.805157593123209,6.0,698,4742.857843786637,4717.371819225186,25.486024561450122,74.1071538091662,0.00534935354061278,0.1337338385153195,8.358364907207468e-05,0.4079001812084131,64
9280,144,145,-433.30842601198896,-6.770444156437327,0.7854785478547854,909,714,194,0,3.7254901960784315,6.0,714,5484.624957174339,5456.998862659747,27.626094514591855,85.69726495584905,0.005801627380017742,0.14504068450044355,9.065042781277722e-05,0.40946410338240447,64
9344,145,146,-310.22921790048184,-4.847331529695029,0.7614035087719299,855,651,197,0,3.7895545314900154,6.0,651,4155.298580062135,4129.739689681384,25.558890380752164,64.92654031347087,0.004417215219678186,0.11043038049195464,6.901898780747165e-05,0.4107864004098171,64
9408,146,147,-313.2006837152611,-4.893760683050955,0.8060200668896321,897,723,179,0,3.690179806362379,6.0,723,4621.997524421782,4595.811985768031,26.185538653748957,72.21871131909035,0.004639898354286525,0.11599745885716313,7.249841178572696e-05,0.411569143994429,64
9472,147,148,-226.98801837680116,-3.546687787137518,0.7579617834394905,942,714,212,0,3.7549019607843137,6.0,714,4962.704201449488,4933.372038794817,29.332162654669897,77.54225314764825,0.003719497896032068,0.0929874474008017,5.811715462550106e-05,0.41173825201128145,64
9536,148,149,-287.6444445314016,-4.49444444580315,0.8118701007838746,893,725,193,0,4.042758620689655,6.0,725,4601.461222348597,4571.49121922518,29.97000312341625,71.89783159919683,0.004375843157422299,0.10939607893555747,6.837254933472342e-05,0.4117754710517831,64
9600,149,150,-379.9673977539866,-5.93699058990604,0.7610810810810811,925,704,194,0,3.8068181818181817,6.0,704,5170.901977714985,5142.540831200879,28.361146514102888,80.79534340179664,0.005245030072790943,0.13112575181977357,8.195359488735848e-05,0.4107559651329205,64
9664,150,151,-244.9896549784637,-3.8279633590384954,0.778238341968912,965,751,215,0,4.03861517976032,6.0,751,4540.718875364138,4508.765548102132,31.953327262005583,70.94873242756465,0.003983834295318015,0.09959585738295038,6.224741086434399e-05,0.40936886777760195,64
9728,151,152,-271.32036227427324,-4.239380660535519,0.7929969104016478,971,770,216,0,3.949350649350649,6.0,770,5370.1493011679795,5339.357942136037,30.791359031946033,83.90858283074968,0.004291497694261141,0.10728744235652853,6.705465147283032e-05,0.40771686835473453,64
9792,152,153,-275.66995577959227,-4.307343059056129,0.7923728813559322,944,748,193,0,3.962566844919786,6.0,748,4986.768077975523,4956.347291365981,30.42078660954325,77.91825121836754,0.004311448390896591,0.10778620977241478,6.736638110775923e-05,0.4061073876349391,64
9856,153,154,-204.63062655447285,-3.1973535399136384,0.7723577235772358,984,760,206,0,3.8526315789473684,6.0,760,5432.790422395301,5402.756589681565,30.033832713734878,84.88735034992658,0.003614555281227585,0.09036388203068962,5.647742626918101e-05,0.40432984424223384,64
9920,154,155,-305.3951591939563,-4.7717993624055675,0.786833855799373,957,753,215,0,3.755644090305445,6.0,753,5672.3972023938595,5645.155599336571,27.24160305728655,88.63120628740405,0.004596408117605902,0.11491020294014756,7.181887683759222e-05,0.40331005012699017,64
9984,155,156,-446.7870120729019,-6.981047063639092,0.8053830227743272,966,778,193,0,3.8444730077120823,6.0,778,6902.722173778575,6873.642234687922,29.079939090652545,107.85503396529023,0.0060911213138481355,0.1522780328462034,9.517377052887712e-05,0.40321866688239016,64
10048,156,157,-249.97582803888997,-3.905872313107656,0.805094130675526,903,727,189,0,3.715268225584594,6.0,727,5164.3120037819335,5139.900718255349,24.411285526585292,80.69237505909271,0.004010130038233982,0.10025325095584954,6.265828184740596e-05,0.40318792030754164,64
10112,157,158,-290.6559873567009,-4.541499802448452,0.7976570820021299,939,749,185,0,3.6889185580774364,6.0,749,5304.909226931035,5278.6957246492675,26.213502281764335,82.88920667079742,0.004472838262349241,0.11182095655873103,6.988809784920689e-05,0.4025013921627957,64
10176,158,159,-391.26393629252726,-6.1134990045707385,0.7974413646055437,938,748,192,0,3.5120320855614975,6.0,748,5778.540679431306,5754.505754117229,24.03492531407327,90.28969811611415,0.005468321906500242,0.13670804766250605,8.544252978906628e-05,0.40161060609857363,64
10240,159,160,-259.1063994012985,-4.048537490645289,0.8130841121495327,963,783,172,0,3.6436781609195403,6.0,783,5218.918013908973,5193.481016309208,25.43699759976844,81.5455939673277,0.00425281563094232,0.10632039077355801,6.645024423347375e-05,0.4010931928153051,64
10304,160,161,-312.62196570662707,-4.884718214166048,0.8145620022753128,879,716,162,0,3.6927374301675977,6.0,716,5638.265161296056,5614.291618141614,23.97354315444025,88.09789314525088,0.004640561554653083,0.11601403886632707,7.250877429145442e-05,0.400532967670221,64
10368,161,162,-281.778975254947,-4.402796488358547,0.7908992416034669,923,730,194,0,3.7534246575342465,6.0,730,5395.667954726361,5369.719531853893,25.94842287247032,84.30731179259939,0.0043254748612724355,0.10813687153181088,6.75855447073818e-05,0.399700856815451,64
10432,162,163,-300.2754474443219,-4.69180386631753,0.768893756845564,913,702,194,0,3.839031339031339,6.0,702,5696.664807478345,5670.052446322071,26.612361156271106,89.01038761684914,0.004443012358693777,0.11107530896734441,6.942206810459026e-05,0.39880269174008265,64
10496,163,164,-286.5717254850558,-4.477683210703997,0.8178947368421052,950,777,199,0,3.682110682110682,6.0,777,5524.524433021266,5499.041352398881,25.483080622385796,86.32069426595729,0.0044821303955585225,0.11205325988896306,7.003328743060191e-05,0.39860147982030003,64
10560,164,165,-342.8955199441733,-5.357742499127708,0.7599118942731278,908,690,212,0,3.701449275362319,6.0,690,6112.087043099133,6086.3878077387935,25.699235360338054,95.50136004842395,0.00482232355379704,0.12055808884492601,7.534880552807875e-05,0.39883395616966966,64
10624,165,166,-315.3242103915161,-4.926940787367439,0.7776523702031602,886,689,193,0,3.7503628447024675,6.0,689,5374.107169571663,5347.505530019987,26.60163955167717,83.97042452455723,0.00456617375054223,0.11415434376355574,7.134646485222234e-05,0.39944465766705617,64
10688,166,167,-348.4306164193305,-5.444228381552039,0.7881269191402251,977,770,209,0,3.7831168831168833,6.0,770,5518.640509969776,5491.253920865232,27.386589104542914,86.22875796827775,0.005070498691629878,0.12676246729074694,7.922654205671684e-05,0.39991226448165423,64
10752,167,168,-421.7554250973741,-6.58992851714647,0.7754491017964071,1002,777,225,0,3.810810810810811,6.0,777,6171.123302153562,6141.5749187986985,29.54838335486729,96.4238015961494,0.005801044226335485,0.14502610565838714,9.064131603649195e-05,0.4011398203299682,64
10816,168,169,-237.1288439777922,-3.705138187153003,0.7841561423650976,871,683,189,0,3.7364568081991214,6.0,683,4452.321120444307,4425.811933102307,26.509187341997997,69.5675175069423,0.0037752203037070865,0.09438050759267716,5.898781724542323e-05,0.40188356298684386,64
10880,169,170,-290.02510031051173,-4.531642192351746,0.7896865520728008,989,781,204,0,3.787451984635083,6.0,781,5812.884786827474,5784.322012679512,28.562774147962024,90.82632479417929,0.004519261861758092,0.1129815465439523,7.061346658997019e-05,0.40179184070164364,64
10944,170,171,-256.27235712594,-4.004255580092813,0.7747844827586207,928,719,207,0,3.776077885952712,6.0,719,4777.637565332283,4749.4524932649565,28.18507206732424,74.65058695831692,0.004029942070695939,0.10074855176739847,6.296784485462404e-05,0.4019476291810851,64
11008,171,172,-272.02687654295306,-4.250419945983642,0.8051391862955032,934,752,178,0,3.8111702127659575,6.0,752,5202.833750645252,5175.300667702172,27.533082943080665,81.29427735383206,0.004301947103027779,0.10754867757569449,6.721792348480905e-05,0.4018678138206,64
11072,172,173,-272.61640448408934,-4.259631320063896,0.7966101694915254,944,752,208,0,3.752659574468085,6.0,752,5601.34741471581,5573.898270349856,27.449144365953345,87.52105335493454,0.004271944749584601,0.10679861873961502,6.674913671225939e-05,0.4030323356399468,64
11136,173,174,-238.23866611991392,-3.722479158123655,0.7728740581270183,929,718,202,0,3.732590529247911,6.0,718,5066.762071495129,5041.129356601892,25.632714893235892,79.16815736711139,0.0038538779390227666,0.09634694847556917,6.021684279723073e-05,0.4045775221763373,64
11200,174,175,-316.0168266072419,-4.937762915738155,0.7761194029850746,938,728,205,0,3.7967032967032965,6.0,728,5626.587473774563,5596.932357350172,29.65511642439101,87.91542927772754,0.004652554001868403,0.11631385004671006,7.269615627919379e-05,0.40569259466959284,64
11264,175,176,-301.80716858823774,-4.715737009191215,0.7799145299145299,936,730,207,0,3.819178082191781,6.0,730,5505.019966361947,5478.111629776705,26.908336585242278,86.01593697440542,0.004512069199189094,0.11280172997972734,7.050108123732959e-05,0.4067627671394707,64
11328,176,177,-274.4831599486908,-4.288799374198294,0.785132382892057,982,771,205,0,3.8067444876783396,6.0,771,5604.389707206803,5574.488476324498,29.90123088230418,87.5685891751063,0.004339262990573111,0.10848157476432778,6.780098422770487e-05,0.40715813533951456,64
11392,177,178,-264.1092788532494,-4.126707482082022,0.8214285714285714,896,736,180,0,3.808423913043478,6.0,736,4759.594182925875,4732.800961625406,26.793221300468495,74.3686591082168,0.004183283101662183,0.10458207754155459,6.536379846347161e-05,0.40687726849677963,64
11456,178,179,-293.815699424543,-4.590870303508485,0.7926315789473685,950,753,197,0,3.7078353253652057,6.0,753,5456.506318722738,5430.323268134015,26.18305058872251,85.25791123004278,0.004498858367135801,0.11247145917839502,7.029466198649688e-05,0.4065405652486329,64
11520,179,180,-219.47905815302886,-3.429360283641076,0.7809307604994324,881,688,185,0,3.82703488372093,6.0,688,4574.204470799116,4548.92494421027,25.279526588845446,71.47194485623619,0.003615033224040439,0.09037583060101098,5.648489412563186e-05,0.40550830817167155,64
11584,180,181,-258.33398230418476,-4.036468473502887,0.7867494824016563,966,760,193,0,3.656578947368421,6.0,760,5212.161211786925,5185.802956746514,26.358255040410864,81.44001893417071,0.00416599161654454,0.10414979041361351,6.509361900850844e-05,0.40445942107314414,64
11648,181,182,-174.72550165057118,-2.7300859632901746,0.8013698630136986,876,702,183,0,3.7293447293447293,6.0,702,4537.509574893862,4512.296297197797,25.21327769606567,70.8985871077166,0.0032042840464365065,0.08010710116091266,5.0066938225570414e-05,0.40253227760189636,64
11712,182,183,-203.3130275385435,-3.1767660552897423,0.7873303167420814,884,696,187,0,3.795977011494253,6.0,696,5360.209088837302,5333.498410861054,26.710677976247972,83.75326701308285,0.003470524502390006,0.08676311255975015,5.422694534984384e-05,0.4003818092568483,64
11776,183,184,-268.9370241307263,-4.202141002042598,0.7952586206896551,928,738,196,0,3.6571815718157183,6.0,738,5390.013044000991,5362.6956075216685,27.317436479320882,84.21895381251548,0.004216267666103188,0.10540669165257971,6.587918228286232e-05,0.3982712598249171,64
11840,184,185,-204.2163067428623,-3.1908797928572232,0.7695749440715883,894,688,197,0,3.686046511627907,6.0,688,4595.304045127831,4569.10065508534,26.203390042490913,71.80162570512236,0.003449612101625793,0.08624030254064483,5.390018908790302e-05,0.39526022717166365,64
11904,185,186,-194.56613438568021,-3.0400958497762534,0.8148571428571428,875,713,164,0,3.7419354838709675,6.0,713,5400.752688744568,5374.869495758496,25.88319298607328,84.38676076163388,0.003451206574195618,0.08628016435489046,5.3925102721806534e-05,0.39288972592825755,64
11968,186,187,-244.6903961361132,-3.823287439626769,0.8066184074457083,967,780,196,0,3.667948717948718,6.0,780,5787.032928657491,5758.547453304911,28.48547535257825,90.42238951027329,0.004074278622567073,0.10185696556417682,6.366060347761052e-05,0.3919159886400924,64
12032,187,188,-179.87044650155138,-2.8104757265867404,0.7845982142857143,896,703,202,0,3.7539118065433854,6.0,703,4139.18600402842,4113.5991719402045,25.586832088215697,64.67478131294406,0.0032352041181015366,0.08088010295253842,5.055006434533651e-05,0.39103766844796856,64
12096,188,189,-178.41546382865516,-2.787741622322737,0.802247191011236,890,714,160,0,3.6204481792717087,6.0,714,4562.48677745586,4537.260285144883,25.226492310975598,71.28885589774781,0.0032971260259486985,0.08242815064871746,5.1517594155448415e-05,0.389069937788715,64
12160,189,190,-227.23135833975266,-3.5504899740586353,0.7778981581798483,923,718,200,0,3.7284122562674096,6.0,718,4862.641045279279,4835.77821218846,26.86283309081888,75.97876633248873,0.003747879789950238,0.09369699474875595,5.856062171797247e-05,0.3885957603699727,64
12224,190,191,-269.2071599046148,-4.206361873509606,0.8157602663706992,901,735,187,0,3.673469387755102,6.0,735,5060.90038065599,5036.209529322739,24.690851333250592,79.07656844774985,0.004223133280700491,0.10557833201751228,6.598645751094517e-05,0.3887299824990248,64
12288,191,192,-258.03022920191063,-4.031722331279854,0.7774011299435029,885,688,189,0,3.739825581395349,6.0,688,4974.43711160063,4948.352006593093,26.085105007535702,77.72557986875984,0.0039960688943259885,0.09990172235814972,6.243857647384357e-05,0.38840166582546987,64
12352,192,193,-280.41236284492726,-4.381443169451988,0.764021164021164,945,722,213,0,3.682825484764543,6.0,722,5499.3465473769675,5471.408482806026,27.93806457094052,85.92728980276512,0.004270426542826984,0.1067606635706746,6.672541473167162e-05,0.38938829129156277,64
12416,193,194,-271.92136546039046,-4.248771335318601,0.7823660714285714,896,701,208,0,3.690442225392297,6.0,701,5113.462784828438,5088.534595275968,24.928189552469878,79.89785601294435,0.004143377041353199,0.10358442603382997,6.474026627114373e-05,0.39163150407338576,64
12480,194,195,-273.267762526668,-4.269808789479187,0.7783902976846747,907,706,199,0,3.78328611898017,6.0,706,4420.050496877182,4393.945253542025,26.10524333515442,69.06328901370597,0.004179579053570389,0.10448947633925972,6.530592271203732e-05,0.39384040979691504,64
12544,195,196,-363.3755988390535,-5.677743731860211,0.7626262626262627,990,755,229,0,3.8,6.0,755,5967.762522355968,5938.726917667017,29.035604688950382,93.246289411812,0.005157609066140514,0.12894022665351285,8.058764165844553e-05,0.39627102491585264,64
12608,196,197,-420.8285695066606,-6.575446398541572,0.7801268498942917,946,738,207,0,3.8672086720867207,6.0,738,5768.173220903311,5739.098189037902,29.075031865405332,90.12770657661423,0.005721228505117777,0.14303071262794442,8.939419539246526e-05,0.3993302976281218,64
12672,197,198,-224.72220374625195,-3.5112844335351867,0.7590233545647559,942,715,221,0,3.9524475524475524,6.0,715,4385.313677031347,4354.990096599499,30.323580431847518,68.52052620361479,0.003688826831440306,0.09222067078600765,5.763791924125478e-05,0.4004422240582131,64
12736,198,199,-347.81847881521617,-5.434663731487753,0.76033934252386,943,717,233,0,4.104602510460251,6.0,717,5263.373383576436,5231.71655667339,31.656826903048085,82.24020911838181,0.0049088893962796615,0.12272223490699154,7.670139681686971e-05,0.4002937406062088,64
12800,199,200,-347.9860263775978,-5.4372816621499656,0.7809330628803245,986,770,209,0,4.0064935064935066,6.0,770,5532.69460073593,5500.164015040811,32.530585695118816,86.44835313649891,0.005066306210284553,0.12665765525711384,7.916103453569614e-05,0.4014880798313851,64
12864,200,201,-269.31033341666966,-4.2079739596354635,0.7539149888143176,894,674,222,0,3.749258160237389,6.0,674,4188.692979217751,4162.3986415816125,26.294337636139293,65.44832780027735,0.004033636185204273,0.10084090463010682,6.302556539381677e-05,0.4027776781380173,64
12928,201,202,-251.1442261163208,-3.9241285330675124,0.7701793721973094,892,687,210,0,3.8719068413391557,6.0,687,4716.904793629762,4689.137047846592,27.767745783169175,73.70163740046503,0.003897655875666896,0.0974413968916724,6.090087305729525e-05,0.40298561822218487,64
12992,202,203,-253.9161183695507,-3.9674393495242297,0.7849344978165939,916,719,203,0,3.7162726008344924,6.0,719,4709.183470412278,4682.338651363427,26.844819048853772,73.58099172519185,0.0040125508981551485,0.10031377245387871,6.26961077836742e-05,0.402947874916278,64
13056,203,204,-475.36295847380916,-7.427546226153268,0.7783300198807157,1006,783,221,0,3.7049808429118776,6.0,783,6390.253960502713,6360.317365914383,29.936594588330575,99.8477181328549,0.00635567058574548,0.158891764643637,9.930735290227312e-05,0.40422301113059794,64
13120,204,205,-377.1986797418508,-5.893729370966419,0.801063829787234,940,753,192,0,3.6241699867197874,6.0,753,5188.4145063608385,5162.5698889246605,25.844617436178986,81.0689766618881,0.005336390222295739,0.13340975555739348,8.338109722337092e-05,0.40630334447483885,64
13184,205,206,-232.2709390256673,-3.6292334222760516,0.7478260869565218,920,688,224,0,3.806686046511628,6.0,688,3890.6815111991255,3863.547850389429,27.133660809695073,60.791898612486335,0.003695255692212137,0.09238139230530343,5.773837019081464e-05,0.4076075081365338,64
13248,206,207,-333.9828562839793,-5.218482129437176,0.7651598676957001,907,694,205,0,3.7204610951008648,6.0,694,5054.363297074025,5026.026446596934,28.33685047709108,78.97442651678163,0.004750243274565303,0.11875608186413258,7.422255116508286e-05,0.4094881121844996,64
13312,207,208,-230.65550928924634,-3.603992332644474,0.7823721436343852,919,719,208,0,3.917941585535466,6.0,719,4214.816607505872,4187.146003599213,27.670603906659668,65.85650949227924,0.0037720947584966025,0.09430236896241506,5.8938980601509414e-05,0.4108235721702894,64
13376,208,209,-503.95602141783183,-7.874312834653622,0.7633973710819009,989,755,243,0,3.8264900662251655,6.0,755,6317.647807416541,6287.591380146612,30.056427269930907,98.71324699088345,0.006547764512416127,0.16369411281040316,0.00010230882050650199,0.4121943183707335,64
13440,209,210,-257.13659967093133,-4.017759369858302,0.7461873638344226,918,685,223,0,3.7912408759124085,6.0,685,4103.979679883274,4076.4338066612377,27.54587322203611,64.12468249817616,0.003937516927479327,0.09843792318698318,6.152370199186449e-05,0.4128164192759875,64
13504,210,211,-442.92998597311475,-6.920781030829918,0.7808676307007787,899,702,196,0,3.819088319088319,6.0,702,5339.1081431638895,5312.6399057464805,26.468237417409618,83.42356473693577,0.0058674106255369955,0.14668526563842488,9.167829102401555e-05,0.4121953057612211,64
13568,211,212,-448.35403614778147,-7.0055318148090855,0.7874097007223942,969,763,210,0,3.758846657929227,6.0,763,5564.437246080614,5537.826623648901,26.610622431710887,86.9443319700096,0.006048229935369211,0.1512057483842303,9.450359274014393e-05,0.41222930065847974,64
13632,212,213,-363.4836067465769,-5.6794313554152644,0.7797202797202797,858,669,192,0,3.6367713004484306,6.0,669,4622.646064047119,4598.176999323612,24.469064723508044,72.22884475073623,0.00499863630118478,0.1249659075296195,7.810369220601219e-05,0.4111025564366544,64
13696,213,214,-424.45144216975575,-6.632053783902434,0.7956284153005464,915,728,184,0,3.767857142857143,6.0,728,5448.624593496831,5422.153279168615,26.471314328214724,85.13475927338798,0.00575943966978796,0.143985991744699,8.999124484043688e-05,0.41026984039134595,64
13760,214,215,-344.1699280807193,-5.377655126261239,0.7942430703624733,938,745,191,0,3.8161073825503355,6.0,745,5383.923754757493,5355.952371805039,27.971382952453354,84.12380866808583,0.004988563126927635,0.12471407817319087,7.794629885824429e-05,0.40954390149374453,64
13824,215,216,-419.6587898816964,-6.557168591901506,0.7673160173160173,924,709,225,0,3.7094499294781382,6.0,709,5328.542247155834,5302.8308243236,25.711422832234792,83.2584726118099,0.005615947715117944,0.1403986928779486,8.774918304871787e-05,0.4092966689494061,64
13888,216,217,-349.48659247885513,-5.460728007482111,0.7353878852284803,941,692,221,0,3.9147398843930636,6.0,692,4830.044519826979,4800.512012705418,29.532507121560617,75.46944562229655,0.004880081200828801,0.12200203002072003,7.625126876295002e-05,0.4092293708207478,64
13952,217,218,-383.59039782397224,-5.993599965999566,0.7582417582417582,910,690,228,0,3.9043478260869566,6.0,690,4836.322408917718,4807.4701132648515,28.852295652867497,75.56753763933935,0.005206537058598897,0.13016342646497242,8.135214154060777e-05,0.4089559854000355,64
14016,218,219,-335.8036358608391,-5.246931810325611,0.7596471885336273,907,689,217,0,3.865021770682148,6.0,689,4507.641832133097,4479.002997179282,28.638834953815913,70.43190362707963,0.004739576063801667,0.11848940159504166,7.405587599690104e-05,0.40747462338504414,64
14080,219,220,-468.9988652054336,-7.3281072688349,0.778705636743215,958,746,226,0,3.8873994638069704,6.0,746,5770.72785227838,5740.268773366099,30.45907891228187,90.16762269184969,0.0061964447503902315,0.15491111875975577,9.681944922484737e-05,0.40770340955912227,64
14144,220,221,-479.3078995768409,-7.489185930888139,0.7662337662337663,924,708,205,0,3.830508474576271,6.0,708,5549.902792881079,5521.837907211098,28.064885669985443,86.71723113876686,0.006233735577460489,0.15584338943651221,9.740211839782014e-05,0.40788044649203126,64
14208,221,222,-374.95791546662167,-5.858717429165964,0.7467811158798283,932,696,231,0,3.7844827586206895,6.0,696,4884.22381527462,4856.202796157224,28.02101911739338,76.31599711366594,0.005129927290143963,0.12824818225359907,8.015511390849942e-05,0.4071636105230494,64
14272,222,223,-426.6687254907074,-6.666698835792303,0.7834051724137931,928,727,204,0,3.8198074277854195,6.0,727,5626.3586502234875,5597.888156939299,28.470493284191182,87.91185390974199,0.005755964075159508,0.1438991018789877,8.993693867436731e-05,0.4062240475500708,64
14336,223,224,-423.0961860789508,-6.610877907483606,0.7578203834510595,991,751,240,0,3.877496671105193,6.0,751,5653.44207910054,5622.221115546262,31.22096355427635,88.33503248594593,0.005732552783769641,0.14331381959424103,8.957113724640065e-05,0.40568347095908,64
14400,224,225,-266.56730133434735,-4.165114083349177,0.7631284916201118,895,683,226,0,3.834553440702782,6.0,683,4162.034721911303,4133.3721998244955,28.662522086807357,65.0317925298641,0.004022564574708708,0.1005641143677177,6.285257147982356e-05,0.40563427993315004,64
14464,225,226,-248.89487668653177,-3.888982448227059,0.7508493771234428,883,663,204,0,4.0633484162895925,6.0,663,4254.250830550563,4224.7488780776675,29.50195247289357,66.47266922735254,0.0038253569138144003,0.09563392284536,5.9771201778350004e-05,0.40490620795545856,64
14528,226,227,-295.381726858398,-4.615339482162469,0.7830802603036876,922,722,210,0,4.18005540166205,6.0,722,4964.943951098337,4934.041372160879,30.9025789374574,77.57724923591151,0.0044261383810293925,0.11065345952573481,6.915841220358426e-05,0.4058633364687412,64
14592,227,228,-364.4427259055061,-5.694417592273533,0.7653631284916201,895,685,211,0,3.837956204379562,6.0,685,4635.196896233118,4607.8184632782495,27.37843295486573,72.42495150364248,0.005023369437179592,0.1255842359294898,7.849014745593112e-05,0.408065773765224,64
14656,228,229,-435.12206165552243,-6.798782213367538,0.7964601769911505,904,720,173,0,3.825,6.0,720,5504.068518961226,5476.723457466945,27.345061494283108,86.00107060876915,0.005860470025946585,0.14651175064866462,9.156984415541539e-05,0.4097751890054121,64
14720,229,230,-422.28522757260004,-6.598206680821876,0.7783558792924038,961,748,231,0,3.806149732620321,6.0,748,5698.449928493053,5669.455276281274,28.994652211776963,89.03828013270396,0.005727940869424622,0.14319852173561554,8.949907608475971e-05,0.41218933211480213,64
14784,230,231,-510.3037870621612,-7.973496672846268,0.7659804983748646,923,707,220,0,3.7043847241867045,6.0,707,6295.262128861807,6268.0698962343295,27.192232627472055,98.36347076346573,0.006522789687378404,0.1630697421844601,0.00010191858886528757,0.41365380345329406,64
14848,231,232,-412.48989323625665,-6.44515458181651,0.7553418803418803,936,707,214,0,3.760961810466761,6.0,707,5275.474628004365,5250.126058068837,25.348569935528435,82.4292910625682,0.005557682048692364,0.1389420512173091,8.683878201081819e-05,0.4149074558405788,64
14912,232,233,-225.54988300657936,-3.5242169219778026,0.7664233576642335,959,735,221,0,3.802721088435374,6.0,735,4453.801071911179,4425.470470816082,28.330601095097148,69.59064174861217,0.003743481583624341,0.09358703959060853,5.849189974413033e-05,0.4146102016347395,64
14976,233,234,-285.6384262142891,-4.463100409598267,0.7938689217758985,946,751,211,0,3.7496671105193076,6.0,751,5293.346639420274,5265.607571321714,27.739068098566285,82.70854124094178,0.004395035920759865,0.10987589801899664,6.86724362618729e-05,0.41384639095683895,64
15040,234,235,-310.0005618985307,-4.843758779664542,0.7818371607515657,958,749,198,0,3.7222963951935912,6.0,749,4952.728462479803,4924.367382863655,28.361079616148462,77.38638222624692,0.004650661795101458,0.11626654487753646,7.266659054846028e-05,0.4125740267677632,64
15104,235,236,-329.048527503772,-5.141383242246437,0.7936145952109465,877,696,194,0,3.668103448275862,6.0,696,4813.1590569285,4788.983036811104,24.176020117396774,75.20561026450781,0.0047175944769815735,0.11793986192453934,7.371241370283709e-05,0.4106781435831729,64
15168,236,237,-305.1000225804934,-4.767187852820209,0.7448132780082988,964,718,235,0,3.7701949860724233,6.0,718,5360.389540211078,5332.509848111615,27.87969209946415,83.7560865657981,0.0044821763974077795,0.11205440993519449,7.003400620949655e-05,0.40887247279629346,64
15232,237,238,-330.0691508592025,-5.157330482175039,0.7839305103148752,921,722,198,0,3.871191135734072,6.0,722,5420.712909663248,5392.490887432418,28.222022230829996,84.69863921348825,0.004783800585384681,0.11959501463461703,7.474688414663564e-05,0.4066308082163124,64
15296,238,239,-221.6997669128295,-3.4640588580129608,0.7790948275862069,928,723,206,0,3.8934993084370677,6.0,723,5072.743115814139,5043.946535100915,28.7965807132258,79.26161118459592,0.003693857201251004,0.0923464300312751,5.771651876954694e-05,0.4045764645511813,64
15360,239,240,-369.00372936637893,-5.765683271349671,0.7585470085470085,936,710,230,0,3.9380281690140846,6.0,710,5437.5782419556945,5407.210791574308,30.36745038138771,84.96216003055773,0.005104911553913781,0.12762278884784453,7.976424302990283e-05,0.40348234961915697,64
15424,240,241,-229.31719411095648,-3.583081157983695,0.7554585152838428,916,692,217,0,3.9364161849710984,6.0,692,4253.0601719472825,4223.73118027013,29.32899167715297,66.45406518667629,0.003683432569132296,0.0920858142283074,5.7553633892692124e-05,0.40258051979371606,64
15488,241,242,-332.9114561720597,-5.201741502688432,0.7525879917184265,966,727,247,0,3.8954607977991746,6.0,727,5777.466852443856,5747.726986656709,29.739865787145057,90.27291956943525,0.004766966737495983,0.11917416843739957,7.448385527337473e-05,0.4019909182538351,64
15552,242,243,-279.8041585499583,-4.371939977343098,0.7695516162669447,959,738,211,0,3.813008130081301,6.0,738,4799.819726929259,4772.005985358826,27.81374157043328,74.99718323326967,0.004304709070141252,0.10761772675353129,6.726107922095706e-05,0.4010653919758659,64
15616,243,244,-275.88369658656774,-4.310682759165121,0.7601760176017601,909,691,218,0,3.8958031837916063,6.0,691,5154.825893499299,5126.174540077355,28.651353421943583,80.54415458592655,0.004148375684149263,0.10370939210373156,6.481837006483223e-05,0.4004917462156419,64
15680,244,245,-262.9143033692799,-4.108035990144998,0.7502623294858342,953,715,237,0,3.9160839160839163,6.0,715,5139.792885226165,5108.505478343215,31.287406882949316,80.30926383165882,0.004050568495445778,0.10126421238614446,6.329013274134028e-05,0.39992804145600924,64
15744,245,246,-308.16572588151365,-4.815089466898651,0.7619047619047619,987,752,237,0,4.099734042553192,6.0,752,5423.699589106307,5389.94578790013,33.753801206174785,84.74530607978605,0.004591536134267581,0.11478840335668952,7.174275209793095e-05,0.39907019348752004,64
15808,246,247,-189.58485379945384,-2.9622633406164662,0.7483221476510067,894,669,228,0,4.056801195814649,6.0,669,3891.754669278175,3861.5731173635186,30.18155191465763,60.80866670747148,0.003218647861453402,0.08046619653633505,5.0291372835209405e-05,0.3978168569527348,64
15872,247,248,-224.04983325348547,-3.5007786445857105,0.7767195767195767,945,734,215,0,4.005449591280654,6.0,734,4865.273289064063,4835.590511609586,29.682777454479204,76.01989514162598,0.003735241620626983,0.09338104051567457,5.8363150322296606e-05,0.39628395801883287,64
15936,248,249,-171.80800448564167,-2.684500070088151,0.7626931567328918,906,691,207,0,3.8842257597684515,6.0,691,4243.136099740116,4214.190791098534,28.94530864158492,66.29900155843931,0.003118900012528817,0.07797250031322042,4.8732812695762765e-05,0.39489720190600275,64
16000,249,250,-267.47457429492226,-4.17929022335816,0.7785388127853882,876,682,190,0,3.9281524926686218,6.0,682,5124.075312812857,5096.016847919312,28.058464893545985,80.0636767627009,0.004073732763835142,0.10184331909587854,6.365207443492409e-05,0.3943377552035205,64
16064,250,251,-166.7337048256225,-2.6052141379003517,0.7745535714285714,896,694,205,0,4.181556195965418,6.0,694,4298.397308719969,4268.465956697274,29.93135202269438,67.16245794874952,0.0030777517048390284,0.07694379262097571,4.808987038810982e-05,0.3942683834658305,64
16128,251,252,-239.26425370549944,-3.738503964148429,0.7703703703703704,945,728,226,0,3.868131868131868,6.0,728,4859.602964290357,4831.21060260174,28.392361688617356,75.93129631703682,0.003858984517179542,0.09647461292948856,6.0296633080930344e-05,0.3945022302232841,64
16192,252,253,-283.1795751955459,-4.424680862430405,0.755741127348643,958,724,226,0,4.056629834254144,6.0,724,6297.697698855427,6266.471431459089,31.226267396339182,98.40152654461605,0.004287004257347394,0.10717510643368484,6.698444152105303e-05,0.3951801352845399,64
16256,253,254,-303.9895304514582,-4.749836413304035,0.7448979591836735,980,730,244,0,3.9027397260273973,6.0,730,5954.101462786692,5923.309672556017,30.791790230673094,93.03283535604206,0.004490316088089973,0.11225790220224932,7.016118887640583e-05,0.396103535696363,64
16320,254,255,-209.3745568179537,-3.2714774502805266,0.7560175054704595,914,691,225,0,3.952243125904486,6.0,691,4812.920387834357,4784.017073210978,28.90331462337942,75.20188105991183,0.0034718319636267915,0.08679579909066978,5.424737443166862e-05,0.39652629162316855,64
16384,255,256,-325.8678618929663,-5.091685342077598,0.7727771679473107,911,704,211,0,3.883522727272727,6.0,704,6040.242191068999,6012.830776036559,27.411415032440438,94.37878423545311,0.004686251247484369,0.11715628118710922,7.322267574194326e-05,0.39798427438150286,64
16448,256,257,-218.11963385599,-3.408119278999844,0.7839366515837104,884,693,197,0,3.8383838383838382,6.0,693,4896.886962668525,4870.209276698383,26.67768597014304,76.5138587916957,0.0035998577305903063,0.08999644326475766,5.6247777040473536e-05,0.3999277685723033,64
16512,257,258,-231.86487412979295,-3.622888658278015,0.7765726681127982,922,716,202,0,3.850558659217877,6.0,716,4828.054467291405,4800.455703389564,27.598763901838737,75.4383510514282,0.003788561350992536,0.0947140337748134,5.9196271109258375e-05,0.4003382188234389,64
16576,258,259,-258.1181224069241,-4.033095662608189,0.7570977917981072,951,720,236,0,3.888888888888889,6.0,720,5229.572711678025,5199.697359913252,29.87535176477472,81.71207361996915,0.0040171168153725996,0.10042792038431499,6.276745024019687e-05,0.40093360773528086,64
16640,259,260,-239.17140225329373,-3.7370531602077146,0.7684989429175476,946,727,219,0,3.7757909215955983,6.0,727,4973.495054996549,4945.372370581858,28.12268441469134,77.71086023432107,0.0038655224706680646,0.09663806176670162,6.039878860418851e-05,0.40167319764324505,64
16704,260,261,-320.2164636144643,-5.003382243976005,0.7916230366492146,955,756,199,0,3.7751322751322753,6.0,756,6329.15323794087,6302.193388527096,26.959849413772783,98.8930193428261,0.004770262675134048,0.1192565668783512,7.45353542989695e-05,0.4020166079742743,64
16768,261,262,-297.83262877040465,-4.653634824537573,0.7745604963805585,967,749,215,0,3.608811748998665,6.0,749,5818.590565192281,5791.838533692434,26.752031499846833,90.9154775811294,0.004508273900134311,0.11270684750335777,7.044177968959861e-05,0.40275880318049084,64
16832,262,263,-232.8058809853926,-3.6375918903967595,0.7896440129449838,927,732,194,0,3.7445355191256833,6.0,732,5066.907350689101,5041.209790679664,25.69756000943714,79.1704273545172,0.0038435193083891624,0.09608798270972906,6.005498919358066e-05,0.4029207683769097,64
16896,263,264,-250.8984883762095,-3.9202888808782737,0.7904255319148936,940,743,196,0,3.7537012113055184,6.0,743,5215.665136893089,5188.7611324507825,26.904004442304664,81.49476776395451,0.004047774814485783,0.10119437036214458,6.324648147634036e-05,0.402493624759674,64
16960,264,265,-248.5180761816567,-3.883094940338386,0.7846836847946725,901,707,193,0,3.7284299858557284,6.0,707,4874.157263526742,4848.443810197329,25.713453329413568,76.15870724260535,0.0039422160379232315,0.09855540094808078,6.159712559255049e-05,0.401510282486362,64
17024,265,266,-313.9331658007046,-4.90520571563601,0.791967044284243,971,769,198,0,3.7373211963589075,6.0,769,6339.57949675764,6311.036914140604,28.542582617036352,99.05592963683813,0.004737651003938805,0.11844127509847012,7.402579693654383e-05,0.40123819823609236,64
17088,266,267,-227.38132374163143,-3.552833183462991,0.8112543962485346,853,692,170,0,3.71242774566474,6.0,692,5279.740933010429,5253.848645457031,25.89228755339811,82.49595207828796,0.003722879663432522,0.09307199158581306,5.816999474113316e-05,0.4002394992261383,64
17152,267,268,-194.6531154703748,-3.041454929224606,0.7938844847112118,883,701,184,0,3.9001426533523538,6.0,701,4758.356872976351,4732.007125984823,26.349746991529617,74.34932614025549,0.0033988135973506014,0.08497033993376503,5.3106462458603146e-05,0.3983474095279369,64
17216,268,269,-203.72543819102142,-3.1832099717347098,0.7940267765190525,971,771,200,0,3.8158236057068744,6.0,771,4580.858909217744,4551.308934669145,29.549974548599533,71.57592045652726,0.003637632861875011,0.09094082154687527,5.683801346679705e-05,0.39614811350687584,64
17280,269,270,-275.9697645399805,-4.312027570937195,0.7794432548179872,934,728,199,0,3.875,6.0,728,5550.267455089325,5521.187825615014,29.07962947431179,86.72292898577071,0.0042590310481595275,0.10647577620398818,6.654736012749262e-05,0.3945541668003645,64
17344,270,271,-231.27916633165324,-3.613736973932082,0.7574750830564784,903,684,224,0,3.884502923976608,6.0,684,4593.0295861990435,4564.887633805952,28.14195239309172,71.76608728436005,0.0036775755985308635,0.09193938996327158,5.746211872704474e-05,0.39281880362875926,64
17408,271,272,-219.81524391025255,-3.434613186097696,0.7534246575342466,949,715,226,0,3.9608391608391607,6.0,715,5052.292482020195,5022.386028639737,29.906453380457457,78.94207003156555,0.0036352595222174417,0.09088148805543604,5.6800930034647526e-05,0.3914829904588224,64
17472,272,273,-297.8673494420318,-4.654177335031747,0.7823721436343852,919,719,207,0,4.119610570236439,6.0,719,5531.044710064823,5499.326968938445,31.717741126380336,86.42257359476287,0.004445838110115509,0.11114595275288773,6.946622047055483e-05,0.39073799210351584,64
17536,273,274,-263.2777389435353,-4.1137146709927395,0.7505197505197505,962,722,240,0,3.957063711911357,6.0,722,5792.020596203699,5761.434891408653,30.585704795045952,90.5003218156828,0.004072945524192644,0.1018236381048161,6.363977381551006e-05,0.3897258406354232,64
17600,274,275,-228.3241294166133,-3.5675645221345826,0.7452725250278087,899,670,230,0,3.967164179104478,6.0,670,4339.439445153971,4310.672996782943,28.766448371029966,67.8037413305308,0.0036058170786813252,0.09014542696703313,5.6340891854395707e-05,0.39013312770087516,64
17664,275,276,-311.9959365890752,-4.8749365092043,0.7692307692307693,975,750,212,0,3.7946666666666666,6.0,750,5743.074401571521,5715.575763191864,27.498638379656548,89.73553752455501,0.004656713421453876,0.1164178355363469,7.276114721021681e-05,0.39043431803473083,64
17728,276,277,-341.597647026083,-5.337463234782547,0.7812154696132597,905,707,208,0,3.743988684582744,6.0,707,5553.2694359889,5526.606985305508,26.662450683392553,86.76983493732656,0.004853632214671205,0.12134080536678013,7.583800335423758e-05,0.39149391103572356,64
17792,277,278,-335.51816519467616,-5.242471331166815,0.7586568730325288,953,723,218,0,3.9847856154910097,6.0,723,5473.098806789469,5442.699423835717,30.39938295375219,85.51716885608545,0.004819298713495976,0.12048246783739941,7.530154239837463e-05,0.39275157686260587,64
17856,278,279,-194.72714496275123,-3.042611640042988,0.7662624035281147,907,695,223,0,3.964028776978417,6.0,695,4776.798968109035,4748.136155901348,28.66281220768636,74.63748387670367,0.003338926764746229,0.08347316911865572,5.2170730699159826e-05,0.39346603401799773,64
17920,279,280,-162.76514199227603,-2.543205343629313,0.7834821428571429,896,702,189,0,3.8746438746438745,6.0,702,4242.591151836165,4214.807868425233,27.783283410933112,66.29048674744008,0.0030779877118036116,0.07694969279509029,4.809355799693143e-05,0.3946938573024841,64
17984,280,281,-283.4803099785782,-4.429379843415284,0.7282828282828283,990,721,256,0,3.9084604715672677,6.0,721,5516.414589152262,5484.86560911045,31.548980041811703,86.1939779555041,0.0042463431846584,0.10615857961646001,6.63491122602875e-05,0.3961778041141739,64
18048,281,282,-259.622062618558,-4.056594728414969,0.7854122621564482,946,743,230,0,3.9434724091520863,6.0,743,5533.58673096447,5502.379989202162,31.20674176230886,86.46229267131984,0.004093103301152497,0.10232758252881242,6.395473908050776e-05,0.398552056941743,64
18112,282,283,-367.21382882457135,-5.737716075383927,0.7473684210526316,950,710,232,0,3.8943661971830985,6.0,710,6271.604251231225,6240.505114730466,31.099136500758178,97.99381642548789,0.0050845630184468615,0.12711407546117154,7.944629716323221e-05,0.4001188493484985,64
18176,283,284,-280.45390388485873,-4.382092248200918,0.7570498915401301,922,698,222,0,3.840974212034384,6.0,698,5099.57227466739,5071.054116773888,28.518157893503535,79.68081679167797,0.004203415453902905,0.10508538634757263,6.567836646723289e-05,0.4020286931368026,64
18240,284,285,-247.582331455199,-3.8684739289874845,0.7776572668112798,922,717,209,0,4.072524407252441,6.0,717,4947.102017179484,4915.94484218264,31.157174996843654,77.29846901842944,0.003934787347317726,0.09836968368294316,6.148105230183947e-05,0.404047869606292,64
18304,285,286,-275.6050378109651,-4.3063287157963295,0.7962085308056872,844,672,182,0,3.912202380952381,6.0,672,4927.046523208052,4900.5908446494095,26.455678558644962,76.98510192512582,0.004141176622700903,0.10352941556752257,6.470588472970161e-05,0.40549869869383337,64
18368,286,287,-286.5522461433641,-4.477378845990064,0.759453781512605,952,723,214,0,3.9114799446749653,6.0,723,4945.711432567873,4915.920905203908,29.790527363962653,77.27674113387302,0.004332766458479984,0.1083191614619996,6.769947591374975e-05,0.4071220952657182,64
18432,287,288,-414.2329408055795,-6.47238970008718,0.8073684210526316,950,767,186,0,3.882659713168188,6.0,767,6057.28538764057,6028.345154798324,28.940232842247678,94.6450841818839,0.0057487442010643736,0.14371860502660933,8.982412814163084e-05,0.40895441825202467,64
18496,288,289,-372.85635144061513,-5.825880491259611,0.7895299145299145,936,739,197,0,3.7307171853856564,6.0,739,5790.951871265936,5764.828734171342,26.123137094594046,90.48362298853024,0.0052547848720952105,0.13136962180238027,8.210601362648766e-05,0.4107906380366936,64
18560,289,290,-351.42951974871147,-5.491086246073617,0.7812828601472135,951,743,210,0,3.8398384925975773,6.0,743,5863.180299075335,5834.367160907166,28.813138168165928,91.61219217305211,0.005033296000706163,0.12583240001765408,7.86452500110338e-05,0.4130951315080168,64
18624,290,291,-413.0380899350219,-6.453720155234717,0.7522421524663677,892,671,216,0,3.834575260804769,6.0,671,5571.611290949252,5543.836669117668,27.774621831582344,87.05642642108207,0.005471508057035476,0.1367877014258869,8.549231339117931e-05,0.4144709909095925,64
18688,291,292,-305.66071406706016,-4.775948657297815,0.7478902953586498,948,709,238,0,3.919605077574048,6.0,709,5058.820766954379,5028.9211755617325,29.899591392646926,79.04407448366217,0.004461579112778094,0.11153947781945237,6.971217363715772e-05,0.41728967483450835,64
18752,292,293,-299.9590890395972,-4.686860766243706,0.7826589595375723,865,677,184,0,3.827178729689808,6.0,677,4760.468587706906,4733.649246917256,26.819340789647864,74.3823216829204,0.0043950810896045064,0.10987702724011267,6.867314202507041e-05,0.4187013470085946,64
18816,293,294,-360.6206743565942,-5.634698036821784,0.7714907508161044,919,709,217,0,3.8166431593794075,6.0,709,5609.229693116034,5580.783344344089,28.446348771945043,87.64421395493802,0.0050368739191916,0.12592184797979,7.870115498736875e-05,0.4193934206871498,64
18880,294,295,-396.43276473820254,-6.194261949034415,0.7597826086956522,920,699,210,0,3.739628040057225,6.0,699,5221.193779367587,5195.127449469038,26.06632989854613,81.58115280261855,0.0053802229874115775,0.13450557468528943,8.40659841783059e-05,0.4195530255204416,64
18944,295,296,-402.7684970204177,-6.293257765944027,0.798582995951417,988,789,212,0,3.743979721166033,6.0,789,5816.262657110416,5787.574728976447,28.68792813396673,90.87910401735024,0.005655946691818845,0.14139866729547113,8.837416705966945e-05,0.41949490944332435,64
19008,296,297,-421.45542533044954,-6.585241020788274,0.7783669141039237,943,734,216,0,3.6716621253405997,6.0,734,5258.114814271215,5230.39597413531,27.71884013590521,82.15804397298774,0.0057030632367742725,0.14257658091935682,8.911036307459801e-05,0.41935245591190634,64
19072,297,298,-403.0676494209774,-6.2979320222027715,0.792016806722689,952,754,198,0,3.8143236074270557,6.0,754,5668.220353550679,5639.55896805178,28.661385498899307,88.56594302422936,0.005590568111494692,0.1397642027873673,8.735262674210456e-05,0.4188388982401894,64
19136,298,299,-389.7710516250014,-6.090172681640647,0.750271444082519,921,691,220,0,3.9406657018813314,6.0,691,5351.629670517285,5321.428297182612,30.201373334674756,83.61921360183258,0.005281488695378224,0.1320372173844556,8.252326086528475e-05,0.4184068750076779,64
19200,299,300,-354.04900218844364,-5.532015659194432,0.7689873417721519,948,729,228,0,4.0,6.0,729,5216.367289413819,5185.053458506747,31.313830907072077,81.50573889709092,0.005005448494310108,0.12513621235775269,7.821013272359543e-05,0.41745547965604923,64
19264,300,301,-304.48031581965546,-4.7575049346821165,0.7767955801104972,905,703,194,0,3.9644381223328593,6.0,703,4776.923152118403,4747.618940419933,29.304211698470084,74.63942425185004,0.004489899327034345,0.11224748317585863,7.015467698491164e-05,0.41579519054914366,64
19328,301,302,-371.1656447826861,-5.7994631997294706,0.7528675703858185,959,722,240,0,3.96814404432133,6.0,722,6162.4632603294685,6131.614468836021,30.848791493445404,96.28848844264795,0.005146799498092598,0.12866998745231495,8.041874215769684e-05,0.4144530919414259,64
19392,302,303,-320.9852965818211,-5.015395259090955,0.7532327586206896,928,699,236,0,3.9127324749642347,6.0,699,5042.274367632598,5011.394547769377,30.879819863220114,78.78553699425935,0.004591540268055298,0.11478850670138246,7.174281668836404e-05,0.41346750676871113,64
19456,303,304,-333.710981787562,-5.214234090430656,0.7473572938689218,946,707,223,0,3.908062234794908,6.0,707,4953.853962283445,4923.56420157042,30.289760713026027,77.40396816067883,0.004757186797801702,0.11892966994504256,7.43310437156516e-05,0.4113287740458682,64
19520,304,305,-346.6801435928111,-5.416877243637673,0.7843784378437844,909,713,212,0,4.012622720897616,6.0,713,4835.643942224144,4806.313147858003,29.33079436613856,75.55693659725225,0.0049114671031468314,0.12278667757867079,7.674167348666924e-05,0.4102013385982127,64
19584,305,306,-232.02948140963906,-3.6254606470256103,0.7759626604434072,857,665,187,0,3.956390977443609,6.0,665,3662.9705569037924,3635.7810691827603,27.189487721032137,57.233914951621756,0.0036835137142613586,0.09208784285653397,5.755490178533373e-05,0.4091170863142017,64
19648,306,307,-386.9384056280102,-6.045912587937659,0.7575442247658689,961,728,234,0,4.016483516483516,6.0,728,5321.956954994465,5290.593823629374,31.36313136509319,83.15557742178852,0.005323508541253754,0.13308771353134385,8.31798209570899e-05,0.40780216753972043,64
19712,307,308,-329.3138556608985,-5.1455289947015395,0.7643243243243243,925,707,215,0,3.9915134370579914,6.0,707,5065.378139164207,5035.492035647039,29.88610351716855,79.14653342444073,0.004721833683068426,0.11804584207671066,7.377865129794416e-05,0.4080587850210601,64
19776,308,309,-326.9615759708543,-5.108774624544599,0.7508232711306256,911,684,227,0,3.9195906432748537,6.0,684,4697.676151906956,4669.181435904992,28.494716001965177,73.40118987354619,0.004629254808977218,0.11573137022443045,7.233210639026903e-05,0.4074103491103053,64
19840,309,310,-283.936999330032,-4.43651561453175,0.7631874298540965,891,680,201,0,3.9911764705882353,6.0,680,4622.452838320358,4592.354442844223,30.098395476134428,72.22582559875559,0.004218915882220581,0.10547289705551452,6.592056065969657e-05,0.40642145969930615,64
19904,310,311,-329.79575379618063,-5.153058653065322,0.7678767876787679,909,698,219,0,3.9842406876790832,6.0,698,5004.617173173723,4973.638475554185,30.978697619540732,78.19714333083942,0.0046996143231111025,0.11749035807777757,7.343147379861098e-05,0.40632675981638133,64
19968,311,312,-252.86733195119595,-3.9510520617374367,0.759825327510917,916,696,226,0,3.913793103448276,6.0,696,4024.469166961564,3994.9813089793934,29.487857982170055,62.88233073377444,0.003915673811153615,0.09789184527884039,6.118240329927524e-05,0.4077838006731425,64
20032,312,313,-407.3580819470285,-6.36497003042232,0.7628140703517587,995,759,234,0,3.8945981554677207,6.0,759,5209.691261364082,5179.137207702896,30.554053661186714,81.40142595881377,0.005600312938995693,0.14000782347489232,8.750488967180771e-05,0.4093935284599357,64
20096,313,314,-403.1355070966293,-6.2989922983848325,0.760043431053203,921,700,219,0,3.842857142857143,6.0,700,5314.48478433091,5286.020875108734,28.463909222177655,83.03882475517047,0.005437303922468639,0.13593259806171598,8.495787378857248e-05,0.4111646861047906,64
20160,314,315,-333.1732191772719,-5.2058315496448735,0.748898678414097,908,680,215,0,3.8705882352941177,6.0,680,5202.569344684633,5173.993250917828,28.576093766801293,81.29014601069738,0.004693747759647859,0.11734369399119648,7.33398087444978e-05,0.41261947221218065,64
20224,315,316,-405.4185092381248,-6.3346642068457,0.7936333699231614,911,723,199,0,3.843706777316736,6.0,723,5527.773706832377,5498.979431616345,28.794275216030503,86.37146416925589,0.005538428135475286,0.13846070338688216,8.653793961680135e-05,0.41366837621781327,64
20288,316,317,-423.3159012993873,-6.614310957802926,0.7536997885835095,946,713,218,0,3.85273492286115,6.0,713,5419.21273378402,5389.644340920317,29.568392863703615,84.67519896537532,0.005669964200123117,0.14174910500307794,8.859319062692371e-05,0.41482596503670244,64
20352,317,318,-469.1046171183201,-7.329759642473752,0.8191721132897604,918,752,188,0,3.8218085106382977,6.0,752,6061.775436737154,6034.113934444374,27.66150229278052,94.71524119901804,0.006258303225884807,0.15645758064712018,9.778598790445011e-05,0.4154694605452857,64
20416,318,319,-344.44098852730383,-5.381890445739122,0.7917133258678611,893,707,197,0,3.6421499292786423,6.0,707,4470.685478328399,4445.889910435977,24.795567892420017,69.85446059888123,0.004896619786797763,0.12241549466994407,7.650968416871504e-05,0.41489080050568217,64
20480,319,320,-319.5196069912711,-4.9924938592386106,0.7877358490566038,848,668,163,0,3.6362275449101795,6.0,668,4472.749560481059,4450.408124075165,22.341436405894918,69.88671188251655,0.0045947019274143915,0.11486754818535978,7.179221761584987e-05,0.4126357267152526,64
20544,320,321,-307.55057271767254,-4.805477698713633,0.816,875,714,170,0,3.6316526610644257,6.0,714,4695.734544514364,4671.791513657368,23.943030856994643,73.37085225803693,0.004577099701289782,0.11442749253224455,7.151718283265284e-05,0.4099223633984586,64
20608,321,322,-294.4040752259526,-4.60006367540551,0.7883995703544576,931,734,190,0,3.64850136239782,6.0,734,4782.254135430086,4756.923697865563,25.33043756452264,74.72272086609509,0.004466648779152382,0.11166621947880954,6.979138717425596e-05,0.40734518562785704,64
20672,322,323,-427.1934006900881,-6.674896885782626,0.7851690294438386,917,720,201,0,3.629166666666667,6.0,720,5119.84451073509,5094.792076607307,25.052434127785332,79.99757048023578,0.005747767705248322,0.14369419263120806,8.980887039450504e-05,0.40446973121871566,64
20736,323,324,-401.49129198239734,-6.2733014372249585,0.8115015974440895,939,762,178,0,3.715223097112861,6.0,762,5823.317731587978,5796.264201937213,27.0535296507656,90.98933955606216,0.005619957213956971,0.14049893034892427,8.781183146807767e-05,0.40253194971606665,64
20800,324,325,-488.3835761056234,-7.630993376650365,0.7642276422764228,984,752,218,0,3.8643617021276597,6.0,752,5945.339202308549,5915.648570890079,29.690631418468556,92.89592503607108,0.006413187424845537,0.16032968562113842,0.00010020605351321152,0.40150455466172547,64
20864,325,326,-256.49547637052785,-4.007741818289498,0.7627695800227015,881,672,230,0,3.7738095238095237,6.0,672,4293.983520584883,4267.133519042047,26.850001542835546,67.0934925091388,0.0038925731523393255,0.09731432880848313,6.082145550530196e-05,0.4005700332561955,64
20928,326,327,-245.46728289055778,-3.8354262951649654,0.7633832976445396,934,713,198,0,3.9046283309957923,6.0,713,5015.957156801084,4987.094620503631,28.862536297454163,78.37433057501694,0.003919577673013351,0.09798944182533378,6.124340114083361e-05,0.3992256664509816,64
20992,327,328,-240.1160899126954,-3.7518139048858656,0.7995444191343963,878,702,186,0,3.921652421652422,6.0,702,4654.902026650043,4627.9976182156,26.904408434442715,72.73284416640692,0.003853528255148575,0.09633820637871437,6.021137898669649e-05,0.3977416236217223,64
21056,328,329,-265.1356737259997,-4.1427449019687455,0.7862767154105736,889,699,189,0,3.7496423462088697,6.0,699,4812.618690769521,4785.98644423501,26.632246534512063,75.19716704327377,0.004091852450988932,0.1022963112747233,6.393519454670206e-05,0.3962958810878288,64
21120,329,330,-385.96747113960396,-6.030741736556312,0.8036286019210246,937,753,193,0,3.7941567065073043,6.0,753,5365.9121696859365,5338.9110670317295,27.001102654209095,83.84237765134276,0.005425103558626853,0.13562758896567131,8.476724310354458e-05,0.39504926691067804,64
21184,330,331,-455.0619105067303,-7.110342351667661,0.7609805924412666,979,745,219,0,3.8335570469798657,6.0,745,6153.92195700054,6124.472967162416,29.448989838125073,96.15503057813343,0.006063172950008649,0.15157932375021624,9.473707734388515e-05,0.39392125942649736,64
21248,331,332,-331.516734293554,-5.179948973336781,0.787257019438445,926,729,195,0,3.764060356652949,6.0,729,5230.776707583929,5204.479607050653,26.29710053327519,81.7308860559989,0.00481888573613204,0.12047214340330101,7.529508962706313e-05,0.3929055261301495,64
21312,332,333,-235.46582866886058,-3.6791535729509466,0.7857142857142857,924,726,207,0,3.8567493112947657,6.0,726,5244.550501441259,5217.104552960063,27.44594848119499,81.94610158501968,0.0038373324623961935,0.09593331155990484,5.9958319724940524e-05,0.3914892512827757,64
21376,333,334,-258.99356788753386,-4.0467744982427165,0.7874186550976139,922,726,208,0,3.8581267217630852,6.0,726,5082.18296494842,5055.854868142718,26.32809680570215,79.40910882731906,0.004073630504630899,0.10184076261577246,6.365047663485779e-05,0.3908512708706,64
21440,334,335,-273.7205069637031,-4.276882921307861,0.7757313109425785,923,716,197,0,3.7164804469273744,6.0,716,5524.592566413546,5497.8150468858585,26.7775195276863,86.32175885021165,0.0042095992850023824,0.10523998212505956,6.577498882816223e-05,0.3907205574723147,64
21504,335,336,-198.70201012004014,-3.1047189081256272,0.7544843049327354,892,673,217,0,3.7013372956909363,6.0,673,4820.464811526001,4795.974755461361,24.49005606463779,75.31976268009376,0.0033331360127328877,0.08332840031832218,5.208025019895137e-05,0.3913284185545368,64
21568,336,337,-191.53929154591367,-2.992801430404901,0.783157894736842,950,744,197,0,3.935483870967742,6.0,744,4872.836634692258,4843.8440564124485,28.9925782798083,76.13807241706652,0.0034567290240112404,0.086418225600281,5.401139100017563e-05,0.3915656752232255,64
21632,337,338,-196.3988629540743,-3.068732233657411,0.7678958785249458,922,708,223,0,3.957627118644068,6.0,708,4591.019808328481,4561.741110119127,29.278698209352186,71.73468450513252,0.0033859083551241436,0.08464770887810359,5.2904818048814744e-05,0.3912779243504788,64
21696,338,339,-198.26962610656648,-3.097962907915101,0.7652081109925294,937,717,210,0,3.8465829846582986,6.0,717,4565.467789960309,4537.998661048798,27.469128911512225,71.33543421812983,0.0034434989841069584,0.08608747460267396,5.3804671626671225e-05,0.39047604593171914,64
21760,339,340,-157.67028968680853,-2.4635982763563833,0.7701657458563536,905,697,216,0,3.9483500717360114,6.0,697,4617.676788857098,4588.543979854488,29.132809002609577,72.15119982589215,0.0029824916051336835,0.07456229012834209,4.6601431330213805e-05,0.38988565422385335,64
21824,340,341,-258.96943943607357,-4.0463974911886496,0.7881448957189902,911,718,205,0,3.777158774373259,6.0,718,5214.0913878825495,5187.0989972771185,26.9923906054313,81.47017793566484,0.0040578755666278166,0.10144688916569541,6.340430572855963e-05,0.3903149648163864,64
21888,341,342,-313.2513185867184,-4.894551852917475,0.7681159420289855,897,689,202,0,3.772133526850508,6.0,689,5203.12139558096,5177.8598008996,25.261594681356137,81.2987718059525,0.004532842883028846,0.11332107207572115,7.082567004732572e-05,0.3921160054960303,64
21952,342,343,-277.3394282360262,-4.3334285661879095,0.7704239917269907,967,745,209,0,3.7812080536912753,6.0,745,5263.433260075905,5234.3835566485195,29.049703427385975,82.24114468868602,0.004300930597773125,0.10752326494432812,6.720204059020508e-05,0.3931629983553322,64
22016,343,344,-241.48480250723156,-3.773200039175493,0.8129411764705883,850,691,163,0,3.6410998552822,6.0,691,5326.316544473944,5301.577140089301,24.739404384642437,83.22369600740538,0.0038702461285869756,0.09675615321467439,6.0472595759171494e-05,0.3934875086159582,64
22080,344,345,-222.88356164848676,-3.4825556507576056,0.8075221238938053,904,730,186,0,3.8219178082191783,6.0,730,5116.013085946635,5089.568977822026,26.44410812461237,79.93770446791618,0.00374861117713952,0.093715279428488,5.8572049642805e-05,0.394507760671477,64
22144,345,346,-256.23944883281655,-4.003741388012759,0.7652838427947598,916,701,203,0,3.817403708987161,6.0,701,5829.110425252946,5802.11661048895,26.993814763995037,91.07985039457728,0.003993858841939769,0.09984647104849423,6.240404440530889e-05,0.394893225450072,64
22208,346,347,-258.280711149655,-4.03563611171336,0.7582089552238805,1005,762,235,0,3.729658792650919,6.0,762,5489.0186709428335,5460.044016924914,28.97465401791706,85.76591673348177,0.004119652162344588,0.1029913040586147,6.436956503663419e-05,0.39497517343445165,64
22272,347,348,-277.2752987725585,-4.332426543321226,0.7698237885462555,908,699,221,0,3.8898426323319026,6.0,699,5303.686187579565,5274.74125216331,28.944935416256378,82.8700966809307,0.004175958381435868,0.10439895953589669,6.524934970993543e-05,0.3946581913348871,64
22336,348,349,-228.07771626782358,-3.5637143166847434,0.7570621468926554,885,670,212,0,3.717910447761194,6.0,670,5218.1820270940225,5191.893016578029,26.28901051599222,81.5340941733441,0.0036264849276965152,0.09066212319241287,5.666382699525805e-05,0.3935495268016635,64
22400,349,350,-226.45326064816592,-3.5383321976275925,0.7794871794871795,975,760,208,0,3.8697368421052634,6.0,760,5186.747362577206,5157.13924511936,29.608117457846465,81.04292754026885,0.003831352710679671,0.09578381776699177,5.986488610436986e-05,0.3921381860873058,64
22464,350,351,-273.615614821982,-4.275243981593468,0.775950668036999,973,755,227,0,3.989403973509934,6.0,755,5793.297650096316,5762.9584536736875,30.339196422627676,90.52027578275494,0.004265793464683595,0.10664483661708987,6.665302288568117e-05,0.3914457866171142,64
22528,351,352,-143.07866467167588,-2.2356041354949356,0.7926421404682275,897,711,182,0,3.852320675105485,6.0,711,4023.9881936464776,3996.401949808902,27.58624383757461,62.87481552572621,0.002911847227259772,0.07279618068149431,4.549761292593394e-05,0.3895025390168345,64
22592,352,353,-271.04567744019045,-4.235088710002976,0.7709437963944857,943,727,222,0,3.916093535075653,6.0,727,5942.390772926213,5913.454447781456,28.936325144756207,92.84985582697207,0.004179532091197022,0.10448830227992555,6.530518892495347e-05,0.3876744273862744,64
22656,353,354,-239.1116118540556,-3.736118935219619,0.7485907553551296,887,664,222,0,3.9171686746987953,6.0,664,5135.3299877058835,5107.582549076911,27.747438628976138,80.23953105790443,0.0037088676733592696,0.09272169183398174,5.795105739623859e-05,0.3859350609326425,64
22720,354,355,-233.3309059865603,-3.645795406040005,0.7281153450051493,971,707,269,0,3.8840169731258842,6.0,707,5211.500324058394,5181.5020789367645,29.99824512163013,81.4296925634124,0.0036974310099322848,0.09243577524830712,5.777235953019195e-05,0.3841899939096706,64
22784,355,356,-273.4174052951545,-4.272146957736789,0.782559456398641,883,691,195,0,3.813314037626628,6.0,691,5335.801815643077,5308.373483892751,27.428331750325043,83.37190336942308,0.004149150498134557,0.10372876245336392,6.483047653335245e-05,0.3826908150485806,64
22848,356,357,-214.10048307073652,-3.345320047980258,0.73224043715847,915,670,230,0,3.8746268656716416,6.0,670,4639.471449522212,4609.269441627085,30.202007895128382,72.49174139878457,0.003464720575494977,0.08661801438737442,5.4136258992109014e-05,0.3810962544780949,64
22912,357,358,-270.8112317082125,-4.231425495440821,0.7573529411764706,952,721,230,0,3.9195561719833565,6.0,721,6065.101522286931,6034.291659875153,30.809862411778184,94.7672112857333,0.0041524010781936885,0.10381002695484222,6.488126684677638e-05,0.3816126508492705,64
22976,358,359,-241.48846991331953,-3.7732573423956177,0.7568455640744798,913,691,228,0,3.894356005788712,6.0,691,5085.627752692519,5056.89704508444,28.73070760807908,79.4629336358206,0.0037892623697997406,0.09473155924499352,5.9207224528120947e-05,0.3826678738040963,64
23040,359,360,-179.75733999342748,-2.8087084373973044,0.8002159827213823,926,741,190,0,3.8947368421052633,6.0,741,4988.77774897217,4959.885058294784,28.892690677387062,77.94965232769016,0.003340104030280552,0.0835026007570138,5.2189125473133624e-05,0.3825704410968803,64
23104,360,361,-214.63874568029462,-3.3537304012546034,0.7695560253699789,946,728,221,0,3.9368131868131866,6.0,728,5450.797594388008,5421.112471054774,29.6851233332303,85.16871241231263,0.0036204305811278256,0.09051076452819563,5.6569227830122274e-05,0.38322053567732894,64
23168,361,362,-221.77478807918777,-3.465231063737309,0.746031746031746,945,705,231,0,3.7702127659574467,6.0,705,5211.997230215657,5182.790702489004,29.206527726655164,81.43745672211963,0.003624320498301297,0.09060801245753242,5.663000778595776e-05,0.38581462264118094,64
23232,362,363,-285.407849981699,-4.4594976559640465,0.7562296858071506,923,698,223,0,3.820916905444126,6.0,698,5518.565761361498,5491.144694661338,27.421066700159734,86.2275900212734,0.004251746940645764,0.1062936735161441,6.643354594759007e-05,0.3886859361989602,64
23296,363,364,-296.6487006075589,-4.635135946993108,0.7803590285110876,947,739,215,0,3.8024357239512856,6.0,739,5711.392044090736,5684.274428956911,27.117615133826945,89.24050068891775,0.004471410151844826,0.11178525379612066,6.986578362257541e-05,0.39118598822080713,64
23360,364,365,-290.0333614479679,-4.531771272624498,0.7793326157158235,929,724,202,0,3.6919889502762433,6.0,724,5252.27424062553,5225.682748881912,26.59149174361484,82.06678500977391,0.004385453481895589,0.10963633704738972,6.852271065461857e-05,0.3937730190376603,64
23424,365,366,-158.73545135141615,-2.4802414273658773,0.7954309449636553,963,766,199,0,3.8302872062663185,6.0,766,4852.366238428045,4825.370266446163,26.995971981881592,75.8182224754382,0.0031787428684741346,0.07946857171185337,4.9667857319908354e-05,0.3956116888630145,64
23488,366,367,-267.46922089501265,-4.179206576484573,0.7816979051819184,907,709,205,0,3.7461212976022567,6.0,709,4624.299179248492,4598.471454582455,25.82772466603585,72.25467467575768,0.004120592370104401,0.10301480925261003,6.438425578288127e-05,0.39676814426231133,64
23552,367,368,-250.79932908017523,-3.918739516877738,0.7387096774193549,930,687,232,0,3.6768558951965065,6.0,687,4773.660431719801,4745.953183854685,27.707247865113615,74.58844424562189,0.0038683266559605438,0.0967081663990136,6.0442603999383496e-05,0.39767819901710677,64
23616,368,369,-241.4026353307401,-3.7719161770428142,0.7852631578947369,950,746,213,0,3.8431635388739944,6.0,746,5295.879395048526,5267.314890862397,28.564504186127255,82.74811554763322,0.003938958997645751,0.09847397494114378,6.154623433821486e-05,0.3997137606050791,64
23680,369,370,-239.24051977034202,-3.738133121411594,0.753688989784336,881,664,221,0,3.8900602409638556,6.0,664,4766.799517413407,4739.035894421678,27.763622991727157,74.48124245958448,0.0037112972221422526,0.09278243055355631,5.79890190959727e-05,0.4012762269912977,64
23744,370,371,-247.1310135899361,-3.8614220873427514,0.7229800629590766,953,689,240,0,3.811320754716981,6.0,689,4734.882267568411,4704.728694614918,30.153572953493764,73.98253543075643,0.0038268649160612058,0.09567162290153014,5.979476431345634e-05,0.4022439520444402,64
23808,371,372,-332.23803734186816,-5.19121933346669,0.7997737556561086,884,707,190,0,3.782178217821782,6.0,707,5060.858105993092,5033.963089097899,26.89501689519223,79.07590790614206,0.0047787188684163,0.1194679717104075,7.466748231900469e-05,0.40297535140397767,64
23872,372,373,-288.9981325332693,-4.515595820832333,0.7701149425287356,957,737,219,0,3.8493894165535956,6.0,737,5274.015255699456,5244.074776905625,29.94047879383224,82.406488370304,0.00438718175443191,0.10967954386079774,6.854971491299859e-05,0.4036602257742224,64
23936,373,374,-263.45463914070257,-4.116478736573478,0.7378435517970402,946,698,247,0,3.793696275071633,6.0,698,4579.313068188614,4551.2694436719485,28.043624516666824,71.5517666904471,0.004003998536797251,0.10009996341993127,6.256247713745704e-05,0.4044608346536128,64
24000,374,375,-324.0585631889288,-5.063415049827013,0.7883369330453563,926,730,204,0,3.826027397260274,6.0,730,5437.872278194513,5410.091497729807,27.780780464703117,84.96675434678926,0.004737125474833133,0.11842813687082832,7.40175855442677e-05,0.4063206638724897,64
24064,375,376,-252.07275517251054,-3.938636799570477,0.7562296858071506,923,698,206,0,3.7249283667621778,6.0,698,4847.032423794188,4819.4310861076665,27.60133768652096,75.73488162178418,0.00393705694133831,0.09842642353345775,6.151651470841109e-05,0.4074817118152801,64
24128,376,377,-166.397297517494,-2.5999577737108437,0.7679558011049724,905,695,234,0,3.9237410071942445,6.0,695,4120.029042443876,4092.05000431516,27.97903812871635,64.37545378818557,0.0030413727827384176,0.07603431956846043,4.7521449730287775e-05,0.4083906248658222,64
24192,377,378,-275.6512219147345,-4.307050342417726,0.7635983263598326,956,730,211,0,3.7904109589041095,6.0,730,5034.9569491968505,5006.330003712953,28.626945483898634,78.67120233120079,0.0042447000329972045,0.10611750082493011,6.632343801558132e-05,0.4086555825149357,64
24256,378,379,-243.36333568467919,-3.8025521200731123,0.7235421166306696,926,670,254,0,3.8223880597014928,6.0,670,4440.311922626271,4412.163770297864,28.148152328408163,69.37987379103548,0.0037288961973700983,0.09322240493425246,5.8264003083907787e-05,0.40901139766591527,64
24320,379,380,-238.3531785814356,-3.7242684153349312,0.742639040348964,917,681,231,0,3.81791483113069,6.0,681,4380.064371544973,4352.0043527387525,28.060018806220388,68.43850580539021,0.0037295296010505714,0.09323824002626428,5.827390001641518e-05,0.4085018428302937,64
24384,380,381,-225.5083854310463,-3.5235685223600983,0.7555066079295154,908,686,242,0,3.912536443148688,6.0,686,4340.554504412159,4312.317674154052,28.23683025810752,67.82116413143999,0.0036020507774500252,0.09005126943625064,5.6282043397656644e-05,0.40755786572597286,64
24448,381,382,-229.4605609579424,-3.58532126496785,0.7565582371458552,953,721,226,0,3.807212205270458,6.0,721,4759.397234576471,4730.1860841988055,29.211150377665486,74.36558179025737,0.003746317966508831,0.09365794916272079,5.853621822670049e-05,0.40719944603961944,64
24512,382,383,-235.78719522310683,-3.6841749253610443,0.7284090909090909,880,641,235,0,3.8689547581903274,6.0,641,4234.19331121511,4205.623921101032,28.569390114076395,66.1592704877361,0.003603719734537004,0.0900929933634251,5.630812085214069e-05,0.40603527338558243,64
24576,383,384,-265.709197352541,-4.1517062086334535,0.7403314917127072,905,670,235,0,3.8776119402985074,6.0,670,4468.200880140237,4440.030176195743,28.170703944493678,69.8156387521912,0.003972351133360616,0.0993087783340154,6.206798645875962e-05,0.40467395256045896,64
24640,384,385,-294.8689404945537,-4.607327195227402,0.7587991718426501,966,733,243,0,3.99181446111869,6.0,733,5213.405762628977,5182.709435513213,30.69632711576287,81.45946504107776,0.004405401393914213,0.11013503484785532,6.883439677990957e-05,0.4035099597887007,64
24704,385,386,-312.4029420503408,-4.881295969536575,0.7254464285714286,896,650,231,0,3.9784615384615383,6.0,650,4530.671130532913,4501.755239828316,28.915890704595714,70.79173641457676,0.004394286813885168,0.1098571703471292,6.866073146695575e-05,0.4035744966125373,64
24768,386,387,-520.9406549739928,-8.139697733968637,0.743863393810032,937,697,234,0,3.8866571018651364,6.0,697,6059.0574233700045,6029.493971297578,29.563452072427744,94.67277224015632,0.006588646661272814,0.16471616653182036,0.00010294760408238772,0.4028460495534072,64
24832,387,388,-301.7885831234028,-4.715446611303169,0.810244470314319,859,696,190,0,3.8204022988505746,6.0,696,4368.937713930497,4343.625125010941,25.312588919556433,68.26465178016402,0.0044491496648746244,0.1112287416218656,6.951796351366601e-05,0.4017889916722227,64
24896,388,389,-318.78324614358405,-4.980988220993501,0.760655737704918,915,696,194,0,3.69683908045977,6.0,696,4564.535184893704,4536.749463982131,27.785720911573485,71.32086226396413,0.0046134379339837165,0.11533594834959292,7.208496771849557e-05,0.4002523934656004,64
24960,389,390,-451.1476847448886,-7.049182574138884,0.7896950578338591,951,751,218,0,3.8282290279627165,6.0,751,6039.806638976937,6011.339203090355,28.467435886584248,94.37197873401465,0.006040059159317175,0.15100147898292937,9.437592436433086e-05,0.400749044868594,64
25024,390,391,-383.3211081463018,-5.989392314785966,0.8064853556485355,956,771,181,0,3.8313878080415047,6.0,771,5750.846135352443,5721.656669755474,29.1894655969706,89.85697086488192,0.005454253668049093,0.13635634170122732,8.522271356326707e-05,0.4019975941045984,64
25088,391,392,-318.60610571589154,-4.978220401810805,0.7769314472252449,919,714,220,0,3.8095238095238093,6.0,714,4769.343491914155,4740.682383514179,28.66110839997593,74.52099206115867,0.0046227022942835665,0.11556755735708917,7.222972334818073e-05,0.40336510133988446,64
25152,392,393,-382.74434728841607,-5.980380426381501,0.790084388185654,948,749,180,0,3.7142857142857144,6.0,749,5171.842014747343,5145.461258187103,26.38075656023935,80.81003148042723,0.005395516673971946,0.13488791684929866,8.430494803081166e-05,0.40278129230860504,64
25216,393,394,-364.1049831524474,-5.689140361756991,0.7838983050847458,944,740,203,0,3.6905405405405407,6.0,740,5264.1496106625455,5238.5704981876515,25.57911247489498,82.25233766660227,0.00515884336065123,0.12897108401628074,8.060692751017547e-05,0.4023674973659138,64
25280,394,395,-447.3724003866722,-6.990193756041753,0.783,1000,783,216,0,3.6462324393358876,6.0,783,5864.450270544901,5837.172023029692,27.278247515209248,91.63203547726408,0.006082082497943215,0.15205206244858038,9.503253903036274e-05,0.4027359472695442,64
25344,395,396,-325.9963348215076,-5.0936927315860565,0.7816683831101957,971,759,214,0,3.7997364953886694,6.0,759,5027.272979011457,4999.099014024094,28.17396498736423,78.55114029705402,0.004812705831634732,0.1203176457908683,7.519852861929269e-05,0.4036484186944951,64
25408,396,397,-424.4913741676802,-6.632677721370003,0.7601184600197434,1013,770,242,0,3.942857142857143,6.0,770,6095.361306257799,6064.3861165318,30.975189726003258,95.2400204102781,0.005789816805104167,0.14474542012760416,9.046588757975261e-05,0.4065278064292217,64
25472,397,398,-366.06384882534365,-5.719747637895995,0.8120950323974082,926,752,182,0,3.8351063829787235,6.0,752,5103.415656036194,5075.844376823242,27.571279212949726,79.74086962556554,0.005235933093649028,0.1308983273412257,8.181145458826606e-05,0.40846379534146193,64
25536,398,399,-280.2946114670002,-4.379603304171878,0.7903743315508022,935,739,184,0,3.767253044654939,6.0,739,4982.394266060339,4957.664690170943,24.729575889395708,77.8499104071928,0.004343980504651402,0.10859951261628506,6.787469538517816e-05,0.4098733664242047,64
25600,399,400,-365.42180546508996,-5.709715710392031,0.7879781420765027,915,721,204,0,3.692094313453537,6.0,721,4848.999375007025,4824.607637003671,24.391738003354845,75.76561523448477,0.005127965647301453,0.1281991411825363,8.01244632390852e-05,0.4108476917772258,64
25664,400,401,-459.85709646815997,-7.1852671323149995,0.7838137472283814,902,707,201,0,3.6577086280056577,6.0,707,5993.693490594714,5969.517477066526,24.176013528191607,93.6514607905424,0.00604039203674002,0.1510098009185005,9.438112557406282e-05,0.4113262263130334,64
25728,401,402,-437.99620513234646,-6.8436907051929134,0.7881981032665965,949,748,201,0,3.6510695187165774,6.0,748,5746.795631471142,5720.515086222958,26.280545248184477,89.79368174173659,0.005921121572893153,0.14802803932232883,9.251752457645551e-05,0.41134592661218633,64
25792,402,403,-362.4885585097047,-5.663883726714136,0.7690721649484537,970,746,217,0,3.82171581769437,6.0,746,5479.065293110199,5450.9704588524155,28.094834257784637,85.61039520484685,0.005143344079287107,0.12858360198217766,8.036475123886104e-05,0.410718109389832,64
25856,403,404,-307.67576481218487,-4.8074338251903885,0.7695700110253583,907,698,204,0,3.6991404011461317,6.0,698,4939.471157009263,4914.285323357961,25.1858336513018,77.17923682826974,0.004493510985543864,0.1123377746385966,7.021110914912287e-05,0.40992205659092473,64
25920,404,405,-331.69338637657984,-5.18270916213406,0.8023887079261672,921,739,193,0,3.7550744248985115,6.0,739,5486.823318539682,5460.217160687923,26.606157851761687,85.73161435218253,0.0048483793516948944,0.12120948379237236,7.575592737023273e-05,0.40866078978002596,64
25984,405,406,-378.7693028856698,-5.91827035758859,0.7876106194690266,1017,801,200,0,3.84769038701623,6.0,801,5773.3159305614245,5743.413246587695,29.902683973729257,90.20806141502226,0.0054587966514306,0.136469916285765,8.529369767860312e-05,0.4066329318642923,64
26048,406,407,-201.93046446861638,-3.155163507322131,0.7932584269662921,890,706,203,0,3.6841359773371103,6.0,706,4206.750600853459,4180.828518966961,25.922081886496425,65.7304781383353,0.0034605850130981137,0.08651462532745284,5.4071640829658027e-05,0.40434002970760496,64
26112,407,408,-334.149537347295,-5.221086521051484,0.7489270386266095,932,698,210,0,3.822349570200573,6.0,698,4957.642571759745,4929.5676585696565,28.074913190093174,77.46316518374601,0.004754169984687012,0.1188542496171753,7.428390601073457e-05,0.4017438806141769,64
26176,408,409,-430.7924173362227,-6.731131520878479,0.8058252427184466,927,747,206,0,3.7724230254350735,6.0,747,5841.605452360131,5814.861534103736,26.743918256393542,91.27508519312704,0.005842271540018167,0.14605678850045417,9.128549281278386e-05,0.39973441412968447,64
26240,409,410,-268.0210287806781,-4.187828574698095,0.802675585284281,897,720,168,0,3.5305555555555554,6.0,720,5028.228825073487,5005.324951109476,22.903873964010717,78.56607539177324,0.0041956228129951065,0.10489057032487767,6.555660645304854e-05,0.3989457040872024,64
26304,410,411,-326.5722912095223,-5.102692050148786,0.7874449339207048,908,715,194,0,3.646153846153846,6.0,715,5054.226902987715,5029.5798016150875,24.647101372631244,78.97229535918305,0.0047392168205994826,0.11848042051498707,7.405026282186691e-05,0.398430102723655,64
26368,411,412,-304.8951112566052,-4.7639861133844565,0.7516703786191536,898,675,212,0,3.568888888888889,6.0,675,4715.501773048674,4690.034473341558,25.46729970711708,73.67971520388554,0.004403658299247716,0.11009145748119291,6.880716092574557e-05,0.39727369232951554,64
26432,412,413,-276.01840739989586,-4.312787615623373,0.8,920,736,194,0,3.739130434782609,6.0,736,4889.49987636171,4863.271739547226,26.22813681448641,76.39843556815173,0.00428190497121977,0.10704762428049425,6.69047651753089e-05,0.39640344439181563,64
26496,413,414,-253.4501075697835,-3.9601579307778674,0.7878103837471784,886,698,185,0,3.7034383954154726,6.0,698,4432.174277405012,4407.263654252486,24.910623152528693,69.25272308445331,0.00397859994175835,0.09946499854395875,6.216562408997422e-05,0.3956273224274187,64
26560,414,415,-348.6434313912183,-5.447553615487786,0.8107549120992761,967,784,178,0,3.6645408163265305,6.0,784,5621.061343042892,5594.711598223852,26.349744819037674,87.82908348504519,0.005143758114474296,0.1285939528618574,8.037122053866088e-05,0.3947658863548506,64
26624,415,416,-241.47996931662354,-3.773124520572243,0.7729672650475184,947,732,215,0,3.810109289617486,6.0,732,4940.260392412834,4912.372125155431,27.888267257402482,77.19156863145054,0.0039039723707566545,0.09759930926891636,6.0999568293072726e-05,0.394491600925006,64
26688,416,417,-178.67992391460845,-2.791873811165757,0.7598343685300207,966,734,215,0,3.7724795640326976,6.0,734,4122.064111718637,4093.60628089786,28.457830820777378,64.4072517456037,0.0032794323944047832,0.08198580986011958,5.124113116257474e-05,0.39427595384852354,64
26752,417,418,-290.5253804849344,-4.5394590700771,0.7802313354363828,951,742,233,0,3.881401617250674,6.0,742,5371.382583119975,5341.031148278938,30.351434841036504,83.9278528612496,0.004395819845491295,0.10989549613728236,6.868468508580148e-05,0.3943050146793876,64
26816,418,419,-193.00780005172692,-3.015746875808233,0.7923627684964201,838,664,166,0,3.947289156626506,6.0,664,4514.71131326262,4487.5126666830965,27.198646579524112,70.54236426972844,0.003314847561870674,0.08287118904676684,5.179449315422928e-05,0.39391442819340816,64
26880,419,420,-280.52171504278874,-4.383151797543574,0.7804347826086957,920,718,191,0,4.004178272980502,6.0,718,5525.337117381495,5494.667468852296,30.669648529198575,86.33339245908586,0.00429040204371088,0.107260051092772,6.70375319329825e-05,0.39457374685596647,64
26944,420,421,-205.73060309329753,-3.214540673332774,0.7982456140350878,912,728,199,0,3.78021978021978,6.0,728,4845.9296282293935,4818.5270647058105,27.402563523581723,75.71765044108427,0.003555877144373683,0.08889692860934208,5.5560580380838796e-05,0.39524410131832044,64
27008,421,422,-220.80866361668166,-3.450135369010651,0.7723311546840959,918,709,215,0,3.7404795486600846,6.0,709,4471.9510133618805,4446.744767167582,25.206246194297236,69.87423458377938,0.0036421272397542345,0.09105318099385586,5.6908238121159914e-05,0.3949843077643551,64
27072,422,423,-299.31800362230194,-4.676843806598468,0.7614678899082569,981,747,223,0,3.713520749665328,6.0,747,5905.7410931980285,5878.744342119083,26.996751078944488,92.2772045812192,0.0045081103623802595,0.11270275905950648,7.043922441219156e-05,0.3954413498202932,64
27136,423,424,-216.5109238614985,-3.382983185335914,0.769650655021834,916,705,214,0,3.7333333333333334,6.0,705,5244.6242019667925,5218.4892818932285,26.134920073566022,81.94725315573113,0.0035949359776658394,0.08987339944164599,5.617087465102874e-05,0.39719843436947144,64
27200,424,425,-223.3308581003708,-3.4895446578182936,0.7841880341880342,936,734,206,0,3.7629427792915533,6.0,734,5130.05028087652,5102.530079052146,27.52020182437404,80.15703563869563,0.0037383047999483827,0.09345761999870957,5.841101249919348e-05,0.3980147499819003,64
27264,425,426,-245.61012525119023,-3.8376582070498473,0.7730569948186529,965,746,207,0,3.6769436997319036,6.0,746,5172.7937053202295,5145.520010188805,27.273695131423256,80.82490164562859,0.0039871121882922595,0.09967780470730649,6.229862794206655e-05,0.39984527658698327,64
27328,426,427,-223.99512951930922,-3.4999238987392065,0.7494714587737844,946,709,251,0,3.8307475317348376,6.0,709,4809.9669452263615,4780.4245228999625,29.54242232639743,75.1557335191619,0.003630865365952973,0.09077163414882432,5.67322713430152e-05,0.40149232619674896,64
27392,427,428,-242.68889546604566,-3.7920139916569635,0.7459770114942529,870,649,227,0,3.7550077041602465,6.0,649,4398.945398713785,4372.92220279419,26.023195919595555,68.73352185490289,0.0037020299963181845,0.09255074990795462,5.7844218692471634e-05,0.4018168831725863,64
27456,428,429,-193.86143316926922,-3.0290848932698315,0.7781569965870307,879,684,190,0,3.711988304093567,6.0,684,4410.359008400441,4384.642168011893,25.71684038854906,68.91185950625689,0.003344258073611172,0.0836064518402793,5.225403240017456e-05,0.4017996043087435,64
27520,429,430,-230.74412420679747,-3.6053769407312104,0.7592213114754098,976,741,223,0,3.5155195681511473,6.0,741,5671.458118279029,5644.659225326322,26.798892952707433,88.61653309810983,0.003807872545772358,0.09519681364430896,5.94980085276931e-05,0.4014509854182981,64
27584,430,431,-232.54993717862789,-3.6335927684160607,0.7902330743618202,901,712,203,0,3.5898876404494384,6.0,712,5326.870715970978,5303.435039853281,23.43567611769857,83.23235493704654,0.0037817276725243174,0.09454319181310794,5.908949488319246e-05,0.40129976121825406,64
27648,431,432,-311.404199298008,-4.865690614031375,0.7885416666666667,960,757,180,0,3.571994715984148,6.0,757,5838.76983335673,5812.808027446849,25.96180590987944,91.2307786461989,0.00470459149173885,0.11761478729347126,7.350924205841954e-05,0.40166341618101087,64
27712,432,433,-200.76849042712425,-3.1370076629238164,0.7918015102481122,927,734,213,0,3.608991825613079,6.0,734,5387.89066651622,5362.704468334967,25.186198181253058,84.18579166431594,0.003503660594790418,0.08759151486976045,5.474469679360028e-05,0.40137504660995815,64
27776,433,434,-122.64402189709286,-1.9163128421420759,0.7728285077951003,898,694,197,0,3.664265129682997,6.0,694,3930.7354149774246,3905.41015952356,25.325255453864045,61.41774085902226,0.002647234549632825,0.06618086374082062,4.136303983801289e-05,0.39993274258732187,64
27840,434,435,-224.72255980551097,-3.511289996961109,0.7821350762527233,918,718,197,0,3.7799442896935935,6.0,718,5007.979989081707,4979.258070071757,28.7219190099477,78.24968732940167,0.00372583654903042,0.09314591372576049,5.821619607860031e-05,0.39834379712712514,64
27904,435,436,-237.6403922783987,-3.71313112934998,0.8111111111111111,900,730,177,0,3.7041095890410958,6.0,730,4949.848503659802,4923.1462267254265,26.702276934372556,77.34138286968441,0.003907496911644996,0.09768742279112491,6.105463924445307e-05,0.3962735020981101,64
27968,436,437,-208.61197614140568,-3.2595621272094637,0.774364406779661,944,731,201,0,3.859097127222982,6.0,731,4700.8890865059475,4671.656717855595,29.232368650353155,73.45139197665543,0.003589233759106943,0.08973084397767357,5.608177748604598e-05,0.3932272778549478,64
28032,437,438,-195.86830836162085,-3.0604423181503257,0.818489289740699,887,726,174,0,3.7823691460055096,6.0,726,5209.6182244014535,5182.881221746967,26.737002654487508,81.40028475627271,0.0034836116895255553,0.08709029223813888,5.44314326488368e-05,0.39094009303726285,64
28096,438,439,-221.31929212068843,-3.4581139393857567,0.749727965179543,919,689,228,0,3.734397677793904,6.0,689,5046.658645187821,5018.816200099348,27.842445088474733,78.8540413310597,0.0035845149274963736,0.08961287318740933,5.600804574213084e-05,0.39005301671770026,64
28160,439,440,-243.20448792360878,-3.800070123806387,0.7796610169491526,944,736,201,0,3.785326086956522,6.0,736,5377.672227647522,5350.0672980651225,27.604929582398835,84.02612855699253,0.003948737920253911,0.09871844800634778,6.169903000396736e-05,0.38931783718646884,64
28224,440,441,-216.84021529634683,-3.388128364005419,0.7607555089192025,953,725,225,0,3.595862068965517,6.0,725,4901.840054292128,4874.2270917032,27.61296258892828,76.5912508483145,0.0036289162860185867,0.09072290715046466,5.670181696904042e-05,0.38814719108673135,64
28288,441,442,-283.2174567993694,-4.425272762490147,0.8118918918918919,925,751,196,0,3.762982689747004,6.0,751,5692.492465707634,5664.33769365325,28.15477205438062,88.94519477668179,0.004390406748898664,0.10976016872246659,6.860010545154162e-05,0.3874905486180847,64
28352,442,443,-241.0733599177775,-3.7667712487152736,0.7681818181818182,880,676,204,0,3.633136094674556,6.0,676,4652.604596377115,4627.0001426684685,25.604453708646727,72.69694681839242,0.00377916414443866,0.0944791036109665,5.904943975685406e-05,0.3878481033154639,64
28416,443,444,-336.7881095398453,-5.262314211560083,0.7580813347236705,959,727,218,0,3.7551581843191197,6.0,727,6329.067388340116,6299.403901669145,29.663486670967995,98.89167794281431,0.004842226240430543,0.12105565601076358,7.565978500672724e-05,0.3884703926345679,64
28480,444,445,-206.3174774023917,-3.22371058441237,0.7872582480091013,879,692,197,0,3.913294797687861,6.0,692,4712.632103155199,4683.807361585889,28.824741569307538,73.63487661179998,0.0034791529128169077,0.08697882282042269,5.436176426276418e-05,0.3881900439174998,64
28544,445,446,-326.68938028651917,-5.104521566976862,0.791889007470651,937,742,190,0,3.8315363881401616,6.0,742,6099.042194315561,6070.689562790121,28.35263152543837,95.29753428618064,0.0048095702931174765,0.12023925732793692,7.514953582996057e-05,0.3886649322230207,64
28608,446,447,-254.1686034152389,-3.9713844283631077,0.7535441657579062,917,691,218,0,3.7858176555716354,6.0,691,5322.489092282139,5294.630026519486,27.859065762655632,83.16389206690842,0.003930252658798157,0.09825631646995392,6.14101977937212e-05,0.3903071440044032,64
28672,447,448,-200.03516207812044,-3.125549407470632,0.7753456221198156,868,673,201,0,3.9197622585438334,6.0,673,4445.917966372651,4417.522866417906,28.39509995474445,69.46746822457267,0.003370074561919835,0.08425186404799588,5.2657415029997424e-05,0.3925105002261764,64
28736,448,449,-255.38650677725235,-3.990414168394568,0.7548179871520343,934,705,233,0,3.729078014184397,6.0,705,5012.539921914383,4985.334287755317,27.205634159062946,78.32093627991223,0.0039559480659723855,0.09889870164930964,6.181168853081852e-05,0.3936094067588158,64
28800,449,450,-257.02238668929033,-4.015974792020161,0.7569296375266524,938,710,218,0,3.7014084507042253,6.0,710,5090.535503327058,5062.414488562669,28.12101476438738,79.53961723948528,0.004004084905454031,0.10010212263635078,6.256382664771923e-05,0.39511294488102633,64
28864,450,451,-314.3332618469561,-4.911457216358689,0.7823834196891192,965,755,217,0,3.7072847682119203,6.0,755,5431.335145987942,5403.70113189168,27.634014096259975,84.8646116560616,0.0046847976449296645,0.11711994112324162,7.319996320202601e-05,0.39572037748178995,64
28928,451,452,-351.5080856024226,-5.4923138375378535,0.8170731707317073,902,737,173,0,3.724559023066486,6.0,737,5234.652498448124,5208.505435952628,26.147062495493365,81.79144528825194,0.005064174285489481,0.12660435713723703,7.912772321077315e-05,0.39612107648254136,64
28992,452,453,-308.90569692745146,-4.826651514491429,0.7484909456740443,994,744,246,0,3.9059139784946235,6.0,744,5136.244608256983,5105.565391746222,30.679216510759755,80.25382200401536,0.00456836137253354,0.11420903431333851,7.138064644583657e-05,0.3973832631065564,64
29056,453,454,-326.23816966808954,-5.097471401063899,0.798219584569733,1011,807,202,0,3.858736059479554,6.0,807,5517.493457954438,5487.641770188284,29.85168776615213,86.21083528053809,0.004945190567229424,0.12362976418073561,7.726860261295976e-05,0.3991922386319716,64
29120,454,455,-361.67536550493105,-5.651177586014548,0.7750759878419453,987,765,215,0,3.700653594771242,6.0,765,5692.795961871853,5663.136445036977,29.659516834872733,88.9499369042477,0.005182344326832268,0.1295586081708067,8.097413010675419e-05,0.4004771757706084,64
29184,455,456,-352.3272459254621,-5.505113217585345,0.7914937759336099,964,763,208,0,3.7549148099606815,6.0,763,5744.482927849486,5715.595275092912,28.88765275657535,89.75754574764822,0.005092414332270671,0.12731035830676676,7.956897394172923e-05,0.4014721661049955,64
29248,456,457,-304.7964029342088,-4.7624437958470125,0.7770632368703109,933,725,208,0,3.823448275862069,6.0,725,5248.069578389858,5219.414147042823,28.655431347033918,82.00108716234153,0.004528290966927072,0.1132072741731768,7.07545463582355e-05,0.40238981650569655,64
29312,457,458,-200.71102097919788,-3.136109702799967,0.778751369112815,913,711,198,0,3.852320675105485,6.0,711,4514.472133004437,4486.206785693063,28.265347311375088,70.53862707819432,0.0034654334809960732,0.08663583702490182,5.4147398140563644e-05,0.4023473918285963,64
29376,458,459,-325.6748658602206,-5.088669779065947,0.7817982456140351,912,713,210,0,3.7419354838709675,6.0,713,5414.396099741104,5386.5308234318645,27.865276309241153,84.59993905845475,0.004706765287657115,0.11766913219142788,7.354320761964242e-05,0.4036113479084683,64
29440,459,460,-208.9298957406637,-3.2645296209478705,0.7777777777777778,927,721,184,0,3.7434119278779474,6.0,721,5171.234379855665,5143.972949800535,27.26143005512903,80.80053718524476,0.0035905526376161833,0.08976381594040458,5.6102384962752864e-05,0.40572336290102756,64
29504,460,461,-266.6649858804668,-4.166640404382294,0.7692307692307693,923,710,221,0,3.76056338028169,6.0,710,4711.278259643732,4684.471290894999,26.806968748733375,73.61372280693331,0.004095066297886396,0.10237665744715989,6.398541090447493e-05,0.4080162623749789,64
29568,461,462,-267.0323480400774,-4.1723804381262095,0.7527839643652561,898,676,212,0,3.8594674556213016,6.0,676,4667.431756555152,4639.598787327797,27.832969227358745,72.92862119617425,0.004027721868157785,0.10069304670394462,6.293315418996539e-05,0.40885999860637046,64
29632,462,463,-287.8820941036736,-4.4981577203699,0.75,956,717,247,0,3.8437935843793585,6.0,717,5513.80661632418,5484.804986672634,29.001629651546036,86.15322838006531,0.004291459982545063,0.10728649956362657,6.70540622272666e-05,0.4101062973270042,64
29696,463,464,-248.14956502890377,-3.8773369535766213,0.7720042417815483,943,728,208,0,3.8035714285714284,6.0,728,4902.169754009836,4874.447152555429,27.722601454410164,76.59640240640368,0.003969295479891679,0.09923238699729196,6.202024187330748e-05,0.4105810233015293,64
29760,464,465,-390.9739836875565,-6.10896849511807,0.7856365614798694,919,722,207,0,3.8088642659279777,6.0,722,5564.64143009398,5536.44701180197,28.19441829200782,86.94752234521843,0.005383337528295974,0.13458343820739935,8.41146488796246e-05,0.41123442661448983,64
29824,465,466,-274.6274937914201,-4.291054590490939,0.7488888888888889,900,674,237,0,3.879821958456973,6.0,674,4384.974620292717,4357.990626939291,26.983993353428037,68.5152284420737,0.00406857072140446,0.10171426803511151,6.357141752194469e-05,0.41051089627905024,64
29888,466,467,-307.0295897079201,-4.797337339186251,0.7567849686847599,958,725,230,0,3.926896551724138,6.0,725,5378.063360363245,5347.9329318528125,30.13042851043176,84.0322400056757,0.004522924735147021,0.11307311837867552,7.06706989866722e-05,0.4098810862422642,64
29952,467,468,-277.141959467137,-4.330343116674015,0.743940990516333,949,706,226,0,3.8838526912181304,6.0,706,4904.419152183018,4873.637558672085,30.78159351093587,76.63154925285966,0.004183775543254594,0.10459438858136484,6.537149286335303e-05,0.4091869425584469,64
30016,468,469,-280.6682581030909,-4.385441532860796,0.7623862487360971,989,754,232,0,3.763925729442971,6.0,754,5295.8128478189465,5265.590708864499,30.222138954445857,82.74707574717104,0.004327077103613347,0.10817692759033369,6.761057974395855e-05,0.40817971678799103,64
30080,469,470,-260.55420431819016,-4.071159442471721,0.7701793721973094,892,687,209,0,3.695778748180495,6.0,687,4571.255781116762,4545.359127750132,25.896653366630442,71.4258715799494,0.003994437900908062,0.09986094752270154,6.241309220168846e-05,0.4075628248135367,64
30144,470,471,-230.41575085558216,-3.6002461071184713,0.7827510917030568,916,717,208,0,3.920502092050209,6.0,717,4895.037883142018,4865.396029599051,29.641853542964952,76.48496692409402,0.0037645998827142086,0.09411499706785521,5.882187316740951e-05,0.4068464417234576,64
30208,471,472,-343.9718544776101,-5.374560226212658,0.7574819401444789,969,734,237,0,3.7752043596730247,6.0,734,5582.461318667651,5553.057626493272,29.403692174375006,87.22595810418204,0.0049049891172316265,0.12262472793079067,7.664045495674416e-05,0.40632887380378946,64
30272,472,473,-261.58202848842063,-4.087219195131572,0.7635782747603834,939,717,220,0,3.7615062761506275,6.0,717,4964.034572735103,4935.044761677929,28.989811057171845,77.56304019898599,0.004062954710646205,0.10157386776615512,6.348366735384695e-05,0.40618437948949254,64
30336,473,474,-338.65362293125884,-5.291462858300919,0.7790432801822323,878,684,201,0,3.7865497076023393,6.0,684,5103.131746513404,5075.776628799963,27.355117713440176,79.73643353927194,0.004777487724657901,0.11943719311644753,7.46482456977797e-05,0.4063872844381392,64
30400,474,475,-288.1925121183416,-4.5030080018490874,0.7357065803667745,927,682,236,0,3.774193548387097,6.0,682,4536.554830255272,4509.1523424216275,27.40248783364279,70.88366922273862,0.004223889633746804,0.1055972408436701,6.599827552729381e-05,0.40640259663718237,64
30464,475,476,-211.86513444347207,-3.310392725679251,0.7327293318233296,883,647,233,0,3.893353941267388,6.0,647,4430.083294210223,4401.128643813598,28.95465039662707,69.22005147203474,0.00338220309940883,0.08455507748522074,5.284692342826297e-05,0.4057892815405548,64
30528,476,477,-223.37209478689113,-3.490188981045174,0.7319819819819819,888,650,255,0,3.8846153846153846,6.0,650,3972.002424463161,3944.170689519354,27.831734943806214,62.06253788223689,0.003477956139042432,0.0869489034760608,5.4343064672538e-05,0.4056219742960162,64
30592,477,478,-351.0859938609726,-5.485718654077697,0.7551724137931034,870,657,211,0,3.878234398782344,6.0,657,4799.417583115709,4770.848490566473,28.569092549238466,74.99089973618295,0.004823797562233069,0.12059493905582672,7.53718369098917e-05,0.4053626500496549,64
30656,478,479,-300.7114035927308,-4.698615681136419,0.7388059701492538,938,693,221,0,3.95959595959596,6.0,693,4708.85466183045,4678.50169563653,30.35296619392053,73.57585409110078,0.004394073988399177,0.10985184970997942,6.865740606873714e-05,0.40640167988021103,64
30720,479,480,-288.32331920818973,-4.5050518626279645,0.7546754675467546,909,686,238,0,4.103498542274052,6.0,686,4418.42297784205,4387.496808994931,30.926168847119502,69.03785902878204,0.004231218187773194,0.10578045469432984,6.611278418395615e-05,0.4092617215600777,64
30784,480,481,-361.10357732121065,-5.642243395643916,0.7343915343915344,945,694,248,0,3.994236311239193,6.0,694,5035.835238948963,5005.043449843455,30.791789105509928,78.68492560857754,0.004967068651966979,0.12417671629917448,7.761044768698405e-05,0.4124176136547677,64
30848,481,482,-274.5539517411313,-4.289905495955177,0.7528473804100227,878,661,222,0,4.016641452344932,6.0,661,4226.064594434798,4196.231369500183,29.833224934614545,66.03225928804372,0.004056398099423328,0.10140995248558321,6.33812203034895e-05,0.41434468605646435,64
30912,482,483,-281.88522460996603,-4.404456634530719,0.7557251908396947,917,693,227,0,3.873015873015873,6.0,693,4731.310261115492,4702.222391219903,29.08786989559,73.92672282992956,0.004199621124120948,0.10499052810302369,6.56190800643898e-05,0.41540450735178436,64
30976,483,484,-245.66420358707862,-3.8385031810481034,0.7387486278814489,911,673,235,0,3.973254086181278,6.0,673,3904.939932935896,3875.4076571601886,29.532275775707312,61.01468645212338,0.003779356425615314,0.09448391064038285,5.905244415023928e-05,0.41568069391363693,64
31040,484,485,-247.50512460387296,-3.867267571935515,0.7108953613807982,927,659,252,0,3.974203338391502,6.0,659,4531.452218992884,4501.5074687625975,29.94475023028642,70.80394092176381,0.003742799101720003,0.09356997754300007,5.8481235964375045e-05,0.4156487416606589,64
31104,485,486,-247.82778282899616,-3.872309106703065,0.7678369195922989,883,678,225,0,3.9292035398230087,6.0,678,4302.561372112055,4274.697863750297,27.863508361757813,67.22752143925086,0.0038257191941298506,0.09564297985324627,5.9776862408278916e-05,0.41506009902432917,64
31168,486,487,-322.9403328000907,-5.045942700001417,0.7565118912797282,883,668,223,0,3.9760479041916166,6.0,668,5072.041205941759,5044.154877895317,27.88632804644319,79.25064384283998,0.0045529433960440424,0.11382358490110106,7.113974056318816e-05,0.4136102230631301,64
31232,487,488,-347.85850804695804,-5.435289188233719,0.7570680628272252,955,723,214,0,3.759336099585062,6.0,723,5525.6247349713385,5496.2057969832595,29.41893798807775,86.33788648392716,0.004945206755798772,0.1236301688949693,7.726885555935582e-05,0.4123297828750668,64
31296,488,489,-211.01319178747,-3.2970811216792186,0.757948717948718,975,739,228,0,3.9364005412719894,6.0,739,4958.640986357519,4928.020653027437,30.620333330079088,77.47876541183624,0.003600311170429926,0.09000777926074816,5.625486203796759e-05,0.410874119008257,64
31360,489,490,-321.92870016099073,-5.03013594001548,0.7464788732394366,994,742,260,0,4.070080862533692,6.0,742,5510.619264267825,5477.093100057481,33.52616421034401,86.10342600418477,0.004678030859041155,0.11695077147602886,7.309423217251804e-05,0.40913502260688805,64
31424,490,491,-250.0379552360145,-3.9068430505627267,0.7746478873239436,923,715,215,0,4.061538461538461,6.0,715,4590.825975540355,4559.454289943354,31.37168559699927,71.73165586781805,0.003947701500488501,0.09869253751221252,6.168283594513283e-05,0.40656640740385364,64
31488,491,492,-204.50506713670822,-3.195391674011066,0.7530186608122942,911,686,228,0,4.084548104956268,6.0,686,4169.827236987402,4139.443414976295,30.38382201110922,65.15355057792816,0.0034086686895258857,0.08521671723814714,5.3260448273841964e-05,0.40427215018850327,64
31552,492,493,-223.61435952500068,-3.4939743675781356,0.7412882787750792,947,702,232,0,3.9914529914529915,6.0,702,4724.794895091752,4694.2195982258345,30.57529686591892,73.82492023580862,0.0036326170351422193,0.09081542587855548,5.675964117409718e-05,0.4019525495873804,64
31616,493,494,-227.96815168707684,-3.5620023701105756,0.726215644820296,946,687,262,0,3.928675400291121,6.0,687,4657.845749821032,4627.083649560418,30.76210026061552,72.77883984095362,0.003604758576425218,0.09011896441063044,5.632435275664403e-05,0.3997700980350275,64
31680,494,495,-179.6819693672283,-2.8075307713629423,0.7464635473340587,919,686,227,0,4.103498542274052,6.0,686,4401.40711451254,4370.170995270599,31.236119241940766,68.77198616425844,0.003160865470679919,0.07902163676699799,4.938852297937374e-05,0.3979426256243609,64
31744,495,496,-244.98412684320198,-3.827876981925031,0.7831449126413155,973,762,217,0,4.165354330708661,6.0,762,4992.319371783978,4958.496884321862,33.82248746211501,78.00499018412465,0.0040082844486316405,0.10020711121579101,6.262944450986938e-05,0.3978240476772929,64
31808,496,497,-218.36248139886925,-3.411913771857332,0.7536842105263157,950,716,234,0,3.9441340782122905,6.0,716,4494.11774082146,4463.08932943424,31.028411387220487,70.22058970033531,0.0036111550122683777,0.09027887530670944,5.64242970666934e-05,0.3973150346179689,64
31872,497,498,-254.1140261113926,-3.9705316579905094,0.7574511819116135,973,737,226,0,4.032564450474898,6.0,737,4973.475852147635,4941.292150547644,32.18370159999275,77.7105601898068,0.004028638627262327,0.10071596568155819,6.294747855097386e-05,0.3968684558119499,64
31936,498,499,-132.50432979031177,-2.0703801529736214,0.7813578826237054,869,679,211,0,3.893961708394698,6.0,679,3820.7776517570737,3792.6453823948136,28.132269362259347,59.69965080870428,0.0026914177460674294,0.06728544365168573,4.2053402282303584e-05,0.3953353363957831,64
32000,499,500,-261.9537575970153,-4.093027462453364,0.7370030581039755,981,723,249,0,3.863070539419087,6.0,723,5222.839851732477,5192.121562736564,30.718288995913788,81.60687268331995,0.004045585710638668,0.1011396427659667,6.321227672872918e-05,0.39388802784788624,64
