train_slots,rollout_index,updates,train_return,train_mean_slot_Rsys,train_cr,train_arrived,train_done,train_timeout,train_rejected,train_avg_delay_s,train_p95_delay_s,train_delay_samples,train_total_energy_j,train_energy_comp_j,train_energy_trans_j,train_avg_energy_j_per_slot,train_cum_hl_mean_satellite,train_cum_hl_system,train_avg_hl_per_sat_slot,train_avg_dod,train_n_slots
64,0,40,-86.59554303025098,-1.3530553598476716,0.7701657458563536,905,697,155,0,3.691535150645624,6.0,697,4039.8987503866515,4014.771633265394,25.127117121256756,63.12341797479143,0.002347811997406478,0.058695299935161954,3.668456245947622e-05,0.3600009336733655,64
128,1,104,-143.5107063343903,-2.2423547864748485,0.7844183564567769,937,735,208,0,3.7346938775510203,6.0,735,5247.809851645968,5220.79121285654,27.01863878942676,81.99702893196825,0.002943726600669567,0.07359316501673917,4.599572813546198e-05,0.3573156036576819,64
192,2,168,-123.39283176859323,-1.9280129963842692,0.778164924506388,861,670,180,0,3.746268656716418,6.0,670,4783.448377124398,4758.895545103488,24.552832020907694,74.74138089256871,0.002620572789290961,0.06551431973227402,4.0946449832671265e-05,0.3550375056302806,64
256,3,232,-188.4277393389686,-2.9441834271713843,0.7958740499457112,921,733,186,0,3.6821282401091406,6.0,733,5741.707075444462,5716.018075847887,25.68899959657568,89.71417305381972,0.0034149900374004457,0.08537475093501114,5.3359219334381964e-05,0.3527279391317437,64
320,4,296,-156.66282325877415,-2.447856613418346,0.8148148148148148,891,726,167,0,3.7052341597796143,6.0,726,5504.649202142898,5479.258913524238,25.390288618661085,86.01014378348277,0.003102380902615315,0.07755952256538287,4.84747016033643e-05,0.35076760804301854,64
384,5,360,-109.61655665437704,-1.7127586977246412,0.8043230944254836,879,707,183,0,3.7001414427157,6.0,707,4774.161429344259,4750.122189668556,24.03923967570537,74.59627233350405,0.002566792508989259,0.06416981272473148,4.0106132952957175e-05,0.3489625863082477,64
448,6,424,-181.96672619913224,-2.8432300968614412,0.8033826638477801,946,760,185,0,3.663157894736842,6.0,760,6142.359406568131,6116.314055430623,26.045351137507783,95.97436572762705,0.003414756137261372,0.0853689034315343,5.335556464470894e-05,0.34840194225754273,64
512,7,488,-149.5339020541507,-2.3364672195961047,0.7860520094562647,846,665,186,0,3.700751879699248,6.0,665,4665.216061337714,4640.790904967201,24.425156370510678,72.89400095840178,0.00286174590357068,0.071543647589267,4.471477974329187e-05,0.3475892481701065,64
576,8,552,-146.27839784461315,-2.2855999663220805,0.7891832229580574,906,715,191,0,3.6867132867132866,6.0,715,4994.150889594083,4967.769992928051,26.380896666031415,78.03360764990755,0.002942278769876965,0.07355696924692413,4.597310577932758e-05,0.34942604049367754,64
640,9,616,-178.70218889729176,-2.792221701520184,0.7642543859649122,912,697,214,0,3.672883787661406,6.0,697,5073.797332249632,5047.544909584211,26.252422665421214,79.2780833164005,0.0031957201254950948,0.07989300313737736,4.9933126960860856e-05,0.35174440834967835,64
704,10,680,-191.54946033934488,-2.9929603178022637,0.7720264317180616,908,701,202,0,3.5035663338088443,6.0,701,5014.275681167422,4990.299667121146,23.976014046276173,78.34805751824096,0.0033486448591731432,0.08371612147932858,5.232257592458036e-05,0.3558623187468055,64
768,11,744,-206.34031047306468,-3.2240673511416356,0.7944444444444444,900,715,185,0,3.6573426573426575,6.0,715,5397.90797046534,5372.941547371351,24.966423093992177,84.34231203852094,0.003549979879594147,0.08874949698985368,5.546843561865855e-05,0.3598062480481688,64
832,12,808,-309.71459834907495,-4.839290599204296,0.785329018338727,927,728,201,0,3.6607142857142856,6.0,728,6167.570551776304,6141.5864748743115,25.98407690199205,96.36828987150474,0.004593459108950284,0.1148364777237571,7.177279857734819e-05,0.3639013384278356,64
896,13,872,-273.7297180073649,-4.277026843865077,0.8074534161490683,966,780,189,0,3.673076923076923,6.0,780,6254.358251910775,6227.318372479393,27.03987943138428,97.72434768610586,0.004375277139849022,0.10938192849622554,6.836370531014096e-05,0.3693088679657935,64
960,14,936,-259.4760135014707,-4.054312710960479,0.7854077253218884,932,732,200,0,3.637978142076503,6.0,732,5483.715953633799,5459.014580651435,24.70137298236264,85.6830617755281,0.004101787847252658,0.10254469618131644,6.409043511332278e-05,0.37510278645688566,64
1024,15,1000,-302.78614178058353,-4.731033465321618,0.7873015873015873,945,744,192,0,3.7836021505376345,6.0,744,5980.956795264945,5953.675768240716,27.281027024228433,93.45244992601476,0.004574578074995315,0.11436445187488287,7.14777824218018e-05,0.38053239075046685,64
1088,16,1064,-344.9349109187086,-5.389607983104822,0.7775510204081633,980,762,206,0,3.7335958005249346,6.0,762,5740.816027171075,5713.431985210401,27.38404196067696,89.70025042454805,0.005020958709226372,0.1255239677306593,7.845247983166206e-05,0.3861537679352063,64
1152,17,1128,-350.7116336373575,-5.479869275583711,0.8122270742358079,916,744,188,0,3.7298387096774195,6.0,744,5789.724473247319,5763.266813909414,26.457659337901998,90.46444489448936,0.005057086220733833,0.12642715551834582,7.901697219896614e-05,0.3910287914457265,64
1216,18,1192,-295.59333167718324,-4.618645807455988,0.7936681222707423,916,727,196,0,3.6740027510316366,6.0,727,4971.667349513707,4946.38091093227,25.28643858143684,77.68230233615168,0.00445500748074633,0.11137518701865826,6.960949188666141e-05,0.3945322748526331,64
1280,19,1256,-316.32141095913977,-4.942522046236559,0.8039647577092511,908,730,175,0,3.7356164383561645,6.0,730,5448.884378326491,5421.82943514653,27.054943179962013,85.13881841135142,0.004695340412243293,0.11738351030608234,7.336469394130146e-05,0.3979776813711746,64
1344,20,1320,-254.67422398629546,-3.9792847497858665,0.7939914163090128,932,740,191,0,3.7391891891891893,6.0,740,4758.782086024611,4732.346698183447,26.435387841165547,74.35597009413455,0.004084625203219693,0.10211563008049233,6.382226880030771e-05,0.40221397386726326,64
1408,21,1384,-475.9757794367681,-7.437121553699502,0.7856410256410257,975,766,209,0,3.7180156657963446,6.0,766,6267.681821545291,6240.12051371925,27.561307826041812,97.93252846164518,0.006334694271078443,0.15836735677696107,9.897959798560067e-05,0.40562814232528266,64
1472,22,1448,-443.94248960132387,-6.9366014000206855,0.764961915125136,919,703,204,0,3.6301564722617354,6.0,703,5812.282478611735,5785.615237716527,26.667240895208973,90.81691372830836,0.005872417795482444,0.1468104448870611,9.175652805441319e-05,0.4087354761107168,64
1536,23,1512,-394.29988524457247,-6.160935706946445,0.7937701396348013,931,739,189,0,3.7510148849797025,6.0,739,5728.438413451714,5702.6142999754065,25.824113476307144,89.50685021018303,0.00547967199162319,0.13699179979057974,8.561987486911234e-05,0.4121055781889166,64
1600,24,1576,-342.3690925550111,-5.349517071172048,0.7980769230769231,936,747,204,0,3.7563587684069613,6.0,747,5013.88913631745,4987.629245225298,26.25989109215431,78.34201775496015,0.0049590529721369484,0.12397632430342372,7.748520268963982e-05,0.4135006002748579,64
1664,25,1640,-391.9815994307891,-6.12471249110608,0.7822318526543879,923,722,191,0,3.673130193905817,6.0,722,5731.701496820746,5706.024327589872,25.67716923087341,89.55783588782415,0.005412771174088198,0.13531927935220495,8.45745495951281e-05,0.41575150212082707,64
1728,26,1704,-394.7304723461406,-6.1676636304084465,0.7895287958115184,955,754,195,0,3.759946949602122,6.0,754,5584.937020703895,5557.55708546523,27.379935238667553,87.26464094849835,0.005511653311244081,0.13779133278110203,8.611958298818876e-05,0.419599445189931,64
1792,27,1768,-340.3962739072755,-5.3186917798011795,0.8229508196721311,915,753,178,0,3.808764940239044,6.0,753,5726.400061139997,5700.145802686991,26.25425845300498,89.47500095531245,0.004986203136068767,0.12465507840171917,7.790942400107449e-05,0.42339200147783307,64
1856,28,1832,-335.0087818525952,-5.2345122164468,0.7961783439490446,942,750,195,0,3.5946666666666665,6.0,750,4700.2559881293155,4674.72821596938,25.5277721599362,73.44149981452055,0.004905648121268427,0.12264120303171068,7.665075189481917e-05,0.4266120370630393,64
1920,29,1896,-365.1104987462645,-5.704851542910383,0.7837541163556532,911,714,199,0,3.6904761904761907,6.0,714,4681.44290720928,4655.836358544073,25.60654866520563,73.147545425145,0.005113825325731408,0.1278456331432852,7.990352071455325e-05,0.42851494580034166,64
1984,30,1960,-546.5202554871865,-8.53937899198729,0.7776536312849162,895,696,186,0,3.5991379310344827,6.0,696,5485.891174629643,5462.205676456011,23.685498173632563,85.71704960358817,0.0069003609863597035,0.1725090246589926,0.00010781814041187037,0.43110646685856,64
2048,31,2024,-426.40315799428754,-6.662549343660743,0.7683189655172413,928,713,225,0,3.767180925666199,6.0,713,5455.267355529515,5428.659975783506,26.607379746008522,85.23855243014867,0.005693292562193578,0.14233231405483945,8.895769628427466e-05,0.43354737069580424,64
2112,32,2088,-509.0126978336227,-7.953323403650355,0.7916666666666666,936,741,190,0,3.7638326585695006,6.0,741,5757.438347679772,5731.720281309519,25.718066370252863,89.95997418249644,0.006628895758114129,0.1657223939528532,0.00010357649622053326,0.4349592293195298,64
2176,33,2152,-548.1288707672699,-8.564513605738592,0.778516057585825,903,703,193,0,3.6230440967283073,6.0,703,5607.512845192008,5583.088623253843,24.424221938167804,87.61738820612513,0.006921711665958778,0.17304279164896946,0.00010815174478060591,0.4358065946367283,64
2240,34,2216,-379.98650290639375,-5.937289107912402,0.7697297297297298,925,712,200,0,3.7865168539325844,6.0,712,5413.635907786756,5386.699915470029,26.935992316730964,84.58806105916807,0.005255795845552039,0.13139489613880095,8.21218100867506e-05,0.4365099746573016,64
2304,35,2280,-493.73094929798276,-7.714546082780981,0.7893048128342246,935,738,216,0,3.765582655826558,6.0,738,5511.262106981042,5484.496985769811,26.765121211229943,86.11347042157878,0.006436226883391475,0.16090567208478687,0.0001005660450529918,0.4371147444697752,64
2368,36,2344,-552.9838995938121,-8.640373431153314,0.7653575025176234,993,760,235,0,3.7394736842105263,6.0,760,6357.837344375549,6329.744709217629,28.09263515792188,99.34120850586795,0.007058608484274203,0.1764652121068551,0.00011029075756678443,0.4392450811506539,64
2432,37,2408,-396.92768885809346,-6.20199513840771,0.7789934354485777,914,712,209,0,3.792134831460674,6.0,712,5272.9722694742395,5246.049312918467,26.92295655577317,82.39019171053499,0.005416013291564198,0.13540033228910495,8.46252076806906e-05,0.4405700345979291,64
2496,38,2472,-420.83662743837147,-6.575572303724554,0.7979334098737084,871,695,170,0,3.623021582733813,6.0,695,4843.364118469417,4818.203120492805,25.160997976611277,75.67756435108464,0.0056615911780807425,0.14153977945201857,8.84623621575116e-05,0.4406258031014375,64
2560,39,2536,-550.3197328453788,-8.598745825709043,0.7838405036726128,953,747,190,0,3.6626506024096384,6.0,747,5806.78126056331,5780.523867217283,26.257393346025058,90.73095719630172,0.007055990581763203,0.17639976454408007,0.00011024985284005005,0.44041721007536044,64
2624,40,2600,-460.5074786661562,-7.195429354158691,0.8042553191489362,940,756,193,0,3.7923280423280423,6.0,756,5984.337675369388,5956.237508587263,28.100166782128206,93.50527617764669,0.006176155523338166,0.15440388808345415,9.650243005215885e-05,0.4402320322844919,64
2688,41,2664,-414.94170758113694,-6.483464180955265,0.7801339285714286,896,699,196,0,3.7067238912732474,6.0,699,5184.304741017866,5159.111118470895,25.193622546970314,81.00476157840416,0.005580551339417007,0.13951378348542517,8.719611467839074e-05,0.44001280065114745,64
2752,42,2728,-440.9503329268679,-6.8898489519823105,0.7903930131004366,916,724,200,0,3.7320441988950277,6.0,724,5382.1152718603325,5355.710630655799,26.40464120453339,84.0955511228177,0.005897724237768562,0.14744310594421406,9.215194121513378e-05,0.4391667043596304,64
2816,43,2792,-369.2139418612693,-5.768967841582333,0.7850877192982456,912,716,197,0,3.803072625698324,6.0,716,4821.7446492627005,4795.633309862398,26.111339400303038,75.3397601447297,0.005162947454975667,0.12907368637439168,8.067105398399479e-05,0.4381578791255593,64
2880,44,2856,-529.8029836790773,-8.278171619985583,0.7916241062308478,979,775,206,0,3.6838709677419357,6.0,775,6116.629695396126,6089.110965486114,27.518729910010826,95.57233899056448,0.006895106515940059,0.17237766289850145,0.00010773603931156342,0.436984083793523,64
2944,45,2920,-588.5219012487462,-9.19565470701166,0.7982832618025751,932,744,187,0,3.7620967741935485,6.0,744,6367.354538621145,6341.293589549313,26.060949071833,99.4899146659554,0.007436139613181067,0.1859034903295267,0.00011618968145595417,0.4357268745111856,64
3008,46,2984,-407.25242084035904,-6.36331907563061,0.8067685589519651,916,739,170,0,3.6874154262516914,6.0,739,4921.240007341104,4894.75142565258,26.48858168852396,76.89437511470474,0.005631904807215745,0.14079762018039363,8.799851261274601e-05,0.43526904432553337,64
3072,47,3048,-382.60504138376274,-5.978203771621293,0.7846481876332623,938,736,195,0,3.650815217391304,6.0,736,5383.823440300425,5356.971861510344,26.851578790084176,84.12224125469415,0.005345636583163512,0.1336409145790878,8.352557161192988e-05,0.4348825317135202,64
3136,48,3112,-442.9239846448161,-6.920687260075251,0.7941176470588235,952,756,199,0,3.8095238095238093,6.0,756,5666.250836033082,5638.522981120578,27.727854912505652,88.53516931301691,0.005991684700493245,0.14979211751233112,9.362007344520695e-05,0.4346391798325155,64
3200,49,3176,-383.6555542422311,-5.994618035034861,0.7948717948717948,897,713,195,0,3.7489481065918655,6.0,713,4973.833690680444,4948.398684211654,25.43500646879169,77.71615141688194,0.005302182440975434,0.13255456102438584,8.284660064024116e-05,0.4337407182984271,64
3264,50,3240,-497.2359473861202,-7.769311677908128,0.7542372881355932,944,712,209,0,3.6292134831460676,6.0,712,5570.318973727781,5544.63178658625,25.687187141532068,87.03623396449657,0.0064156777438784795,0.160391943596962,0.00010024496474810124,0.4322212914721646,64
3328,51,3304,-659.8860546807409,-10.310719604386577,0.7878787878787878,924,728,204,0,3.565934065934066,6.0,728,6180.639429660698,6155.357183578426,25.282246082273193,96.5724910884484,0.008086573003365311,0.2021643250841328,0.000126352703177583,0.4314801741837782,64
3392,52,3368,-370.92941507543946,-5.795772110553742,0.7972103004291845,932,743,200,0,3.702557200538358,6.0,743,5184.888740751552,5159.025750888264,25.86298986328746,81.013886574243,0.005239610416886043,0.13099026042215106,8.186891276384442e-05,0.42885943329171383,64
3456,53,3432,-555.2684993377787,-8.676070302152793,0.789311408016444,973,768,192,0,3.75,6.0,768,6259.932695632666,6232.490316795833,27.442378836833065,97.8114483692604,0.007149780940998558,0.17874452352496395,0.00011171532720310247,0.42663579370922844,64
3520,54,3496,-453.7551341722425,-7.089923971441289,0.7960088691796009,902,718,186,0,3.7047353760445683,6.0,718,5565.036763845212,5539.5175434270495,25.519220418162035,86.95369943508143,0.006025842289044734,0.15064605722611835,9.415378576632397e-05,0.42452377217642734,64
3584,55,3560,-528.9434290448816,-8.264741078826274,0.7670514165792235,953,731,221,0,3.735978112175103,6.0,731,5788.858991719476,5762.911629380812,25.94736233866562,90.45092174561681,0.0067631347708664805,0.169078369271662,0.00010567398079478876,0.422809651791881,64
3648,56,3624,-441.4559771535656,-6.897749643024462,0.7827868852459017,976,764,221,0,3.8350785340314135,6.0,764,5448.485677101811,5418.9687272492665,29.516949852542098,85.1325887047158,0.005971227873915999,0.1492806968479,9.330043552993749e-05,0.42233743001727575,64
3712,57,3688,-400.1014601682916,-6.251585315129557,0.7800650054171181,923,720,200,0,3.7,6.0,720,5335.980286378009,5309.299272523746,26.681013854263146,83.37469197465639,0.005479135008286367,0.13697837520715916,8.561148450447448e-05,0.4221177076912088,64
3776,58,3752,-407.9927177251467,-6.374886214455417,0.7993119266055045,872,697,177,0,3.7360114777618363,6.0,697,4879.736291044021,4855.082395401774,24.653895642245157,76.24587954756282,0.005529587984903022,0.13823969962257554,8.639981226410972e-05,0.42086199395353074,64
3840,59,3816,-481.0383088125835,-7.5162235751966175,0.788235294117647,935,737,202,0,3.7951153324287654,6.0,737,6100.805238318603,6073.781136573472,27.02410174513404,95.32508184872817,0.006324999598879669,0.15812498997199173,9.882811873249483e-05,0.4205134773895063,64
3904,60,3880,-504.40985037289937,-7.881403912076553,0.8016877637130801,948,760,190,0,3.668421052631579,6.0,760,6134.348835201749,6109.381835243604,24.96699995814649,95.84920055002733,0.006627133718080848,0.1656783429520212,0.00010354896434501325,0.4199950358321955,64
3968,61,3944,-418.360595294511,-6.536884301476734,0.7911111111111111,900,712,190,0,3.6657303370786516,6.0,712,5220.120805891685,5195.168705492829,24.95210039885568,81.56438759205759,0.005653798488039188,0.1413449622009797,8.834060137561231e-05,0.41939003450820156,64
4032,62,4008,-376.07870805509083,-5.876229813360794,0.7824675324675324,924,723,191,0,3.6542185338865836,6.0,723,4977.7731319120085,4953.384184293417,24.38894761858982,77.77770518612513,0.005254884078275266,0.13137210195688165,8.210756372305103e-05,0.41823442350244433,64
4096,63,4072,-374.7224854596774,-5.855038835307459,0.7796052631578947,912,711,205,0,3.7946554149085796,6.0,711,5204.666516613996,5177.971161157185,26.69535545681178,81.32291432209368,0.005196324552247705,0.1299081138061926,8.119257112887038e-05,0.4181275748263198,64
4160,64,4136,-407.9824044939258,-6.374725070217591,0.7722222222222223,900,695,202,0,3.692086330935252,6.0,695,5386.4772982248105,5361.913890877117,24.56340734769502,84.16370778476266,0.00549517016296015,0.13737925407400375,8.586203379625235e-05,0.41740873025881275,64
4224,65,4200,-376.89358788447555,-5.8889623106949305,0.7775280898876404,890,692,206,0,3.7716763005780347,6.0,692,4721.672312633805,4695.744327663295,25.927984970512497,73.7761298849032,0.005171131147472025,0.1292782786868006,8.079892417925039e-05,0.415905608931162,64
4288,66,4264,-386.49187094084493,-6.038935483450702,0.7642015005359056,933,713,214,0,3.694249649368864,6.0,713,4811.609119750002,4786.160372728509,25.44874702149254,75.18139249609378,0.005306717402497038,0.13266793506242597,8.291745941401622e-05,0.4137022408514631,64
4352,67,4328,-377.6380043564826,-5.900593818070041,0.7866948257655755,947,745,196,0,3.6577181208053693,6.0,745,5793.780625048627,5768.745704795484,25.034920253143707,90.5278222663848,0.005318698382699206,0.13296745956748016,8.310466222967509e-05,0.4112777760947962,64
4416,68,4392,-331.6909603458564,-5.182671255404006,0.8305647840531561,903,750,162,0,3.6053333333333333,6.0,750,5264.980558468042,5240.9659023856775,24.014656082361224,82.26532122606315,0.004911659234479167,0.12279148086197916,7.674467553873698e-05,0.40945901171076043,64
4480,69,4456,-514.969847399269,-8.046403865613579,0.7812187812187812,1001,782,213,0,3.5358056265984654,6.0,782,7045.924939649131,7018.84061684634,27.084322802791792,110.09257718201768,0.0067563603071961135,0.16890900767990283,0.00010556812979993927,0.40801018201775174,64
4544,70,4520,-495.7230189437921,-7.745672170996752,0.7353535353535353,990,728,259,0,3.758241758241758,6.0,728,6292.617499424564,6265.322829794707,27.294669629855683,98.32214842850881,0.00638200074179165,0.15955001854479126,9.971876159049454e-05,0.4071961588401354,64
4608,71,4584,-359.51669434118867,-5.617448349081073,0.7747653806047967,959,743,221,0,3.742934051144011,6.0,743,5153.33425853922,5126.697944618767,26.63631392045264,80.52084778967532,0.005100648431744421,0.12751621079361053,7.969763174600657e-05,0.40572398295464096,64
4672,72,4648,-359.53870948433155,-5.61779233569268,0.8031914893617021,940,755,173,0,3.76158940397351,6.0,755,5992.518514235361,5965.9829286467275,26.535585588628997,93.63310178492752,0.005188973132498503,0.12972432831246258,8.107770519528911e-05,0.40399144278184523,64
4736,73,4712,-384.4535614801035,-6.007086898126617,0.7792642140468228,897,699,204,0,3.748211731044349,6.0,699,5865.551599858763,5839.354497433943,26.197102424822287,91.64924374779318,0.005268651305286063,0.13171628263215157,8.232267664509473e-05,0.40247671140603236,64
4800,74,4776,-427.2198099500232,-6.675309530469113,0.7709844559585493,965,744,230,0,3.8024193548387095,6.0,744,6214.933254789466,6186.975481152278,27.957773637186225,97.10833210608541,0.005769465784588531,0.14423664461471328,9.01479028841958e-05,0.4012175581352322,64
4864,75,4840,-434.99400509157164,-6.796781329555807,0.7754459601259182,953,739,209,0,3.7726657645466846,6.0,739,6592.130085672235,6564.118858368712,28.011227303522105,103.00203258862867,0.005863343879408778,0.14658359698521944,9.161474811576215e-05,0.4011496074386973,64
4928,76,4904,-360.0907942006854,-5.62641865938571,0.7985462097611631,963,769,205,0,3.811443433029909,6.0,769,5809.915305839814,5781.707053649498,28.208252190316944,90.7799266537471,0.005191148551788663,0.12977871379471656,8.111169612169786e-05,0.4014795643192628,64
4992,77,4968,-430.103878511927,-6.7203731017488595,0.779826464208243,922,719,195,0,3.764951321279555,6.0,719,6473.152426255535,6447.060511894702,26.091914360835478,101.14300666024273,0.005781726832977847,0.14454317082444618,9.033948176527886e-05,0.4013959966154933,64
5056,78,5032,-361.8464824453264,-5.653851288208225,0.7521008403361344,952,716,220,0,3.622905027932961,6.0,716,5861.642471276785,5836.019616122409,25.62285515437546,91.58816361369976,0.005063061884431863,0.12657654711079658,7.911034194424785e-05,0.40102523857347433,64
5120,79,5096,-375.5381222754878,-5.867783160554497,0.7931769722814499,938,744,200,0,3.8198924731182795,6.0,744,5926.006405251538,5898.600460849048,27.405944402488085,92.59385008205528,0.005292986415439383,0.13232466038598456,8.270291274124036e-05,0.4015572790622911,64
5184,80,5160,-303.80493239867485,-4.7469520687292945,0.789587852494577,922,728,189,0,3.6538461538461537,6.0,728,5612.173777896545,5586.398528742916,25.77524915363245,87.69021527963352,0.004546735826005769,0.11366839565014422,7.104274728134014e-05,0.40172477091713266,64
5248,81,5224,-322.0729925966583,-5.032390509322786,0.7961579509071505,937,746,207,0,3.778820375335121,6.0,746,5181.973657128721,5155.636876081533,26.33678104718968,80.96833839263627,0.004755428178688262,0.11888570446720655,7.43035652920041e-05,0.401506778202224,64
5312,82,5288,-225.15720990614096,-3.5180814047834525,0.771859296482412,995,768,219,0,3.8059895833333335,6.0,768,4926.814103249777,4896.999236083734,29.814867166042365,76.98147036327777,0.0038217277880989043,0.0955431947024726,5.971449668904538e-05,0.4007946189396712,64
5376,83,5352,-304.6007465645765,-4.759386665071508,0.7798672566371682,904,705,201,0,3.730496453900709,6.0,705,5354.145184254702,5328.721203964815,25.423980289887766,83.65851850397972,0.0044879233486909914,0.11219808371727479,7.012380232329674e-05,0.40126355828470794,64
5440,84,5416,-249.14482850851599,-3.8928879454455623,0.7754010695187166,935,725,210,0,3.708965517241379,6.0,725,4922.800323002651,4896.8005785127,25.999744489950317,76.91875504691642,0.003970361046058851,0.09925902615147127,6.203689134466954e-05,0.40161301091279533,64
5504,85,5480,-284.5241464874469,-4.445689788866358,0.7956284153005464,915,728,183,0,3.7293956043956045,6.0,728,5735.902168959314,5709.262144858225,26.64002410108688,89.62347138998928,0.004364000606952772,0.10910001517381929,6.818750948363706e-05,0.4022608707488731,64
5568,86,5544,-299.8261322360578,-4.684783316188403,0.7918050941306756,903,715,200,0,3.7832167832167833,6.0,715,5867.227390093568,5840.024788262214,27.202601831356034,91.675427970212,0.0044656901770122005,0.11164225442530501,6.977640901581563e-05,0.4037856328440933,64
5632,87,5608,-299.7743808880706,-4.683974701376103,0.7739872068230277,938,726,214,0,3.8360881542699725,6.0,726,5617.251920052271,5589.043070973519,28.20884907875455,87.76956125081674,0.004474532998329492,0.1118633249582373,6.991457809889831e-05,0.40511415782343463,64
5696,88,5672,-332.773051631704,-5.199578931745375,0.7795527156549521,939,732,202,0,3.6666666666666665,6.0,732,5872.233697107341,5844.787178111743,27.446518995599277,91.7536515173022,0.004831245663571918,0.12078114158929797,7.548821349331123e-05,0.40648863452976064,64
5760,89,5736,-288.27095811523156,-4.504233720550493,0.804851157662624,907,730,192,0,3.7383561643835614,6.0,730,5153.866710094447,5128.1914997436315,25.675210350812833,80.52916734522573,0.004394977456874126,0.10987443642185314,6.867152276365822e-05,0.4088956522310334,64
5824,90,5800,-297.7004553025085,-4.651569614101695,0.7783902976846747,907,706,179,0,3.6458923512747874,6.0,706,5542.220695736432,5517.429723507575,24.790972228858298,86.59719837088176,0.004445997113559119,0.11114992783897797,6.946870489936123e-05,0.41020869521897574,64
5888,91,5864,-286.0483393328444,-4.469505302075694,0.8053097345132744,904,728,167,0,3.7032967032967035,6.0,728,5596.762648448241,5570.937618577333,25.825029870906878,87.44941638200376,0.0043981535924350005,0.10995383981087502,6.872114988179688e-05,0.410894217435427,64
5952,92,5928,-275.7899515866799,-4.309217993541873,0.7861080485115767,907,713,199,0,3.9368863955119213,6.0,713,5775.953194688944,5747.550918392975,28.40227629596791,90.24926866701475,0.004223805104124315,0.10559512760310787,6.599695475194242e-05,0.41131550718939264,64
6016,93,5992,-384.4067989787346,-6.006356234042729,0.8198403648802737,877,719,175,0,3.603616133518776,6.0,719,5949.519927971748,5925.320237866879,24.19969010487181,92.96124887455856,0.0053504385428929865,0.13376096357232467,8.360060223270291e-05,0.41126041740072655,64
6080,94,6056,-302.6294744049298,-4.728585537577028,0.7814498933901919,938,733,203,0,3.7953615279672577,6.0,733,5893.990629884766,5866.618599137434,27.372030747329664,92.09360359194947,0.004532957893186828,0.1133239473296707,7.082746708104419e-05,0.4105886238571077,64
6144,95,6120,-239.5491923683409,-3.7429561307553265,0.7780172413793104,928,722,199,0,3.6481994459833795,6.0,722,4927.430804996216,4901.353715639103,26.07708935711256,76.99110632806587,0.00388020685904301,0.09700517147607525,6.062823217254703e-05,0.40964573356428546,64
6208,96,6184,-323.7424726119178,-5.058476134561215,0.7906482465462275,941,744,195,0,3.842741935483871,6.0,744,6337.247609046697,6308.9559617323885,28.291647314307095,99.01949389135464,0.004780711737941932,0.1195177934485483,7.46986209053427e-05,0.40818013360502914,64
6272,97,6248,-234.79737244113463,-3.6687089443927285,0.7707865168539326,890,686,204,0,3.690962099125364,6.0,686,5283.691440508165,5258.056165900324,25.63527460783932,82.55767875794008,0.0037417495992933983,0.09354373998233495,5.846483748895935e-05,0.4070241435081354,64
6336,98,6312,-193.62681196861013,-3.0254189370095332,0.7936865839909808,887,704,194,0,3.7230113636363638,6.0,704,4550.717261565566,4524.740059580122,25.977201985446072,71.10495721196197,0.0033855471917175355,0.08463867979293839,5.289917487058649e-05,0.4048776411377258,64
6400,99,6376,-280.24568030761054,-4.378838754806415,0.7791537667698658,969,755,211,0,3.7655629139072846,6.0,755,6184.880628401736,6157.751481329237,27.12914707249953,96.63875981877713,0.004352072269550058,0.10880180673875145,6.800112921171965e-05,0.4024345319255399,64
6464,100,6440,-316.359733694488,-4.943120838976375,0.7551652892561983,968,731,228,0,3.9069767441860463,6.0,731,5565.650396108103,5537.130569698406,28.51982640969632,86.96328743918912,0.0046353163059853,0.1158829076496325,7.242681728102031e-05,0.40139843732060315,64
6528,101,6504,-291.69110488058925,-4.557673513759207,0.8211640211640212,945,776,182,0,3.823453608247423,6.0,776,6007.086537896437,5978.676450030517,28.410087865917937,93.86072715463183,0.004550757881924643,0.11376894704811606,7.110559190507254e-05,0.4003078050403099,64
6592,102,6568,-297.4482868489404,-4.647629482014694,0.8011049723756906,905,725,171,0,3.740689655172414,6.0,725,5370.779465035395,5343.619980999339,27.159484036056792,83.91842914117805,0.004499620032134425,0.11249050080336062,7.030656300210039e-05,0.3992204164040192,64
6656,103,6632,-347.6859793959261,-5.432593428061345,0.805793991416309,932,751,181,0,3.8495339547270304,6.0,751,5508.499260417707,5480.497243692711,28.00201672499646,86.07030094402667,0.00505259287379973,0.12631482184499326,7.894676365312079e-05,0.3985157320408227,64
6720,104,6696,-373.10038944658925,-5.829693585102957,0.7467597208374875,1003,749,247,0,3.8638184245660883,6.0,749,6086.6760239754885,6056.986567840807,29.68945613468631,95.10431287461701,0.005222357302246599,0.13055893255616496,8.15993328476031e-05,0.399405634814474,64
6784,105,6760,-369.57050939755754,-5.774539209336837,0.7963944856839873,943,751,199,0,3.841544607190413,6.0,751,5616.541729164788,5587.74632393381,28.795405230977504,87.75846451819982,0.0052505100101618825,0.13126275025404707,8.203921890877941e-05,0.4003433119128017,64
6848,106,6824,-268.279954489809,-4.191874288903265,0.7942528735632184,870,691,187,0,3.8205499276410997,6.0,691,4648.23038171286,4622.552848362319,25.677533350540095,72.62859971426344,0.00410853103924749,0.10271327598118725,6.419579748824203e-05,0.40030453976344627,64
6912,107,6888,-343.6361951873904,-5.369315549802975,0.7883771929824561,912,719,193,0,3.801112656467316,6.0,719,5049.130831364552,5022.6248984966805,26.50593286786872,78.89266924007113,0.0049203437319028775,0.12300859329757194,7.688037081098246e-05,0.40085776579980187,64
6976,108,6952,-402.53729175115996,-6.289645183611874,0.774896265560166,964,747,208,0,3.7429718875502007,6.0,747,5853.778022919893,5825.960564913528,27.81745800636529,91.46528160812333,0.005557235851688654,0.13893089629221636,8.683181018263522e-05,0.40240636750042924,64
7040,109,7016,-436.8826883798615,-6.826292005935336,0.7896907216494845,970,766,206,0,3.83289817232376,6.0,766,5975.745866411666,5946.78691425907,28.958952152596705,93.37102916268228,0.0059472430956640475,0.1486810773916012,9.292567336975074e-05,0.40416921888100893,64
7104,110,7080,-406.51006872254885,-6.351719823789826,0.7751295336787565,965,748,219,0,3.9197860962566846,6.0,748,5608.226040960734,5579.13754865124,29.0884923094957,87.62853189001147,0.0055862515471221666,0.13965628867805416,8.728518042378385e-05,0.4053863754857694,64
7168,111,7144,-559.404026453024,-8.7406879133285,0.7972027972027972,1001,798,207,0,3.68796992481203,6.0,798,7079.6177053042,7050.58621429811,29.031491006090775,110.61902664537813,0.007248906023694454,0.18122265059236134,0.00011326415662022584,0.40757068952369835,64
7232,112,7208,-431.7776344728446,-6.746525538638197,0.7713651498335183,901,695,202,0,3.805755395683453,6.0,695,5416.877377440521,5389.219374874116,27.65800256640307,84.63870902250814,0.005732199442887882,0.14330498607219705,8.956561629512316e-05,0.4087777768056692,64
7296,113,7272,-530.5881398963479,-8.290439685880436,0.7734042553191489,940,727,201,0,3.823933975240715,6.0,727,6323.983443978053,6296.488048833965,27.495395144089706,98.81224131215708,0.006798689414007555,0.16996723535018887,0.00010622952209386805,0.4098731624729005,64
7360,114,7336,-545.1864883419053,-8.51853888034227,0.7712486883525709,953,735,221,0,3.834013605442177,6.0,735,6479.3414114254565,6450.751677684686,28.58973374077344,101.23970955352276,0.006938619048781773,0.17346547621954433,0.0001084159226372152,0.41207017345491226,64
7424,115,7400,-479.84054355387747,-7.497508493029335,0.7797872340425532,940,733,206,0,3.7980900409276943,6.0,733,5961.3099564798,5932.950623380572,28.359333099228756,93.14546806999688,0.006296442293032262,0.15741105732580654,9.838191082862909e-05,0.41304573923024396,64
7488,116,7464,-488.56179894345655,-7.633778108491509,0.7819634703196348,876,685,202,0,3.7766423357664234,6.0,685,5712.247100658939,5686.4585298945785,25.788570764358255,89.25386094779593,0.00627477600541596,0.15686940013539902,9.804337508462438e-05,0.4137432433245401,64
7552,117,7528,-436.18960802944184,-6.815462625460029,0.805111821086262,939,756,186,0,3.82010582010582,6.0,756,6093.3043705398595,6066.869219271296,26.435151268562077,95.2078807896853,0.005940709630572272,0.1485177407643068,9.282358797769175e-05,0.4139460150573222,64
7616,118,7592,-531.8199636233355,-8.309686931614618,0.8062098501070664,934,753,178,0,3.806108897742364,6.0,753,6304.603406132007,6277.576176548296,27.027229583715652,98.50942822081261,0.006901850963988457,0.17254627409971143,0.00010784142131231964,0.41519004201170656,64
7680,119,7656,-389.75972739223346,-6.089995740503648,0.7977401129943503,885,706,185,0,3.828611898016997,6.0,706,5474.331467695972,5446.641968337809,27.689499358156503,85.53642918274956,0.005358785391208761,0.13396963478021903,8.373102173763689e-05,0.4179859288775335,64
7744,120,7720,-454.17929767225337,-7.096551526128959,0.7431289640591966,946,703,231,0,3.809388335704125,6.0,703,5625.040767444926,5597.940588995124,27.1001784498033,87.89126199132697,0.0059381184203729604,0.14845296050932402,9.278310031832751e-05,0.41917957850496,64
7808,121,7784,-536.3279768674438,-8.38012463855381,0.8015267175572519,917,735,173,0,3.7877551020408164,6.0,735,5923.292831970457,5895.260230786822,28.03260118363577,92.55145049953839,0.0069087284020226195,0.17271821005056548,0.00010794888128160343,0.4211220174018614,64
7872,122,7848,-564.7852025655734,-8.824768790087084,0.7931034482758621,928,736,198,0,3.786684782608696,6.0,736,6173.749644080885,6146.114319455197,27.635324625687165,96.46483818876384,0.007161344105457626,0.17903360263644066,0.00011189600164777541,0.4233022041613149,64
7936,123,7912,-515.1718335056302,-8.049559898525471,0.8128834355828221,978,795,188,0,3.850314465408805,6.0,795,5820.003314071948,5789.718232891094,30.285081180853155,90.93755178237419,0.006822681111033203,0.17056702777583008,0.0001066043923598938,0.42505230816464273,64
8000,124,7976,-422.90922989894534,-6.607956717171021,0.7828571428571428,875,685,194,0,3.805839416058394,6.0,685,5266.314494214322,5240.254069159738,26.060425054584666,82.28616397209878,0.005628187651972369,0.14070469129930924,8.794043206206827e-05,0.4264371283704407,64
8064,125,8040,-545.6384783827956,-8.525601224731181,0.749475890985325,954,715,241,0,3.841958041958042,6.0,715,5660.091184217101,5630.573091271273,29.518092945826318,88.4389247533922,0.00686836253767138,0.1717090634417845,0.00010731816465111531,0.4274088833189836,64
8128,126,8104,-662.4707439114823,-10.35110537361691,0.7795431976166832,1007,785,217,0,3.881528662420382,6.0,785,6905.530010963419,6874.327788108627,31.202222854792225,107.89890642130342,0.008234116128973722,0.20585290322434305,0.0001286580645152144,0.4272355002813816,64
8192,127,8168,-535.6107890404396,-8.368918578756869,0.7775467775467776,962,748,220,0,3.911764705882353,6.0,748,6134.193197856807,6104.480119913182,29.713077943629347,95.84676871651261,0.006873988073329138,0.17184970183322845,0.00010740606364576778,0.4268792642509627,64
8256,128,8232,-495.61983770661146,-7.744059964165804,0.7743589743589744,975,755,205,0,3.7788079470198674,6.0,755,5763.993180433463,5734.244104499715,29.749075933747125,90.06239344427286,0.006509186350463947,0.16272965876159867,0.00010170603672599917,0.4261429170571727,64
8320,129,8296,-550.6423682087845,-8.603787003262259,0.7821888412017167,932,729,212,0,3.8161865569272977,6.0,729,6095.311430432398,6066.86231861382,28.44911181857448,95.23924110050622,0.00698721862591448,0.174680465647862,0.00010917529102991375,0.42499914183209375,64
8384,130,8360,-489.6171832054413,-7.65026848758502,0.7864184008762322,913,718,207,0,3.933147632311978,6.0,718,5587.174626511416,5558.49693734608,28.67768916533574,87.29960353924088,0.006358949708214053,0.15897374270535133,9.935858919084458e-05,0.42325549776238985,64
8448,131,8424,-632.998787503065,-9.890606054735391,0.7684319833852544,963,740,200,0,3.858108108108108,6.0,740,6488.4931925042365,6459.1515119308,29.341680573438772,101.3827061328787,0.007854359322609635,0.19635898306524088,0.00012272436441577555,0.4219968806874247,64
8512,132,8488,-472.73830961591636,-7.386536087748693,0.7807775377969762,926,723,207,0,3.8824343015214384,6.0,723,5611.18177562041,5581.833241046168,29.34853457424474,87.6747152440689,0.006201608972529647,0.1550402243132412,9.690014019577573e-05,0.42121520308532123,64
8576,133,8552,-430.5848726959738,-6.72788863587459,0.7714285714285715,945,729,224,0,3.840877914951989,6.0,729,5558.573372661238,5528.938977706244,29.634394954992953,86.85270894783184,0.005774423191357126,0.14436057978392816,9.02253623649551e-05,0.4198703941736161,64
8640,134,8616,-417.65520912460283,-6.525862642571919,0.792090395480226,885,701,179,0,3.7261055634807416,6.0,701,5239.665721847163,5213.1014765624905,26.564245284671173,81.86977690386192,0.005635513404173244,0.14088783510433112,8.805489694020694e-05,0.41845432307793895,64
8704,135,8680,-458.295387794503,-7.160865434289109,0.7804370447450573,961,750,204,0,3.8493333333333335,6.0,750,5505.894843988841,5476.57210755242,29.322736436420556,86.02960693732564,0.00612549329680577,0.15313733242014427,9.571083276259016e-05,0.41859156078876314,64
8768,136,8744,-536.4006891372898,-8.381260767770152,0.7918552036199095,884,700,205,0,3.7714285714285714,6.0,700,5466.01576235089,5440.415438987168,25.60032336371967,85.40649628673266,0.006784952991843951,0.16962382479609878,0.00010601489049756174,0.41821120389021527,64
8832,137,8808,-450.1848931104965,-7.034138954851508,0.7682539682539683,945,726,199,0,3.891184573002755,6.0,726,5759.387644182461,5729.570703328321,29.816940854139098,89.99043194035096,0.00599368119890639,0.14984202997265975,9.365126873291235e-05,0.4179967958820826,64
8896,138,8872,-550.5488851668856,-8.602326330732588,0.7807775377969762,926,723,213,0,3.784232365145228,6.0,723,6291.378844397971,6263.69400201417,27.684842383803407,98.3027944437183,0.006971897118846328,0.17429742797115821,0.00010893589248197388,0.41765661318911795,64
8960,139,8936,-451.6677831408225,-7.057309111575352,0.7934782608695652,920,730,190,0,3.7904109589041095,6.0,730,5328.515468698859,5301.410276089661,27.105192609198657,83.25805419841967,0.006028903886796955,0.15072259716992387,9.420162323120242e-05,0.4172690631119311,64
9024,140,9000,-600.337107637202,-9.380267306831282,0.7925925925925926,945,749,193,0,3.8584779706275034,6.0,749,6575.581142318005,6546.4454018340575,29.135740483945312,102.74345534871883,0.007556058344855164,0.18890145862137908,0.00011806341163836193,0.41807430659252653,64
9088,141,9064,-407.1903642327853,-6.362349441137271,0.7833698030634574,914,716,213,0,3.835195530726257,6.0,716,5365.879027722704,5337.865437362118,28.013590360588072,83.84185980816726,0.005524813022152495,0.13812032555381237,8.632520347113274e-05,0.418905970950477,64
9152,142,9128,-424.517993705862,-6.633093651654094,0.7390396659707724,958,708,226,0,3.8559322033898304,6.0,708,5243.802909581066,5213.539127229173,30.263782351895316,81.93442046220416,0.005659079317130097,0.14147698292825245,8.842311433015777e-05,0.4198690158599127,64
9216,143,9192,-311.308024120893,-4.864187876888953,0.784037558685446,852,668,204,0,4.00748502994012,6.0,668,4218.216371430005,4190.169309187663,28.047062242341745,65.90963080359383,0.0044598677148833706,0.11149669287208426,6.968543304505266e-05,0.4217020794000015,64
9280,144,9256,-385.7006559341914,-6.0265727489717404,0.7557755775577558,909,687,216,0,3.953420669577875,6.0,687,5564.674767826206,5535.073565096073,29.60120273013157,86.94804324728447,0.005235559931208857,0.13088899828022144,8.18056239251384e-05,0.4235118158882168,64
9344,145,9320,-336.777218221027,-5.262144034703547,0.7672514619883041,855,656,199,0,3.9878048780487805,6.0,656,4284.624539099972,4258.069471851448,26.55506724852541,66.94725842343706,0.004694028273015691,0.11735070682539228,7.334419176587017e-05,0.424573460661123,64
9408,146,9384,-362.8673838908686,-5.669802873294822,0.7681159420289855,897,689,212,0,3.918722786647315,6.0,689,4954.959435021148,4927.210212085353,27.749222935796467,77.42124117220544,0.005018537322423534,0.12546343306058835,7.841464566286772e-05,0.4250195062683845,64
9472,147,9448,-405.79578607151495,-6.340559157367421,0.7537154989384289,942,710,220,0,3.7619718309859156,6.0,710,5937.272562940189,5907.591206515516,29.681356424670817,92.76988379594046,0.005486685046292461,0.13716712615731153,8.57294538483197e-05,0.42517067360852245,64
9536,148,9512,-361.71520568118905,-5.651800088768579,0.7883538633818589,893,704,205,0,4.011363636363637,6.0,704,4755.915350076568,4726.625137306775,29.290212769794657,74.31117734494637,0.005049350772841389,0.12623376932103472,7.88961058256467e-05,0.4253926030523717,64
9600,149,9576,-432.36234736183644,-6.755661677528694,0.772972972972973,925,715,189,0,3.8643356643356643,6.0,715,5224.699721358529,5196.576043523736,28.12367783479402,81.63593314622702,0.005802030356968138,0.14505075892420344,9.065672432762715e-05,0.42401746742598495,64
9664,150,9640,-390.48227703723086,-6.101285578706732,0.8155440414507772,965,787,184,0,3.8170266836086406,6.0,787,5697.680442278114,5668.76154880202,28.918893476095644,89.02625691059554,0.005563968070957235,0.13909920177393087,8.693700110870679e-05,0.42321840814748046,64
9728,151,9704,-504.2642676854357,-7.879129182584933,0.8105046343975283,971,787,194,0,3.681067344345616,6.0,787,6775.147854748856,6747.40179026311,27.7460644857424,105.86168523045087,0.006687674833362402,0.16719187083406004,0.00010449491927128753,0.422414526351217,64
9792,152,9768,-392.6682794894631,-6.135441867022861,0.788135593220339,944,744,195,0,3.8051075268817205,6.0,744,6053.356039767971,6023.766239406163,29.589800361808074,94.58368812137455,0.005467285941876084,0.13668214854690208,8.542634284181381e-05,0.42213455845942044,64
9856,153,9832,-420.8209362363912,-6.575327128693613,0.7936991869918699,984,781,187,0,3.81562099871959,6.0,781,6329.677042308295,6299.306429780293,30.370612528003402,98.90120378606711,0.0058467722933089146,0.14616930733272288,9.135581708295179e-05,0.420399736912084,64
9920,154,9896,-392.8392804574816,-6.13811375714815,0.7722048066875653,957,739,226,0,3.855209742895805,6.0,739,5629.654000471525,5600.4856520195535,29.168348451971966,87.96334375736758,0.005418574729564973,0.13546436823912433,8.466523014945271e-05,0.419263835573771,64
9984,155,9960,-421.1287717653866,-6.580137058834166,0.7908902691511387,966,764,209,0,3.980366492146597,6.0,764,6182.887992432203,6152.426515493157,30.46147693904221,96.60762488175317,0.005781464400412713,0.1445366100103178,9.033538125644863e-05,0.41820860014117983,64
10048,156,10024,-287.37941092397386,-4.490303295687092,0.760797342192691,903,687,226,0,3.960698689956332,6.0,687,4381.584035553863,4352.124660411925,29.45937514193749,68.46225055552911,0.0042410211844755505,0.10602552961188877,6.626595600743048e-05,0.41565007603890647,64
10112,157,10088,-370.6221669426235,-5.790971358478492,0.8083067092651757,939,759,183,0,3.8274044795783926,6.0,759,5652.7409965525385,5623.526121682684,29.21487486985092,88.32407807113341,0.005298433511728877,0.13246083779322193,8.27880236207637e-05,0.41338409079280325,64
10176,158,10152,-329.7593385540674,-5.1524896649073035,0.7686567164179104,938,721,207,0,3.7586685159500695,6.0,721,5210.034558249743,5182.890922284463,27.14363596527901,81.40678997265223,0.004770154617960513,0.11925386544901283,7.453366590563302e-05,0.41146519773006224,64
10240,159,10216,-391.77104386696783,-6.121422560421372,0.8255451713395638,963,795,161,0,3.69811320754717,6.0,795,6234.977385414018,6209.350546492518,25.626838921496997,97.42152164709402,0.005621247985170338,0.14053119962925845,8.783199976828653e-05,0.41087781870646267,64
10304,160,10280,-260.1604618694274,-4.0650072167098035,0.800910125142207,879,704,182,0,3.909090909090909,6.0,704,4746.46724540891,4719.770039882093,26.697205526819545,74.16355070951421,0.0040639275085660575,0.10159818771415144,6.349886732134465e-05,0.41038264872310376,64
10368,161,10344,-358.45282487444473,-5.600825388663199,0.761646803900325,923,703,218,0,3.7809388335704126,6.0,703,5660.7013854080415,5633.340222526686,27.361162881357405,88.44845914700065,0.004998445063901104,0.12496112659752759,7.810070412345475e-05,0.4094571478892951,64
10432,162,10408,-491.04129310072915,-7.672520204698893,0.7579408543263965,913,692,212,0,4.0,6.0,692,5965.926689138219,5936.6858967820845,29.240792356132943,93.21760451778468,0.006303541718252764,0.1575885429563191,9.849283934769944e-05,0.4089061527373548,64
10496,163,10472,-275.8624063397084,-4.310350099057944,0.7694736842105263,950,731,230,0,3.8522571819425444,6.0,731,4866.288507375245,4836.635311888352,29.65319548689208,76.0357579277382,0.004225858255281163,0.10564645638202907,6.602903523876818e-05,0.408450716761795,64
10560,164,10536,-290.5964045076087,-4.540568820431386,0.7566079295154186,908,687,223,0,3.930131004366812,6.0,687,4816.547144357813,4788.1344202149285,28.412724142880396,75.25854913059082,0.004277330903940891,0.10693327259852228,6.683329537407642e-05,0.40789902044704973,64
10624,165,10600,-307.03666074671594,-4.7974478241674365,0.7505643340857788,886,665,212,0,3.9744360902255638,6.0,665,5196.4279793003025,5167.771193464318,28.65678583598112,81.19418717656723,0.0044037785393838,0.110094463484595,6.880903967787188e-05,0.40734329521156143,64
10688,166,10664,-363.6912316352218,-5.682675494300341,0.7737973387922211,977,756,227,0,3.914021164021164,6.0,756,5757.677678605832,5727.768583639691,29.909094966140398,89.96371372821612,0.0051703885000207285,0.1292597125005182,8.078732031282388e-05,0.40695058934729217,64
10752,167,10728,-267.32613517824416,-4.176970862160065,0.7704590818363274,1002,772,225,0,3.819948186528497,6.0,772,6155.954315763069,6125.9391215043015,30.015194258762072,96.18678618379795,0.0042479505692533375,0.10619876423133344,6.63742276445834e-05,0.4079519710397614,64
10816,168,10792,-216.88506012134698,-3.3888290643960466,0.8082663605051664,871,704,173,0,3.8295454545454546,6.0,704,4416.351952549862,4390.862970311103,25.488982238761604,69.0054992585916,0.00364111235243267,0.09102780881081675,5.689238050676047e-05,0.408322061092054,64
10880,169,10856,-312.8191704922931,-4.88779953894208,0.7846309403437816,989,776,212,0,3.877577319587629,6.0,776,5965.14151158731,5935.080917235146,30.06059435216343,93.20533611855171,0.004726059434432829,0.11815148586082072,7.384467866301295e-05,0.4081164657164022,64
10944,170,10920,-360.7388556044846,-5.636544618820072,0.78125,928,725,200,0,3.823448275862069,6.0,725,6310.8441459179485,6282.31757349929,28.52657241865743,98.60693977996795,0.005099152745687215,0.12747881864218039,7.967426165136274e-05,0.408101223079644,64
11008,171,10984,-302.39010503163547,-4.724845391119304,0.8019271948608137,934,749,185,0,3.8811748998664886,6.0,749,5608.045117108129,5578.462370103792,29.582747004336543,87.62570495481451,0.004590759320975011,0.11476898302437528,7.173061439023455e-05,0.40793669643470787,64
11072,172,11048,-306.5454608970021,-4.789772826515658,0.7976694915254238,944,753,200,0,3.859229747675963,6.0,753,6135.975861858555,6105.803554294688,30.172307563867424,95.87462284153992,0.004622466966514646,0.11556167416286614,7.222604635179134e-05,0.4085779845096701,64
11136,173,11112,-231.81872159785146,-3.622167524966429,0.7642626480086114,929,710,201,0,3.843661971830986,6.0,710,5352.439458992109,5325.029877435873,27.409581556235363,83.63186654675171,0.0037735237415857706,0.09433809353964427,5.8961308462277666e-05,0.40897078607289317,64
11200,174,11176,-273.94903671194663,-4.280453698624166,0.7729211087420043,938,725,217,0,3.9517241379310346,6.0,725,6120.205701601256,6089.313750037464,30.891951563790354,95.62821408751962,0.004211366373268998,0.10528415933172496,6.58025995823281e-05,0.41011529969661853,64
11264,175,11240,-355.3779307336006,-5.552780167712509,0.8108974358974359,936,759,178,0,3.772068511198946,6.0,759,6486.585915311133,6460.397624111656,26.188291199477145,101.35290492673646,0.005152352298232482,0.12880880745581205,8.050550465988253e-05,0.41260258563158664,64
11328,176,11304,-315.33773857619383,-4.927152165253029,0.7810590631364562,982,767,214,0,3.8591916558018253,6.0,767,6323.188512273036,6293.570364672269,29.61814760076768,98.7998205042662,0.004729135912653534,0.11822839781633836,7.389274863521147e-05,0.41356479995471485,64
11392,177,11368,-205.47139426751767,-3.2104905354299635,0.7991071428571429,896,716,195,0,4.032122905027933,6.0,716,5112.421695557605,5083.884065309792,28.537630247814405,79.88158899308758,0.0035302033210373495,0.08825508302593374,5.5159426891208585e-05,0.41438246835157644,64
11456,178,11432,-257.31341402309766,-4.020522094110901,0.7757894736842105,950,737,210,0,3.933514246947083,6.0,737,5309.221768867597,5280.319259634245,28.902509233348965,82.95659013855621,0.0040801181285842255,0.10200295321460563,6.375184575912852e-05,0.4140073057715284,64
11520,179,11496,-215.95129264450165,-3.3742389475703383,0.7990919409761634,881,704,169,0,3.9318181818181817,6.0,704,5005.634770290898,4979.005656548559,26.6291137423354,78.21304328579528,0.0036374670487295084,0.09093667621823771,5.683542263639857e-05,0.4135801169040129,64
11584,180,11560,-225.86330421569866,-3.5291141283702916,0.7556935817805382,966,730,225,0,3.9328767123287673,6.0,730,4963.595615749596,4934.021085598305,29.574530151294013,77.55618149608743,0.0037312042579442936,0.09328010644860735,5.830006653037959e-05,0.41253565164377504,64
11648,181,11624,-221.66232909362344,-3.4634738920878663,0.7945205479452054,876,696,193,0,3.8922413793103448,6.0,696,4768.609756204522,4741.696502719135,26.913253485384157,74.50952744069565,0.003646492671362857,0.09116231678407143,5.697644799004464e-05,0.41112774197034685,64
11712,182,11688,-268.33455190732036,-4.192727373551881,0.7918552036199095,884,700,179,0,3.9657142857142857,6.0,700,5897.12347782723,5868.470630166457,28.652847660772622,92.14255434105047,0.004139595781022979,0.10348989452557449,6.468118407848405e-05,0.4096466388437726,64
11776,183,11752,-245.68228243593816,-3.838785663061534,0.7844827586206896,928,728,207,0,3.9368131868131866,6.0,728,5398.00175028636,5368.615238795557,29.386511490800064,84.34377734822438,0.003946061600625722,0.09865154001564304,6.16572125097769e-05,0.40811347853027363,64
11840,184,11816,-188.7186943292231,-2.948729598894111,0.7628635346756152,894,682,198,0,3.941348973607038,6.0,682,4543.558141597253,4515.06825568813,28.489885909121007,70.99309596245708,0.0032788136430680357,0.0819703410767009,5.123146317293806e-05,0.4054369864211758,64
11904,185,11880,-211.02707947319374,-3.297298116768652,0.7874285714285715,875,689,193,0,3.9738751814223514,6.0,689,5018.168705921115,4989.289382454845,28.87932346627135,78.40888603001743,0.0035225125328879675,0.08806281332219919,5.503925832637449e-05,0.40248997902538325,64
11968,186,11944,-314.8445720234689,-4.919446437866702,0.7714581178903827,967,746,225,0,3.9195710455764075,6.0,746,6023.0791929667885,5992.300753790503,30.778439176283822,94.11061239010607,0.004657405063090438,0.11643512657726095,7.27719541107881e-05,0.4005916897462186,64
12032,187,12008,-192.2112161695104,-3.0033002526486,0.7645089285714286,896,685,226,0,4.046715328467153,6.0,685,4253.927943945305,4226.113768885839,27.81417505946675,66.46762412414539,0.003286184821285171,0.08215462053212928,5.13466378325808e-05,0.39904572602727917,64
12096,188,12072,-229.84554985575977,-3.5913367164962464,0.7595505617977528,890,676,193,0,3.960059171597633,6.0,676,4636.322211060467,4608.079104026798,28.243107033669567,72.4425345478198,0.00368101470027291,0.09202536750682275,5.7515854691764215e-05,0.3966288907608161,64
12160,189,12136,-207.94209780956442,-3.249095278274444,0.7540628385698809,923,696,227,0,3.9827586206896552,6.0,696,4864.81384010069,4835.626346224265,29.187493876425233,76.01271625157328,0.0034701733979997664,0.08675433494999416,5.422145934374635e-05,0.3953243733295573,64
12224,190,12200,-238.24193201574352,-3.7225301877459924,0.7769145394006659,901,700,221,0,4.057142857142857,6.0,700,4502.840987123119,4473.304876011704,29.536111111414435,70.35689042379873,0.0037860782045643234,0.09465195511410808,5.915747194631755e-05,0.39393436072254073,64
12288,191,12264,-294.4438458720981,-4.600685091751533,0.7559322033898305,885,669,212,0,3.9641255605381165,6.0,669,4811.773514266057,4784.012113170381,27.761401095676568,75.18396116040714,0.004286200900607115,0.10715502251517789,6.697188907198618e-05,0.39355500515427655,64
12352,192,12328,-316.2266019049608,-4.941040654765012,0.7386243386243386,945,698,229,0,3.979942693409742,6.0,698,5793.947687374543,5763.320923203565,30.626764170974525,90.53043261522724,0.0045519367130711285,0.11379841782677821,7.112401114173638e-05,0.39526309876821814,64
12416,193,12392,-409.3612543740848,-6.396269599595075,0.7712053571428571,896,691,222,0,3.9059334298118666,6.0,691,5781.91187503851,5753.997826355466,27.91404868304339,90.34237304747671,0.0054762577271975435,0.13690644317993858,8.556652698746162e-05,0.3975970233127112,64
12480,194,12456,-280.71847575245886,-4.38622618363217,0.7960308710033076,907,722,182,0,3.832409972299169,6.0,722,5196.011234987154,5169.793968401292,26.21726658586263,81.18767554667428,0.004309158475330239,0.10772896188325598,6.733060117703499e-05,0.39950229119546526,64
12544,195,12520,-490.75409840261017,-7.668032787540784,0.7757575757575758,990,768,218,0,3.9921875,6.0,768,6550.809625259587,6519.711289741883,31.09833551770073,102.35640039468105,0.006475409729968886,0.16188524324922215,0.00010117827703076385,0.40121312760421673,64
12608,196,12584,-388.0187226471726,-6.062792541362072,0.8456659619450317,946,800,147,0,3.805,6.0,800,6212.542019318753,6184.375957850717,28.166061468035437,97.07096905185551,0.005612841992614452,0.1403210498153613,8.770065613460081e-05,0.4035045021923916,64
12672,197,12648,-365.69660058988376,-5.714009384216934,0.8014861995753716,942,755,180,0,3.9112582781456955,6.0,755,5617.254220229398,5588.384973663116,28.869246566282452,87.76959719108434,0.005244301189244503,0.13110752973111256,8.194220608194535e-05,0.40453543700569194,64
12736,198,12712,-297.72775486882824,-4.651996169825441,0.7910922587486744,943,746,207,0,3.953083109919571,6.0,746,5523.047298623082,5491.885918815735,31.161379807347174,86.29761404098565,0.004509513639580468,0.1127378409895117,7.046115061844482e-05,0.40578014862496814,64
12800,199,12776,-397.41679767026307,-6.20963746359786,0.7971602434077079,986,786,191,0,3.940203562340967,6.0,786,6531.019955309697,6499.343219082333,31.676736227366867,102.04718680171402,0.005622594113539094,0.14056485283847733,8.785303302404834e-05,0.4081134204226994,64
12864,200,12840,-431.27186341555716,-6.738622865868081,0.7516778523489933,894,672,223,0,3.825892857142857,6.0,672,5009.540813063742,4981.864477173868,27.676335889875304,78.27407520412096,0.005647608982981067,0.14119022457452668,8.824389035907918e-05,0.40999242609478087,64
12928,201,12904,-290.8873843158529,-4.5451153799352015,0.7679372197309418,892,685,211,0,3.9401459854014598,6.0,685,4770.2723467864525,4741.996980408229,28.275366378228618,74.53550541853832,0.004288742352932366,0.10721855882330916,6.701159926456822e-05,0.41022765608414813,64
12992,202,12968,-299.56043701092415,-4.68063182829569,0.7663755458515283,916,702,216,0,3.905982905982906,6.0,702,4682.994189638145,4653.813494400433,29.18069523771049,73.17178421309602,0.0044101390185608625,0.11025347546402156,6.890842216501348e-05,0.4105724098831117,64
13056,203,13032,-379.1292643118919,-5.923894754873311,0.7455268389662028,1006,750,258,0,3.956,6.0,750,6334.645372688567,6301.876451228731,32.76892145983588,98.97883394825885,0.005269318573955646,0.13173296434889115,8.233310271805697e-05,0.4107207473364488,64
13120,204,13096,-278.4373366517451,-4.350583385183517,0.7563829787234042,940,711,228,0,3.990154711673699,6.0,711,5287.6165192295775,5256.993843636537,30.622675593039112,82.61900811296215,0.0042059496424159395,0.10514874106039848,6.571796316274905e-05,0.4129136440615071,64
13184,205,13160,-318.653932757146,-4.978967699330406,0.7619565217391304,920,701,214,0,3.935805991440799,6.0,701,5055.284255874347,5025.90059113242,29.383664741926946,78.98881649803667,0.004601873133373246,0.11504682833433115,7.190426770895697e-05,0.4140889561013501,64
13248,206,13224,-433.6651373716361,-6.776017771431814,0.7618522601984564,907,691,206,0,3.9247467438494934,6.0,691,5825.0923907370525,5795.783178461565,29.30921227548793,91.01706860526645,0.005734929014307293,0.14337322535768232,8.960826584855145e-05,0.4162189340467257,64
13312,207,13288,-272.19492914702164,-4.253045767922213,0.7823721436343852,919,719,212,0,4.031988873435327,6.0,719,4419.3023795449,4389.873843554562,29.428535990339366,69.05159968038906,0.004184810575303421,0.10462026438258552,6.538766523911595e-05,0.4179702623088876,64
13376,208,13352,-386.8089370030789,-6.0438896406731075,0.750252780586451,989,742,258,0,3.92722371967655,6.0,742,6119.346175401026,6086.899319633191,32.44685576783684,95.61478399064103,0.005328915219110604,0.1332228804777651,8.326430029860318e-05,0.4194145577150892,64
13440,209,13416,-291.33236349028425,-4.552068179535691,0.7472766884531591,918,686,221,0,3.935860058309038,6.0,686,4802.071875941966,4774.739561355685,27.332314586281118,75.03237306159322,0.004284694403401167,0.10711736008502917,6.694835005314323e-05,0.42029699787053576,64
13504,210,13480,-316.68067994960063,-4.94813562421251,0.7474972191323693,899,672,219,0,4.069940476190476,6.0,672,5171.575897904977,5140.834047219157,30.74185068582035,80.80587340476526,0.004505603162092084,0.1126400790523021,7.040004940768881e-05,0.4204182874460617,64
13568,211,13544,-453.1344471798756,-7.080225737185557,0.7471620227038184,969,724,258,0,4.0345303867403315,6.0,724,5756.831826507322,5724.940630053065,31.891196454257578,89.95049728917691,0.005946664047319374,0.14866660118298436,9.291662573936522e-05,0.4212440920022983,64
13632,212,13608,-306.84855488941855,-4.794508670147165,0.7680652680652681,858,659,204,0,3.8922610015174506,6.0,659,4756.9412767078775,4729.838974721264,27.102301986612048,74.32720744856059,0.004395997577420148,0.10989993943550369,6.868746214718981e-05,0.42079746465365797,64
13696,213,13672,-330.2958747855413,-5.160873043524083,0.7825136612021858,915,716,185,0,3.9958100558659218,6.0,716,5311.2554117968475,5280.222564420837,31.03284737600854,82.98836580932574,0.004790909408619682,0.11977273521549205,7.485795950968253e-05,0.42057889945023474,64
13760,214,13736,-310.01261763879756,-4.843947150606212,0.7846481876332623,938,736,203,0,4.036684782608695,6.0,736,5050.120683634602,5018.727589855808,31.393093778793467,78.90813568179065,0.004612042581688329,0.11530106454220822,7.206316533888014e-05,0.4201292217963726,64
13824,215,13800,-309.91177614079356,-4.842371502199899,0.7738095238095238,924,715,224,0,3.9972027972027973,6.0,715,4753.859920822674,4725.067931247481,28.791989575191526,74.27906126285428,0.004534332199233115,0.11335830498082787,7.084894061301742e-05,0.41918451105943333,64
13888,216,13864,-367.0502728799679,-5.7351605137494985,0.7300743889479278,941,687,227,0,4.04075691411936,6.0,687,5407.054163292518,5376.7797178686305,30.27444542388785,84.48522130144559,0.0050358159110336555,0.12589539777584138,7.868462360990087e-05,0.4190442724918175,64
13952,217,13928,-407.78434708763234,-6.371630423244255,0.7527472527472527,910,685,226,0,4.039416058394161,6.0,685,4953.854551828982,4924.778907584861,29.075644244116948,77.40397737232784,0.00544050455873644,0.136012613968411,8.500788373025687e-05,0.41932733914828246,64
14016,218,13992,-398.0319475006099,-6.219249179697029,0.7574421168687983,907,687,227,0,3.9315866084425037,6.0,687,4949.81246528018,4921.976971615676,27.83549366450344,77.34081977000281,0.005346606034955216,0.1336651508738804,8.354071929617525e-05,0.4184251794047141,64
14080,219,14056,-458.77587699701314,-7.16837307807833,0.7734864300626305,958,741,224,0,3.970310391363023,6.0,741,5922.231231497739,5892.076219436064,30.155012061676686,92.53486299215217,0.006088430848004606,0.15221077120011517,9.513173200007197e-05,0.41743786137071937,64
14144,220,14120,-564.982244158372,-8.827847564974563,0.7705627705627706,924,712,201,0,3.8286516853932584,6.0,712,5804.800436283959,5776.542860526409,28.257575757550736,90.70000681693686,0.0071038612497034154,0.1775965312425854,0.00011099783202661587,0.4180178883596708,64
14208,221,14184,-421.11225875207316,-6.579879043001143,0.7457081545064378,932,695,234,0,3.9366906474820142,6.0,695,4786.091300820093,4756.108087207401,29.983213612694033,74.78267657531396,0.0055861692080410195,0.1396542302010255,8.728389387564093e-05,0.4188537473784194,64
14272,222,14248,-425.7285180477976,-6.652008094496837,0.7575431034482759,928,703,227,0,3.997155049786629,6.0,703,4884.87464967161,4853.471732063357,31.402917608252555,76.32616640111891,0.0056584156053048245,0.1414603901326206,8.841274383288788e-05,0.41873980502596125,64
14336,223,14312,-573.1440512773299,-8.95537580120828,0.7729566094853683,991,766,230,0,3.9673629242819843,6.0,766,5960.885213400768,5928.653908237887,32.23130516288558,93.138831459387,0.007278945229722381,0.18197363074305953,0.0001137335192144122,0.4191684904680736,64
14400,224,14376,-441.1402662138519,-6.8928166595914355,0.7474860335195531,895,669,238,0,4.011958146487294,6.0,669,4846.776476646816,4817.265945801112,29.5105308457028,75.7308824476065,0.005716175078332742,0.14290437695831854,8.931523559894909e-05,0.419820726003574,64
14464,225,14440,-475.66923216899295,-7.432331752640515,0.7474518686296716,883,660,205,0,4.072727272727272,6.0,660,4966.276901267964,4936.378012177316,29.8988890906464,77.59807658231193,0.006082341835431263,0.15205854588578158,9.503659117861348e-05,0.41965024695030717,64
14528,226,14504,-473.839142335672,-7.403736598994875,0.7711496746203904,922,711,223,0,4.136427566807313,6.0,711,5168.926413453579,5137.025416442554,31.900997011023698,80.76447521021217,0.006166155559698038,0.15415388899245097,9.634618062028185e-05,0.42078070885235,64
14592,227,14568,-366.3314780736075,-5.723929344900117,0.7486033519553073,895,670,226,0,4.020895522388059,6.0,670,4547.345544225403,4518.792981203121,28.55256302228151,71.05227412852192,0.004989915503756095,0.12474788759390237,7.796742974618899e-05,0.4233510732791682,64
14656,228,14632,-586.0806542400395,-9.157510222500617,0.7610619469026548,904,688,203,0,4.09156976744186,6.0,688,5964.345279872298,5935.414326587982,28.930953284312434,93.19289499800466,0.00725598628095213,0.18139965702380326,0.00011337478563987704,0.425670271442108,64
14720,229,14696,-525.0971914645802,-8.204643616634065,0.7533818938605619,961,724,253,0,4.023480662983426,6.0,724,6102.246418222817,6072.297108241085,29.949309981733045,95.34760028473151,0.006672187727586019,0.16680469318965047,0.00010425293324353154,0.4282378600008521,64
14784,230,14760,-473.89281936579516,-7.404575302590549,0.7703141928494042,923,711,221,0,3.9563994374120957,6.0,711,5886.219269422428,5858.077254869729,28.142014552699585,91.97217608472543,0.006168609046985967,0.15421522617464917,9.638451635915573e-05,0.42964485897991833,64
14848,231,14824,-384.3221744679704,-6.0050339760620375,0.7350427350427351,936,688,233,0,3.957848837209302,6.0,688,5481.187740488453,5454.28744058706,26.9002999013938,85.64355844513207,0.005205228714502676,0.13013071786256689,8.133169866410431e-05,0.4302409640458442,64
14912,232,14888,-344.5051696498293,-5.382893275778583,0.7580813347236705,959,727,227,0,4.004126547455296,6.0,727,5319.974265791858,5289.655006515496,30.319259276362043,83.12459790299778,0.004907338897833166,0.12268347244582915,7.667717027864322e-05,0.430180269010536,64
14976,233,14952,-341.45506998529345,-5.33523546852021,0.7441860465116279,946,704,255,0,4.107954545454546,6.0,704,5942.083627345815,5911.323011901697,30.760615444118166,92.84505667727836,0.004787018535381669,0.11967546338454173,7.479716461533858e-05,0.4298964043572636,64
15040,234,15016,-521.6329506312305,-8.150514853612977,0.7661795407098121,958,734,214,0,3.944141689373297,6.0,734,5991.07950255999,5960.429809489992,30.649693069998754,93.61061722749984,0.006708550339117351,0.16771375847793377,0.00010482109904870861,0.42842540969446896,64
15104,235,15080,-449.35171237456996,-7.021120505852656,0.7525655644241733,877,660,229,0,3.856060606060606,6.0,660,5734.557393784825,5707.540945588835,27.01644819598998,89.60245927788789,0.0057908676215623804,0.1447716905390595,9.04823065869122e-05,0.4266277135834774,64
15168,236,15144,-347.3099349486563,-5.4267177335727546,0.7375518672199171,964,711,248,0,3.9465541490857947,6.0,711,4817.433313327626,4788.17722773382,29.25608559380567,75.27239552074415,0.004868280015382139,0.12170700038455348,7.606687524034592e-05,0.42404961842271327,64
15232,237,15208,-466.76351775623766,-7.2931799649412135,0.8013029315960912,921,738,179,0,3.597560975609756,6.0,738,6578.594659829966,6553.283413746432,25.31124608353495,102.79054155984322,0.006213243190356764,0.15533107975891908,9.708192484932443e-05,0.42131296376348903,64
15296,238,15272,-370.07620410882157,-5.782440689200337,0.8254310344827587,928,766,171,0,3.5678851174934727,6.0,766,6370.9537949484575,6348.019154138466,22.9346408099933,99.54615304606965,0.005323081558982027,0.13307703897455067,8.317314935909417e-05,0.41980913600721026,64
15360,239,15336,-440.74687307842095,-6.886669891850327,0.8311965811965812,936,778,155,0,3.505141388174807,6.0,778,6319.830887079223,6296.171084716673,23.65980236255159,98.74735761061287,0.006076708733356112,0.1519177183339028,9.494857395868925e-05,0.4178573964727313,64
15424,240,15400,-347.3694018284964,-5.427646903570256,0.7958515283842795,916,729,183,0,3.718792866941015,6.0,729,5291.472758158845,5265.347240047355,26.12551811148862,82.67926184623195,0.004992906641271842,0.12482266603179605,7.801416626987253e-05,0.41533319876342023,64
15488,241,15464,-441.50720488152706,-6.89855007627386,0.8219461697722568,966,794,182,0,3.7329974811083124,6.0,794,7361.698452520869,7335.517761768458,26.180690752411767,115.02653832063858,0.006092782001644193,0.15231955004110484,9.519971877569052e-05,0.41351925252393085,64
15552,242,15528,-371.18769257820713,-5.7998076965344865,0.7580813347236705,959,727,225,0,3.859697386519945,6.0,727,6086.353272471462,6057.074510749368,29.278761722096053,95.0992698823666,0.005175421144455867,0.12938552861139668,8.086595538212292e-05,0.41223156690897494,64
15616,243,15592,-435.9570986939365,-6.811829667092757,0.7755775577557755,909,705,200,0,3.7886524822695034,6.0,705,6019.459497001514,5992.051336970459,27.408160031053782,94.05405464064866,0.0058019513942438655,0.14504878485609662,9.06554905350604e-05,0.4117762859428621,64
15680,244,15656,-420.7544825648854,-6.574288790076334,0.7796432318992654,953,743,210,0,3.7348586810228803,6.0,743,6232.7088630025555,6204.725163852443,27.983699150112663,97.38607598441493,0.005725399513690828,0.1431349878422707,8.945936740141918e-05,0.4113369887211472,64
15744,245,15720,-343.1016840237173,-5.360963812870583,0.8014184397163121,987,791,206,0,3.694058154235145,6.0,791,6579.9509426384575,6551.044569433563,28.906373204894447,102.8117334787259,0.005073090101113454,0.12682725252783636,7.926703282989772e-05,0.4111928200979347,64
15808,246,15784,-294.93114308970894,-4.608299110776702,0.802013422818792,894,717,171,0,3.5509065550906556,6.0,717,5202.966450984855,5179.5643655641925,23.402085420660573,81.29635079663836,0.004454742805502675,0.11136857013756687,6.96053563359793e-05,0.4104502604119144,64
15872,247,15848,-251.5326032488082,-3.930196925762628,0.7767195767195767,945,734,213,0,3.870572207084469,6.0,734,4787.996154351461,4758.5623164501185,29.433837901341978,74.81243991174158,0.004012514906431643,0.10031287266079109,6.269554541299443e-05,0.4087578589751104,64
15936,248,15912,-268.796328127693,-4.199942626995203,0.7384105960264901,906,669,226,0,3.9312406576980568,6.0,669,4925.890803002191,4896.499816099205,29.390986902982288,76.96704379690924,0.004012521763723883,0.10031304409309709,6.269565255818568e-05,0.4073242742797375,64
16000,249,15976,-232.72992888850646,-3.6364051388829135,0.7671232876712328,876,672,203,0,4.0,6.0,672,4764.168003786475,4733.428497164727,30.739506621749186,74.44012505916368,0.0036869854091412463,0.09217463522853116,5.7609147017831974e-05,0.4067633269978883,64
16064,250,16040,-280.9441704544409,-4.389752663350639,0.7667410714285714,896,687,209,0,4.11353711790393,7.0,687,5128.438465838907,5096.992309112143,31.44615672676544,80.13185102873292,0.004197240203413386,0.10493100508533464,6.558187817833415e-05,0.4065371738106017,64
16128,251,16104,-282.7753419985736,-4.418364718727712,0.7597883597883598,945,718,236,0,3.967966573816156,6.0,718,5831.378005240446,5800.2627632361555,31.11524200428583,91.11528133188197,0.004259324632637867,0.10648311581594666,6.655194738496667e-05,0.40684141949796737,64
16192,252,16168,-298.1127612298708,-4.658011894216731,0.7526096033402923,958,721,230,0,4.054091539528433,6.0,721,5718.2764918063995,5686.171574292402,32.104917513994295,89.34807018447499,0.004425011385148264,0.1106252846287066,6.914080289294163e-05,0.407496965975301,64
16256,253,16232,-259.49245441987085,-4.054569600310482,0.7520408163265306,980,737,231,0,3.9308005427408412,6.0,737,5040.923293697227,5009.313174103272,31.610119593951996,78.76442646401917,0.0040777463694411185,0.10194365923602797,6.371478702251748e-05,0.40808319439063157,64
16320,254,16296,-267.59327969835795,-4.181144995286843,0.7658643326039387,914,700,225,0,4.0128571428571425,6.0,700,5484.784537987936,5455.097844242129,29.686693745806092,85.6997584060615,0.004074679084800315,0.10186697712000786,6.366686070000492e-05,0.4081756486714584,64
16384,255,16360,-238.23279195478872,-3.722387374293574,0.7859495060373216,911,716,196,0,3.9427374301675977,6.0,716,5228.381471039845,5200.127892094737,28.253578945110792,81.69346048499757,0.0038565220480817047,0.09641305120204262,6.0258157001276635e-05,0.40898618773084305,64
16448,256,16424,-177.30580111025515,-2.7704031423477367,0.8020361990950227,884,709,184,0,3.794076163610719,6.0,709,5103.72524430365,5077.909967918112,25.8152763855391,79.74570694224452,0.0032463750713127197,0.081159376782818,5.0724610489261246e-05,0.40962001317178576,64
16512,257,16488,-269.5656197386454,-4.2119628084163345,0.7722342733188721,922,712,211,0,3.856741573033708,6.0,712,5579.7374458680315,5551.078820768009,28.65862510002388,87.18339759168799,0.004142189286244511,0.10355473215611277,6.472170759757048e-05,0.40995667064008945,64
16576,258,16552,-279.719294138158,-4.370613970908718,0.7844374342797056,951,746,205,0,3.742627345844504,6.0,746,6437.051765311249,6410.267489103401,26.784276207845537,100.57893383298827,0.004333925621763661,0.10834814054409153,6.77175878400572e-05,0.4120244471782424,64
16640,259,16616,-308.0061462790933,-4.812596035610833,0.8266384778012685,946,782,164,0,3.604859335038363,6.0,782,7264.701187927919,7240.495081007791,24.20610692013356,113.51095606137373,0.004751213130361194,0.11878032825902984,7.423770516189365e-05,0.4151940078440391,64
16704,260,16680,-336.051315178388,-5.250801799662312,0.8240837696335078,955,787,173,0,3.687420584498094,6.0,787,5852.799978250994,5827.881094349346,24.918883901648694,91.44999966017178,0.005031280314107901,0.12578200785269752,7.861375490793595e-05,0.41655077473390967,64
16768,261,16744,-263.88624574593325,-4.123222589780207,0.7238883143743536,967,700,248,0,3.9757142857142855,6.0,700,5350.665030380193,5319.748458993276,30.916571386916893,83.60414109969051,0.004014298382942969,0.10035745957357424,6.27234122334839e-05,0.4168819310817263,64
16832,262,16808,-281.540759364123,-4.399074365064422,0.7874865156418555,927,730,207,0,3.767123287671233,6.0,730,5518.608407248422,5491.669539171102,26.938868077319487,86.22825636325659,0.004310355893901607,0.10775889734754018,6.734931084221261e-05,0.4167460126735849,64
16896,263,16872,-326.54836580550204,-5.102318215710969,0.798936170212766,940,751,188,0,3.8348868175765647,6.0,751,6596.937974988105,6569.6299629271225,27.308012060985966,103.07715585918915,0.004832089489423968,0.1208022372355992,7.55013982722495e-05,0.41651610941386047,64
16960,264,16936,-270.0562052535595,-4.219628207086867,0.753607103218646,901,679,213,0,3.8438880706921945,6.0,679,5523.6182784347575,5496.454603430502,27.16367500425819,86.30653560054309,0.004067353484290534,0.10168383710726335,6.35523981920396e-05,0.41678360206450826,64
17024,265,17000,-307.1887468852914,-4.799824170082678,0.768280123583934,971,746,222,0,3.710455764075067,6.0,746,6419.561583596085,6392.537804160241,27.02377943584455,100.30564974368883,0.004586380838120995,0.11465952095302487,7.166220059564054e-05,0.41612852940118905,64
17088,266,17064,-206.9298689770784,-3.23327920276685,0.8065650644783119,853,688,186,0,3.377906976744186,6.0,688,5592.619131741202,5572.507912846496,20.111218894708287,87.38467393345628,0.003490565218393099,0.08726413045982748,5.454008153739217e-05,0.41542360426290537,64
17152,267,17128,-232.42543587720442,-3.631647435581319,0.7814269535673839,883,690,195,0,3.5188405797101447,6.0,690,5062.334465000294,5039.943086037879,22.391378962415533,79.09897601562959,0.003739103688755357,0.09347759221888392,5.8423495136802455e-05,0.4138234433240159,64
17216,268,17192,-287.16735074205474,-4.486989855344605,0.7641606591143152,971,742,222,0,3.839622641509434,6.0,742,5988.626312892464,5958.846780010904,29.779532881561245,93.57228613894475,0.004375223446756815,0.10938058616892037,6.836286635557523e-05,0.4135396070777339,64
17280,269,17256,-312.9306351690411,-4.889541174516268,0.7708779443254818,934,720,207,0,3.951388888888889,6.0,720,5707.610814301421,5677.097715976211,30.513098325209675,89.1814189734597,0.004599711452459193,0.11499278631147981,7.187049144467489e-05,0.4123819552899238,64
17344,270,17320,-282.9610134843543,-4.421265835693036,0.7320044296788483,903,661,244,0,4.068078668683812,6.0,661,4482.74094854821,4451.166305560279,31.574642987930222,70.04282732106579,0.004113868493111521,0.10284671232778803,6.427919520486751e-05,0.41046073941981553,64
17408,271,17384,-404.8676707073182,-6.326057354801847,0.7407797681770284,949,703,245,0,3.9758179231863444,6.0,703,5801.748675166313,5770.928555028736,30.820120137576545,90.65232304947364,0.0054310188192572394,0.135775470481431,8.485966905089437e-05,0.40783340313750643,64
17472,272,17448,-414.7869476946326,-6.481046057728634,0.7714907508161044,919,709,216,0,3.947813822284908,6.0,709,5849.997510271223,5819.84408898149,30.153421289734105,91.40621109798786,0.005579348916026661,0.13948372290066652,8.717732681291658e-05,0.4065084484488373,64
17536,273,17512,-387.3737869285129,-6.052715420758014,0.7474012474012474,962,719,239,0,4.00278164116829,6.0,719,6110.37784279395,6079.306876591473,31.070966202478374,95.47465379365546,0.005301770758124347,0.13254426895310867,8.284016809569292e-05,0.40528143763520985,64
17600,274,17576,-205.8329650188225,-3.2161400784191017,0.7508342602892102,899,675,228,0,3.9925925925925925,6.0,675,4454.661426234408,4426.1253287485815,28.53609748582799,69.60408478491263,0.0034030785910393966,0.08507696477598492,5.317310298499057e-05,0.4046290559950332,64
17664,275,17640,-422.69153126449805,-6.604555176007782,0.8164102564102564,975,796,168,0,3.763819095477387,6.0,796,6872.799723297963,6845.976134756896,26.82358854106825,107.38749567653068,0.005925007199538011,0.14812517998845026,9.257823749278142e-05,0.4046931704552108,64
17728,276,17704,-467.90880924852706,-7.311075144508235,0.8143646408839779,905,737,170,0,3.5834464043419265,6.0,737,6410.693571951518,6386.4955454836,24.198026467918535,100.16708706174246,0.006234557613154778,0.15586394032886944,9.74149627055434e-05,0.40644856800582635,64
17792,277,17768,-375.1484349473487,-5.861694296052323,0.7681007345225603,953,732,212,0,4.062841530054645,6.0,732,6194.009110352798,6161.336489289135,32.67262106366379,96.78139234926248,0.005243766985857209,0.13109417464643022,8.193385915401889e-05,0.4090098183540841,64
17856,278,17832,-207.6775366708,-3.24496151048125,0.8202866593164277,907,744,177,0,3.889784946236559,6.0,744,5226.668211015216,5199.6529265732715,27.015284441947117,81.66669079711275,0.0036425522895930477,0.0910638072398262,5.691487952489137e-05,0.4112391491011562,64
17920,279,17896,-301.5602352051413,-4.7118786750803325,0.7912946428571429,896,709,173,0,3.764456981664316,6.0,709,5743.361146799406,5716.9007582454,26.460388554006933,89.74001791874072,0.004502165603392057,0.11255414008480141,7.034633755300088e-05,0.4134831963441449,64
17984,280,17960,-364.3191138357962,-5.692486153684316,0.7363636363636363,990,729,259,0,3.9108367626886147,6.0,729,5286.3898803908305,5255.29526645666,31.094613934167857,82.59984188110673,0.005067236500012309,0.12668091250030772,7.917557031269232e-05,0.4160187830260704,64
18048,281,18024,-467.3086955427947,-7.301698367856167,0.8393234672304439,946,794,179,0,3.8249370277078087,6.0,794,6775.661079817223,6746.569935328924,29.09114448829996,105.86970437214411,0.006351658751283885,0.15879146878209713,9.924466798881071e-05,0.41885622094488256,64
18112,282,18088,-400.1500865287822,-6.252345102012222,0.7526315789473684,950,715,226,0,3.820979020979021,6.0,715,6604.56069820939,6574.06529162551,30.495406583879866,103.19626090952171,0.0054323847422803415,0.13580961855700854,8.488101159813034e-05,0.42140465898921886,64
18176,283,18152,-406.6663254316534,-6.354161334869584,0.7418655097613883,922,684,235,0,3.8669590643274856,6.0,684,5829.61425806889,5801.0501997383835,28.564058330507645,91.08772278232641,0.005416631868547598,0.13541579671368995,8.463487294605622e-05,0.4232442643219298,64
18240,284,18216,-421.14033068851455,-6.58031766700804,0.7733188720173536,922,713,210,0,4.036465638148668,6.0,713,5756.090330732498,5726.903112553812,29.18721817868613,89.93891141769528,0.00565928389465763,0.14148209736644077,8.842631085402547e-05,0.4241879721888079,64
18304,285,18280,-341.7313977678217,-5.339553090122214,0.7914691943127962,844,668,185,0,3.874251497005988,6.0,668,4827.177644500403,4800.688637622481,26.489006877921273,75.4246506953188,0.004789237945357748,0.11973094863394369,7.483184289621481e-05,0.42391065303027936,64
18368,286,18344,-280.4217376957556,-4.381589651496181,0.7436974789915967,952,708,228,0,4.122881355932203,6.0,708,5169.182149955981,5137.395322739582,31.786827216398862,80.7684710930622,0.004222125173459491,0.10555312933648728,6.597070583530454e-05,0.42329527597779215,64
18432,287,18408,-335.137251712507,-5.236519558007922,0.7589473684210526,950,721,231,0,4.108183079056865,6.0,721,5591.499059469738,5560.439863076905,31.059196392833233,87.36717280421466,0.004793942896588758,0.11984857241471895,7.490535775919934e-05,0.42282668827967934,64
18496,288,18472,-351.3908466340471,-5.490481978656986,0.7596153846153846,936,711,228,0,3.978902953586498,6.0,711,6002.384887545366,5972.936137051144,29.448750494224495,93.78726386789634,0.004937025361465731,0.12342563403664328,7.714102127290204e-05,0.42297310747424277,64
18560,289,18536,-336.2256386957214,-5.253525604620647,0.7581493165089379,951,721,233,0,4.076282940360611,6.0,721,5524.3669087614335,5493.613667059489,30.753241701944766,86.3182329493974,0.004800968040787885,0.12002420101969713,7.501512563731071e-05,0.42370696787132534,64
18624,290,18600,-395.22330020072377,-6.175364065636309,0.7354260089686099,892,656,236,0,4.147865853658536,6.0,656,5674.256641968459,5643.516554204376,30.74008776408089,88.66026003075717,0.005232047957162072,0.1308011989290518,8.175074933065737e-05,0.42364484864296936,64
18688,291,18664,-377.71044127390337,-5.90172564490474,0.7194092827004219,948,682,256,0,4.108504398826979,6.0,682,5288.698103021686,5257.147568837919,31.550534183767503,82.63590785971384,0.0050964829353512915,0.1274120733837823,7.963254586486393e-05,0.4258182069391968,64
18752,292,18728,-212.15845987678,-3.3149759355746875,0.791907514450867,865,685,180,0,4.032116788321168,6.0,685,4016.1093991685857,3988.6544335778626,27.454965590722566,62.75170936200915,0.00353969529217378,0.0884923823043445,5.5307738940215316e-05,0.42656551828831407,64
18816,293,18792,-390.5069569196612,-6.101671201869706,0.7845484221980413,919,721,201,0,3.9944521497919556,6.0,721,6074.822777822352,6044.214233722432,30.60854409992203,94.91910590347425,0.005383612305485441,0.13459030763713603,8.411894227321002e-05,0.42781874703079903,64
18880,294,18856,-451.57143781504976,-7.0558037158601525,0.7391304347826086,920,680,229,0,4.1191176470588236,6.0,680,6067.945532169908,6037.9842156274235,29.961316542484376,94.81164894015481,0.005861741506866668,0.1465435376716667,9.158971104479168e-05,0.42893139648381556,64
18944,295,18920,-457.9824498342039,-7.155975778659436,0.7672064777327935,988,758,245,0,4.03957783641161,6.0,758,6324.342494313433,6291.688805256269,32.653689057165096,98.8178514736474,0.006093462240984141,0.15233655602460353,9.52103475153772e-05,0.42994964083559073,64
19008,296,18984,-330.24339743266904,-5.160053084885454,0.7497348886532343,943,707,243,0,4.072135785007072,6.0,707,5740.703166484367,5708.239549814702,32.46361666966669,89.69848697631824,0.004698824430270855,0.11747061075677138,7.341913172298211e-05,0.43030726794119967,64
19072,297,19048,-374.47588820770875,-5.851185753245449,0.7815126050420168,952,744,209,0,4.045698924731183,6.0,744,6553.926998747789,6521.147768868178,32.77922987961075,102.4051093554342,0.005269745809242977,0.1317436452310744,8.233977826942151e-05,0.43089391711495434,64
19136,298,19112,-424.13418620671115,-6.627096659479862,0.738327904451683,921,680,232,0,4.132352941176471,6.0,680,5500.320329874652,5469.527526409712,30.792803464941898,85.94250515429144,0.005583847107297867,0.13959617768244667,8.724761105152917e-05,0.431455514441142,64
19200,299,19176,-375.50749369191476,-5.867304588936168,0.7584388185654009,948,719,230,0,4.118219749652295,6.0,719,5559.8801438620285,5528.22231950113,31.657824360895994,86.8731272478442,0.00519400958333329,0.12985023958333225,8.115639973958266e-05,0.43100110325891355,64
19264,300,19240,-407.9586335619179,-6.374353649404967,0.7569060773480663,905,685,227,0,4.245255474452555,6.0,685,5569.894721761456,5538.379604189612,31.515117571841653,87.02960502752275,0.005440350517852036,0.13600876294630088,8.500547684143806e-05,0.43012399626946884,64
19328,301,19304,-411.5533096955478,-6.430520463992934,0.7904066736183525,959,758,194,0,4.030343007915567,6.0,758,6051.201624383264,6021.003359646244,30.198264737021976,94.5500253809885,0.005689220824136992,0.1422305206034248,8.88940753771405e-05,0.4302750730542231,64
19392,302,19368,-465.76120183097436,-7.277518778608974,0.7392241379310345,928,686,246,0,4.0466472303206995,6.0,686,5318.476398744756,5287.367064131746,31.1093346130118,83.10119373038681,0.0059992162460720715,0.14998040615180178,9.373775384487612e-05,0.4291926202495664,64
19456,303,19432,-336.1372075004876,-5.252143867195119,0.7357293868921776,946,696,238,0,4.100574712643678,6.0,696,4989.339977455185,4956.094730626561,33.24524682862737,77.95843714773727,0.004735850501254006,0.11839626253135015,7.399766408209384e-05,0.4281928100018755,64
19520,304,19496,-403.353084212495,-6.302391940820234,0.7920792079207921,909,720,209,0,4.163888888888889,6.0,720,5233.027728020741,5201.975387279058,31.052340741680116,81.76605825032408,0.005497226352779935,0.13743065881949837,8.589416176218648e-05,0.42757218466603986,64
19584,305,19560,-302.49780086022446,-4.726528138441007,0.751458576429405,857,644,203,0,4.037267080745342,6.0,644,4960.458446808507,4932.090696263205,28.367750545301785,77.50716323138292,0.004318769263451902,0.10796923158629755,6.748076974143597e-05,0.42563568060586277,64
19648,306,19624,-393.05174170704356,-6.141433464172556,0.7845993756503642,961,754,205,0,4.209549071618037,6.0,754,5929.979682134787,5897.533791912823,32.445890221965975,92.65593253335605,0.005482755109255416,0.1370688777313854,8.566804858211588e-05,0.4250770424511166,64
19712,307,19688,-389.6098191165627,-6.087653423696292,0.8108108108108109,925,750,181,0,3.998666666666667,6.0,750,5806.2911490631905,5776.049562598461,30.241586464726122,90.72329920411235,0.005467595624145805,0.13668989060364511,8.54311816272782e-05,0.42577066082506154,64
19776,308,19752,-453.0297877182594,-7.078590433097803,0.7650933040614709,911,697,208,0,3.965566714490674,6.0,697,5961.489897525414,5933.111637742864,28.378259782550987,93.14827964883459,0.0059423186944368295,0.14855796736092075,9.284872960057546e-05,0.4263084217711214,64
19840,309,19816,-331.6989242019347,-5.1827956906552295,0.77665544332211,891,692,195,0,3.9147398843930636,6.0,692,5315.209535437238,5286.225105900687,28.98442953655393,83.05014899120684,0.004732856746942005,0.11832141867355013,7.395088667096883e-05,0.42639638648360534,64
19904,310,19880,-390.87457549853866,-6.107415242164667,0.7557755775577558,909,687,219,0,4.167394468704512,6.0,687,5569.201809862139,5538.146466436034,31.055343426107846,87.01877827909593,0.005281834185889854,0.13204585464724636,8.252865915452897e-05,0.4266974326675903,64
19968,311,19944,-268.33200236516996,-4.192687536955781,0.75,916,687,243,0,4.180494905385735,6.0,687,4459.873488138908,4429.056343474087,30.817144664820994,69.68552325217044,0.0040303447979916284,0.10075861994979071,6.29741374686192e-05,0.42642629240354224,64
20032,312,20008,-427.0944611204934,-6.6733509550077095,0.8140703517587939,995,810,186,0,3.9962962962962965,6.0,810,6354.043679654283,6324.471005965199,29.57267368908326,99.28193249459817,0.005979718304973583,0.14949295762433956,9.343309851521223e-05,0.4269855620925016,64
20096,313,20072,-491.37744229141265,-7.677772535803323,0.8230184581976113,921,758,164,0,3.7519788918205803,6.0,758,6798.968272328109,6773.0929936427,25.875278685408464,106.23387925512671,0.0065241491790866335,0.16310372947716584,0.00010193983092322865,0.4290049845507201,64
20160,314,20136,-406.68025207909756,-6.354378938735899,0.7566079295154186,908,687,196,0,4.03056768558952,6.0,687,5368.457369914824,5340.584348328141,27.873021586684125,83.88214640491913,0.005468233289893331,0.13670583224733326,8.54411451545833e-05,0.4309707331466742,64
20224,315,20200,-326.44171749927057,-5.100651835926103,0.7672886937431395,911,699,224,0,4.155937052932761,6.0,699,5073.011750385519,5042.674839442011,30.336910943508915,79.26580859977373,0.004661185201680541,0.11652963004201353,7.283101877625846e-05,0.43180083021961413,64
20288,316,20264,-402.43590104332185,-6.288060953801904,0.7568710359408034,946,716,219,0,3.9483240223463687,6.0,716,5096.840755553929,5067.7222687742,29.118486779731775,79.63813680553014,0.0054655531385355855,0.13663882846338965,8.539926778961852e-05,0.43237829840884534,64
20352,317,20328,-482.84979989281555,-7.544528123325243,0.8529411764705882,918,783,157,0,3.872286079182631,6.0,783,6207.91539414886,6182.919778987719,24.9956151611454,96.99867803357594,0.006509220509400478,0.16273051273501196,0.00010170657045938247,0.4327067950121844,64
20416,318,20392,-421.6571310460441,-6.5883926725944395,0.8085106382978723,893,722,181,0,3.7673130193905817,6.0,722,5643.50517017627,5619.993700751077,23.51146942519562,88.17976828400423,0.0057205358184514695,0.14301339546128675,8.938337216330421e-05,0.43208913368599416,64
20480,319,20456,-301.71902120654374,-4.714359706352246,0.7641509433962265,848,648,179,0,3.9583333333333335,6.0,648,5075.274890627849,5050.850040366343,24.42485026150606,79.30117016606015,0.0043477701785590355,0.10869425446397589,6.793390903998493e-05,0.4306548265901552,64
20544,320,20520,-485.80034419847516,-7.590630378101174,0.7714285714285715,875,675,215,0,4.1718518518518515,6.0,675,5157.727871501838,5129.408621241658,28.319250260181096,80.58949799221622,0.006208438213068155,0.15521095532670387,9.700684707918993e-05,0.4281740837505447,64
20608,321,20584,-406.8268537689894,-6.356669590140459,0.7755102040816326,931,722,202,0,3.9501385041551247,6.0,722,5552.126237964804,5523.405266248774,28.720971716031016,86.75197246820007,0.005547596398459682,0.13868990996149205,8.668119372593253e-05,0.425431438394551,64
20672,322,20648,-420.1056332392451,-6.564150519363205,0.7840785169029444,917,719,199,0,3.9735744089012517,6.0,719,5321.077161113465,5292.785520118394,28.2916409950735,83.14183064239789,0.005675083125398965,0.1418770781349741,8.867317383435882e-05,0.4234339013171116,64
20736,323,20712,-392.08830912702945,-6.126379830109835,0.7731629392971247,939,726,216,0,4.059228650137741,6.0,726,4994.215824156521,4961.76028866173,32.45553549478988,78.03462225244564,0.00539214791945755,0.13480369798643874,8.425231124152422e-05,0.42007467744044136,64
20800,324,20776,-579.900987350768,-9.06095292735575,0.7642276422764228,984,752,219,0,3.964095744680851,6.0,752,6333.83762048107,6301.363523419542,32.47409706152907,98.96621282001672,0.00732514157181669,0.18312853929541725,0.00011445533705963578,0.4170190938724295,64
20864,325,20840,-484.39527306105,-7.568676141578906,0.7185017026106697,881,633,260,0,4.091627172195893,6.0,633,4885.458207072015,4856.6652292765675,28.792977795449872,76.33528448550024,0.006038406444976288,0.1509601611244072,9.43501007027545e-05,0.4144094857331446,64
20928,326,20904,-468.0506689689064,-7.313291702639162,0.7462526766595289,934,697,224,0,4.239598278335724,6.0,697,5367.664427020731,5334.409037939085,33.25538908164813,83.86975667219892,0.006072390761387999,0.15180976903469998,9.488110564668749e-05,0.41129264390787224,64
20992,327,20968,-350.88917360770404,-5.482643337620376,0.7585421412300684,878,666,221,0,4.216216216216216,6.0,666,4735.843414508298,4705.486280153921,30.357134354376537,73.99755335169216,0.004832892284645345,0.12082230711613362,7.551394194758351e-05,0.4098406696275206,64
21056,328,21032,-396.19595269226073,-6.190561760816574,0.7829021372328459,889,696,188,0,3.9238505747126435,6.0,696,5728.535414753484,5700.943758821636,27.591655931851573,89.50836585552318,0.0053980479768108835,0.1349511994202721,8.434449963767005e-05,0.4097918706975461,64
21120,329,21096,-434.658065405141,-6.791532271955328,0.7790821771611526,937,730,217,0,3.952054794520548,6.0,730,5325.500784459345,5295.148402727409,30.35238173193407,83.21094975717726,0.005826339160774763,0.14565847901936907,9.103654938710567e-05,0.40934557383696873,64
21184,330,21160,-351.68313500564864,-5.49504898446326,0.7344228804902962,979,719,246,0,4.068150208623088,6.0,719,5535.86993149342,5503.006368288742,32.86356320467756,86.49796767958469,0.004934311062755119,0.12335777656887797,7.709861035554874e-05,0.40791570299971924,64
21248,331,21224,-333.4177962322391,-5.209653066128736,0.7235421166306696,926,670,249,0,3.9388059701492537,6.0,670,5094.949015734883,5064.431704976569,30.51731075831258,79.60857837085754,0.004632097750982339,0.11580244377455846,7.237652735909904e-05,0.40652866179665614,64
21312,332,21288,-434.1301605378254,-6.783283758403522,0.7792207792207793,924,720,228,0,3.734722222222222,6.0,720,5606.075765493445,5579.1353574472805,26.940408046166272,87.59493383583508,0.005784140812652918,0.14460352031632295,9.037720019770185e-05,0.4046811763032296,64
21376,333,21352,-292.2349630056741,-4.566171296963658,0.7516268980477223,922,693,235,0,3.7676767676767677,6.0,693,5144.747980104807,5117.845330859082,26.902649245722394,80.3866871891376,0.004294613159040491,0.10736532897601227,6.710333061000767e-05,0.4025218138538108,64
21440,334,21416,-355.60101624972884,-5.556265878902013,0.7215601300108342,923,666,240,0,4.078078078078078,6.0,666,5078.612944976017,5047.395128357559,31.21781661845466,79.35332726525027,0.0048615496675347755,0.12153874168836938,7.596171355523087e-05,0.4004367602008585,64
21504,335,21480,-315.91181382338266,-4.936122090990354,0.7242152466367713,892,646,248,0,3.7987616099071206,6.0,646,4583.464046241646,4555.83484726475,27.62919897689216,71.61662572252573,0.004400253084773236,0.1100063271193309,6.875395444958181e-05,0.3987527161955786,64
21568,336,21544,-408.0614482911076,-6.375960129548556,0.7494736842105263,950,712,235,0,4.058988764044944,6.0,712,5240.334649987443,5208.990983154259,31.34366683318691,81.8802289060538,0.005494309642494688,0.1373577410623672,8.58485881639795e-05,0.39785512736233974,64
21632,337,21608,-478.1482763575573,-7.4710668180868325,0.7310195227765727,922,674,252,0,4.0652818991097925,6.0,674,5823.421294254625,5792.2534026590365,31.167891595586283,90.99095772272851,0.00608954855628555,0.15223871390713875,9.514919619196172e-05,0.3975151687297127,64
21696,338,21672,-363.9397549026459,-5.686558670353842,0.7299893276414088,937,684,242,0,3.91812865497076,6.0,684,6015.730215405469,5986.320417855574,29.409797549897153,93.99578461571045,0.004980631035789802,0.12451577589474505,7.782235993421565e-05,0.39815981998765293,64
21760,339,21736,-473.007382401757,-7.390740350027453,0.7270718232044199,905,658,254,0,4.322188449848024,7.0,658,5122.830789363305,5091.49814004286,31.33264932044685,80.04423108380163,0.005994187758918319,0.14985469397295798,9.365918373309873e-05,0.39836821392230426,64
21824,340,21800,-359.32778313876963,-5.6144966115432755,0.7585071350164654,911,691,230,0,4.072358900144718,6.0,691,5448.162507469359,5417.401603524649,30.76090394470994,85.12753917920874,0.0049661454461469995,0.12415363615367499,7.759602259604687e-05,0.3989771724622743,64
21888,341,21864,-343.3417813054475,-5.364715332897617,0.7134894091415831,897,640,250,0,4.15,6.0,640,4917.830632850572,4887.088540923049,30.74209192752164,76.84110363829019,0.004657905832086152,0.1164476458021538,7.277977862634613e-05,0.39949964633326374,64
21952,342,21928,-293.82740714715965,-4.5910532366743695,0.7280248190279214,967,704,255,0,4.080965909090909,6.0,704,4918.385638519216,4885.752936873827,32.63270164538705,76.84977560186275,0.004311561524872406,0.10778903812181015,6.736814882613135e-05,0.3996107145051846,64
22016,343,21992,-236.24090635520105,-3.6912641618000164,0.7670588235294118,850,652,200,0,4.133435582822086,6.0,652,4501.685003270637,4472.162358386415,29.522644884222558,70.3388281761037,0.003678808366523603,0.09197020916309008,5.74813807269313e-05,0.3996352460331027,64
22080,344,22056,-294.3342010521044,-4.598971891439131,0.7776548672566371,904,703,210,0,4.1066856330014225,6.0,703,5302.209237374352,5271.240957956812,30.96827941753911,82.84701933397425,0.004369776045479177,0.10924440113697943,6.827775071061215e-05,0.4003392121467415,64
22144,345,22120,-430.99103711742214,-6.734234954959721,0.712882096069869,916,653,247,0,4.194486983154671,6.0,653,5763.067261512808,5729.169675265333,33.8975862474742,90.04792596113762,0.005571785297610525,0.13929463244026313,8.705914527516445e-05,0.40018211802064213,64
22208,346,22184,-442.51378772079113,-6.914277933137361,0.7253731343283583,1005,729,273,0,4.138545953360768,6.0,729,6673.874619675307,6637.364807558684,36.509812116622626,104.27929093242668,0.00583794461819141,0.14594861545478524,9.121788465924078e-05,0.4002751316204769,64
22272,347,22248,-539.4837563724232,-8.429433693319112,0.7610132158590308,908,691,237,0,4.028943560057887,6.0,691,6233.066938813868,6201.362965165976,31.703973647890557,97.39167091896668,0.006760792524272812,0.1690198131068203,0.00010563738319176268,0.39983318862701134,64
22336,348,22312,-390.9611861994732,-6.108768534366769,0.7096045197740113,885,628,247,0,3.9904458598726116,6.0,628,5317.719925135572,5286.064673206617,31.65525192895437,83.08937383024332,0.005115873309774807,0.1278968327443702,7.993552046523136e-05,0.39838637722208364,64
22400,349,22376,-303.54644513007554,-4.74291320515743,0.757948717948718,975,739,232,0,3.959404600811908,6.0,739,5779.005053188827,5747.5391097861475,31.465943402677656,90.29695395607543,0.004522679404172619,0.11306698510431547,7.066686569019717e-05,0.39743279241582885,64
22464,350,22440,-221.254841659585,-3.4571069009310156,0.774922918807811,973,754,231,0,4.140583554376658,6.0,754,5660.441364443359,5627.632156906173,32.80920753718725,88.44439631942748,0.0037361962250747117,0.09340490562686779,5.837806601679237e-05,0.39698250090447684,64
22528,351,22504,-272.7744388528857,-4.262100607076339,0.7647714604236343,897,686,200,0,4.062682215743441,6.0,686,4984.339625859421,4954.79480752146,29.544818337959804,77.88030665405346,0.004127636851346665,0.10319092128366662,6.449432580229164e-05,0.3954950205272797,64
22592,352,22568,-212.0241299766559,-3.3128770308852484,0.7465535524920467,943,704,244,0,4.005681818181818,6.0,704,4954.829337551921,4924.486156700645,30.343180851273473,77.41920839924876,0.003507354901109949,0.08768387252774873,5.4802420329842955e-05,0.3939125334137167,64
22656,353,22632,-337.29106806182807,-5.270172938466064,0.7316798196166855,887,649,236,0,4.049306625577812,6.0,649,5367.3911528683,5338.391162964835,28.99998990346612,83.86548676356719,0.004638379595184049,0.11595948987960124,7.247468117475077e-05,0.3925843050049491,64
22720,354,22696,-302.08813577465605,-4.720127121479001,0.748712667353244,971,727,252,0,3.828060522696011,6.0,727,6223.767178940105,6193.593546547028,30.17363239307565,97.24636217093914,0.004455431481032465,0.11138578702581162,6.961611689113226e-05,0.39130500565054505,64
22784,355,22760,-316.8643475110877,-4.9510054298607455,0.7950169875424689,883,702,187,0,3.7606837606837606,6.0,702,6002.585548284208,5976.672774420787,25.912773863421258,93.79039919194075,0.004619974646195016,0.1154993661548754,7.218710384679712e-05,0.39066565426443184,64
22848,356,22824,-253.71823408538384,-3.9643474075841225,0.7726775956284153,915,707,200,0,3.8373408769448374,6.0,707,5351.887149124083,5322.737740065419,29.149409058663963,83.6232367050638,0.0039871408872979765,0.09967852218244941,6.229907636403088e-05,0.38895301602094745,64
22912,357,22888,-352.42840169354906,-5.506693776461704,0.7857142857142857,952,748,202,0,3.6697860962566846,6.0,748,6379.964639038073,6352.448586858751,27.516052179322312,99.68694748496989,0.005066813315741746,0.12667033289354365,7.916895805846478e-05,0.38707417526060883,64
22976,358,22952,-185.0173756890995,-2.89089649514218,0.7721796276013143,913,705,212,0,3.670921985815603,6.0,705,5159.234065787906,5133.097794785442,26.136271002462816,80.61303227793603,0.003279387595342069,0.08198468988355173,5.124043117721983e-05,0.38528431227541315,64
23040,359,23016,-203.48649176011315,-3.179476433751768,0.8509719222462203,926,788,134,0,3.5558375634517767,6.0,788,6171.160080519564,6147.954716511562,23.20536400800227,96.42437625811819,0.0037566874014036225,0.09391718503509056,5.86982406469316e-05,0.3834945880921322,64
23104,360,23080,-266.2121404948873,-4.159564695232614,0.758985200845666,946,718,236,0,3.850974930362117,6.0,718,5767.349793518034,5737.229921120475,30.119872397559963,90.11484052371928,0.004093563313166267,0.10233908282915667,6.396192676822292e-05,0.3809833444607152,64
23168,361,23144,-193.36685943180362,-3.0213571786219315,0.7523809523809524,945,711,226,0,3.6751054852320677,6.0,711,5121.681255172855,5095.3719276273705,26.309327545481562,80.02626961207586,0.003360080002347778,0.08400200005869445,5.250125003668403e-05,0.37973857445447023,64
23232,362,23208,-256.77128421683256,-4.012051315888009,0.7453954496208017,923,688,233,0,3.7718023255813953,6.0,688,4806.785959266478,4777.849488335954,28.93647093052403,75.10603061353872,0.003931573890749561,0.09828934726873902,6.143084204296189e-05,0.3788244297960821,64
23296,363,23272,-315.1858717051663,-4.924779245393223,0.7835269271383316,947,742,207,0,3.939353099730458,6.0,742,6073.115680661024,6044.44623752075,28.66944314027193,94.8924325103285,0.0046760351004953475,0.11690087751238369,7.30630484452398e-05,0.37957648761409146,64
23360,364,23336,-227.6550262641091,-3.5571097853767046,0.7405812701829925,929,688,239,0,3.815406976744186,6.0,688,4854.328989735678,4824.947397021438,29.381592714240238,75.84889046461997,0.0036334701942982404,0.09083675485745601,5.677297178591001e-05,0.3806536061832472,64
23424,365,23400,-155.41647295570934,-2.4283823899329584,0.7798546209761164,963,751,215,0,3.9134487350199736,6.0,751,4872.873627174516,4844.501718241061,28.37190893345609,76.1386504246018,0.0030904378932193203,0.07726094733048301,4.828809208155188e-05,0.38113683403742993,64
23488,366,23464,-150.97428654927182,-2.3589732273323722,0.74090407938258,907,672,243,0,3.8839285714285716,6.0,672,4442.175638120077,4414.228633425141,27.94700469493455,69.4089943456262,0.0028220935341460155,0.07055233835365039,4.409521147103149e-05,0.3812774114854326,64
23552,367,23528,-242.72704261132108,-3.792610040801892,0.7258064516129032,930,675,249,0,3.660740740740741,6.0,675,4797.742727545167,4769.699270103998,28.043457441168776,74.96473011789324,0.003738151533828358,0.09345378834570896,5.8408617716068096e-05,0.3813412158580778,64
23616,368,23592,-323.3720063601854,-5.052687599377897,0.7873684210526316,950,748,208,0,3.7045454545454546,6.0,748,5684.48787191569,5657.966991800886,26.520880114806907,88.82012299868266,0.004767426979758902,0.11918567449397253,7.449104655873284e-05,0.3831397109398885,64
23680,369,23656,-302.00861772345905,-4.718884651929048,0.7900113507377979,881,696,195,0,3.6795977011494254,6.0,696,5310.14308168319,5285.17567090037,24.967410782819414,82.97098565129984,0.004447619252023176,0.11119048130057939,6.949405081286212e-05,0.3854047202882668,64
23744,370,23720,-272.89456897564776,-4.263977640244496,0.6852046169989506,953,653,266,0,3.797856049004594,6.0,653,5038.448272196097,5008.18285474886,30.2654174472376,78.72575425306401,0.003966388487548941,0.09915971218872352,6.19748201179522e-05,0.3870415293958922,64
23808,371,23784,-301.5840112324207,-4.712250175506574,0.7805429864253394,884,690,212,0,3.946376811594203,6.0,690,5445.776732882892,5417.291511729235,28.48522115365842,85.09026145129519,0.004408563152948416,0.1102140788237104,6.8883799264819e-05,0.38823367285984156,64
23872,372,23848,-224.83917649531355,-3.5131121327392743,0.8537095088819227,957,817,134,0,3.5752753977968177,6.0,817,6809.377928589693,6782.978102768512,26.399825821178492,106.39653013421395,0.004039077711651499,0.10097694279128748,6.311058924455468e-05,0.389950088850325,64
23936,373,23912,-213.68803890287154,-3.338875607857368,0.8160676532769556,946,772,178,0,3.6917098445595853,6.0,772,5366.3334198741895,5339.812541188037,26.520878686150525,83.84895968553421,0.00376787686663118,0.0941969216657795,5.8873076041112186e-05,0.39190502342598676,64
24000,374,23976,-321.8024975017322,-5.028164023464566,0.7861771058315334,926,728,203,0,3.8543956043956045,6.0,728,6519.821594707016,6492.920582403247,26.901012303767995,101.87221241729712,0.004712092926950272,0.1178023231737568,7.3626451983598e-05,0.39440375831326935,64
24064,375,24040,-276.38691171392867,-4.3185454955301354,0.7865655471289275,923,726,188,0,3.56198347107438,6.0,726,6057.676220523037,6033.835414308473,23.840806214563365,94.65119094567245,0.004270893873250191,0.10677234683125478,6.673271676953424e-05,0.39797841562583913,64
24128,376,24104,-138.72420238649198,-2.167565662288937,0.7171270718232045,905,649,264,0,3.9969183359013867,6.0,649,4123.263543633863,4093.4026672062764,29.860876427588924,64.42599286927911,0.0026216840268871913,0.06554210067217978,4.096381292011236e-05,0.40024767397428496,64
24192,377,24168,-242.76109396825535,-3.79314209325399,0.7343096234309623,956,702,240,0,3.9786324786324787,6.0,702,5651.577012865789,5620.090458860316,31.486554005469973,88.30589082602795,0.0038156867731114087,0.09539216932778521,5.962010582986576e-05,0.40165653280433683,64
24256,378,24232,-185.43430551045907,-2.897411023600923,0.712742980561555,926,660,269,0,4.159090909090909,6.0,660,4453.288709598987,4421.460807364182,31.8279022348049,69.58263608748418,0.003105891768244098,0.07764729420610245,4.852955887881403e-05,0.40262645818812903,64
24320,379,24296,-279.9927038548008,-4.374885997731263,0.7317339149400218,917,671,246,0,3.977645305514158,6.0,671,5002.7435371993715,4972.889518348858,29.854018850513462,78.16786776874018,0.004104945333296869,0.10262363333242172,6.413977083276358e-05,0.4027588379562248,64
24384,380,24360,-266.7937537122013,-4.168652401753145,0.7334801762114538,908,666,255,0,4.099099099099099,6.0,666,5424.527189551438,5393.4837473631505,31.043442188287425,84.75823733674122,0.0039533953402141,0.09883488350535251,6.177180219084531e-05,0.4026185011983555,64
24448,381,24424,-273.5741680058719,-4.274596375091749,0.7502623294858342,953,715,233,0,4.057342657342657,6.0,715,5601.55717386857,5568.077678802854,33.479495065715454,87.52433084169641,0.004164435645245108,0.1041108911311277,6.506930695695482e-05,0.40285062402455135,64
24512,382,24488,-284.1228519275246,-4.439419561367572,0.7329545454545454,880,645,228,0,4.105426356589147,6.0,645,5202.236150185037,5171.49501273637,30.7411374486676,81.28493984664121,0.004106629626597785,0.10266574066494462,6.416608791559038e-05,0.4023637974842862,64
24576,383,24552,-250.07572145831315,-3.907433147786143,0.7116022099447514,905,644,264,0,4.201863354037267,6.0,644,4892.961049522884,4860.502917976664,32.45813154621481,76.45251639879507,0.003720377843126958,0.09300944607817395,5.813090379885872e-05,0.40191597456497896,64
24640,384,24616,-426.8401601598683,-6.669377502497942,0.7339544513457557,966,709,269,0,4.3526093088857545,6.0,709,6575.045963630449,6539.570275280407,35.475688350041175,102.73509318172576,0.0056391673767944425,0.14097918441986107,8.811199026241316e-05,0.4023228554906256,64
24704,385,24680,-285.78812039939083,-4.465439381240482,0.7075892857142857,896,634,245,0,4.220820189274448,6.0,634,4995.997550910318,4964.545405007449,31.452145902868104,78.06246173297372,0.004075269856840995,0.10188174642102488,6.367609151314055e-05,0.40277516290114435,64
24768,386,24744,-295.91506535732697,-4.623672896208234,0.7246531483457844,937,679,252,0,4.303387334315169,6.0,679,5205.084426929298,5171.282395310594,33.80203161870377,81.32944417077029,0.004278166350823522,0.10695415877058805,6.684634923161753e-05,0.4021955360519504,64
24832,387,24808,-333.7345989820318,-5.214603109094247,0.7497089639115251,859,644,244,0,4.291925465838509,6.0,644,4639.404312987218,4609.332613131151,30.071699856068776,72.49069239042528,0.004580543314036071,0.11451358285090177,7.157098928181361e-05,0.4013622797921219,64
24896,388,24872,-328.7988783028957,-5.137482473482745,0.7071038251366121,915,647,240,0,4.12210200927357,6.0,647,4907.977168919046,4877.760183142628,30.216985776416532,76.68714326436009,0.004543728699335994,0.11359321748339984,7.09957609271249e-05,0.39981304167994214,64
24960,389,24936,-491.95955472005,-7.686868042500781,0.7360672975814931,951,700,266,0,4.322857142857143,6.0,700,6327.794006475091,6294.862369265114,32.93163720997544,98.8717813511733,0.006267276414215955,0.15668191035539888,9.79261939721243e-05,0.399660894247274,64
25024,390,25000,-522.1564741480179,-8.15869490856278,0.7594142259414226,956,726,233,0,4.232782369146006,6.0,726,6394.5055335857105,6360.246819878286,34.25871370742456,99.91414896227673,0.006674228133955532,0.1668557033488883,0.00010428481459305519,0.4019587377764524,64
25088,391,25064,-363.86159316806226,-5.685337393250973,0.7138193688792165,919,656,271,0,4.137195121951219,6.0,656,5180.100981223399,5148.899041691987,31.201939531408968,80.9390778316156,0.004879458429920281,0.12198646074800704,7.62415379675044e-05,0.40556806796557443,64
25152,392,25128,-459.0647249316059,-7.172886327056342,0.7362869198312236,948,698,232,0,4.223495702005731,6.0,698,5970.3228308634525,5937.4724126365045,32.85041822694562,93.28629423224145,0.005975739641219734,0.14939349103049335,9.337093189405835e-05,0.4080496011565077,64
25216,393,25192,-370.3236439093525,-5.786306936083633,0.7319915254237288,944,691,257,0,4.276410998552822,7.0,691,5099.639597583669,5065.935540798973,33.70405678469538,79.68186871224482,0.005042440430951415,0.12606101077378537,7.878813173361586e-05,0.4098451936082925,64
25280,394,25256,-438.9448299810287,-6.8585129684535735,0.735,1000,735,260,0,4.239455782312925,6.0,735,6218.878840817125,6182.943163117671,35.93567769945667,97.16998188776758,0.005826452637946826,0.14566131594867066,9.103832246791915e-05,0.4129285785766722,64
25344,395,25320,-502.7926353281871,-7.856134927002923,0.7826982492276005,971,760,215,0,4.019736842105263,6.0,760,6388.176993665124,6356.8020594786585,31.374934186464312,99.81526552601757,0.006581268473371798,0.16453171183429494,0.00010283231989643434,0.41637668325477145,64
25408,396,25384,-569.6296102882366,-8.900462660753696,0.7502467917077986,1013,760,255,0,4.043421052631579,6.0,760,7080.762897318514,7047.501579743823,33.26131757469117,110.63692027060178,0.007204021443019487,0.18010053607548718,0.00011256283504717949,0.4204330168082604,64
25472,397,25448,-557.0262755515298,-8.703535555492653,0.8250539956803455,926,764,166,0,4.00261780104712,6.0,764,6734.2907587177815,6704.258445321801,30.032313395977635,105.22329310496534,0.007194141038387808,0.1798535259596952,0.0001124084537248095,0.4241914831437097,64
25536,398,25512,-418.35829865103756,-6.536848416422462,0.7711229946524064,935,721,197,0,4.169209431345354,6.0,721,5526.118728677463,5495.127446515934,30.991282161529334,86.34560513558536,0.0056653629816635805,0.14163407454158952,8.852129658849344e-05,0.42681556743969934,64
25600,399,25576,-346.624500163305,-5.416007815051641,0.7530054644808744,915,689,239,0,4.203193033381712,6.0,689,4956.389436404304,4925.092530622431,31.29690578187214,77.44358494381726,0.004820536390595623,0.12051340976489057,7.532088110305661e-05,0.42794282574600095,64
25664,400,25640,-364.33107887811616,-5.692673107470565,0.7904656319290465,902,713,207,0,3.9102384291725105,6.0,713,6559.010913552986,6531.082649821613,27.928263731370784,102.4845455242654,0.005095705480148011,0.12739263700370027,7.962039812731267e-05,0.4287092573582797,64
25728,401,25704,-379.95654316400856,-5.936820986937634,0.7144362486828241,949,678,255,0,4.1932153392330385,6.0,678,5956.689791968323,5922.3200309777,34.369760990622545,93.07327799950505,0.005110984509188817,0.12777461272972043,7.985913295607526e-05,0.42970824105507144,64
25792,402,25768,-409.00709178390787,-6.39073580912356,0.722680412371134,970,701,266,0,4.192582025677604,6.0,701,5275.459633586856,5241.371906154918,34.0877274319379,82.42905677479463,0.005444365621353754,0.13610914053384385,8.50682128336524e-05,0.4295046745487634,64
25856,403,25832,-363.6081008684374,-5.681376576069335,0.74090407938258,907,672,235,0,4.357142857142857,6.0,672,4885.228761290657,4852.780151013939,32.448610276715776,76.33169939516651,0.004955784329797768,0.1238946082449442,7.743413015309012e-05,0.4286831564867385,64
25920,404,25896,-552.9017494244554,-8.639089834757115,0.7861020629750272,921,724,207,0,4.113259668508287,6.0,724,6721.792198139156,6689.223514184304,32.56868395485254,105.02800309592432,0.0070053069486468245,0.1751326737161706,0.00010945792107260663,0.4288931017341187,64
25984,405,25960,-630.5493105076366,-9.852332976681822,0.7856440511307768,1017,799,196,0,4.111389236545682,6.0,799,7728.094928826373,7694.50130163244,33.59362719393057,120.75148326291207,0.007973321800855913,0.19933304502139781,0.00012458315313837364,0.4292463263432524,64
26048,406,26024,-440.22542025423843,-6.8785221914724755,0.7674157303370787,890,683,221,0,4.161054172767203,6.0,683,5182.022454625626,5151.294814975002,30.72763965062249,80.9691008535254,0.005764798848939845,0.14411997122349612,9.007498201468508e-05,0.42901426648273205,64
26112,407,26088,-732.2110610577752,-11.440797829027737,0.8551502145922747,932,797,116,0,3.776662484316186,6.0,797,7909.15408347155,7881.216344916408,27.937738555138914,123.58053255424296,0.009083902285680916,0.2270975571420229,0.0001419359732137643,0.4283537535324767,64
26176,408,26152,-838.7275040814395,-13.105117251272492,0.8727076591154261,927,809,141,0,3.8640296662546354,6.0,809,8383.431395615014,8356.0342748298,27.397120785213797,130.9911155564846,0.010145523467770515,0.25363808669426285,0.0001585238041839143,0.42918814685188256,64
26240,409,26216,-540.5574026595968,-8.4462094165562,0.7759197324414716,897,696,196,0,3.9152298850574714,6.0,696,5827.085262374459,5798.694753492012,28.3905088824456,91.04820722460092,0.006828260869409063,0.17070652173522657,0.00010669157608451661,0.4298953630820301,64
26304,410,26280,-611.6316126180808,-9.556743947157512,0.7312775330396476,908,664,250,0,4.115963855421687,6.0,664,6006.631133616422,5975.141775590984,31.489358025433226,93.85361146275659,0.00739598117566182,0.1848995293915455,0.00011556220586971594,0.42975725155012645,64
26368,411,26344,-450.8291568287748,-7.044205575449606,0.6993318485523385,898,628,249,0,4.164012738853503,6.0,628,5165.262529551497,5133.030290739283,32.232238812213375,80.70722702424214,0.005702651295822021,0.14256628239555053,8.910392649721908e-05,0.4287809722769296,64
26432,412,26408,-389.34683809506964,-6.083544345235463,0.8010869565217391,920,737,207,0,4.021709633649932,6.0,737,5455.3347477308225,5426.576004138294,28.758743592532234,85.2396054332941,0.005402976024253444,0.1350744006063361,8.442150037896007e-05,0.4276588499553225,64
26496,413,26472,-472.09405959803814,-7.376469681219346,0.744920993227991,886,660,221,0,4.0606060606060606,6.0,660,5491.473536045529,5462.486712598013,28.986823447517114,85.80427400071139,0.006028426960124297,0.15071067400310742,9.419417125194214e-05,0.4274069113119626,64
26560,414,26536,-633.8496847817311,-9.903901324714548,0.7094105480868665,967,686,265,0,4.23469387755102,6.0,686,6446.3684829042095,6411.7423221048575,34.6261607993532,100.72450754537827,0.007655118339647083,0.19137795849117706,0.00011961122405698567,0.42776391158910315,64
26624,415,26600,-510.1662381143076,-7.971347470536056,0.737064413938754,947,698,261,0,4.287965616045845,6.0,698,5222.230037995956,5187.680912739184,34.54912525677219,81.59734434368681,0.006452334089885412,0.1613083522471353,0.00010081772015445956,0.42781417719663983,64
26688,416,26664,-575.9277600165477,-8.998871250258558,0.7018633540372671,966,678,264,0,4.216814159292035,6.0,678,5988.195124104104,5953.533410639524,34.66171346458379,93.56554881412663,0.007057006697879513,0.17642516744698783,0.00011026572965436739,0.4277230106698187,64
26752,417,26728,-852.6466963981236,-13.322604631220681,0.7623554153522608,951,725,252,0,4.257931034482759,6.0,725,7322.1357402006315,7287.028534518949,35.107205681686104,114.40837094063487,0.00994942979473794,0.2487357448684485,0.0001554598405427803,0.42740636203840743,64
26816,418,26792,-593.2790046631659,-9.269984447861967,0.7350835322195705,838,616,214,0,4.496753246753247,6.0,616,5710.798718580917,5676.252104033376,34.546614547540614,89.23122997782683,0.007145970673918605,0.17864926684796512,0.0001116557917799782,0.426166245108638,64
26880,419,26856,-683.4273532636603,-10.678552394744692,0.7369565217391304,920,678,233,0,4.312684365781711,7.0,678,6742.599767289628,6706.500493711452,36.09927357818036,105.35312136390044,0.008171915672233526,0.20429789180583816,0.00012768618237864884,0.42352563329571136,64
26944,420,26920,-644.7792664337161,-10.074676038026814,0.7631578947368421,912,696,234,0,4.114942528735632,6.0,696,7182.464298986806,7152.383816911326,30.08048207547836,112.22600467166885,0.00782638125235392,0.19565953130884797,0.00012228720706803,0.422195691987625,64
27008,421,26984,-469.52657516661384,-7.336352736978341,0.7189542483660131,918,660,260,0,4.1469696969696965,6.0,660,5309.360855254846,5277.961843610358,31.399011644488528,82.95876336335697,0.005957645517203183,0.14894113793007957,9.308821120629974e-05,0.41999778781241875,64
27072,422,27048,-344.129403032325,-5.377021922380078,0.6982670744138634,981,685,283,0,4.264233576642336,6.0,685,6200.073118869297,6163.443820393169,36.629298476124305,96.87614248233277,0.004734528476606429,0.11836321191516072,7.397700744697545e-05,0.41821646695831244,64
27136,423,27112,-380.4039301938643,-5.94381140927913,0.7390829694323144,916,677,238,0,4.3515509601181686,7.0,677,5157.835888839302,5124.362365579451,33.47352325985045,80.5911857631141,0.005132376071395064,0.1283094017848766,8.019337611554787e-05,0.41741516614692087,64
27200,424,27176,-495.9546949711678,-7.749292108924497,0.7863247863247863,936,736,208,0,4.239130434782608,7.0,736,6817.027249046746,6783.6355480537595,33.39170099298635,106.5160507663554,0.006464738595793295,0.1616184648948324,0.00010101154055927024,0.4179253415522313,64
27264,425,27240,-447.2883041159776,-6.98887975181215,0.7347150259067358,965,709,244,0,4.084626234132581,7.0,709,6906.574858892621,6875.987256969225,30.58760192339549,107.9152321701972,0.00586899554119036,0.146724888529759,9.170305533109938e-05,0.42018047679826237,64
27328,426,27304,-451.44782708218685,-7.0538722981591695,0.7536997885835095,946,713,247,0,4.078541374474053,6.0,713,6236.931930784084,6204.941981318789,31.989949465294913,97.45206141850132,0.005919070368406849,0.14797675921017123,9.248547450635701e-05,0.42172077298562327,64
27392,427,27368,-390.3496459947521,-6.099213218668002,0.7448275862068966,870,648,230,0,4.158950617283951,6.0,648,5511.395203469338,5480.157250173633,31.237953295705626,86.11555005420841,0.005174530253347898,0.12936325633369747,8.085203520856091e-05,0.42194650461288064,64
27456,428,27432,-355.008908013137,-5.547014187705265,0.7303754266211604,879,642,224,0,4.205607476635514,6.0,642,5365.502568021069,5332.914377278164,32.58819074290591,83.8359776253292,0.0048154185600629415,0.12038546400157353,7.524091500098346e-05,0.42170058909196634,64
27520,429,27496,-386.21316915880334,-6.034580768106302,0.7008196721311475,976,684,288,0,4.326023391812866,7.0,684,6426.503300561211,6391.121069080652,35.38223148056313,100.41411407126893,0.005146886057165756,0.1286721514291439,8.042009464321494e-05,0.4222676577653135,64
27584,430,27560,-398.86900125261735,-6.232328144572146,0.8002219755826859,901,721,189,0,4.008321775312067,6.0,721,6671.361832342218,6642.7258521679,28.635980174319652,104.24002863034715,0.0054817940491118326,0.1370448512277958,8.565303201737238e-05,0.42289123755017766,64
27648,431,27624,-540.1897339815903,-8.440464593462348,0.8208333333333333,960,788,154,0,3.7753807106598987,6.0,788,8258.022955478637,8231.381762675986,26.641192802651425,129.0316086793537,0.007099120095303051,0.17747800238257627,0.00011092375148911017,0.426037808641919,64
27712,432,27688,-445.44613099220686,-6.960095796753232,0.7421790722761596,927,688,261,0,4.026162790697675,6.0,688,6568.014492834645,6538.281323363186,29.733169471462777,102.62522645054133,0.005785646229986568,0.1446411557496642,9.040072234354013e-05,0.4284670873160763,64
27776,433,27752,-404.8102164154515,-6.32515963149143,0.7828507795100222,898,703,185,0,3.779516358463727,6.0,703,6208.039959845692,6181.8342749797675,26.20568486592436,97.00062437258893,0.00550346207839722,0.1375865519599305,8.599159497495656e-05,0.42869562207354106,64
27840,434,27816,-368.14039626250803,-5.752193691601688,0.7821350762527233,918,718,193,0,3.966573816155989,6.0,718,7128.7307526288305,7098.398984847327,30.3317677815036,111.38641800982548,0.005166619396824042,0.12916548492060106,8.072842807537566e-05,0.42896480847919993,64
27904,435,27880,-313.83681927342195,-4.903700301147218,0.7666666666666667,900,690,216,0,4.314492753623188,6.0,690,5904.601361103599,5871.620429920888,32.98093118271296,92.25939626724373,0.004526929773442975,0.11317324433607438,7.073327771004649e-05,0.4289193399153843,64
27968,436,27944,-440.97629559622317,-6.890254618690987,0.8072033898305084,944,762,178,0,4.028871391076115,6.0,762,7496.520087908435,7466.338143695389,30.181944213047235,117.1331263735693,0.006016346192202266,0.15040865480505664,9.40054092531604e-05,0.42902304984354095,64
28032,437,28008,-410.7581449494719,-6.418096014835498,0.8489289740698985,887,753,136,0,4.1181938911022575,6.399999999999977,753,7405.766109921858,7375.964444132426,29.80166578943035,115.71509546752903,0.0057421680844395185,0.14355420211098796,8.972137631936748e-05,0.42891190498785403,64
28096,438,28072,-379.9698088230589,-5.937028262860295,0.7323177366702938,919,673,248,0,4.306092124814264,6.0,673,6398.002656615015,6363.842214879903,34.16044173511319,99.96879150960962,0.005106788912844382,0.12766972282110955,7.979357676319347e-05,0.42821905341263267,64
28160,439,28136,-419.0679852385716,-6.547937269352682,0.7563559322033898,944,714,223,0,4.266106442577031,6.0,714,7052.559025977492,7021.524635650114,31.0343903273768,110.19623478089831,0.005629721412149435,0.14074303530373589,8.796439706483492e-05,0.42641741026299007,64
28224,440,28200,-536.7512255371241,-8.386737899017565,0.8016789087093389,953,764,191,0,3.9568062827225132,6.0,764,7706.691151816015,7676.892077346937,29.799074469076427,120.41704924712523,0.006963785505813997,0.1740946376453499,0.0001088091485283437,0.42511708505486034,64
28288,441,28264,-658.3879818150234,-10.28731221585974,0.8281081081081081,925,766,185,0,4.1096605744125325,7.0,766,8279.276285565524,8250.504246689954,28.77203887557341,129.3636919619613,0.008189741201063642,0.20474353002659104,0.0001279647062666194,0.42499271843170106,64
28352,442,28328,-544.4810343795695,-8.507516162180773,0.8,880,704,165,0,3.897727272727273,6.0,704,6805.932015378597,6779.302801316667,26.629214061928693,106.34268774029057,0.0069269776650337555,0.1731744416258439,0.00010823402601615243,0.42612833775759185,64
28416,443,28392,-502.5313007829722,-7.852051574733941,0.7455683003128258,959,715,240,0,4.4237762237762235,7.0,715,6514.822785501272,6482.458959185591,32.363826315682225,101.79410602345737,0.006443999890460525,0.16109999726151314,0.00010068749828844571,0.42660659273167956,64
28480,444,28456,-398.0869243632108,-6.220108193175169,0.7303754266211604,879,642,232,0,4.409657320872274,6.0,642,6287.172227875634,6254.673520805864,32.49870706976706,98.23706606055678,0.005236140804384709,0.13090352010961773,8.181470006851108e-05,0.42656043791377296,64
28544,445,28520,-632.1902024942202,-9.87797191397219,0.7726787620064034,937,724,214,0,4.269337016574585,7.0,724,7434.626838560769,7403.447618835799,31.17921972497256,116.16604435251202,0.007794680524839696,0.1948670131209924,0.00012179188320062025,0.4260782104506522,64
28608,446,28584,-521.7557149281467,-8.152433045752293,0.7022900763358778,917,644,269,0,4.461180124223603,7.0,644,6102.007102787544,6068.763988292265,33.24311449527579,95.34386098105537,0.006429710539643601,0.16074276349109,0.00010046422718193126,0.42651148863195687,64
28672,447,28648,-415.6941184923701,-6.4952206014432825,0.7235023041474654,868,628,252,0,4.372611464968153,6.0,628,5304.260809230268,5271.825574193164,32.4352350371033,82.87907514422294,0.0053510335048889725,0.1337758376222243,8.36098985138902e-05,0.4276895519877113,64
28736,448,28712,-449.68992354968606,-7.026405055463845,0.728051391862955,934,680,244,0,3.9235294117647057,6.0,680,6103.525080928924,6074.756710056687,28.76837087223429,95.36757938951443,0.005820362291551665,0.14550905728879163,9.094316080549476e-05,0.42736776456140996,64
28800,449,28776,-440.7331561027427,-6.886455564105355,0.7643923240938166,938,717,212,0,3.9735006973500697,6.0,717,6491.00894244628,6461.858904499819,29.150037946461406,101.42201472572313,0.005860786882601228,0.1465196720650307,9.157479504064419e-05,0.42700731206799186,64
28864,450,28840,-484.7424965882065,-7.574101509190727,0.7844559585492228,965,757,224,0,4.371202113606341,7.0,757,7970.773002228841,7935.615042099144,35.157960129697045,124.54332815982563,0.006385894564677868,0.15964736411694672,9.977960257309169e-05,0.4280990303920768,64
28928,451,28904,-457.5467797779488,-7.14916843403045,0.8004434589800443,902,722,182,0,4.367036011080333,7.0,722,7118.585236170273,7083.690519336588,34.894716833682004,111.22789431516051,0.006081109902039066,0.15202774755097664,9.501734221936041e-05,0.4289534535032341,64
28992,452,28968,-701.414096782102,-10.959595262220343,0.823943661971831,994,819,176,0,4.021978021978022,6.099999999999909,819,9525.97774752472,9492.90413759148,33.07360993323605,148.84340230507374,0.008756433879133508,0.2189108469783377,0.00013681927936146107,0.4309406636706003,64
29056,453,29032,-510.87605230364716,-7.982438317244487,0.7636003956478734,1011,772,231,0,4.375647668393782,7.0,772,7708.816865345849,7671.267272554636,37.54959279121263,120.45026352102889,0.006673995945344151,0.16684989863360378,0.00010428118664600236,0.4344311782076248,64
29120,454,29096,-467.1668734089967,-7.2994823970155736,0.7375886524822695,987,728,260,0,4.388736263736264,6.0,728,6586.271325214215,6547.608602448669,38.662722765541425,102.9104894564721,0.006095628597716135,0.15239071494290338,9.524419683931461e-05,0.43657444876758417,64
29184,455,29160,-602.6898247261907,-9.41702851134673,0.7396265560165975,964,713,256,0,4.3983169705469845,6.0,713,7323.995713529919,7286.122834553019,37.87287897690161,114.43743302390499,0.007419592539651459,0.1854898134912865,0.00011593113343205405,0.4382166808037449,64
29248,456,29224,-379.3005646302986,-5.9265713223484155,0.7084673097534834,933,661,268,0,4.332829046898638,6.0,661,5576.861743092253,5540.621933302994,36.2398097892607,87.13846473581646,0.005047834685979192,0.1261958671494798,7.887241696842488e-05,0.439240599156294,64
29312,457,29288,-316.2728860633957,-4.941763844740557,0.7174151150054765,913,655,254,0,4.650381679389313,7.0,655,5288.97471664479,5251.451597413404,37.52311923138861,82.64022994757484,0.00441800018421686,0.1104500046054215,6.903125287838843e-05,0.43941747249517005,64
29376,458,29352,-349.27106939286693,-5.457360459263546,0.7554824561403509,912,689,241,0,4.32656023222061,6.0,689,6373.191251967153,6339.2370115290605,33.95424043809308,99.58111331198677,0.004845313493719362,0.12113283734298405,7.570802333936503e-05,0.4402276140970218,64
29440,459,29416,-339.23300962906995,-5.300515775454218,0.7486515641855448,927,694,205,0,4.213256484149856,6.0,694,6112.2293114721015,6079.143159823215,33.08615164889183,95.50358299175159,0.004801531407984032,0.1200382851996008,7.50239282497505e-05,0.4411540794879879,64
29504,460,29480,-411.1532463589565,-6.424269474358695,0.7724810400866738,923,713,224,0,3.9775596072931276,6.0,713,6837.118656544559,6808.23264239619,28.886014148369135,106.82997900850873,0.005546786852064148,0.1386696713016037,8.666854456350231e-05,0.4438413581601547,64
29568,461,29544,-436.1270401370007,-6.814485002140636,0.7639198218262806,898,686,202,0,3.8396501457725947,6.0,686,7021.879177611902,6993.766495038351,28.112682573549765,109.71686215018597,0.005756689836496192,0.14391724591240482,8.9948278695253e-05,0.44637076511663265,64
29632,462,29608,-415.7896939963876,-6.496713968693556,0.7102510460251046,956,679,280,0,4.365243004418262,7.0,679,6499.574312068515,6464.507073146302,35.06723892221175,101.55584862607054,0.005445390168619444,0.1361347542154861,8.508422138467882e-05,0.44791192167846805,64
29696,463,29672,-391.2466425507854,-6.113228789856022,0.7126193001060446,943,672,264,0,4.375,6.0,672,6243.6916114807345,6208.241375589651,35.45023589108527,97.55768142938648,0.0051993597833512595,0.1299839945837815,8.123999661486343e-05,0.448271919577677,64
29760,464,29736,-374.8123973973212,-5.856443709333144,0.73449401523395,919,675,257,0,4.484444444444445,6.0,675,5988.37980283795,5952.592555004521,35.78724783343001,93.56843441934296,0.005047741924895009,0.12619354812237524,7.887096757648452e-05,0.4480245173707646,64
29824,465,29800,-557.4605113494845,-8.710320489835695,0.7255555555555555,900,653,264,0,4.179173047473201,6.0,653,6993.993178494329,6962.76867356277,31.224504931560496,109.2811434139739,0.00681446626117979,0.17036165652949475,0.00010647603533093422,0.4469961766729451,64
29888,466,29864,-668.2455590413966,-10.441336860021822,0.8204592901878914,958,786,171,0,3.446564885496183,6.0,786,7072.295951531092,7049.4313993868245,22.864552144267396,110.50462424267332,0.00835304571952064,0.20882614298801597,0.00013051633936751,0.4470240810383502,64
29952,467,29928,-577.3249593493147,-9.020702489833042,0.7660695468914647,949,727,187,0,3.749656121045392,6.0,727,7062.646016433464,7034.091350118288,28.554666315176448,110.35384400677287,0.0072794545424656,0.18198636356164,0.000113741477226025,0.4462820830608966,64
30016,468,29992,-386.2420583161422,-6.035032161189722,0.7108190091001011,989,703,284,0,4.554765291607397,6.0,703,6040.023709869483,6000.849662757758,39.174047111725,94.37537046671068,0.005195536099326721,0.12988840248316802,8.118025155198002e-05,0.44534593000799905,64
30080,469,30056,-317.85364665907275,-4.966463229048012,0.7096412556053812,892,633,276,0,4.507109004739337,6.0,633,5119.08234649301,5084.255825420318,34.826521072691385,79.98566166395328,0.004355720015208212,0.1088930003802053,6.805812523762831e-05,0.44422564767029177,64
30144,470,30120,-406.8705668024614,-6.357352606288459,0.7085152838427947,916,649,262,0,4.670261941448382,7.0,649,5406.6001962547625,5368.403952861905,38.196243392859756,84.47812806648066,0.005299961605735251,0.13249904014338126,8.281190008961329e-05,0.4425340037165557,64
30208,471,30184,-570.1859427215298,-8.909155355023904,0.7007223942208463,969,679,296,0,4.531664212076583,6.0,679,6102.184430749733,6063.054055092219,39.13037565751005,95.34663173046458,0.006960095317710327,0.1740023829427582,0.00010875148933922386,0.44041335199302034,64
30272,472,30248,-571.1077892236681,-8.923559206619814,0.7018104366347178,939,659,277,0,4.517450682852807,6.0,659,6276.429229022816,6238.460191881473,37.96903714134657,98.0692067034815,0.006944866683517016,0.1736216670879254,0.00010851354192995337,0.43891943342389916,64
30336,473,30312,-461.41941985111873,-7.20967843517373,0.7323462414578588,878,643,241,0,4.506998444790047,7.0,643,5982.347438761621,5947.155823198959,35.191615562660665,93.47417873065032,0.005857311517169455,0.1464327879292364,9.152049245577274e-05,0.4380439722295648,64
30400,474,30376,-574.4457936740268,-8.97571552615667,0.7022653721682848,927,651,271,0,4.531490015360983,7.0,651,6018.226997277749,5981.729414201601,36.49758307615018,94.03479683246483,0.0069707896624668225,0.17426974156167058,0.0001089185884760441,0.4375436385236145,64
30464,475,30440,-471.45627763806215,-7.366504338094721,0.72480181200453,883,640,241,0,4.3609375,6.0,640,5739.4381863297385,5706.18269016604,33.25549616370055,89.67872166140216,0.005949499530009648,0.1487374882502412,9.296093015640075e-05,0.4370155201188834,64
30528,476,30504,-461.8991229804525,-7.21717379656957,0.7398648648648649,888,657,247,0,4.3044140030441405,6.0,657,6440.3915604575905,6408.192052260748,32.19950819684475,100.63111813214985,0.005892518887256973,0.14731297218142433,9.20706076133902e-05,0.4389824734861585,64
30592,477,30568,-524.3217732320569,-8.192527706750889,0.7091954022988506,870,617,256,0,4.395461912479741,6.0,617,5869.091953641058,5835.142923767796,33.94902987326388,91.70456177564154,0.006404179112890314,0.16010447782225784,0.00010006529863891115,0.4390705940859401,64
30656,478,30632,-374.00304254021074,-5.843797539690793,0.6940298507462687,938,651,256,0,4.646697388632872,6.5,651,5358.160824050726,5319.983001112104,38.17782293862396,83.72126287579259,0.004983790447711822,0.12459476119279554,7.787172574549721e-05,0.4388147029250825,64
30720,479,30696,-488.2739809111418,-7.6292809517365905,0.7293729372937293,909,663,263,0,4.748114630467572,7.0,663,6013.032862192592,5975.831370933744,37.2014912588491,93.95363847175925,0.006148825156924197,0.15372062892310492,9.607539307694058e-05,0.4395082546545667,64
30784,480,30760,-486.2692973856664,-7.597957771651037,0.6994708994708995,945,661,282,0,4.615733736762481,7.0,661,5950.775460062263,5914.952460621362,35.82299944090021,92.98086656347286,0.006099572081319407,0.15248930203298516,9.530581377061574e-05,0.44024108363598946,64
30848,481,30824,-469.066221925073,-7.329159717579266,0.7266514806378133,878,638,247,0,4.58307210031348,7.0,638,6043.926629807271,6009.152228739541,34.7744010677304,94.4363535907386,0.005917569357582641,0.147939233939566,9.246202121222876e-05,0.43955143558999515,64
30912,482,30888,-503.00784312235953,-7.859497548786868,0.7470010905125409,917,685,228,0,4.493430656934307,7.0,685,6739.5805500375145,6705.076927787743,34.50362224977197,105.30594609433616,0.006389906240631694,0.15974765601579236,9.984228500987022e-05,0.43879875278069913,64
30976,483,30952,-495.6239114267091,-7.74412361604233,0.6937431394072447,911,632,280,0,4.387658227848101,6.0,632,6964.849457870654,6929.79949173491,35.049966135744185,108.82577277922897,0.0061255617720724015,0.15313904430181005,9.571190268863127e-05,0.43845517928781985,64
31040,484,31016,-484.8210829197227,-7.575329420620667,0.6752966558791802,927,626,286,0,4.592651757188499,6.75,626,6295.309850127638,6256.84320195924,38.466648168395515,98.36421640824435,0.005997453627850575,0.14993634069626438,9.371021293516524e-05,0.43851126159573134,64
31104,485,31080,-361.92119390483333,-5.655018654763021,0.7044167610419027,883,622,284,0,4.712218649517685,7.0,622,6223.2755900079155,6186.190769494257,37.084820513660034,97.23868109387368,0.004766567837251825,0.11916419593129564,7.447762245705977e-05,0.4383779718560754,64
31168,486,31144,-293.72229011936713,-4.589410783115111,0.7010192525481314,883,619,264,0,4.518578352180937,6.100000000000023,619,5193.441969987033,5156.672921821201,36.769048165834285,81.1475307810474,0.004094447899988019,0.10236119749970048,6.39757484373128e-05,0.4377885079353746,64
31232,487,31208,-331.2701869132555,-5.176096670519617,0.7151832460732984,955,683,259,0,4.556368960468522,7.0,683,5937.837689493135,5898.565486272654,39.27220322048126,92.77871389833024,0.004631674660161062,0.11579186650402655,7.236991656501659e-05,0.43668500591548076,64
31296,488,31272,-493.888825249816,-7.717012894528375,0.7292307692307692,975,711,265,0,4.406469760900141,6.0,711,8004.114286705569,7967.055247972019,37.059038733550466,125.06428572977451,0.006320312822176029,0.15800782055440074,9.875488784650046e-05,0.43745641239113636,64
31360,489,31336,-568.2589195550399,-8.879045618047499,0.7132796780684104,994,709,286,0,4.6234132581100145,7.0,709,8196.08939438335,8158.065644899326,38.02374948402774,128.06389678723986,0.0070422484843940085,0.1760562121098502,0.00011003513256865638,0.43929141765920765,64
31424,490,31400,-569.0253194071564,-8.891020615736819,0.7345612134344529,923,678,254,0,4.51622418879056,7.0,678,7630.201734174039,7596.361145293602,33.840588880436044,119.22190209646936,0.006997760203926043,0.17494400509815108,0.00010934000318634442,0.43989676152668283,64
31488,491,31464,-524.7060107071117,-8.19853141729862,0.7453347969264544,911,679,236,0,4.564064801178203,7.0,679,7538.359101532413,7505.172351102515,33.186750429897394,117.78686096144395,0.006584459883166768,0.1646114970791692,0.00010288218567448075,0.4404140477516286,64
31552,492,31528,-657.2011198853795,-10.268767498209055,0.747624076029567,947,708,225,0,4.440677966101695,7.0,708,8927.604654705945,8894.965244992174,32.63940971377119,139.4938227297804,0.007990967013070786,0.19977417532676964,0.00012485885957923103,0.4403259576604396,64
31616,493,31592,-503.14177330133265,-7.861590207833323,0.7050739957716702,946,667,276,0,4.506746626686657,7.0,667,7416.2920268108865,7381.703547542336,34.58847926855025,115.8795629189201,0.006297688744332123,0.15744221860830307,9.840138663018942e-05,0.44369351207813995,64
31680,494,31656,-544.7187824261426,-8.511230975408479,0.7257889009793254,919,667,251,0,4.60119940029985,7.0,667,6434.523204912959,6399.10710378372,35.416101129238356,100.53942507676499,0.006737383284782423,0.16843458211956058,0.00010527161382472536,0.4455514070747755,64
31744,495,31720,-541.8753070190737,-8.466801672173027,0.7831449126413155,973,762,217,0,4.338582677165355,7.0,762,7954.804820424446,7919.344390757674,35.460429666775816,124.29382531913197,0.006980063658514183,0.17450159146285457,0.00010906349466428411,0.4471026401963547,64
31808,496,31784,-446.4527921904803,-6.975824877976255,0.7631578947368421,950,725,225,0,4.3917241379310346,6.7999999999999545,725,7471.716133193312,7437.006114511403,34.710018681907314,116.7455645811455,0.005928966564707091,0.14822416411767728,9.26401025735483e-05,0.44892510712308825,64
31872,497,31848,-410.92014962342995,-6.420627337866093,0.7163412127440905,973,697,265,0,4.5896700143472025,7.0,697,5957.166828833104,5920.244954889368,36.92187394373647,93.08073170051725,0.005453263848726215,0.13633159621815538,8.520724763634711e-05,0.4488325607774927,64
31936,498,31912,-467.6196472372335,-7.306556988081773,0.7640966628308401,869,664,223,0,4.352409638554217,6.0,664,6797.484468098355,6764.78338291818,32.701085180175475,106.2106948140368,0.005996384704090713,0.14990961760226784,9.36935110014174e-05,0.4483517802424051,64
32000,499,31976,-710.3867245123909,-11.099792570506107,0.6697247706422018,981,657,310,0,4.45662100456621,7.0,657,8609.960024681635,8571.425836494265,38.53418818736986,134.53062538565055,0.008305402368548636,0.2076350592137159,0.00012977191200857244,0.44898293422438906,64
