algorithm,seed,train_slots,rollout_index,updates,train_return,train_mean_slot_Rsys,train_cr,train_arrived,train_done,train_timeout,train_rejected,train_avg_delay_s,train_p95_delay_s,train_delay_samples,train_total_energy_j,train_energy_comp_j,train_energy_trans_j,train_avg_energy_j_per_slot,train_cum_hl_mean_satellite,train_cum_hl_system,train_avg_hl_per_sat_slot,train_avg_dod,train_n_slots
BLA-MAPPO,0,64,0,1,-126.03101428178512,-1.9692345981528925,0.7491712707182321,905,678,176,0,3.6002949852507373,6.0,678,4666.937999003589,4642.672397093254,24.265601910332364,72.92090623443107,0.002671483712430718,0.06678709281076795,4.1741933006729966e-05,0.3602695504006264,64
BLA-MAPPO,0,128,1,2,-164.22268981486224,-2.5659795283572224,0.7694770544290288,937,721,219,0,3.690707350901526,6.0,721,5355.657780641406,5328.746783523185,26.910997118217274,83.68215282252197,0.0031030426593882795,0.07757606648470698,4.848504155294187e-05,0.35788945107270215,64
BLA-MAPPO,0,192,2,3,-138.91270680201043,-2.170511043781413,0.7723577235772358,861,665,187,0,3.8721804511278197,6.0,665,4673.548526821265,4646.794462584844,26.75406423642207,73.02419573158227,0.0027539544965656877,0.06884886241414219,4.303053900883887e-05,0.3556615832505222,64
BLA-MAPPO,0,256,3,4,-151.44777400259363,-2.3663714687905255,0.7882736156351792,921,726,195,0,3.831955922865014,6.0,726,5223.882096710328,5196.017032082633,27.865064627700864,81.62315776109888,0.003016052475650237,0.07540131189125593,4.7125819932034954e-05,0.3529705439285913,64
BLA-MAPPO,0,320,4,5,-162.14155236874143,-2.533461755761585,0.8013468013468014,891,714,181,0,3.7661064425770308,6.0,714,5472.663755658208,5446.448784865798,26.214970792411624,85.5103711821595,0.0031121567041708775,0.07780391760427194,4.862744850266996e-05,0.35095482518821636,64
BLA-MAPPO,0,384,5,6,-164.1699605888847,-2.5651556342013233,0.8077360637087599,879,710,175,0,3.8197183098591547,6.0,710,5297.767137461687,5273.325550594505,24.441586867180966,82.77761152283885,0.0031286321119648056,0.07821580279912015,4.888487674945009e-05,0.34945175286492447,64
BLA-MAPPO,0,448,6,7,-149.90017165737413,-2.342190182146471,0.8054968287526427,946,762,181,0,3.7493438320209975,6.0,762,5527.383020101194,5500.179801801222,27.2032182999735,86.36535968908116,0.003102666094003467,0.07756665235008667,4.847915771880417e-05,0.3486264167528077,64
BLA-MAPPO,0,512,7,8,-137.39174338469374,-2.1467459903858397,0.7848699763593381,846,664,191,0,3.677710843373494,6.0,664,4965.287588006193,4941.605021187356,23.682566818837486,77.58261856259676,0.0027318708484261743,0.06829677121065436,4.2685482006658974e-05,0.3479990719318276,64
BLA-MAPPO,0,576,8,9,-171.299421810363,-2.6765534657869217,0.7847682119205298,906,711,196,0,3.818565400843882,6.0,711,5282.3174608383115,5254.589295261442,27.72816557686902,82.53621032559862,0.003176819379758283,0.07942048449395707,4.963780280872317e-05,0.34963891890946575,64
BLA-MAPPO,0,640,9,10,-195.39531382365658,-3.053051778494634,0.7697368421052632,912,702,210,0,3.801994301994302,6.0,702,5673.374092466316,5646.142724496475,27.23136796984187,88.64647019478619,0.0033817664620043237,0.08454416155010809,5.284010096881756e-05,0.35280961423557,64
BLA-MAPPO,0,704,10,11,-185.78825351617107,-2.902941461190173,0.7444933920704846,908,676,215,0,3.856508875739645,6.0,676,5042.5765494247225,5014.499498446611,28.07705097811052,78.79025858476129,0.003214980065440042,0.08037450163600104,5.0234063522500655e-05,0.3571145018832015,64
BLA-MAPPO,0,768,11,12,-203.08054793874632,-3.1731335615429113,0.7744444444444445,900,697,205,0,3.922525107604017,6.0,697,5312.217243097308,5284.542923188857,27.674319908450794,83.00339442339543,0.003450778071949169,0.08626945179872923,5.391840737420577e-05,0.36117106772654184,64
BLA-MAPPO,0,832,12,13,-258.64269088804826,-4.041292045125754,0.7626752966558792,927,707,227,0,3.898161244695898,6.0,707,5570.758911871915,5543.062651184361,27.696260687553195,87.04310799799867,0.0040032895159525855,0.10008223789881464,6.255139868675915e-05,0.36508879011075046,64
BLA-MAPPO,0,896,13,14,-275.18261706464534,-4.2997283916350835,0.7743271221532091,966,748,216,0,3.935828877005348,6.0,748,5634.661575200236,5603.72821148518,30.93336371505482,88.04158711250369,0.004279666346941621,0.10699165867354052,6.686978667096283e-05,0.37057996996901155,64
BLA-MAPPO,0,960,14,15,-345.55085399378976,-5.399232093652965,0.7746781115879828,932,722,220,0,3.934903047091413,6.0,722,5979.210358730542,5949.905859622526,29.304499108018355,93.42516185516472,0.004917006686829632,0.1229251671707408,7.6828229481713e-05,0.3769754514331446,64
BLA-MAPPO,0,1024,15,16,-328.62021911793636,-5.134690923717756,0.7714285714285715,945,729,202,0,3.9135802469135803,6.0,729,6158.281971737286,6129.692354243564,28.589617493718283,96.22315580839509,0.004785411243505828,0.1196352810876457,7.477205067977857e-05,0.38306482235494477,64
BLA-MAPPO,0,1088,16,17,-398.2520994750784,-6.2226890542981,0.7581632653061224,980,743,216,0,3.908479138627187,6.0,743,5558.063024295884,5527.734371135289,30.328653160593113,86.84473475462319,0.005494785530488391,0.13736963826220977,8.585602391388111e-05,0.38912077128773975,64
BLA-MAPPO,0,1152,17,18,-332.72321552516587,-5.198800242580717,0.7860262008733624,916,720,224,0,3.9541666666666666,6.0,720,5347.19160247779,5318.483329570685,28.708272907107002,83.54986878871547,0.0047796481802070525,0.11949120450517631,7.46820028157352e-05,0.39497408128148925,64
BLA-MAPPO,0,1216,18,19,-215.44499122885782,-3.3663279879509034,0.7554585152838428,916,692,229,0,3.979768786127168,6.0,692,4330.820095944128,4302.027550922462,28.792545021668786,67.669063999127,0.0035319693651581587,0.08829923412895396,5.518702133059623e-05,0.3990097956919988,64
BLA-MAPPO,0,1280,19,20,-392.6797686804854,-6.135621385632584,0.7665198237885462,908,696,206,0,4.064655172413793,6.0,696,5385.6124620450655,5355.231609345142,30.380852699921412,84.15019471945415,0.005339504580854135,0.13348761452135338,8.342975907584586e-05,0.40251439161587144,64
BLA-MAPPO,0,1344,20,21,-377.81136044544155,-5.903302506960024,0.7725321888412017,932,720,213,0,3.9625,6.0,720,5075.465988031065,5047.184907798307,28.281080232755674,79.30415606298538,0.0052403954764503845,0.13100988691125962,8.188117931953726e-05,0.40666377897223055,64
BLA-MAPPO,0,1408,21,22,-409.014903316234,-6.390857864316156,0.7764102564102564,975,757,218,0,3.9048877146631438,6.0,757,6051.984721848526,6022.539905195721,29.444816652803077,94.56226127888321,0.005633846648992343,0.14084616622480858,8.802885389050536e-05,0.4105862964505166,64
BLA-MAPPO,0,1472,22,23,-483.4451686334935,-7.553830759898336,0.7399347116430903,919,680,233,0,3.913235294117647,6.0,680,5773.914726156046,5745.165890438747,28.748835717297204,90.21741759618821,0.006172619890680644,0.1543154972670161,9.644718579188506e-05,0.4136736944145582,64
BLA-MAPPO,0,1536,23,24,-394.265401844287,-6.160396903816984,0.7669172932330827,931,714,208,0,4.046218487394958,6.0,714,4946.888767205744,4918.275221730998,28.613545474745756,77.29513698758976,0.005393669640123673,0.13484174100309182,8.427608812693239e-05,0.4169715270695462,64
BLA-MAPPO,0,1600,24,25,-260.2413823254932,-4.066271598835831,0.7959401709401709,936,745,210,0,3.7610738255033556,6.0,745,4693.761212946067,4667.998854885782,25.762358060287085,73.34001895228229,0.004127590426607036,0.10318976066517589,6.449360041573493e-05,0.4194627344733681,64
BLA-MAPPO,0,1664,25,26,-381.75925121230796,-5.964988300192312,0.7854821235102926,923,725,186,0,3.860689655172414,6.0,725,5436.14504904595,5408.671735566995,27.473313478956598,84.93976639134297,0.005322461320998452,0.13306153302496132,8.316345814060082e-05,0.4224143188414088,64
BLA-MAPPO,0,1728,26,27,-323.72979848364827,-5.058278101307004,0.7602094240837697,955,726,222,0,3.756198347107438,6.0,726,5006.310359900223,4978.613642486599,27.696717413625834,78.22359937344099,0.004703940142822001,0.11759850357055002,7.349906473159376e-05,0.4255931714057236,64
BLA-MAPPO,0,1792,27,28,-329.80647494877167,-5.153226171074557,0.8207650273224044,915,751,173,0,3.7350199733688414,6.0,751,5333.47847123887,5307.782497512319,25.69597372654896,83.33560111310734,0.004882133772083792,0.1220533443020948,7.628334018880925e-05,0.42786645565943515,64
BLA-MAPPO,0,1856,28,29,-321.6983045375776,-5.02653600839965,0.7929936305732485,942,747,199,0,3.8125836680053546,6.0,747,4941.877220856639,4914.17497967572,27.702241180919536,77.21683157588498,0.0047606698845582595,0.11901674711395649,7.43854669462228e-05,0.4303054666269751,64
BLA-MAPPO,0,1920,29,30,-373.3362788468307,-5.833379356981729,0.7661909989023051,911,698,217,0,3.865329512893983,6.0,698,5065.728660449875,5038.470063138971,27.25859731090282,79.1520103195293,0.005137492484579749,0.12843731211449372,8.027332007155858e-05,0.43200502027241494,64
BLA-MAPPO,0,1984,30,31,-311.80294404911126,-4.8719210007673635,0.7608938547486034,895,681,201,0,3.7723935389133625,6.0,681,4701.6134213890655,4676.222187395585,25.391233993482814,73.46270970920415,0.004500834665130727,0.11252086662826817,7.032554164266761e-05,0.4347340481901245,64
BLA-MAPPO,0,2048,31,32,-405.54280456846453,-6.336606321382258,0.7747844827586207,928,719,219,0,3.7426981919332407,6.0,719,5327.183711221442,5300.267444996924,26.916266224516352,83.23724548783503,0.0055067274804250135,0.13766818701062533,8.604261688164084e-05,0.436852213397266,64
BLA-MAPPO,0,2112,32,33,-470.6512778894388,-7.353926217022481,0.7927350427350427,936,742,196,0,3.746630727762803,6.0,742,5635.4432630692445,5608.723006174867,26.720256894377428,88.05380098545695,0.006238781446369074,0.15596953615922685,9.748096009951678e-05,0.4387690784981445,64
BLA-MAPPO,0,2176,33,34,-328.1809055908916,-5.127826649857681,0.7408637873754153,903,669,226,0,3.584454409566517,6.0,669,5055.3068009790195,5029.845932479591,25.46086849942838,78.98916876529718,0.00460425887378752,0.11510647184468799,7.194154490293e-05,0.4398927108046631,64
BLA-MAPPO,0,2240,34,35,-361.66854568690474,-5.6510710263578865,0.7708108108108108,925,713,202,0,3.70687237026648,6.0,713,5510.657079174015,5485.049458527927,25.60762064608977,86.10401686209399,0.005074352027054427,0.12685880067636068,7.928675042272542e-05,0.4411266865320883,64
BLA-MAPPO,0,2304,35,36,-535.6670237659362,-8.369797246342753,0.8128342245989305,935,760,192,0,3.8526315789473684,6.0,760,6227.867105877095,6200.356063107596,27.51104276949633,97.31042352932961,0.0069376127575183225,0.17344031893795805,0.00010840019933622379,0.4417707677276026,64
BLA-MAPPO,0,2368,36,37,-413.111705607342,-6.454870400114719,0.7804632426988922,993,775,212,0,3.696774193548387,6.0,775,5911.579441091652,5884.299199570578,27.28024152107472,92.36842876705707,0.0057248562624174805,0.143121406560437,8.945087910027313e-05,0.44320649280425817,64
BLA-MAPPO,0,2432,37,38,-399.7847825519106,-6.246637227373603,0.8030634573304157,914,734,194,0,3.803814713896458,6.0,734,5599.57672949684,5572.820405404665,26.756324092174207,87.49338639838813,0.005516409536293468,0.13791023840733668,8.619389900458544e-05,0.4449671161484064,64
BLA-MAPPO,0,2496,38,39,-260.734928125528,-4.073983251961375,0.7692307692307693,871,670,196,0,3.7880597014925375,6.0,670,4456.1992111203845,4429.878643891216,26.320567229168702,69.62811267375601,0.003969698278515181,0.09924245696287953,6.20265356017997e-05,0.44543440695840264,64
BLA-MAPPO,0,2560,39,40,-333.9472349606445,-5.21792554626007,0.7649527806925498,953,729,207,0,3.803840877914952,6.0,729,5437.995057183418,5409.145679200427,28.849377982991232,84.9686727684909,0.004829720608092236,0.1207430152023059,7.546438450144119e-05,0.4458824705839785,64
BLA-MAPPO,0,2624,40,41,-389.1734749290731,-6.080835545766767,0.774468085106383,940,728,213,0,3.912087912087912,6.0,728,5554.288942702885,5524.092348762932,30.196593939955296,86.78576472973258,0.0053709302659934,0.134273256649835,8.392078540614688e-05,0.44602063002871006,64
BLA-MAPPO,0,2688,41,42,-255.46378129532002,-3.9916215827393753,0.7801339285714286,896,699,202,0,3.7696709585121604,6.0,699,4295.54594713269,4268.6632216947,26.8827254379889,67.11790542394829,0.003981171042265994,0.09952927605664985,6.220579753540616e-05,0.44531520412305403,64
BLA-MAPPO,0,2752,42,43,-408.861626731682,-6.388462917682531,0.7914847161572053,916,725,197,0,3.7917241379310345,6.0,725,5339.833703773087,5312.538275779289,27.295427993797308,83.43490162145449,0.00558212778766462,0.1395531946916155,8.722074668225969e-05,0.44414195007793666,64
BLA-MAPPO,0,2816,43,44,-345.38311088260195,-5.3966111075406555,0.7927631578947368,912,723,189,0,3.7911479944674964,6.0,723,4685.650583307612,4658.844083533105,26.806499774505266,73.21329036418143,0.004950471828855117,0.12376179572137792,7.73511223258612e-05,0.44295793216938506,64
BLA-MAPPO,0,2880,44,45,-424.68917579658125,-6.635768371821582,0.804902962206333,979,788,199,0,3.6560913705583755,6.0,788,5570.409621292287,5543.695844766183,26.713776526105292,87.03765033269198,0.005885538142703176,0.1471384535675794,9.196153347973712e-05,0.44177421798970173,64
BLA-MAPPO,0,2944,45,46,-430.76037215768525,-6.730630814963832,0.76931330472103,932,717,208,0,3.917712691771269,6.0,717,5961.670630395866,5931.610176311699,30.060454084169795,93.15110359993541,0.005765490176505662,0.14413725441264155,9.008578400790097e-05,0.44097189439681606,64
BLA-MAPPO,0,3008,46,47,-388.8256049949738,-6.075400078046465,0.787117903930131,916,721,194,0,3.693481276005548,6.0,721,5107.844125721871,5081.05772892106,26.786396800813556,79.81006446440423,0.005375226970674024,0.1343806742668506,8.398792141678163e-05,0.4405227141402429,64
BLA-MAPPO,0,3072,47,48,-452.61236470790016,-7.07206819856094,0.7761194029850746,938,728,203,0,3.802197802197802,6.0,728,5580.809668411054,5552.814783598179,27.994884812875455,87.20015106892272,0.006016501450428578,0.15041253626071444,9.400783516294653e-05,0.4403052510796239,64
BLA-MAPPO,0,3136,48,49,-347.1904186237424,-5.424850290995975,0.7899159663865546,952,752,200,0,3.7898936170212765,6.0,752,5164.049240319633,5135.6087258234675,28.440514496167353,80.68826937999427,0.0050241653130224575,0.12560413282556143,7.85025830159759e-05,0.4401010188811382,64
BLA-MAPPO,0,3200,49,50,-356.09146895296476,-5.563929202390074,0.8015607580824972,897,719,198,0,3.732962447844228,6.0,719,5408.385900158598,5383.123415911242,25.26248424735483,84.50602968997809,0.005037515624021602,0.12593789060054006,7.871118162533753e-05,0.43967109380184444,64
BLA-MAPPO,0,3264,50,51,-394.5793791520536,-6.165302799250838,0.725635593220339,944,685,219,0,3.762043795620438,6.0,685,5233.114161775688,5204.966136181368,28.148025594324192,81.76740877774513,0.005313727284871836,0.1328431821217959,8.302698882612244e-05,0.4386531478273264,64
BLA-MAPPO,0,3328,51,52,-454.115597529851,-7.095556211403922,0.7510822510822511,924,694,241,0,3.889048991354467,6.0,694,5133.6403934784075,5103.7913613848605,29.849032093547038,80.21313114810012,0.005904741089183074,0.14761852722957686,9.226157951848553e-05,0.43722582460692067,64
BLA-MAPPO,0,3392,52,53,-436.686421906248,-6.823225342285125,0.7757510729613734,932,723,221,0,4.020746887966805,6.0,723,5328.132315984437,5298.469786243389,29.66252974104707,83.25206743725683,0.005825915380139624,0.1456478845034906,9.102992781468162e-05,0.4350616534592516,64
BLA-MAPPO,0,3456,53,54,-481.3555358801166,-7.5211802481268215,0.7831449126413155,973,762,205,0,3.8766404199475066,6.0,762,5792.116018782459,5762.619022567812,29.496996214644952,90.50181279347592,0.006381003904462955,0.15952509761157388,9.970318600723367e-05,0.4330041889465851,64
BLA-MAPPO,0,3520,54,55,-393.4834369406543,-6.148178702197724,0.7815964523281597,902,705,199,0,3.954609929078014,6.0,705,5357.193593466206,5327.616153289886,29.577440176319058,83.70614989790947,0.005375137220067234,0.13437843050168086,8.398651906355053e-05,0.4319494024877396,64
BLA-MAPPO,0,3584,55,56,-507.0570226175527,-7.922765978399261,0.7460650577124869,953,711,238,0,3.890295358649789,6.0,711,5564.191732546305,5535.119371624293,29.072360922012294,86.94049582103601,0.006477543922555187,0.16193859806387967,0.0001012116237899248,0.43048351411854174,64
BLA-MAPPO,0,3648,56,57,-488.19182132024713,-7.627997208128861,0.7766393442622951,976,758,229,0,3.8232189973614776,6.0,758,5683.156465629256,5652.7979482163955,30.358517412857815,88.79931977545712,0.006414070153312361,0.16035175383280903,0.00010021984614550564,0.43128006001876695,64
BLA-MAPPO,0,3712,57,58,-509.4755647596445,-7.960555699369445,0.7573131094257854,923,699,219,0,3.783977110157368,6.0,699,5957.0454557346775,5929.581023166549,27.464432568128647,93.07883524585434,0.006496614980903616,0.1624153745225904,0.000101509609076619,0.43189822111067155,64
BLA-MAPPO,0,3776,58,59,-462.28898592817,-7.223265405127656,0.7947247706422018,872,693,175,0,3.8282828282828283,6.0,693,4973.905868455459,4947.7634533821265,26.142415073331637,77.71727919461655,0.006063981725472697,0.15159954313681742,9.474971446051089e-05,0.4311840588118064,64
BLA-MAPPO,0,3840,59,60,-485.70963097381195,-7.589212983965812,0.8235294117647058,935,770,179,0,3.8168831168831168,6.0,770,5890.833750330228,5864.128162058211,26.70558827201588,92.04427734890982,0.006477913221750324,0.1619478305437581,0.00010121739408984881,0.43069258579276,64
BLA-MAPPO,0,3904,60,61,-460.44105385648857,-7.194391466507634,0.7890295358649789,948,748,199,0,3.712566844919786,6.0,748,5950.995872232744,5924.7973668416535,26.198505391093256,92.98431050363662,0.0061475830095859595,0.153689575239649,9.605598452478062e-05,0.4303190222368929,64
BLA-MAPPO,0,3968,61,62,-527.4250927263462,-8.241017073849159,0.8022222222222222,900,722,176,0,3.527700831024931,6.0,722,5815.488891967732,5792.711522648919,22.77736931881198,90.86701393699582,0.00678185882311909,0.16954647057797725,0.00010596654411123578,0.4297438830574126,64
BLA-MAPPO,0,4032,62,63,-477.34819636517307,-7.458565568205829,0.8008658008658008,924,740,183,0,3.5013513513513512,6.0,740,5437.680508896386,5413.90727337802,23.773235518364707,84.96375795150603,0.006317886999768954,0.15794717499422387,9.871698437138991e-05,0.4290422589828081,64
BLA-MAPPO,0,4096,63,64,-550.1862337766873,-8.59665990276074,0.793859649122807,912,724,185,0,3.584254143646409,6.0,724,6339.721733050977,6315.32156469799,24.400168352985155,99.05815207892151,0.007005128900601242,0.17512822251503105,0.00010945513907189441,0.429378067435902,64
BLA-MAPPO,0,4160,64,65,-472.9646527376981,-7.390072699026533,0.78,900,702,194,0,3.698005698005698,6.0,702,6154.336185806995,6129.670074863797,24.666110943197417,96.1615029032343,0.006170523208445514,0.15426308021113785,9.641442513196116e-05,0.42948379242326085,64
BLA-MAPPO,0,4224,65,66,-378.9397813890272,-5.92093408420355,0.8168539325842696,890,727,175,0,3.502063273727648,6.0,727,5099.1493903580895,5076.923414942114,22.2259754159757,79.67420922434515,0.005313714417381731,0.1328428604345433,8.302678777158955e-05,0.4284821120202217,64
BLA-MAPPO,0,4288,66,67,-424.32575081104176,-6.6300898564225275,0.8070739549839229,933,753,177,0,3.586985391766268,6.0,753,5557.43740645824,5532.705911625303,24.731494832935034,86.83495947591,0.005824689842827478,0.14561724607068696,9.101077879417934e-05,0.42684720899103745,64
BLA-MAPPO,0,4352,67,68,-411.2546609892984,-6.425854077957787,0.8004223864836325,947,758,181,0,3.538258575197889,6.0,758,5569.439557249467,5544.86793052155,24.571626727916776,87.02249308202292,0.0057039846961368075,0.1425996174034202,8.912476087713762e-05,0.4253328952341586,64
BLA-MAPPO,0,4416,68,69,-342.5173800971818,-5.351834064018465,0.8217054263565892,903,742,166,0,3.5808625336927222,6.0,742,5414.736982935565,5390.829090017855,23.907892917711973,84.6052653583682,0.0049967207078243136,0.12491801769560784,7.80737610597549e-05,0.42374855372407205,64
BLA-MAPPO,0,4480,69,70,-490.1994250959899,-7.659366017124842,0.7802197802197802,1001,781,219,0,3.6312419974391807,6.0,781,6134.466320345072,6105.986456930234,28.479863414835883,95.85103625539175,0.0065019981259656755,0.1625499531491419,0.00010159372071821368,0.4215417374564656,64
BLA-MAPPO,0,4544,70,71,-513.6395411277838,-8.025617830121622,0.7666666666666667,990,759,226,0,3.6100131752305664,6.0,759,6665.276322920586,6639.454997433305,25.82132548727924,104.14494254563415,0.006675532498281932,0.1668883124570483,0.00010430519528565519,0.41963373533731824,64
BLA-MAPPO,0,4608,71,72,-399.16171708237795,-6.236901829412155,0.7851929092805006,959,753,209,0,3.691899070385126,6.0,753,5787.355324863929,5761.351858036496,26.003466827432966,90.42742695099889,0.005535041498822929,0.13837603747057323,8.648502341910827e-05,0.418088300442877,64
BLA-MAPPO,0,4672,72,73,-431.0820588233448,-6.735657169114763,0.8074468085106383,940,759,170,0,3.673254281949934,6.0,759,6218.779637916341,6192.816716109901,25.962921806440356,97.16843184244283,0.005917238467739476,0.14793096169348688,9.245685105842931e-05,0.4166777884219832,64
BLA-MAPPO,0,4736,73,74,-369.2637555777563,-5.769746180902442,0.8037904124860646,897,721,190,0,3.5825242718446604,6.0,721,5638.082702514326,5614.159546086154,23.92315642817489,88.09504222678635,0.00518306926411914,0.1295767316029785,8.098545725186156e-05,0.41544152733769396,64
BLA-MAPPO,0,4800,74,75,-408.3757841541802,-6.380871627409066,0.7989637305699482,965,771,196,0,3.5058365758754864,6.0,771,6422.2845888099655,6397.799705099346,24.484883710620903,100.34819670015571,0.005687002392860917,0.14217505982152293,8.885941238845182e-05,0.4147860160913803,64
BLA-MAPPO,0,4864,75,76,-367.69867437815753,-5.7452917871587115,0.8079748163693599,953,770,181,0,3.6142857142857143,6.0,770,6082.0634739779225,6056.971795744246,25.09167823367669,95.03224178090504,0.005297714510633541,0.13244286276583853,8.277678922864908e-05,0.41508700961604034,64
BLA-MAPPO,0,4928,76,77,-346.69648089116794,-5.417132513924499,0.7964693665628245,963,767,199,0,3.7392438070404173,6.0,767,6178.494301964782,6150.417556659586,28.0767453051938,96.53897346819971,0.005058734298465888,0.1264683574616472,7.90427234135295e-05,0.41547545038323397,64
BLA-MAPPO,0,4992,77,78,-403.8750204524798,-6.310547194569997,0.7928416485900217,922,731,179,0,3.7592339261285908,6.0,731,6282.916536060638,6257.142671132876,25.773864927761622,98.17057087594746,0.005567028138698165,0.13917570346745411,8.698481466715883e-05,0.4153628545362308,64
BLA-MAPPO,0,5056,78,79,-361.6814889317601,-5.651273264558752,0.7668067226890757,952,730,213,0,3.6136986301369864,6.0,730,6195.459623865689,6169.834375176206,25.62524868948174,96.80405662290138,0.005102823081462448,0.12757057703656122,7.973161064785075e-05,0.4150344260580944,64
BLA-MAPPO,0,5120,79,80,-335.044551033246,-5.235071109894469,0.7931769722814499,938,744,201,0,3.8131720430107525,6.0,744,6163.738861000441,6136.345182936541,27.393678063900083,96.30841970313189,0.0048853536098077,0.12213384024519251,7.633365015324532e-05,0.41501245975682677,64
BLA-MAPPO,0,5184,80,81,-286.07631840036356,-4.469942475005681,0.7939262472885033,922,732,191,0,3.7745901639344264,6.0,732,5524.580027341461,5497.611884249666,26.968143091795692,86.32156292721032,0.0043786542827888375,0.10946635706972094,6.841647316857559e-05,0.4151016766112595,64
BLA-MAPPO,0,5248,81,82,-354.0893777102158,-5.532646526722122,0.7929562433297759,937,743,200,0,3.6689098250336474,6.0,743,5436.130395866686,5409.780372474134,26.350023392549826,84.93953743541697,0.005075236895360131,0.12688092238400328,7.930057649000205e-05,0.4150158703039693,64
BLA-MAPPO,0,5312,82,83,-319.6487910232494,-4.9945123597382715,0.8,995,796,197,0,3.722361809045226,6.0,796,5639.390747298691,5613.401746623536,25.98900067515277,88.11548042654205,0.004861104357290882,0.12152760893227206,7.595475558267004e-05,0.41496190813710354,64
BLA-MAPPO,0,5376,83,84,-275.0626142927607,-4.297853348324386,0.7986725663716814,904,722,188,0,3.6218836565096955,6.0,722,5492.98684916168,5469.5554927177955,23.43135644388863,85.82791951815125,0.004248893241896192,0.1062223310474048,6.6388956904628e-05,0.4146246492971071,64
BLA-MAPPO,0,5440,84,85,-316.068651182655,-4.938572674728984,0.8106951871657754,935,758,176,0,3.5184696569920844,6.0,758,5709.710311354413,5685.788574686172,23.921736668242602,89.2142236149127,0.004760170718751786,0.11900426796879464,7.437766748049665e-05,0.41494406680202367,64
BLA-MAPPO,0,5504,85,86,-264.2785710920805,-4.1293526733137575,0.8,915,732,175,0,3.616120218579235,6.0,732,5514.752183738014,5488.71656086745,26.03562287056474,86.16800287090646,0.004180304380651302,0.10450760951628256,6.53172559476766e-05,0.41558795636548573,64
BLA-MAPPO,0,5568,86,87,-328.411202673679,-5.131425041776234,0.7951273532668881,903,718,191,0,3.605849582172702,6.0,718,5543.883716492036,5518.339965824661,25.54375066737837,86.62318307018806,0.0047699890478012956,0.1192497261950324,7.453107887189524e-05,0.4159411773016948,64
BLA-MAPPO,0,5632,87,88,-327.3455397190129,-5.114774058109576,0.8070362473347548,938,757,189,0,3.582562747688243,6.0,757,5944.738978890156,5919.54976404753,25.189214842628157,92.8865465451587,0.00485168198136698,0.1212920495341745,7.580753095885906e-05,0.4169643871343848,64
BLA-MAPPO,0,5696,88,89,-299.83871142532485,-4.684979866020701,0.7635782747603834,939,717,215,0,3.728033472803347,6.0,717,5728.538009037833,5702.154853699395,26.38315533843859,89.50840639121614,0.004450826954321298,0.11127067385803245,6.954417116127028e-05,0.418801322958711,64
BLA-MAPPO,0,5760,89,90,-248.585804261502,-3.884153191585969,0.804851157662624,907,730,193,0,3.713698630136986,6.0,730,4830.1091268660175,4804.802823377923,25.306303488092222,75.47045510728152,0.003998544273865535,0.09996360684663838,6.247725427914898e-05,0.4198981652935496,64
BLA-MAPPO,0,5824,90,91,-257.8879344675054,-4.0294989760547715,0.7442116868798236,907,675,204,0,3.688888888888889,6.0,675,4786.681508032044,4760.691182903891,25.990325128152996,74.79189856300069,0.003944582401440877,0.09861456003602194,6.163410002251371e-05,0.42001548828489765,64
BLA-MAPPO,0,5888,91,92,-317.07363576444186,-4.954275558819404,0.7842920353982301,904,709,187,0,3.7348377997179125,6.0,709,5543.618321508792,5516.848745116837,26.7695763919566,86.61903627357488,0.004637853569184424,0.1159463392296106,7.246646201850663e-05,0.4197060998086811,64
BLA-MAPPO,0,5952,92,93,-338.14692912319197,-5.2835457675498745,0.8004410143329658,907,726,194,0,3.84297520661157,6.0,726,5933.258656920882,5906.845486239959,26.41317068092521,92.70716651438877,0.004882166855904671,0.12205417139761678,7.628385712351049e-05,0.41980130243453323,64
BLA-MAPPO,0,6016,93,94,-298.75790591024605,-4.668092279847595,0.798175598631699,877,700,190,0,3.81,6.0,700,5158.481483152487,5131.17556978944,27.305913363047594,80.60127317425761,0.004430499554345619,0.11076248885864047,6.92265555366503e-05,0.41961861733002764,64
BLA-MAPPO,0,6080,94,95,-340.47249821541294,-5.319882784615827,0.7782515991471215,938,730,204,0,3.758904109589041,6.0,730,5918.092280093598,5891.2905132036785,26.80176688991857,92.47019187646247,0.004902164866640663,0.12255412166601659,7.659632604126037e-05,0.41835307568172114,64
BLA-MAPPO,0,6144,95,96,-256.58577259993075,-4.009152696873918,0.7704741379310345,928,715,206,0,3.6923076923076925,6.0,715,4717.3792025034145,4689.929852047053,27.449350456360666,73.70905003911585,0.004026161277078677,0.10065403192696692,6.290876995435433e-05,0.41694669233174564,64
BLA-MAPPO,0,6208,96,97,-350.4955657563735,-5.476493214943336,0.7895855472901169,941,743,196,0,3.8479138627187077,6.0,743,5964.333931090832,5936.651570165479,27.682360925352732,93.19271767329425,0.005042581490360594,0.12606453725901484,7.879033578688428e-05,0.4153213756595014,64
BLA-MAPPO,0,6272,97,98,-406.72915561449827,-6.355143056476535,0.797752808988764,890,710,187,0,3.5774647887323945,6.0,710,6171.4029532657705,6147.40183626693,24.001116998840722,96.42817114477766,0.005537090344325969,0.13842725860814922,8.651703663009327e-05,0.41353166764622823,64
BLA-MAPPO,0,6336,98,99,-316.07475723963205,-4.938668081869251,0.7779030439684329,887,690,201,0,3.6753623188405795,6.0,690,4876.405379879769,4851.293614731748,25.111765148021412,76.19383406062138,0.004566808341047254,0.11417020852618136,7.135638032886335e-05,0.4115442906031743,64
BLA-MAPPO,0,6400,99,100,-342.3437771255107,-5.349121517586105,0.7812177502579979,969,757,216,0,3.727873183619551,6.0,757,6048.50401289432,6022.055039991307,26.448972903014507,94.50787520147375,0.0049727872712888015,0.12431968178222004,7.769980111388752e-05,0.4093815598294955,64
BLA-MAPPO,0,6464,100,101,-328.2356581276925,-5.128682158245195,0.7913223140495868,968,766,194,0,3.672323759791123,6.0,766,5450.605094183127,5425.08200937153,25.523084811597585,85.16570459661136,0.004875592266730786,0.12188980666826964,7.618112916766853e-05,0.40800937155961037,64
BLA-MAPPO,0,6528,101,102,-473.9150872686987,-7.404923238573417,0.8095238095238095,945,765,188,0,3.6980392156862747,6.0,765,6782.465808075833,6754.9672491419,27.498558933932095,105.97602825118489,0.006338346927911342,0.15845867319778356,9.903667074861472e-05,0.40694703997458803,64
BLA-MAPPO,0,6592,102,103,-311.18336482241483,-4.862240075350232,0.7933701657458564,905,718,176,0,3.850974930362117,6.0,718,5253.8820024548,5226.70214683632,27.179855618479138,82.09190628835626,0.004611612220285218,0.11529030550713046,7.205644094195653e-05,0.4059942976769115,64
BLA-MAPPO,0,6656,103,104,-287.93930943468547,-4.4990517099169605,0.7993562231759657,932,745,187,0,3.9006711409395973,6.0,745,5173.418991250119,5146.182373390131,27.23661785998569,80.8346717382831,0.004432154507800613,0.11080386269501533,6.925241418438458e-05,0.4043773201189288,64
BLA-MAPPO,0,6720,104,105,-438.18215715192974,-6.846596205498902,0.7407776669990029,1003,743,255,0,3.763122476446837,6.0,743,6069.803679660206,6039.965716415452,29.837963244754715,94.84068249469072,0.005845891979463397,0.14614729948658492,9.134206217911558e-05,0.4025987447924282,64
BLA-MAPPO,0,6784,105,106,-320.5492668257517,-5.0085822941523706,0.8027571580063627,943,757,192,0,3.906208718626156,6.0,757,6074.096613478997,6045.359304893451,28.73730858554489,94.90775958560933,0.00477996402609568,0.119499100652392,7.4686937907745e-05,0.4012243154736365,64
BLA-MAPPO,0,6848,106,107,-302.5375325828782,-4.727148946607472,0.7885057471264367,870,686,190,0,3.8104956268221573,6.0,686,4789.740113694788,4763.641511194025,26.098602500763405,74.83968927648107,0.0044334088707180365,0.11083522176795091,6.927201360496932e-05,0.40010646824695945,64
BLA-MAPPO,0,6912,107,108,-299.98804944145286,-4.687313272522701,0.7763157894736842,912,708,202,0,3.7994350282485874,6.0,708,4213.0536306085205,4187.168441248097,25.885189360422366,65.82896297825813,0.00444593788756817,0.11114844718920425,6.946777949325265e-05,0.39900569478085324,64
BLA-MAPPO,0,6976,108,109,-333.9706260420068,-5.2182910319063565,0.7479253112033195,964,721,233,0,3.912621359223301,6.0,721,4813.683351726252,4783.308653645866,30.374698080387745,75.21380237072269,0.004777782037600373,0.11944455094000932,7.465284433750583e-05,0.39846722280795305,64
BLA-MAPPO,0,7040,109,110,-406.18684418427137,-6.34666944037924,0.777319587628866,970,754,224,0,3.9323607427055705,6.0,754,5772.602884201207,5741.196193867142,31.406690334065512,90.19692006564387,0.005591036254221845,0.13977590635554613,8.735994147221632e-05,0.39886036050520746,64
BLA-MAPPO,0,7104,110,111,-371.60814773185143,-5.806377308310179,0.7678756476683938,965,741,224,0,4.058029689608637,6.0,741,5597.232063012491,5565.773631536782,31.45843147571233,87.45675098457018,0.005216357888938581,0.13040894722346452,8.150559201466533e-05,0.39968643347557026,64
BLA-MAPPO,0,7168,111,112,-356.45387800431536,-5.5695918438174274,0.7692307692307693,1001,770,240,0,3.912987012987013,6.0,770,5759.996549621409,5727.828021279679,32.16852834173119,89.99994608783452,0.005114809637429569,0.12787024093573923,7.991890058483701e-05,0.40061391519246936,64
BLA-MAPPO,0,7232,112,113,-239.94656822378147,-3.7491651284965855,0.7569367369589345,901,682,214,0,3.8152492668621703,6.0,682,4508.423059626872,4479.724817567817,28.69824205905498,70.44411030666987,0.00377051926685262,0.0942629816713155,5.8914363544572185e-05,0.4005917657503028,64
BLA-MAPPO,0,7296,113,114,-380.24244419872434,-5.941288190605068,0.7723404255319148,940,726,209,0,3.796143250688705,6.0,726,5273.093988443285,5244.8110290671775,28.282959376108607,82.39209356942632,0.005283101382904067,0.13207753457260168,8.254845910787605e-05,0.400107873184055,64
BLA-MAPPO,0,7360,114,115,-365.1078303563074,-5.704809849317303,0.7838405036726128,953,747,201,0,3.8018741633199467,6.0,747,5737.396097560309,5709.444838697843,27.95125886246315,89.64681402437982,0.005190884017313456,0.1297721004328364,8.110756277052275e-05,0.4006446991028523,64
BLA-MAPPO,0,7424,115,116,-444.9560072413892,-6.9524376131467065,0.7829787234042553,940,736,201,0,3.7472826086956523,6.0,736,5279.705514672064,5251.434003121123,28.271511550942456,82.495398666751,0.005962288416318975,0.14905721040797437,9.316075650498398e-05,0.4015734554549805,64
BLA-MAPPO,0,7488,116,117,-287.0931354810993,-4.4858302418921765,0.79337899543379,876,695,195,0,3.8028776978417267,6.0,695,4502.798474825096,4476.090293027803,26.708181797291218,70.35622616914212,0.004293887132441409,0.10734717831103523,6.709198644439702e-05,0.4016436890832341,64
BLA-MAPPO,0,7552,117,118,-343.0814568680244,-5.3606477635628815,0.7763578274760383,939,729,210,0,3.877914951989026,6.0,729,5014.6402080188645,4986.312695440513,28.32751257835187,78.35375325029476,0.004917470259314266,0.12293675648285667,7.683547280178541e-05,0.40153354493684995,64
BLA-MAPPO,0,7616,118,119,-321.2923492428831,-5.020192956920049,0.7569593147751607,934,707,222,0,3.7906647807637905,6.0,707,4381.33087564712,4351.639411164446,29.691464482673673,68.45829493198625,0.004631482144129797,0.11578705360324491,7.236690850202807e-05,0.4023183460645812,64
BLA-MAPPO,0,7680,119,120,-365.38388979667013,-5.709123278072971,0.7875706214689265,885,697,201,0,3.8823529411764706,6.0,697,4769.600372589667,4741.292355181668,28.308017408000772,74.52500582171355,0.005073788287224961,0.12684470718062402,7.927794198789001e-05,0.402799760568736,64
BLA-MAPPO,0,7744,120,121,-417.61141508474583,-6.525178360699154,0.7463002114164905,946,706,226,0,3.84985835694051,6.0,706,5333.015299304586,5303.821900566616,29.193398737969353,83.32836405163415,0.005588108268294845,0.13970270670737112,8.731419169210696e-05,0.4042944773381131,64
BLA-MAPPO,0,7808,121,122,-378.66761955586827,-5.916681555560442,0.8037077426390403,917,737,170,0,3.8046132971506106,6.0,737,5393.1655395950675,5365.96558148144,27.19995811362887,84.26821155617293,0.005340218362890444,0.1335054590722611,8.344091192016319e-05,0.40637834549853025,64
BLA-MAPPO,0,7872,122,123,-381.49086726897497,-5.960794801077734,0.7586206896551724,928,704,225,0,3.8267045454545454,6.0,704,5031.334353634665,5003.069470992887,28.264882641779547,78.61459927554164,0.005220578019759804,0.1305144504939951,8.157153155874694e-05,0.40815841711519096,64
BLA-MAPPO,0,7936,123,124,-409.04541792697194,-6.3913346551089365,0.8231083844580777,978,805,184,0,3.8422360248447207,6.0,805,5629.620515959175,5600.019794885494,29.600721073681218,87.9628205618621,0.005789572186648897,0.14473930466622242,9.046206541638901e-05,0.4096730791231339,64
BLA-MAPPO,0,8000,124,125,-324.90664050196796,-5.076666257843249,0.7794285714285715,875,682,186,0,3.837243401759531,6.0,682,4585.044165451703,4559.113615900852,25.930549550850127,71.64131508518285,0.004652374014523713,0.11630935036309283,7.269334397693301e-05,0.4101483479018933,64
BLA-MAPPO,0,8064,125,126,-411.17637732792025,-6.424630895748754,0.7693920335429769,954,734,226,0,3.7452316076294276,6.0,734,5512.8618460454045,5485.354912140978,27.506933904427264,86.13846634445945,0.005589135756632305,0.13972839391580763,8.733024619737976e-05,0.4103867727106823,64
BLA-MAPPO,0,8128,126,127,-448.2897997108007,-7.004528120481261,0.788480635551142,1007,794,214,0,3.938287153652393,6.0,794,6376.884506605383,6345.678026813482,31.2064797919037,99.6388204157091,0.006120314200189507,0.15300785500473768,9.562990937796105e-05,0.4107085150629698,64
BLA-MAPPO,0,8192,127,128,-367.9607207453658,-5.7493862616463405,0.7681912681912682,962,739,230,0,3.8443843031123137,6.0,739,5031.86006957803,5001.867979424107,29.99209015392161,78.62281358715671,0.005164670062380066,0.12911675155950164,8.069796972468853e-05,0.4106496813058059,64
BLA-MAPPO,0,8256,128,129,-349.5500110216864,-5.46171892221385,0.76,975,741,213,0,3.8218623481781377,6.0,741,5140.721008878619,5110.718265758756,30.00274311986083,80.32376576372842,0.005006556855068991,0.12516392137672477,7.822745086045298e-05,0.4099859649386692,64
BLA-MAPPO,0,8320,129,130,-400.90320875213786,-6.264112636752154,0.7703862660944206,932,718,225,0,3.8050139275766015,6.0,718,5275.532087153564,5246.738516154181,28.793570999383288,82.43018886177444,0.00544936548828585,0.13623413720714625,8.514633575446641e-05,0.4092362096729544,64
BLA-MAPPO,0,8384,130,131,-383.86265131450057,-5.997853926789071,0.7973713033953997,913,728,200,0,3.973901098901099,6.0,728,5603.692944019288,5574.623356848901,29.069587170389774,87.55770225030138,0.005336616293278017,0.13341540733195043,8.338462958246902e-05,0.40841561998048986,64
BLA-MAPPO,0,8448,131,132,-433.82320710123,-6.778487610956719,0.7715472481827622,963,743,197,0,3.8815612382234184,6.0,743,6242.794555469586,6212.732198551637,30.06235691794751,97.54366492921228,0.005873365863125716,0.1468341465781429,9.177134161133931e-05,0.40862577162306024,64
BLA-MAPPO,0,8512,132,133,-362.89659783669043,-5.670259341198288,0.7721382289416847,926,715,211,0,3.904895104895105,6.0,715,5078.718645932218,5048.711571878118,30.00707405409719,79.35497884269091,0.005080220863659309,0.12700552159148273,7.93784509946767e-05,0.4087989540773682,64
BLA-MAPPO,0,8576,133,134,-315.0769016329234,-4.923076588014428,0.7555555555555555,945,714,241,0,3.8865546218487395,6.0,714,5150.557016438728,5119.232015692765,31.32500074596214,80.47745338185513,0.004564836449500633,0.11412091123751582,7.132556952344739e-05,0.40798995581675823,64
BLA-MAPPO,0,8640,134,135,-203.88254263836825,-3.185664728724504,0.7570621468926554,885,670,206,0,3.8671641791044777,6.0,670,4021.268571153041,3993.189439248297,28.07913190474396,62.83232142426627,0.0033898010961770594,0.08474502740442648,5.296564212776655e-05,0.4066485817279949,64
BLA-MAPPO,0,8704,135,136,-253.95271329115837,-3.9680111451743496,0.768990634755463,961,739,218,0,3.8673883626522327,6.0,739,5158.656115507587,5127.886904948429,30.769210559154512,80.60400180480605,0.004038969434483553,0.10097423586208883,6.310889741380552e-05,0.4063517527755772,64
BLA-MAPPO,0,8768,136,137,-295.1833454291341,-4.61223977233022,0.7624434389140271,884,674,228,0,3.8694362017804154,6.0,674,4440.141121469525,4412.340820540255,27.800300929268563,69.37720502296133,0.0042857705555953704,0.10714426388988427,6.696516493117766e-05,0.4061366764735911,64
BLA-MAPPO,0,8832,137,138,-313.8604618378531,-4.904069716216455,0.7746031746031746,945,732,199,0,3.912568306010929,6.0,732,5281.5033921828945,5250.946610394392,30.556781788503244,82.52349050285773,0.0046457965955998895,0.11614491488999723,7.259057180624827e-05,0.4055268213519092,64
BLA-MAPPO,0,8896,138,139,-380.9580870804157,-5.952470110631495,0.755939524838013,926,700,234,0,3.887142857142857,6.0,700,5711.21388047849,5681.743574078049,29.470306400444173,89.2377168824764,0.005196392156693223,0.12990980391733056,8.11936274483316e-05,0.40468299274757114,64
BLA-MAPPO,0,8960,139,140,-306.41737364159724,-4.787771463149957,0.783695652173913,920,721,197,0,3.929264909847434,6.0,721,4718.8215691524665,4690.210992530138,28.61057662232745,73.73158701800729,0.004547725476656695,0.11369313691641737,7.105821057276086e-05,0.404115545877171,64
BLA-MAPPO,0,9024,140,141,-416.72281329997895,-6.511293957812171,0.7904761904761904,945,747,194,0,3.92904953145917,6.0,747,6098.275033602113,6070.213950408457,28.061083193657726,95.28554740003301,0.005714653392843622,0.14286633482109057,8.92914592631816e-05,0.40335339401551645,64
BLA-MAPPO,0,9088,141,142,-394.13802689085605,-6.158406670169626,0.7954048140043763,914,727,209,0,3.828060522696011,6.0,727,5344.692205303873,5317.0613339814445,27.630871322428884,83.51081570787302,0.005421993092857908,0.13554982732144769,8.471864207590481e-05,0.4038882817831526,64
BLA-MAPPO,0,9152,142,143,-547.3336634203098,-8.55208849094234,0.7515657620041754,958,720,212,0,3.6597222222222223,6.0,720,6243.320679833129,6216.336234055925,26.98444577720417,97.55188562239265,0.0069337306341003425,0.17334326585250856,0.00010833954115781785,0.40499823759575326,64
BLA-MAPPO,0,9216,143,144,-389.43972299688375,-6.0849956718263085,0.8192488262910798,852,698,173,0,3.805157593123209,6.0,698,4742.857843786637,4717.371819225186,25.486024561450122,74.1071538091662,0.00534935354061278,0.1337338385153195,8.358364907207468e-05,0.4079001812084131,64
BLA-MAPPO,0,9280,144,145,-433.30842601198896,-6.770444156437327,0.7854785478547854,909,714,194,0,3.7254901960784315,6.0,714,5484.624957174339,5456.998862659747,27.626094514591855,85.69726495584905,0.005801627380017742,0.14504068450044355,9.065042781277722e-05,0.40946410338240447,64
BLA-MAPPO,0,9344,145,146,-310.22921790048184,-4.847331529695029,0.7614035087719299,855,651,197,0,3.7895545314900154,6.0,651,4155.298580062135,4129.739689681384,25.558890380752164,64.92654031347087,0.004417215219678186,0.11043038049195464,6.901898780747165e-05,0.4107864004098171,64
BLA-MAPPO,0,9408,146,147,-313.2006837152611,-4.893760683050955,0.8060200668896321,897,723,179,0,3.690179806362379,6.0,723,4621.997524421782,4595.811985768031,26.185538653748957,72.21871131909035,0.004639898354286525,0.11599745885716313,7.249841178572696e-05,0.411569143994429,64
BLA-MAPPO,0,9472,147,148,-226.98801837680116,-3.546687787137518,0.7579617834394905,942,714,212,0,3.7549019607843137,6.0,714,4962.704201449488,4933.372038794817,29.332162654669897,77.54225314764825,0.003719497896032068,0.0929874474008017,5.811715462550106e-05,0.41173825201128145,64
BLA-MAPPO,0,9536,148,149,-287.6444445314016,-4.49444444580315,0.8118701007838746,893,725,193,0,4.042758620689655,6.0,725,4601.461222348597,4571.49121922518,29.97000312341625,71.89783159919683,0.004375843157422299,0.10939607893555747,6.837254933472342e-05,0.4117754710517831,64
BLA-MAPPO,0,9600,149,150,-379.9673977539866,-5.93699058990604,0.7610810810810811,925,704,194,0,3.8068181818181817,6.0,704,5170.901977714985,5142.540831200879,28.361146514102888,80.79534340179664,0.005245030072790943,0.13112575181977357,8.195359488735848e-05,0.4107559651329205,64
BLA-MAPPO,0,9664,150,151,-244.9896549784637,-3.8279633590384954,0.778238341968912,965,751,215,0,4.03861517976032,6.0,751,4540.718875364138,4508.765548102132,31.953327262005583,70.94873242756465,0.003983834295318015,0.09959585738295038,6.224741086434399e-05,0.40936886777760195,64
BLA-MAPPO,0,9728,151,152,-271.32036227427324,-4.239380660535519,0.7929969104016478,971,770,216,0,3.949350649350649,6.0,770,5370.1493011679795,5339.357942136037,30.791359031946033,83.90858283074968,0.004291497694261141,0.10728744235652853,6.705465147283032e-05,0.40771686835473453,64
BLA-MAPPO,0,9792,152,153,-275.66995577959227,-4.307343059056129,0.7923728813559322,944,748,193,0,3.962566844919786,6.0,748,4986.768077975523,4956.347291365981,30.42078660954325,77.91825121836754,0.004311448390896591,0.10778620977241478,6.736638110775923e-05,0.4061073876349391,64
BLA-MAPPO,0,9856,153,154,-204.63062655447285,-3.1973535399136384,0.7723577235772358,984,760,206,0,3.8526315789473684,6.0,760,5432.790422395301,5402.756589681565,30.033832713734878,84.88735034992658,0.003614555281227585,0.09036388203068962,5.647742626918101e-05,0.40432984424223384,64
BLA-MAPPO,0,9920,154,155,-305.3951591939563,-4.7717993624055675,0.786833855799373,957,753,215,0,3.755644090305445,6.0,753,5672.3972023938595,5645.155599336571,27.24160305728655,88.63120628740405,0.004596408117605902,0.11491020294014756,7.181887683759222e-05,0.40331005012699017,64
BLA-MAPPO,0,9984,155,156,-446.7870120729019,-6.981047063639092,0.8053830227743272,966,778,193,0,3.8444730077120823,6.0,778,6902.722173778575,6873.642234687922,29.079939090652545,107.85503396529023,0.0060911213138481355,0.1522780328462034,9.517377052887712e-05,0.40321866688239016,64
BLA-MAPPO,0,10048,156,157,-249.97582803888997,-3.905872313107656,0.805094130675526,903,727,189,0,3.715268225584594,6.0,727,5164.3120037819335,5139.900718255349,24.411285526585292,80.69237505909271,0.004010130038233982,0.10025325095584954,6.265828184740596e-05,0.40318792030754164,64
BLA-MAPPO,0,10112,157,158,-290.6559873567009,-4.541499802448452,0.7976570820021299,939,749,185,0,3.6889185580774364,6.0,749,5304.909226931035,5278.6957246492675,26.213502281764335,82.88920667079742,0.004472838262349241,0.11182095655873103,6.988809784920689e-05,0.4025013921627957,64
BLA-MAPPO,0,10176,158,159,-391.26393629252726,-6.1134990045707385,0.7974413646055437,938,748,192,0,3.5120320855614975,6.0,748,5778.540679431306,5754.505754117229,24.03492531407327,90.28969811611415,0.005468321906500242,0.13670804766250605,8.544252978906628e-05,0.40161060609857363,64
BLA-MAPPO,0,10240,159,160,-259.1063994012985,-4.048537490645289,0.8130841121495327,963,783,172,0,3.6436781609195403,6.0,783,5218.918013908973,5193.481016309208,25.43699759976844,81.5455939673277,0.00425281563094232,0.10632039077355801,6.645024423347375e-05,0.4010931928153051,64
BLA-MAPPO,0,10304,160,161,-312.62196570662707,-4.884718214166048,0.8145620022753128,879,716,162,0,3.6927374301675977,6.0,716,5638.265161296056,5614.291618141614,23.97354315444025,88.09789314525088,0.004640561554653083,0.11601403886632707,7.250877429145442e-05,0.400532967670221,64
BLA-MAPPO,0,10368,161,162,-281.778975254947,-4.402796488358547,0.7908992416034669,923,730,194,0,3.7534246575342465,6.0,730,5395.667954726361,5369.719531853893,25.94842287247032,84.30731179259939,0.0043254748612724355,0.10813687153181088,6.75855447073818e-05,0.399700856815451,64
BLA-MAPPO,0,10432,162,163,-300.2754474443219,-4.69180386631753,0.768893756845564,913,702,194,0,3.839031339031339,6.0,702,5696.664807478345,5670.052446322071,26.612361156271106,89.01038761684914,0.004443012358693777,0.11107530896734441,6.942206810459026e-05,0.39880269174008265,64
BLA-MAPPO,0,10496,163,164,-286.5717254850558,-4.477683210703997,0.8178947368421052,950,777,199,0,3.682110682110682,6.0,777,5524.524433021266,5499.041352398881,25.483080622385796,86.32069426595729,0.0044821303955585225,0.11205325988896306,7.003328743060191e-05,0.39860147982030003,64
BLA-MAPPO,0,10560,164,165,-342.8955199441733,-5.357742499127708,0.7599118942731278,908,690,212,0,3.701449275362319,6.0,690,6112.087043099133,6086.3878077387935,25.699235360338054,95.50136004842395,0.00482232355379704,0.12055808884492601,7.534880552807875e-05,0.39883395616966966,64
BLA-MAPPO,0,10624,165,166,-315.3242103915161,-4.926940787367439,0.7776523702031602,886,689,193,0,3.7503628447024675,6.0,689,5374.107169571663,5347.505530019987,26.60163955167717,83.97042452455723,0.00456617375054223,0.11415434376355574,7.134646485222234e-05,0.39944465766705617,64
BLA-MAPPO,0,10688,166,167,-348.4306164193305,-5.444228381552039,0.7881269191402251,977,770,209,0,3.7831168831168833,6.0,770,5518.640509969776,5491.253920865232,27.386589104542914,86.22875796827775,0.005070498691629878,0.12676246729074694,7.922654205671684e-05,0.39991226448165423,64
BLA-MAPPO,0,10752,167,168,-421.7554250973741,-6.58992851714647,0.7754491017964071,1002,777,225,0,3.810810810810811,6.0,777,6171.123302153562,6141.5749187986985,29.54838335486729,96.4238015961494,0.005801044226335485,0.14502610565838714,9.064131603649195e-05,0.4011398203299682,64
BLA-MAPPO,0,10816,168,169,-237.1288439777922,-3.705138187153003,0.7841561423650976,871,683,189,0,3.7364568081991214,6.0,683,4452.321120444307,4425.811933102307,26.509187341997997,69.5675175069423,0.0037752203037070865,0.09438050759267716,5.898781724542323e-05,0.40188356298684386,64
BLA-MAPPO,0,10880,169,170,-290.02510031051173,-4.531642192351746,0.7896865520728008,989,781,204,0,3.787451984635083,6.0,781,5812.884786827474,5784.322012679512,28.562774147962024,90.82632479417929,0.004519261861758092,0.1129815465439523,7.061346658997019e-05,0.40179184070164364,64
BLA-MAPPO,0,10944,170,171,-256.27235712594,-4.004255580092813,0.7747844827586207,928,719,207,0,3.776077885952712,6.0,719,4777.637565332283,4749.4524932649565,28.18507206732424,74.65058695831692,0.004029942070695939,0.10074855176739847,6.296784485462404e-05,0.4019476291810851,64
BLA-MAPPO,0,11008,171,172,-272.02687654295306,-4.250419945983642,0.8051391862955032,934,752,178,0,3.8111702127659575,6.0,752,5202.833750645252,5175.300667702172,27.533082943080665,81.29427735383206,0.004301947103027779,0.10754867757569449,6.721792348480905e-05,0.4018678138206,64
BLA-MAPPO,0,11072,172,173,-272.61640448408934,-4.259631320063896,0.7966101694915254,944,752,208,0,3.752659574468085,6.0,752,5601.34741471581,5573.898270349856,27.449144365953345,87.52105335493454,0.004271944749584601,0.10679861873961502,6.674913671225939e-05,0.4030323356399468,64
BLA-MAPPO,0,11136,173,174,-238.23866611991392,-3.722479158123655,0.7728740581270183,929,718,202,0,3.732590529247911,6.0,718,5066.762071495129,5041.129356601892,25.632714893235892,79.16815736711139,0.0038538779390227666,0.09634694847556917,6.021684279723073e-05,0.4045775221763373,64
BLA-MAPPO,0,11200,174,175,-316.0168266072419,-4.937762915738155,0.7761194029850746,938,728,205,0,3.7967032967032965,6.0,728,5626.587473774563,5596.932357350172,29.65511642439101,87.91542927772754,0.004652554001868403,0.11631385004671006,7.269615627919379e-05,0.40569259466959284,64
BLA-MAPPO,0,11264,175,176,-301.80716858823774,-4.715737009191215,0.7799145299145299,936,730,207,0,3.819178082191781,6.0,730,5505.019966361947,5478.111629776705,26.908336585242278,86.01593697440542,0.004512069199189094,0.11280172997972734,7.050108123732959e-05,0.4067627671394707,64
BLA-MAPPO,0,11328,176,177,-274.4831599486908,-4.288799374198294,0.785132382892057,982,771,205,0,3.8067444876783396,6.0,771,5604.389707206803,5574.488476324498,29.90123088230418,87.5685891751063,0.004339262990573111,0.10848157476432778,6.780098422770487e-05,0.40715813533951456,64
BLA-MAPPO,0,11392,177,178,-264.1092788532494,-4.126707482082022,0.8214285714285714,896,736,180,0,3.808423913043478,6.0,736,4759.594182925875,4732.800961625406,26.793221300468495,74.3686591082168,0.004183283101662183,0.10458207754155459,6.536379846347161e-05,0.40687726849677963,64
BLA-MAPPO,0,11456,178,179,-293.815699424543,-4.590870303508485,0.7926315789473685,950,753,197,0,3.7078353253652057,6.0,753,5456.506318722738,5430.323268134015,26.18305058872251,85.25791123004278,0.004498858367135801,0.11247145917839502,7.029466198649688e-05,0.4065405652486329,64
BLA-MAPPO,0,11520,179,180,-219.47905815302886,-3.429360283641076,0.7809307604994324,881,688,185,0,3.82703488372093,6.0,688,4574.204470799116,4548.92494421027,25.279526588845446,71.47194485623619,0.003615033224040439,0.09037583060101098,5.648489412563186e-05,0.40550830817167155,64
BLA-MAPPO,0,11584,180,181,-258.33398230418476,-4.036468473502887,0.7867494824016563,966,760,193,0,3.656578947368421,6.0,760,5212.161211786925,5185.802956746514,26.358255040410864,81.44001893417071,0.00416599161654454,0.10414979041361351,6.509361900850844e-05,0.40445942107314414,64
BLA-MAPPO,0,11648,181,182,-174.72550165057118,-2.7300859632901746,0.8013698630136986,876,702,183,0,3.7293447293447293,6.0,702,4537.509574893862,4512.296297197797,25.21327769606567,70.8985871077166,0.0032042840464365065,0.08010710116091266,5.0066938225570414e-05,0.40253227760189636,64
BLA-MAPPO,0,11712,182,183,-203.3130275385435,-3.1767660552897423,0.7873303167420814,884,696,187,0,3.795977011494253,6.0,696,5360.209088837302,5333.498410861054,26.710677976247972,83.75326701308285,0.003470524502390006,0.08676311255975015,5.422694534984384e-05,0.4003818092568483,64
BLA-MAPPO,0,11776,183,184,-268.9370241307263,-4.202141002042598,0.7952586206896551,928,738,196,0,3.6571815718157183,6.0,738,5390.013044000991,5362.6956075216685,27.317436479320882,84.21895381251548,0.004216267666103188,0.10540669165257971,6.587918228286232e-05,0.3982712598249171,64
BLA-MAPPO,0,11840,184,185,-204.2163067428623,-3.1908797928572232,0.7695749440715883,894,688,197,0,3.686046511627907,6.0,688,4595.304045127831,4569.10065508534,26.203390042490913,71.80162570512236,0.003449612101625793,0.08624030254064483,5.390018908790302e-05,0.39526022717166365,64
BLA-MAPPO,0,11904,185,186,-194.56613438568021,-3.0400958497762534,0.8148571428571428,875,713,164,0,3.7419354838709675,6.0,713,5400.752688744568,5374.869495758496,25.88319298607328,84.38676076163388,0.003451206574195618,0.08628016435489046,5.3925102721806534e-05,0.39288972592825755,64
BLA-MAPPO,0,11968,186,187,-244.6903961361132,-3.823287439626769,0.8066184074457083,967,780,196,0,3.667948717948718,6.0,780,5787.032928657491,5758.547453304911,28.48547535257825,90.42238951027329,0.004074278622567073,0.10185696556417682,6.366060347761052e-05,0.3919159886400924,64
BLA-MAPPO,0,12032,187,188,-179.87044650155138,-2.8104757265867404,0.7845982142857143,896,703,202,0,3.7539118065433854,6.0,703,4139.18600402842,4113.5991719402045,25.586832088215697,64.67478131294406,0.0032352041181015366,0.08088010295253842,5.055006434533651e-05,0.39103766844796856,64
BLA-MAPPO,0,12096,188,189,-178.41546382865516,-2.787741622322737,0.802247191011236,890,714,160,0,3.6204481792717087,6.0,714,4562.48677745586,4537.260285144883,25.226492310975598,71.28885589774781,0.0032971260259486985,0.08242815064871746,5.1517594155448415e-05,0.389069937788715,64
BLA-MAPPO,0,12160,189,190,-227.23135833975266,-3.5504899740586353,0.7778981581798483,923,718,200,0,3.7284122562674096,6.0,718,4862.641045279279,4835.77821218846,26.86283309081888,75.97876633248873,0.003747879789950238,0.09369699474875595,5.856062171797247e-05,0.3885957603699727,64
BLA-MAPPO,0,12224,190,191,-269.2071599046148,-4.206361873509606,0.8157602663706992,901,735,187,0,3.673469387755102,6.0,735,5060.90038065599,5036.209529322739,24.690851333250592,79.07656844774985,0.004223133280700491,0.10557833201751228,6.598645751094517e-05,0.3887299824990248,64
BLA-MAPPO,0,12288,191,192,-258.03022920191063,-4.031722331279854,0.7774011299435029,885,688,189,0,3.739825581395349,6.0,688,4974.43711160063,4948.352006593093,26.085105007535702,77.72557986875984,0.0039960688943259885,0.09990172235814972,6.243857647384357e-05,0.38840166582546987,64
BLA-MAPPO,0,12352,192,193,-280.41236284492726,-4.381443169451988,0.764021164021164,945,722,213,0,3.682825484764543,6.0,722,5499.3465473769675,5471.408482806026,27.93806457094052,85.92728980276512,0.004270426542826984,0.1067606635706746,6.672541473167162e-05,0.38938829129156277,64
BLA-MAPPO,0,12416,193,194,-271.92136546039046,-4.248771335318601,0.7823660714285714,896,701,208,0,3.690442225392297,6.0,701,5113.462784828438,5088.534595275968,24.928189552469878,79.89785601294435,0.004143377041353199,0.10358442603382997,6.474026627114373e-05,0.39163150407338576,64
BLA-MAPPO,0,12480,194,195,-273.267762526668,-4.269808789479187,0.7783902976846747,907,706,199,0,3.78328611898017,6.0,706,4420.050496877182,4393.945253542025,26.10524333515442,69.06328901370597,0.004179579053570389,0.10448947633925972,6.530592271203732e-05,0.39384040979691504,64
BLA-MAPPO,0,12544,195,196,-363.3755988390535,-5.677743731860211,0.7626262626262627,990,755,229,0,3.8,6.0,755,5967.762522355968,5938.726917667017,29.035604688950382,93.246289411812,0.005157609066140514,0.12894022665351285,8.058764165844553e-05,0.39627102491585264,64
BLA-MAPPO,0,12608,196,197,-420.8285695066606,-6.575446398541572,0.7801268498942917,946,738,207,0,3.8672086720867207,6.0,738,5768.173220903311,5739.098189037902,29.075031865405332,90.12770657661423,0.005721228505117777,0.14303071262794442,8.939419539246526e-05,0.3993302976281218,64
BLA-MAPPO,0,12672,197,198,-224.72220374625195,-3.5112844335351867,0.7590233545647559,942,715,221,0,3.9524475524475524,6.0,715,4385.313677031347,4354.990096599499,30.323580431847518,68.52052620361479,0.003688826831440306,0.09222067078600765,5.763791924125478e-05,0.4004422240582131,64
BLA-MAPPO,0,12736,198,199,-347.81847881521617,-5.434663731487753,0.76033934252386,943,717,233,0,4.104602510460251,6.0,717,5263.373383576436,5231.71655667339,31.656826903048085,82.24020911838181,0.0049088893962796615,0.12272223490699154,7.670139681686971e-05,0.4002937406062088,64
BLA-MAPPO,0,12800,199,200,-347.9860263775978,-5.4372816621499656,0.7809330628803245,986,770,209,0,4.0064935064935066,6.0,770,5532.69460073593,5500.164015040811,32.530585695118816,86.44835313649891,0.005066306210284553,0.12665765525711384,7.916103453569614e-05,0.4014880798313851,64
BLA-MAPPO,0,12864,200,201,-269.31033341666966,-4.2079739596354635,0.7539149888143176,894,674,222,0,3.749258160237389,6.0,674,4188.692979217751,4162.3986415816125,26.294337636139293,65.44832780027735,0.004033636185204273,0.10084090463010682,6.302556539381677e-05,0.4027776781380173,64
BLA-MAPPO,0,12928,201,202,-251.1442261163208,-3.9241285330675124,0.7701793721973094,892,687,210,0,3.8719068413391557,6.0,687,4716.904793629762,4689.137047846592,27.767745783169175,73.70163740046503,0.003897655875666896,0.0974413968916724,6.090087305729525e-05,0.40298561822218487,64
BLA-MAPPO,0,12992,202,203,-253.9161183695507,-3.9674393495242297,0.7849344978165939,916,719,203,0,3.7162726008344924,6.0,719,4709.183470412278,4682.338651363427,26.844819048853772,73.58099172519185,0.0040125508981551485,0.10031377245387871,6.26961077836742e-05,0.402947874916278,64
BLA-MAPPO,0,13056,203,204,-475.36295847380916,-7.427546226153268,0.7783300198807157,1006,783,221,0,3.7049808429118776,6.0,783,6390.253960502713,6360.317365914383,29.936594588330575,99.8477181328549,0.00635567058574548,0.158891764643637,9.930735290227312e-05,0.40422301113059794,64
BLA-MAPPO,0,13120,204,205,-377.1986797418508,-5.893729370966419,0.801063829787234,940,753,192,0,3.6241699867197874,6.0,753,5188.4145063608385,5162.5698889246605,25.844617436178986,81.0689766618881,0.005336390222295739,0.13340975555739348,8.338109722337092e-05,0.40630334447483885,64
BLA-MAPPO,0,13184,205,206,-232.2709390256673,-3.6292334222760516,0.7478260869565218,920,688,224,0,3.806686046511628,6.0,688,3890.6815111991255,3863.547850389429,27.133660809695073,60.791898612486335,0.003695255692212137,0.09238139230530343,5.773837019081464e-05,0.4076075081365338,64
BLA-MAPPO,0,13248,206,207,-333.9828562839793,-5.218482129437176,0.7651598676957001,907,694,205,0,3.7204610951008648,6.0,694,5054.363297074025,5026.026446596934,28.33685047709108,78.97442651678163,0.004750243274565303,0.11875608186413258,7.422255116508286e-05,0.4094881121844996,64
BLA-MAPPO,0,13312,207,208,-230.65550928924634,-3.603992332644474,0.7823721436343852,919,719,208,0,3.917941585535466,6.0,719,4214.816607505872,4187.146003599213,27.670603906659668,65.85650949227924,0.0037720947584966025,0.09430236896241506,5.8938980601509414e-05,0.4108235721702894,64
BLA-MAPPO,0,13376,208,209,-503.95602141783183,-7.874312834653622,0.7633973710819009,989,755,243,0,3.8264900662251655,6.0,755,6317.647807416541,6287.591380146612,30.056427269930907,98.71324699088345,0.006547764512416127,0.16369411281040316,0.00010230882050650199,0.4121943183707335,64
BLA-MAPPO,0,13440,209,210,-257.13659967093133,-4.017759369858302,0.7461873638344226,918,685,223,0,3.7912408759124085,6.0,685,4103.979679883274,4076.4338066612377,27.54587322203611,64.12468249817616,0.003937516927479327,0.09843792318698318,6.152370199186449e-05,0.4128164192759875,64
BLA-MAPPO,0,13504,210,211,-442.92998597311475,-6.920781030829918,0.7808676307007787,899,702,196,0,3.819088319088319,6.0,702,5339.1081431638895,5312.6399057464805,26.468237417409618,83.42356473693577,0.0058674106255369955,0.14668526563842488,9.167829102401555e-05,0.4121953057612211,64
BLA-MAPPO,0,13568,211,212,-448.35403614778147,-7.0055318148090855,0.7874097007223942,969,763,210,0,3.758846657929227,6.0,763,5564.437246080614,5537.826623648901,26.610622431710887,86.9443319700096,0.006048229935369211,0.1512057483842303,9.450359274014393e-05,0.41222930065847974,64
BLA-MAPPO,0,13632,212,213,-363.4836067465769,-5.6794313554152644,0.7797202797202797,858,669,192,0,3.6367713004484306,6.0,669,4622.646064047119,4598.176999323612,24.469064723508044,72.22884475073623,0.00499863630118478,0.1249659075296195,7.810369220601219e-05,0.4111025564366544,64
BLA-MAPPO,0,13696,213,214,-424.45144216975575,-6.632053783902434,0.7956284153005464,915,728,184,0,3.767857142857143,6.0,728,5448.624593496831,5422.153279168615,26.471314328214724,85.13475927338798,0.00575943966978796,0.143985991744699,8.999124484043688e-05,0.41026984039134595,64
BLA-MAPPO,0,13760,214,215,-344.1699280807193,-5.377655126261239,0.7942430703624733,938,745,191,0,3.8161073825503355,6.0,745,5383.923754757493,5355.952371805039,27.971382952453354,84.12380866808583,0.004988563126927635,0.12471407817319087,7.794629885824429e-05,0.40954390149374453,64
BLA-MAPPO,0,13824,215,216,-419.6587898816964,-6.557168591901506,0.7673160173160173,924,709,225,0,3.7094499294781382,6.0,709,5328.542247155834,5302.8308243236,25.711422832234792,83.2584726118099,0.005615947715117944,0.1403986928779486,8.774918304871787e-05,0.4092966689494061,64
BLA-MAPPO,0,13888,216,217,-349.48659247885513,-5.460728007482111,0.7353878852284803,941,692,221,0,3.9147398843930636,6.0,692,4830.044519826979,4800.512012705418,29.532507121560617,75.46944562229655,0.004880081200828801,0.12200203002072003,7.625126876295002e-05,0.4092293708207478,64
BLA-MAPPO,0,13952,217,218,-383.59039782397224,-5.993599965999566,0.7582417582417582,910,690,228,0,3.9043478260869566,6.0,690,4836.322408917718,4807.4701132648515,28.852295652867497,75.56753763933935,0.005206537058598897,0.13016342646497242,8.135214154060777e-05,0.4089559854000355,64
BLA-MAPPO,0,14016,218,219,-335.8036358608391,-5.246931810325611,0.7596471885336273,907,689,217,0,3.865021770682148,6.0,689,4507.641832133097,4479.002997179282,28.638834953815913,70.43190362707963,0.004739576063801667,0.11848940159504166,7.405587599690104e-05,0.40747462338504414,64
BLA-MAPPO,0,14080,219,220,-468.9988652054336,-7.3281072688349,0.778705636743215,958,746,226,0,3.8873994638069704,6.0,746,5770.72785227838,5740.268773366099,30.45907891228187,90.16762269184969,0.0061964447503902315,0.15491111875975577,9.681944922484737e-05,0.40770340955912227,64
BLA-MAPPO,0,14144,220,221,-479.3078995768409,-7.489185930888139,0.7662337662337663,924,708,205,0,3.830508474576271,6.0,708,5549.902792881079,5521.837907211098,28.064885669985443,86.71723113876686,0.006233735577460489,0.15584338943651221,9.740211839782014e-05,0.40788044649203126,64
BLA-MAPPO,0,14208,221,222,-374.95791546662167,-5.858717429165964,0.7467811158798283,932,696,231,0,3.7844827586206895,6.0,696,4884.22381527462,4856.202796157224,28.02101911739338,76.31599711366594,0.005129927290143963,0.12824818225359907,8.015511390849942e-05,0.4071636105230494,64
BLA-MAPPO,0,14272,222,223,-426.6687254907074,-6.666698835792303,0.7834051724137931,928,727,204,0,3.8198074277854195,6.0,727,5626.3586502234875,5597.888156939299,28.470493284191182,87.91185390974199,0.005755964075159508,0.1438991018789877,8.993693867436731e-05,0.4062240475500708,64
BLA-MAPPO,0,14336,223,224,-423.0961860789508,-6.610877907483606,0.7578203834510595,991,751,240,0,3.877496671105193,6.0,751,5653.44207910054,5622.221115546262,31.22096355427635,88.33503248594593,0.005732552783769641,0.14331381959424103,8.957113724640065e-05,0.40568347095908,64
BLA-MAPPO,0,14400,224,225,-266.56730133434735,-4.165114083349177,0.7631284916201118,895,683,226,0,3.834553440702782,6.0,683,4162.034721911303,4133.3721998244955,28.662522086807357,65.0317925298641,0.004022564574708708,0.1005641143677177,6.285257147982356e-05,0.40563427993315004,64
BLA-MAPPO,0,14464,225,226,-248.89487668653177,-3.888982448227059,0.7508493771234428,883,663,204,0,4.0633484162895925,6.0,663,4254.250830550563,4224.7488780776675,29.50195247289357,66.47266922735254,0.0038253569138144003,0.09563392284536,5.9771201778350004e-05,0.40490620795545856,64
BLA-MAPPO,0,14528,226,227,-295.381726858398,-4.615339482162469,0.7830802603036876,922,722,210,0,4.18005540166205,6.0,722,4964.943951098337,4934.041372160879,30.9025789374574,77.57724923591151,0.0044261383810293925,0.11065345952573481,6.915841220358426e-05,0.4058633364687412,64
BLA-MAPPO,0,14592,227,228,-364.4427259055061,-5.694417592273533,0.7653631284916201,895,685,211,0,3.837956204379562,6.0,685,4635.196896233118,4607.8184632782495,27.37843295486573,72.42495150364248,0.005023369437179592,0.1255842359294898,7.849014745593112e-05,0.408065773765224,64
BLA-MAPPO,0,14656,228,229,-435.12206165552243,-6.798782213367538,0.7964601769911505,904,720,173,0,3.825,6.0,720,5504.068518961226,5476.723457466945,27.345061494283108,86.00107060876915,0.005860470025946585,0.14651175064866462,9.156984415541539e-05,0.4097751890054121,64
BLA-MAPPO,0,14720,229,230,-422.28522757260004,-6.598206680821876,0.7783558792924038,961,748,231,0,3.806149732620321,6.0,748,5698.449928493053,5669.455276281274,28.994652211776963,89.03828013270396,0.005727940869424622,0.14319852173561554,8.949907608475971e-05,0.41218933211480213,64
BLA-MAPPO,0,14784,230,231,-510.3037870621612,-7.973496672846268,0.7659804983748646,923,707,220,0,3.7043847241867045,6.0,707,6295.262128861807,6268.0698962343295,27.192232627472055,98.36347076346573,0.006522789687378404,0.1630697421844601,0.00010191858886528757,0.41365380345329406,64
BLA-MAPPO,0,14848,231,232,-412.48989323625665,-6.44515458181651,0.7553418803418803,936,707,214,0,3.760961810466761,6.0,707,5275.474628004365,5250.126058068837,25.348569935528435,82.4292910625682,0.005557682048692364,0.1389420512173091,8.683878201081819e-05,0.4149074558405788,64
BLA-MAPPO,0,14912,232,233,-225.54988300657936,-3.5242169219778026,0.7664233576642335,959,735,221,0,3.802721088435374,6.0,735,4453.801071911179,4425.470470816082,28.330601095097148,69.59064174861217,0.003743481583624341,0.09358703959060853,5.849189974413033e-05,0.4146102016347395,64
BLA-MAPPO,0,14976,233,234,-285.6384262142891,-4.463100409598267,0.7938689217758985,946,751,211,0,3.7496671105193076,6.0,751,5293.346639420274,5265.607571321714,27.739068098566285,82.70854124094178,0.004395035920759865,0.10987589801899664,6.86724362618729e-05,0.41384639095683895,64
BLA-MAPPO,0,15040,234,235,-310.0005618985307,-4.843758779664542,0.7818371607515657,958,749,198,0,3.7222963951935912,6.0,749,4952.728462479803,4924.367382863655,28.361079616148462,77.38638222624692,0.004650661795101458,0.11626654487753646,7.266659054846028e-05,0.4125740267677632,64
BLA-MAPPO,0,15104,235,236,-329.048527503772,-5.141383242246437,0.7936145952109465,877,696,194,0,3.668103448275862,6.0,696,4813.1590569285,4788.983036811104,24.176020117396774,75.20561026450781,0.0047175944769815735,0.11793986192453934,7.371241370283709e-05,0.4106781435831729,64
BLA-MAPPO,0,15168,236,237,-305.1000225804934,-4.767187852820209,0.7448132780082988,964,718,235,0,3.7701949860724233,6.0,718,5360.389540211078,5332.509848111615,27.87969209946415,83.7560865657981,0.0044821763974077795,0.11205440993519449,7.003400620949655e-05,0.40887247279629346,64
BLA-MAPPO,0,15232,237,238,-330.0691508592025,-5.157330482175039,0.7839305103148752,921,722,198,0,3.871191135734072,6.0,722,5420.712909663248,5392.490887432418,28.222022230829996,84.69863921348825,0.004783800585384681,0.11959501463461703,7.474688414663564e-05,0.4066308082163124,64
BLA-MAPPO,0,15296,238,239,-221.6997669128295,-3.4640588580129608,0.7790948275862069,928,723,206,0,3.8934993084370677,6.0,723,5072.743115814139,5043.946535100915,28.7965807132258,79.26161118459592,0.003693857201251004,0.0923464300312751,5.771651876954694e-05,0.4045764645511813,64
BLA-MAPPO,0,15360,239,240,-369.00372936637893,-5.765683271349671,0.7585470085470085,936,710,230,0,3.9380281690140846,6.0,710,5437.5782419556945,5407.210791574308,30.36745038138771,84.96216003055773,0.005104911553913781,0.12762278884784453,7.976424302990283e-05,0.40348234961915697,64
BLA-MAPPO,0,15424,240,241,-229.31719411095648,-3.583081157983695,0.7554585152838428,916,692,217,0,3.9364161849710984,6.0,692,4253.0601719472825,4223.73118027013,29.32899167715297,66.45406518667629,0.003683432569132296,0.0920858142283074,5.7553633892692124e-05,0.40258051979371606,64
BLA-MAPPO,0,15488,241,242,-332.9114561720597,-5.201741502688432,0.7525879917184265,966,727,247,0,3.8954607977991746,6.0,727,5777.466852443856,5747.726986656709,29.739865787145057,90.27291956943525,0.004766966737495983,0.11917416843739957,7.448385527337473e-05,0.4019909182538351,64
BLA-MAPPO,0,15552,242,243,-279.8041585499583,-4.371939977343098,0.7695516162669447,959,738,211,0,3.813008130081301,6.0,738,4799.819726929259,4772.005985358826,27.81374157043328,74.99718323326967,0.004304709070141252,0.10761772675353129,6.726107922095706e-05,0.4010653919758659,64
BLA-MAPPO,0,15616,243,244,-275.88369658656774,-4.310682759165121,0.7601760176017601,909,691,218,0,3.8958031837916063,6.0,691,5154.825893499299,5126.174540077355,28.651353421943583,80.54415458592655,0.004148375684149263,0.10370939210373156,6.481837006483223e-05,0.4004917462156419,64
BLA-MAPPO,0,15680,244,245,-262.9143033692799,-4.108035990144998,0.7502623294858342,953,715,237,0,3.9160839160839163,6.0,715,5139.792885226165,5108.505478343215,31.287406882949316,80.30926383165882,0.004050568495445778,0.10126421238614446,6.329013274134028e-05,0.39992804145600924,64
BLA-MAPPO,0,15744,245,246,-308.16572588151365,-4.815089466898651,0.7619047619047619,987,752,237,0,4.099734042553192,6.0,752,5423.699589106307,5389.94578790013,33.753801206174785,84.74530607978605,0.004591536134267581,0.11478840335668952,7.174275209793095e-05,0.39907019348752004,64
BLA-MAPPO,0,15808,246,247,-189.58485379945384,-2.9622633406164662,0.7483221476510067,894,669,228,0,4.056801195814649,6.0,669,3891.754669278175,3861.5731173635186,30.18155191465763,60.80866670747148,0.003218647861453402,0.08046619653633505,5.0291372835209405e-05,0.3978168569527348,64
BLA-MAPPO,0,15872,247,248,-224.04983325348547,-3.5007786445857105,0.7767195767195767,945,734,215,0,4.005449591280654,6.0,734,4865.273289064063,4835.590511609586,29.682777454479204,76.01989514162598,0.003735241620626983,0.09338104051567457,5.8363150322296606e-05,0.39628395801883287,64
BLA-MAPPO,0,15936,248,249,-171.80800448564167,-2.684500070088151,0.7626931567328918,906,691,207,0,3.8842257597684515,6.0,691,4243.136099740116,4214.190791098534,28.94530864158492,66.29900155843931,0.003118900012528817,0.07797250031322042,4.8732812695762765e-05,0.39489720190600275,64
BLA-MAPPO,0,16000,249,250,-267.47457429492226,-4.17929022335816,0.7785388127853882,876,682,190,0,3.9281524926686218,6.0,682,5124.075312812857,5096.016847919312,28.058464893545985,80.0636767627009,0.004073732763835142,0.10184331909587854,6.365207443492409e-05,0.3943377552035205,64
BLA-MAPPO,0,16064,250,251,-166.7337048256225,-2.6052141379003517,0.7745535714285714,896,694,205,0,4.181556195965418,6.0,694,4298.397308719969,4268.465956697274,29.93135202269438,67.16245794874952,0.0030777517048390284,0.07694379262097571,4.808987038810982e-05,0.3942683834658305,64
BLA-MAPPO,0,16128,251,252,-239.26425370549944,-3.738503964148429,0.7703703703703704,945,728,226,0,3.868131868131868,6.0,728,4859.602964290357,4831.21060260174,28.392361688617356,75.93129631703682,0.003858984517179542,0.09647461292948856,6.0296633080930344e-05,0.3945022302232841,64
BLA-MAPPO,0,16192,252,253,-283.1795751955459,-4.424680862430405,0.755741127348643,958,724,226,0,4.056629834254144,6.0,724,6297.697698855427,6266.471431459089,31.226267396339182,98.40152654461605,0.004287004257347394,0.10717510643368484,6.698444152105303e-05,0.3951801352845399,64
BLA-MAPPO,0,16256,253,254,-303.9895304514582,-4.749836413304035,0.7448979591836735,980,730,244,0,3.9027397260273973,6.0,730,5954.101462786692,5923.309672556017,30.791790230673094,93.03283535604206,0.004490316088089973,0.11225790220224932,7.016118887640583e-05,0.396103535696363,64
BLA-MAPPO,0,16320,254,255,-209.3745568179537,-3.2714774502805266,0.7560175054704595,914,691,225,0,3.952243125904486,6.0,691,4812.920387834357,4784.017073210978,28.90331462337942,75.20188105991183,0.0034718319636267915,0.08679579909066978,5.424737443166862e-05,0.39652629162316855,64
BLA-MAPPO,0,16384,255,256,-325.8678618929663,-5.091685342077598,0.7727771679473107,911,704,211,0,3.883522727272727,6.0,704,6040.242191068999,6012.830776036559,27.411415032440438,94.37878423545311,0.004686251247484369,0.11715628118710922,7.322267574194326e-05,0.39798427438150286,64
BLA-MAPPO,0,16448,256,257,-218.11963385599,-3.408119278999844,0.7839366515837104,884,693,197,0,3.8383838383838382,6.0,693,4896.886962668525,4870.209276698383,26.67768597014304,76.5138587916957,0.0035998577305903063,0.08999644326475766,5.6247777040473536e-05,0.3999277685723033,64
BLA-MAPPO,0,16512,257,258,-231.86487412979295,-3.622888658278015,0.7765726681127982,922,716,202,0,3.850558659217877,6.0,716,4828.054467291405,4800.455703389564,27.598763901838737,75.4383510514282,0.003788561350992536,0.0947140337748134,5.9196271109258375e-05,0.4003382188234389,64
BLA-MAPPO,0,16576,258,259,-258.1181224069241,-4.033095662608189,0.7570977917981072,951,720,236,0,3.888888888888889,6.0,720,5229.572711678025,5199.697359913252,29.87535176477472,81.71207361996915,0.0040171168153725996,0.10042792038431499,6.276745024019687e-05,0.40093360773528086,64
BLA-MAPPO,0,16640,259,260,-239.17140225329373,-3.7370531602077146,0.7684989429175476,946,727,219,0,3.7757909215955983,6.0,727,4973.495054996549,4945.372370581858,28.12268441469134,77.71086023432107,0.0038655224706680646,0.09663806176670162,6.039878860418851e-05,0.40167319764324505,64
BLA-MAPPO,0,16704,260,261,-320.2164636144643,-5.003382243976005,0.7916230366492146,955,756,199,0,3.7751322751322753,6.0,756,6329.15323794087,6302.193388527096,26.959849413772783,98.8930193428261,0.004770262675134048,0.1192565668783512,7.45353542989695e-05,0.4020166079742743,64
BLA-MAPPO,0,16768,261,262,-297.83262877040465,-4.653634824537573,0.7745604963805585,967,749,215,0,3.608811748998665,6.0,749,5818.590565192281,5791.838533692434,26.752031499846833,90.9154775811294,0.004508273900134311,0.11270684750335777,7.044177968959861e-05,0.40275880318049084,64
BLA-MAPPO,0,16832,262,263,-232.8058809853926,-3.6375918903967595,0.7896440129449838,927,732,194,0,3.7445355191256833,6.0,732,5066.907350689101,5041.209790679664,25.69756000943714,79.1704273545172,0.0038435193083891624,0.09608798270972906,6.005498919358066e-05,0.4029207683769097,64
BLA-MAPPO,0,16896,263,264,-250.8984883762095,-3.9202888808782737,0.7904255319148936,940,743,196,0,3.7537012113055184,6.0,743,5215.665136893089,5188.7611324507825,26.904004442304664,81.49476776395451,0.004047774814485783,0.10119437036214458,6.324648147634036e-05,0.402493624759674,64
BLA-MAPPO,0,16960,264,265,-248.5180761816567,-3.883094940338386,0.7846836847946725,901,707,193,0,3.7284299858557284,6.0,707,4874.157263526742,4848.443810197329,25.713453329413568,76.15870724260535,0.0039422160379232315,0.09855540094808078,6.159712559255049e-05,0.401510282486362,64
BLA-MAPPO,0,17024,265,266,-313.9331658007046,-4.90520571563601,0.791967044284243,971,769,198,0,3.7373211963589075,6.0,769,6339.57949675764,6311.036914140604,28.542582617036352,99.05592963683813,0.004737651003938805,0.11844127509847012,7.402579693654383e-05,0.40123819823609236,64
BLA-MAPPO,0,17088,266,267,-227.38132374163143,-3.552833183462991,0.8112543962485346,853,692,170,0,3.71242774566474,6.0,692,5279.740933010429,5253.848645457031,25.89228755339811,82.49595207828796,0.003722879663432522,0.09307199158581306,5.816999474113316e-05,0.4002394992261383,64
BLA-MAPPO,0,17152,267,268,-194.6531154703748,-3.041454929224606,0.7938844847112118,883,701,184,0,3.9001426533523538,6.0,701,4758.356872976351,4732.007125984823,26.349746991529617,74.34932614025549,0.0033988135973506014,0.08497033993376503,5.3106462458603146e-05,0.3983474095279369,64
BLA-MAPPO,0,17216,268,269,-203.72543819102142,-3.1832099717347098,0.7940267765190525,971,771,200,0,3.8158236057068744,6.0,771,4580.858909217744,4551.308934669145,29.549974548599533,71.57592045652726,0.003637632861875011,0.09094082154687527,5.683801346679705e-05,0.39614811350687584,64
BLA-MAPPO,0,17280,269,270,-275.9697645399805,-4.312027570937195,0.7794432548179872,934,728,199,0,3.875,6.0,728,5550.267455089325,5521.187825615014,29.07962947431179,86.72292898577071,0.0042590310481595275,0.10647577620398818,6.654736012749262e-05,0.3945541668003645,64
BLA-MAPPO,0,17344,270,271,-231.27916633165324,-3.613736973932082,0.7574750830564784,903,684,224,0,3.884502923976608,6.0,684,4593.0295861990435,4564.887633805952,28.14195239309172,71.76608728436005,0.0036775755985308635,0.09193938996327158,5.746211872704474e-05,0.39281880362875926,64
BLA-MAPPO,0,17408,271,272,-219.81524391025255,-3.434613186097696,0.7534246575342466,949,715,226,0,3.9608391608391607,6.0,715,5052.292482020195,5022.386028639737,29.906453380457457,78.94207003156555,0.0036352595222174417,0.09088148805543604,5.6800930034647526e-05,0.3914829904588224,64
BLA-MAPPO,0,17472,272,273,-297.8673494420318,-4.654177335031747,0.7823721436343852,919,719,207,0,4.119610570236439,6.0,719,5531.044710064823,5499.326968938445,31.717741126380336,86.42257359476287,0.004445838110115509,0.11114595275288773,6.946622047055483e-05,0.39073799210351584,64
BLA-MAPPO,0,17536,273,274,-263.2777389435353,-4.1137146709927395,0.7505197505197505,962,722,240,0,3.957063711911357,6.0,722,5792.020596203699,5761.434891408653,30.585704795045952,90.5003218156828,0.004072945524192644,0.1018236381048161,6.363977381551006e-05,0.3897258406354232,64
BLA-MAPPO,0,17600,274,275,-228.3241294166133,-3.5675645221345826,0.7452725250278087,899,670,230,0,3.967164179104478,6.0,670,4339.439445153971,4310.672996782943,28.766448371029966,67.8037413305308,0.0036058170786813252,0.09014542696703313,5.6340891854395707e-05,0.39013312770087516,64
BLA-MAPPO,0,17664,275,276,-311.9959365890752,-4.8749365092043,0.7692307692307693,975,750,212,0,3.7946666666666666,6.0,750,5743.074401571521,5715.575763191864,27.498638379656548,89.73553752455501,0.004656713421453876,0.1164178355363469,7.276114721021681e-05,0.39043431803473083,64
BLA-MAPPO,0,17728,276,277,-341.597647026083,-5.337463234782547,0.7812154696132597,905,707,208,0,3.743988684582744,6.0,707,5553.2694359889,5526.606985305508,26.662450683392553,86.76983493732656,0.004853632214671205,0.12134080536678013,7.583800335423758e-05,0.39149391103572356,64
BLA-MAPPO,0,17792,277,278,-335.51816519467616,-5.242471331166815,0.7586568730325288,953,723,218,0,3.9847856154910097,6.0,723,5473.098806789469,5442.699423835717,30.39938295375219,85.51716885608545,0.004819298713495976,0.12048246783739941,7.530154239837463e-05,0.39275157686260587,64
BLA-MAPPO,0,17856,278,279,-194.72714496275123,-3.042611640042988,0.7662624035281147,907,695,223,0,3.964028776978417,6.0,695,4776.798968109035,4748.136155901348,28.66281220768636,74.63748387670367,0.003338926764746229,0.08347316911865572,5.2170730699159826e-05,0.39346603401799773,64
BLA-MAPPO,0,17920,279,280,-162.76514199227603,-2.543205343629313,0.7834821428571429,896,702,189,0,3.8746438746438745,6.0,702,4242.591151836165,4214.807868425233,27.783283410933112,66.29048674744008,0.0030779877118036116,0.07694969279509029,4.809355799693143e-05,0.3946938573024841,64
BLA-MAPPO,0,17984,280,281,-283.4803099785782,-4.429379843415284,0.7282828282828283,990,721,256,0,3.9084604715672677,6.0,721,5516.414589152262,5484.86560911045,31.548980041811703,86.1939779555041,0.0042463431846584,0.10615857961646001,6.63491122602875e-05,0.3961778041141739,64
BLA-MAPPO,0,18048,281,282,-259.622062618558,-4.056594728414969,0.7854122621564482,946,743,230,0,3.9434724091520863,6.0,743,5533.58673096447,5502.379989202162,31.20674176230886,86.46229267131984,0.004093103301152497,0.10232758252881242,6.395473908050776e-05,0.398552056941743,64
BLA-MAPPO,0,18112,282,283,-367.21382882457135,-5.737716075383927,0.7473684210526316,950,710,232,0,3.8943661971830985,6.0,710,6271.604251231225,6240.505114730466,31.099136500758178,97.99381642548789,0.0050845630184468615,0.12711407546117154,7.944629716323221e-05,0.4001188493484985,64
BLA-MAPPO,0,18176,283,284,-280.45390388485873,-4.382092248200918,0.7570498915401301,922,698,222,0,3.840974212034384,6.0,698,5099.57227466739,5071.054116773888,28.518157893503535,79.68081679167797,0.004203415453902905,0.10508538634757263,6.567836646723289e-05,0.4020286931368026,64
BLA-MAPPO,0,18240,284,285,-247.582331455199,-3.8684739289874845,0.7776572668112798,922,717,209,0,4.072524407252441,6.0,717,4947.102017179484,4915.94484218264,31.157174996843654,77.29846901842944,0.003934787347317726,0.09836968368294316,6.148105230183947e-05,0.404047869606292,64
BLA-MAPPO,0,18304,285,286,-275.6050378109651,-4.3063287157963295,0.7962085308056872,844,672,182,0,3.912202380952381,6.0,672,4927.046523208052,4900.5908446494095,26.455678558644962,76.98510192512582,0.004141176622700903,0.10352941556752257,6.470588472970161e-05,0.40549869869383337,64
BLA-MAPPO,0,18368,286,287,-286.5522461433641,-4.477378845990064,0.759453781512605,952,723,214,0,3.9114799446749653,6.0,723,4945.711432567873,4915.920905203908,29.790527363962653,77.27674113387302,0.004332766458479984,0.1083191614619996,6.769947591374975e-05,0.4071220952657182,64
BLA-MAPPO,0,18432,287,288,-414.2329408055795,-6.47238970008718,0.8073684210526316,950,767,186,0,3.882659713168188,6.0,767,6057.28538764057,6028.345154798324,28.940232842247678,94.6450841818839,0.0057487442010643736,0.14371860502660933,8.982412814163084e-05,0.40895441825202467,64
BLA-MAPPO,0,18496,288,289,-372.85635144061513,-5.825880491259611,0.7895299145299145,936,739,197,0,3.7307171853856564,6.0,739,5790.951871265936,5764.828734171342,26.123137094594046,90.48362298853024,0.0052547848720952105,0.13136962180238027,8.210601362648766e-05,0.4107906380366936,64
BLA-MAPPO,0,18560,289,290,-351.42951974871147,-5.491086246073617,0.7812828601472135,951,743,210,0,3.8398384925975773,6.0,743,5863.180299075335,5834.367160907166,28.813138168165928,91.61219217305211,0.005033296000706163,0.12583240001765408,7.86452500110338e-05,0.4130951315080168,64
BLA-MAPPO,0,18624,290,291,-413.0380899350219,-6.453720155234717,0.7522421524663677,892,671,216,0,3.834575260804769,6.0,671,5571.611290949252,5543.836669117668,27.774621831582344,87.05642642108207,0.005471508057035476,0.1367877014258869,8.549231339117931e-05,0.4144709909095925,64
BLA-MAPPO,0,18688,291,292,-305.66071406706016,-4.775948657297815,0.7478902953586498,948,709,238,0,3.919605077574048,6.0,709,5058.820766954379,5028.9211755617325,29.899591392646926,79.04407448366217,0.004461579112778094,0.11153947781945237,6.971217363715772e-05,0.41728967483450835,64
BLA-MAPPO,0,18752,292,293,-299.9590890395972,-4.686860766243706,0.7826589595375723,865,677,184,0,3.827178729689808,6.0,677,4760.468587706906,4733.649246917256,26.819340789647864,74.3823216829204,0.0043950810896045064,0.10987702724011267,6.867314202507041e-05,0.4187013470085946,64
BLA-MAPPO,0,18816,293,294,-360.6206743565942,-5.634698036821784,0.7714907508161044,919,709,217,0,3.8166431593794075,6.0,709,5609.229693116034,5580.783344344089,28.446348771945043,87.64421395493802,0.0050368739191916,0.12592184797979,7.870115498736875e-05,0.4193934206871498,64
BLA-MAPPO,0,18880,294,295,-396.43276473820254,-6.194261949034415,0.7597826086956522,920,699,210,0,3.739628040057225,6.0,699,5221.193779367587,5195.127449469038,26.06632989854613,81.58115280261855,0.0053802229874115775,0.13450557468528943,8.40659841783059e-05,0.4195530255204416,64
BLA-MAPPO,0,18944,295,296,-402.7684970204177,-6.293257765944027,0.798582995951417,988,789,212,0,3.743979721166033,6.0,789,5816.262657110416,5787.574728976447,28.68792813396673,90.87910401735024,0.005655946691818845,0.14139866729547113,8.837416705966945e-05,0.41949490944332435,64
BLA-MAPPO,0,19008,296,297,-421.45542533044954,-6.585241020788274,0.7783669141039237,943,734,216,0,3.6716621253405997,6.0,734,5258.114814271215,5230.39597413531,27.71884013590521,82.15804397298774,0.0057030632367742725,0.14257658091935682,8.911036307459801e-05,0.41935245591190634,64
BLA-MAPPO,0,19072,297,298,-403.0676494209774,-6.2979320222027715,0.792016806722689,952,754,198,0,3.8143236074270557,6.0,754,5668.220353550679,5639.55896805178,28.661385498899307,88.56594302422936,0.005590568111494692,0.1397642027873673,8.735262674210456e-05,0.4188388982401894,64
BLA-MAPPO,0,19136,298,299,-389.7710516250014,-6.090172681640647,0.750271444082519,921,691,220,0,3.9406657018813314,6.0,691,5351.629670517285,5321.428297182612,30.201373334674756,83.61921360183258,0.005281488695378224,0.1320372173844556,8.252326086528475e-05,0.4184068750076779,64
BLA-MAPPO,0,19200,299,300,-354.04900218844364,-5.532015659194432,0.7689873417721519,948,729,228,0,4.0,6.0,729,5216.367289413819,5185.053458506747,31.313830907072077,81.50573889709092,0.005005448494310108,0.12513621235775269,7.821013272359543e-05,0.41745547965604923,64
BLA-MAPPO,0,19264,300,301,-304.48031581965546,-4.7575049346821165,0.7767955801104972,905,703,194,0,3.9644381223328593,6.0,703,4776.923152118403,4747.618940419933,29.304211698470084,74.63942425185004,0.004489899327034345,0.11224748317585863,7.015467698491164e-05,0.41579519054914366,64
BLA-MAPPO,0,19328,301,302,-371.1656447826861,-5.7994631997294706,0.7528675703858185,959,722,240,0,3.96814404432133,6.0,722,6162.4632603294685,6131.614468836021,30.848791493445404,96.28848844264795,0.005146799498092598,0.12866998745231495,8.041874215769684e-05,0.4144530919414259,64
BLA-MAPPO,0,19392,302,303,-320.9852965818211,-5.015395259090955,0.7532327586206896,928,699,236,0,3.9127324749642347,6.0,699,5042.274367632598,5011.394547769377,30.879819863220114,78.78553699425935,0.004591540268055298,0.11478850670138246,7.174281668836404e-05,0.41346750676871113,64
BLA-MAPPO,0,19456,303,304,-333.710981787562,-5.214234090430656,0.7473572938689218,946,707,223,0,3.908062234794908,6.0,707,4953.853962283445,4923.56420157042,30.289760713026027,77.40396816067883,0.004757186797801702,0.11892966994504256,7.43310437156516e-05,0.4113287740458682,64
BLA-MAPPO,0,19520,304,305,-346.6801435928111,-5.416877243637673,0.7843784378437844,909,713,212,0,4.012622720897616,6.0,713,4835.643942224144,4806.313147858003,29.33079436613856,75.55693659725225,0.0049114671031468314,0.12278667757867079,7.674167348666924e-05,0.4102013385982127,64
BLA-MAPPO,0,19584,305,306,-232.02948140963906,-3.6254606470256103,0.7759626604434072,857,665,187,0,3.956390977443609,6.0,665,3662.9705569037924,3635.7810691827603,27.189487721032137,57.233914951621756,0.0036835137142613586,0.09208784285653397,5.755490178533373e-05,0.4091170863142017,64
BLA-MAPPO,0,19648,306,307,-386.9384056280102,-6.045912587937659,0.7575442247658689,961,728,234,0,4.016483516483516,6.0,728,5321.956954994465,5290.593823629374,31.36313136509319,83.15557742178852,0.005323508541253754,0.13308771353134385,8.31798209570899e-05,0.40780216753972043,64
BLA-MAPPO,0,19712,307,308,-329.3138556608985,-5.1455289947015395,0.7643243243243243,925,707,215,0,3.9915134370579914,6.0,707,5065.378139164207,5035.492035647039,29.88610351716855,79.14653342444073,0.004721833683068426,0.11804584207671066,7.377865129794416e-05,0.4080587850210601,64
BLA-MAPPO,0,19776,308,309,-326.9615759708543,-5.108774624544599,0.7508232711306256,911,684,227,0,3.9195906432748537,6.0,684,4697.676151906956,4669.181435904992,28.494716001965177,73.40118987354619,0.004629254808977218,0.11573137022443045,7.233210639026903e-05,0.4074103491103053,64
BLA-MAPPO,0,19840,309,310,-283.936999330032,-4.43651561453175,0.7631874298540965,891,680,201,0,3.9911764705882353,6.0,680,4622.452838320358,4592.354442844223,30.098395476134428,72.22582559875559,0.004218915882220581,0.10547289705551452,6.592056065969657e-05,0.40642145969930615,64
BLA-MAPPO,0,19904,310,311,-329.79575379618063,-5.153058653065322,0.7678767876787679,909,698,219,0,3.9842406876790832,6.0,698,5004.617173173723,4973.638475554185,30.978697619540732,78.19714333083942,0.0046996143231111025,0.11749035807777757,7.343147379861098e-05,0.40632675981638133,64
BLA-MAPPO,0,19968,311,312,-252.86733195119595,-3.9510520617374367,0.759825327510917,916,696,226,0,3.913793103448276,6.0,696,4024.469166961564,3994.9813089793934,29.487857982170055,62.88233073377444,0.003915673811153615,0.09789184527884039,6.118240329927524e-05,0.4077838006731425,64
BLA-MAPPO,0,20032,312,313,-407.3580819470285,-6.36497003042232,0.7628140703517587,995,759,234,0,3.8945981554677207,6.0,759,5209.691261364082,5179.137207702896,30.554053661186714,81.40142595881377,0.005600312938995693,0.14000782347489232,8.750488967180771e-05,0.4093935284599357,64
BLA-MAPPO,0,20096,313,314,-403.1355070966293,-6.2989922983848325,0.760043431053203,921,700,219,0,3.842857142857143,6.0,700,5314.48478433091,5286.020875108734,28.463909222177655,83.03882475517047,0.005437303922468639,0.13593259806171598,8.495787378857248e-05,0.4111646861047906,64
BLA-MAPPO,0,20160,314,315,-333.1732191772719,-5.2058315496448735,0.748898678414097,908,680,215,0,3.8705882352941177,6.0,680,5202.569344684633,5173.993250917828,28.576093766801293,81.29014601069738,0.004693747759647859,0.11734369399119648,7.33398087444978e-05,0.41261947221218065,64
BLA-MAPPO,0,20224,315,316,-405.4185092381248,-6.3346642068457,0.7936333699231614,911,723,199,0,3.843706777316736,6.0,723,5527.773706832377,5498.979431616345,28.794275216030503,86.37146416925589,0.005538428135475286,0.13846070338688216,8.653793961680135e-05,0.41366837621781327,64
BLA-MAPPO,0,20288,316,317,-423.3159012993873,-6.614310957802926,0.7536997885835095,946,713,218,0,3.85273492286115,6.0,713,5419.21273378402,5389.644340920317,29.568392863703615,84.67519896537532,0.005669964200123117,0.14174910500307794,8.859319062692371e-05,0.41482596503670244,64
BLA-MAPPO,0,20352,317,318,-469.1046171183201,-7.329759642473752,0.8191721132897604,918,752,188,0,3.8218085106382977,6.0,752,6061.775436737154,6034.113934444374,27.66150229278052,94.71524119901804,0.006258303225884807,0.15645758064712018,9.778598790445011e-05,0.4154694605452857,64
BLA-MAPPO,0,20416,318,319,-344.44098852730383,-5.381890445739122,0.7917133258678611,893,707,197,0,3.6421499292786423,6.0,707,4470.685478328399,4445.889910435977,24.795567892420017,69.85446059888123,0.004896619786797763,0.12241549466994407,7.650968416871504e-05,0.41489080050568217,64
BLA-MAPPO,0,20480,319,320,-319.5196069912711,-4.9924938592386106,0.7877358490566038,848,668,163,0,3.6362275449101795,6.0,668,4472.749560481059,4450.408124075165,22.341436405894918,69.88671188251655,0.0045947019274143915,0.11486754818535978,7.179221761584987e-05,0.4126357267152526,64
BLA-MAPPO,0,20544,320,321,-307.55057271767254,-4.805477698713633,0.816,875,714,170,0,3.6316526610644257,6.0,714,4695.734544514364,4671.791513657368,23.943030856994643,73.37085225803693,0.004577099701289782,0.11442749253224455,7.151718283265284e-05,0.4099223633984586,64
BLA-MAPPO,0,20608,321,322,-294.4040752259526,-4.60006367540551,0.7883995703544576,931,734,190,0,3.64850136239782,6.0,734,4782.254135430086,4756.923697865563,25.33043756452264,74.72272086609509,0.004466648779152382,0.11166621947880954,6.979138717425596e-05,0.40734518562785704,64
BLA-MAPPO,0,20672,322,323,-427.1934006900881,-6.674896885782626,0.7851690294438386,917,720,201,0,3.629166666666667,6.0,720,5119.84451073509,5094.792076607307,25.052434127785332,79.99757048023578,0.005747767705248322,0.14369419263120806,8.980887039450504e-05,0.40446973121871566,64
BLA-MAPPO,0,20736,323,324,-401.49129198239734,-6.2733014372249585,0.8115015974440895,939,762,178,0,3.715223097112861,6.0,762,5823.317731587978,5796.264201937213,27.0535296507656,90.98933955606216,0.005619957213956971,0.14049893034892427,8.781183146807767e-05,0.40253194971606665,64
BLA-MAPPO,0,20800,324,325,-488.3835761056234,-7.630993376650365,0.7642276422764228,984,752,218,0,3.8643617021276597,6.0,752,5945.339202308549,5915.648570890079,29.690631418468556,92.89592503607108,0.006413187424845537,0.16032968562113842,0.00010020605351321152,0.40150455466172547,64
BLA-MAPPO,0,20864,325,326,-256.49547637052785,-4.007741818289498,0.7627695800227015,881,672,230,0,3.7738095238095237,6.0,672,4293.983520584883,4267.133519042047,26.850001542835546,67.0934925091388,0.0038925731523393255,0.09731432880848313,6.082145550530196e-05,0.4005700332561955,64
BLA-MAPPO,0,20928,326,327,-245.46728289055778,-3.8354262951649654,0.7633832976445396,934,713,198,0,3.9046283309957923,6.0,713,5015.957156801084,4987.094620503631,28.862536297454163,78.37433057501694,0.003919577673013351,0.09798944182533378,6.124340114083361e-05,0.3992256664509816,64
BLA-MAPPO,0,20992,327,328,-240.1160899126954,-3.7518139048858656,0.7995444191343963,878,702,186,0,3.921652421652422,6.0,702,4654.902026650043,4627.9976182156,26.904408434442715,72.73284416640692,0.003853528255148575,0.09633820637871437,6.021137898669649e-05,0.3977416236217223,64
BLA-MAPPO,0,21056,328,329,-265.1356737259997,-4.1427449019687455,0.7862767154105736,889,699,189,0,3.7496423462088697,6.0,699,4812.618690769521,4785.98644423501,26.632246534512063,75.19716704327377,0.004091852450988932,0.1022963112747233,6.393519454670206e-05,0.3962958810878288,64
BLA-MAPPO,0,21120,329,330,-385.96747113960396,-6.030741736556312,0.8036286019210246,937,753,193,0,3.7941567065073043,6.0,753,5365.9121696859365,5338.9110670317295,27.001102654209095,83.84237765134276,0.005425103558626853,0.13562758896567131,8.476724310354458e-05,0.39504926691067804,64
BLA-MAPPO,0,21184,330,331,-455.0619105067303,-7.110342351667661,0.7609805924412666,979,745,219,0,3.8335570469798657,6.0,745,6153.92195700054,6124.472967162416,29.448989838125073,96.15503057813343,0.006063172950008649,0.15157932375021624,9.473707734388515e-05,0.39392125942649736,64
BLA-MAPPO,0,21248,331,332,-331.516734293554,-5.179948973336781,0.787257019438445,926,729,195,0,3.764060356652949,6.0,729,5230.776707583929,5204.479607050653,26.29710053327519,81.7308860559989,0.00481888573613204,0.12047214340330101,7.529508962706313e-05,0.3929055261301495,64
BLA-MAPPO,0,21312,332,333,-235.46582866886058,-3.6791535729509466,0.7857142857142857,924,726,207,0,3.8567493112947657,6.0,726,5244.550501441259,5217.104552960063,27.44594848119499,81.94610158501968,0.0038373324623961935,0.09593331155990484,5.9958319724940524e-05,0.3914892512827757,64
BLA-MAPPO,0,21376,333,334,-258.99356788753386,-4.0467744982427165,0.7874186550976139,922,726,208,0,3.8581267217630852,6.0,726,5082.18296494842,5055.854868142718,26.32809680570215,79.40910882731906,0.004073630504630899,0.10184076261577246,6.365047663485779e-05,0.3908512708706,64
BLA-MAPPO,0,21440,334,335,-273.7205069637031,-4.276882921307861,0.7757313109425785,923,716,197,0,3.7164804469273744,6.0,716,5524.592566413546,5497.8150468858585,26.7775195276863,86.32175885021165,0.0042095992850023824,0.10523998212505956,6.577498882816223e-05,0.3907205574723147,64
BLA-MAPPO,0,21504,335,336,-198.70201012004014,-3.1047189081256272,0.7544843049327354,892,673,217,0,3.7013372956909363,6.0,673,4820.464811526001,4795.974755461361,24.49005606463779,75.31976268009376,0.0033331360127328877,0.08332840031832218,5.208025019895137e-05,0.3913284185545368,64
BLA-MAPPO,0,21568,336,337,-191.53929154591367,-2.992801430404901,0.783157894736842,950,744,197,0,3.935483870967742,6.0,744,4872.836634692258,4843.8440564124485,28.9925782798083,76.13807241706652,0.0034567290240112404,0.086418225600281,5.401139100017563e-05,0.3915656752232255,64
BLA-MAPPO,0,21632,337,338,-196.3988629540743,-3.068732233657411,0.7678958785249458,922,708,223,0,3.957627118644068,6.0,708,4591.019808328481,4561.741110119127,29.278698209352186,71.73468450513252,0.0033859083551241436,0.08464770887810359,5.2904818048814744e-05,0.3912779243504788,64
BLA-MAPPO,0,21696,338,339,-198.26962610656648,-3.097962907915101,0.7652081109925294,937,717,210,0,3.8465829846582986,6.0,717,4565.467789960309,4537.998661048798,27.469128911512225,71.33543421812983,0.0034434989841069584,0.08608747460267396,5.3804671626671225e-05,0.39047604593171914,64
BLA-MAPPO,0,21760,339,340,-157.67028968680853,-2.4635982763563833,0.7701657458563536,905,697,216,0,3.9483500717360114,6.0,697,4617.676788857098,4588.543979854488,29.132809002609577,72.15119982589215,0.0029824916051336835,0.07456229012834209,4.6601431330213805e-05,0.38988565422385335,64
BLA-MAPPO,0,21824,340,341,-258.96943943607357,-4.0463974911886496,0.7881448957189902,911,718,205,0,3.777158774373259,6.0,718,5214.0913878825495,5187.0989972771185,26.9923906054313,81.47017793566484,0.0040578755666278166,0.10144688916569541,6.340430572855963e-05,0.3903149648163864,64
BLA-MAPPO,0,21888,341,342,-313.2513185867184,-4.894551852917475,0.7681159420289855,897,689,202,0,3.772133526850508,6.0,689,5203.12139558096,5177.8598008996,25.261594681356137,81.2987718059525,0.004532842883028846,0.11332107207572115,7.082567004732572e-05,0.3921160054960303,64
BLA-MAPPO,0,21952,342,343,-277.3394282360262,-4.3334285661879095,0.7704239917269907,967,745,209,0,3.7812080536912753,6.0,745,5263.433260075905,5234.3835566485195,29.049703427385975,82.24114468868602,0.004300930597773125,0.10752326494432812,6.720204059020508e-05,0.3931629983553322,64
BLA-MAPPO,0,22016,343,344,-241.48480250723156,-3.773200039175493,0.8129411764705883,850,691,163,0,3.6410998552822,6.0,691,5326.316544473944,5301.577140089301,24.739404384642437,83.22369600740538,0.0038702461285869756,0.09675615321467439,6.0472595759171494e-05,0.3934875086159582,64
BLA-MAPPO,0,22080,344,345,-222.88356164848676,-3.4825556507576056,0.8075221238938053,904,730,186,0,3.8219178082191783,6.0,730,5116.013085946635,5089.568977822026,26.44410812461237,79.93770446791618,0.00374861117713952,0.093715279428488,5.8572049642805e-05,0.394507760671477,64
BLA-MAPPO,0,22144,345,346,-256.23944883281655,-4.003741388012759,0.7652838427947598,916,701,203,0,3.817403708987161,6.0,701,5829.110425252946,5802.11661048895,26.993814763995037,91.07985039457728,0.003993858841939769,0.09984647104849423,6.240404440530889e-05,0.394893225450072,64
BLA-MAPPO,0,22208,346,347,-258.280711149655,-4.03563611171336,0.7582089552238805,1005,762,235,0,3.729658792650919,6.0,762,5489.0186709428335,5460.044016924914,28.97465401791706,85.76591673348177,0.004119652162344588,0.1029913040586147,6.436956503663419e-05,0.39497517343445165,64
BLA-MAPPO,0,22272,347,348,-277.2752987725585,-4.332426543321226,0.7698237885462555,908,699,221,0,3.8898426323319026,6.0,699,5303.686187579565,5274.74125216331,28.944935416256378,82.8700966809307,0.004175958381435868,0.10439895953589669,6.524934970993543e-05,0.3946581913348871,64
BLA-MAPPO,0,22336,348,349,-228.07771626782358,-3.5637143166847434,0.7570621468926554,885,670,212,0,3.717910447761194,6.0,670,5218.1820270940225,5191.893016578029,26.28901051599222,81.5340941733441,0.0036264849276965152,0.09066212319241287,5.666382699525805e-05,0.3935495268016635,64
BLA-MAPPO,0,22400,349,350,-226.45326064816592,-3.5383321976275925,0.7794871794871795,975,760,208,0,3.8697368421052634,6.0,760,5186.747362577206,5157.13924511936,29.608117457846465,81.04292754026885,0.003831352710679671,0.09578381776699177,5.986488610436986e-05,0.3921381860873058,64
BLA-MAPPO,0,22464,350,351,-273.615614821982,-4.275243981593468,0.775950668036999,973,755,227,0,3.989403973509934,6.0,755,5793.297650096316,5762.9584536736875,30.339196422627676,90.52027578275494,0.004265793464683595,0.10664483661708987,6.665302288568117e-05,0.3914457866171142,64
BLA-MAPPO,0,22528,351,352,-143.07866467167588,-2.2356041354949356,0.7926421404682275,897,711,182,0,3.852320675105485,6.0,711,4023.9881936464776,3996.401949808902,27.58624383757461,62.87481552572621,0.002911847227259772,0.07279618068149431,4.549761292593394e-05,0.3895025390168345,64
BLA-MAPPO,0,22592,352,353,-271.04567744019045,-4.235088710002976,0.7709437963944857,943,727,222,0,3.916093535075653,6.0,727,5942.390772926213,5913.454447781456,28.936325144756207,92.84985582697207,0.004179532091197022,0.10448830227992555,6.530518892495347e-05,0.3876744273862744,64
BLA-MAPPO,0,22656,353,354,-239.1116118540556,-3.736118935219619,0.7485907553551296,887,664,222,0,3.9171686746987953,6.0,664,5135.3299877058835,5107.582549076911,27.747438628976138,80.23953105790443,0.0037088676733592696,0.09272169183398174,5.795105739623859e-05,0.3859350609326425,64
BLA-MAPPO,0,22720,354,355,-233.3309059865603,-3.645795406040005,0.7281153450051493,971,707,269,0,3.8840169731258842,6.0,707,5211.500324058394,5181.5020789367645,29.99824512163013,81.4296925634124,0.0036974310099322848,0.09243577524830712,5.777235953019195e-05,0.3841899939096706,64
BLA-MAPPO,0,22784,355,356,-273.4174052951545,-4.272146957736789,0.782559456398641,883,691,195,0,3.813314037626628,6.0,691,5335.801815643077,5308.373483892751,27.428331750325043,83.37190336942308,0.004149150498134557,0.10372876245336392,6.483047653335245e-05,0.3826908150485806,64
BLA-MAPPO,0,22848,356,357,-214.10048307073652,-3.345320047980258,0.73224043715847,915,670,230,0,3.8746268656716416,6.0,670,4639.471449522212,4609.269441627085,30.202007895128382,72.49174139878457,0.003464720575494977,0.08661801438737442,5.4136258992109014e-05,0.3810962544780949,64
BLA-MAPPO,0,22912,357,358,-270.8112317082125,-4.231425495440821,0.7573529411764706,952,721,230,0,3.9195561719833565,6.0,721,6065.101522286931,6034.291659875153,30.809862411778184,94.7672112857333,0.0041524010781936885,0.10381002695484222,6.488126684677638e-05,0.3816126508492705,64
BLA-MAPPO,0,22976,358,359,-241.48846991331953,-3.7732573423956177,0.7568455640744798,913,691,228,0,3.894356005788712,6.0,691,5085.627752692519,5056.89704508444,28.73070760807908,79.4629336358206,0.0037892623697997406,0.09473155924499352,5.9207224528120947e-05,0.3826678738040963,64
BLA-MAPPO,0,23040,359,360,-179.75733999342748,-2.8087084373973044,0.8002159827213823,926,741,190,0,3.8947368421052633,6.0,741,4988.77774897217,4959.885058294784,28.892690677387062,77.94965232769016,0.003340104030280552,0.0835026007570138,5.2189125473133624e-05,0.3825704410968803,64
BLA-MAPPO,0,23104,360,361,-214.63874568029462,-3.3537304012546034,0.7695560253699789,946,728,221,0,3.9368131868131866,6.0,728,5450.797594388008,5421.112471054774,29.6851233332303,85.16871241231263,0.0036204305811278256,0.09051076452819563,5.6569227830122274e-05,0.38322053567732894,64
BLA-MAPPO,0,23168,361,362,-221.77478807918777,-3.465231063737309,0.746031746031746,945,705,231,0,3.7702127659574467,6.0,705,5211.997230215657,5182.790702489004,29.206527726655164,81.43745672211963,0.003624320498301297,0.09060801245753242,5.663000778595776e-05,0.38581462264118094,64
BLA-MAPPO,0,23232,362,363,-285.407849981699,-4.4594976559640465,0.7562296858071506,923,698,223,0,3.820916905444126,6.0,698,5518.565761361498,5491.144694661338,27.421066700159734,86.2275900212734,0.004251746940645764,0.1062936735161441,6.643354594759007e-05,0.3886859361989602,64
BLA-MAPPO,0,23296,363,364,-296.6487006075589,-4.635135946993108,0.7803590285110876,947,739,215,0,3.8024357239512856,6.0,739,5711.392044090736,5684.274428956911,27.117615133826945,89.24050068891775,0.004471410151844826,0.11178525379612066,6.986578362257541e-05,0.39118598822080713,64
BLA-MAPPO,0,23360,364,365,-290.0333614479679,-4.531771272624498,0.7793326157158235,929,724,202,0,3.6919889502762433,6.0,724,5252.27424062553,5225.682748881912,26.59149174361484,82.06678500977391,0.004385453481895589,0.10963633704738972,6.852271065461857e-05,0.3937730190376603,64
BLA-MAPPO,0,23424,365,366,-158.73545135141615,-2.4802414273658773,0.7954309449636553,963,766,199,0,3.8302872062663185,6.0,766,4852.366238428045,4825.370266446163,26.995971981881592,75.8182224754382,0.0031787428684741346,0.07946857171185337,4.9667857319908354e-05,0.3956116888630145,64
BLA-MAPPO,0,23488,366,367,-267.46922089501265,-4.179206576484573,0.7816979051819184,907,709,205,0,3.7461212976022567,6.0,709,4624.299179248492,4598.471454582455,25.82772466603585,72.25467467575768,0.004120592370104401,0.10301480925261003,6.438425578288127e-05,0.39676814426231133,64
BLA-MAPPO,0,23552,367,368,-250.79932908017523,-3.918739516877738,0.7387096774193549,930,687,232,0,3.6768558951965065,6.0,687,4773.660431719801,4745.953183854685,27.707247865113615,74.58844424562189,0.0038683266559605438,0.0967081663990136,6.0442603999383496e-05,0.39767819901710677,64
BLA-MAPPO,0,23616,368,369,-241.4026353307401,-3.7719161770428142,0.7852631578947369,950,746,213,0,3.8431635388739944,6.0,746,5295.879395048526,5267.314890862397,28.564504186127255,82.74811554763322,0.003938958997645751,0.09847397494114378,6.154623433821486e-05,0.3997137606050791,64
BLA-MAPPO,0,23680,369,370,-239.24051977034202,-3.738133121411594,0.753688989784336,881,664,221,0,3.8900602409638556,6.0,664,4766.799517413407,4739.035894421678,27.763622991727157,74.48124245958448,0.0037112972221422526,0.09278243055355631,5.79890190959727e-05,0.4012762269912977,64
BLA-MAPPO,0,23744,370,371,-247.1310135899361,-3.8614220873427514,0.7229800629590766,953,689,240,0,3.811320754716981,6.0,689,4734.882267568411,4704.728694614918,30.153572953493764,73.98253543075643,0.0038268649160612058,0.09567162290153014,5.979476431345634e-05,0.4022439520444402,64
BLA-MAPPO,0,23808,371,372,-332.23803734186816,-5.19121933346669,0.7997737556561086,884,707,190,0,3.782178217821782,6.0,707,5060.858105993092,5033.963089097899,26.89501689519223,79.07590790614206,0.0047787188684163,0.1194679717104075,7.466748231900469e-05,0.40297535140397767,64
BLA-MAPPO,0,23872,372,373,-288.9981325332693,-4.515595820832333,0.7701149425287356,957,737,219,0,3.8493894165535956,6.0,737,5274.015255699456,5244.074776905625,29.94047879383224,82.406488370304,0.00438718175443191,0.10967954386079774,6.854971491299859e-05,0.4036602257742224,64
BLA-MAPPO,0,23936,373,374,-263.45463914070257,-4.116478736573478,0.7378435517970402,946,698,247,0,3.793696275071633,6.0,698,4579.313068188614,4551.2694436719485,28.043624516666824,71.5517666904471,0.004003998536797251,0.10009996341993127,6.256247713745704e-05,0.4044608346536128,64
BLA-MAPPO,0,24000,374,375,-324.0585631889288,-5.063415049827013,0.7883369330453563,926,730,204,0,3.826027397260274,6.0,730,5437.872278194513,5410.091497729807,27.780780464703117,84.96675434678926,0.004737125474833133,0.11842813687082832,7.40175855442677e-05,0.4063206638724897,64
BLA-MAPPO,0,24064,375,376,-252.07275517251054,-3.938636799570477,0.7562296858071506,923,698,206,0,3.7249283667621778,6.0,698,4847.032423794188,4819.4310861076665,27.60133768652096,75.73488162178418,0.00393705694133831,0.09842642353345775,6.151651470841109e-05,0.4074817118152801,64
BLA-MAPPO,0,24128,376,377,-166.397297517494,-2.5999577737108437,0.7679558011049724,905,695,234,0,3.9237410071942445,6.0,695,4120.029042443876,4092.05000431516,27.97903812871635,64.37545378818557,0.0030413727827384176,0.07603431956846043,4.7521449730287775e-05,0.4083906248658222,64
BLA-MAPPO,0,24192,377,378,-275.6512219147345,-4.307050342417726,0.7635983263598326,956,730,211,0,3.7904109589041095,6.0,730,5034.9569491968505,5006.330003712953,28.626945483898634,78.67120233120079,0.0042447000329972045,0.10611750082493011,6.632343801558132e-05,0.4086555825149357,64
BLA-MAPPO,0,24256,378,379,-243.36333568467919,-3.8025521200731123,0.7235421166306696,926,670,254,0,3.8223880597014928,6.0,670,4440.311922626271,4412.163770297864,28.148152328408163,69.37987379103548,0.0037288961973700983,0.09322240493425246,5.8264003083907787e-05,0.40901139766591527,64
BLA-MAPPO,0,24320,379,380,-238.3531785814356,-3.7242684153349312,0.742639040348964,917,681,231,0,3.81791483113069,6.0,681,4380.064371544973,4352.0043527387525,28.060018806220388,68.43850580539021,0.0037295296010505714,0.09323824002626428,5.827390001641518e-05,0.4085018428302937,64
BLA-MAPPO,0,24384,380,381,-225.5083854310463,-3.5235685223600983,0.7555066079295154,908,686,242,0,3.912536443148688,6.0,686,4340.554504412159,4312.317674154052,28.23683025810752,67.82116413143999,0.0036020507774500252,0.09005126943625064,5.6282043397656644e-05,0.40755786572597286,64
BLA-MAPPO,0,24448,381,382,-229.4605609579424,-3.58532126496785,0.7565582371458552,953,721,226,0,3.807212205270458,6.0,721,4759.397234576471,4730.1860841988055,29.211150377665486,74.36558179025737,0.003746317966508831,0.09365794916272079,5.853621822670049e-05,0.40719944603961944,64
BLA-MAPPO,0,24512,382,383,-235.78719522310683,-3.6841749253610443,0.7284090909090909,880,641,235,0,3.8689547581903274,6.0,641,4234.19331121511,4205.623921101032,28.569390114076395,66.1592704877361,0.003603719734537004,0.0900929933634251,5.630812085214069e-05,0.40603527338558243,64
BLA-MAPPO,0,24576,383,384,-265.709197352541,-4.1517062086334535,0.7403314917127072,905,670,235,0,3.8776119402985074,6.0,670,4468.200880140237,4440.030176195743,28.170703944493678,69.8156387521912,0.003972351133360616,0.0993087783340154,6.206798645875962e-05,0.40467395256045896,64
BLA-MAPPO,0,24640,384,385,-294.8689404945537,-4.607327195227402,0.7587991718426501,966,733,243,0,3.99181446111869,6.0,733,5213.405762628977,5182.709435513213,30.69632711576287,81.45946504107776,0.004405401393914213,0.11013503484785532,6.883439677990957e-05,0.4035099597887007,64
BLA-MAPPO,0,24704,385,386,-312.4029420503408,-4.881295969536575,0.7254464285714286,896,650,231,0,3.9784615384615383,6.0,650,4530.671130532913,4501.755239828316,28.915890704595714,70.79173641457676,0.004394286813885168,0.1098571703471292,6.866073146695575e-05,0.4035744966125373,64
BLA-MAPPO,0,24768,386,387,-520.9406549739928,-8.139697733968637,0.743863393810032,937,697,234,0,3.8866571018651364,6.0,697,6059.0574233700045,6029.493971297578,29.563452072427744,94.67277224015632,0.006588646661272814,0.16471616653182036,0.00010294760408238772,0.4028460495534072,64
BLA-MAPPO,0,24832,387,388,-301.7885831234028,-4.715446611303169,0.810244470314319,859,696,190,0,3.8204022988505746,6.0,696,4368.937713930497,4343.625125010941,25.312588919556433,68.26465178016402,0.0044491496648746244,0.1112287416218656,6.951796351366601e-05,0.4017889916722227,64
BLA-MAPPO,0,24896,388,389,-318.78324614358405,-4.980988220993501,0.760655737704918,915,696,194,0,3.69683908045977,6.0,696,4564.535184893704,4536.749463982131,27.785720911573485,71.32086226396413,0.0046134379339837165,0.11533594834959292,7.208496771849557e-05,0.4002523934656004,64
BLA-MAPPO,0,24960,389,390,-451.1476847448886,-7.049182574138884,0.7896950578338591,951,751,218,0,3.8282290279627165,6.0,751,6039.806638976937,6011.339203090355,28.467435886584248,94.37197873401465,0.006040059159317175,0.15100147898292937,9.437592436433086e-05,0.400749044868594,64
BLA-MAPPO,0,25024,390,391,-383.3211081463018,-5.989392314785966,0.8064853556485355,956,771,181,0,3.8313878080415047,6.0,771,5750.846135352443,5721.656669755474,29.1894655969706,89.85697086488192,0.005454253668049093,0.13635634170122732,8.522271356326707e-05,0.4019975941045984,64
BLA-MAPPO,0,25088,391,392,-318.60610571589154,-4.978220401810805,0.7769314472252449,919,714,220,0,3.8095238095238093,6.0,714,4769.343491914155,4740.682383514179,28.66110839997593,74.52099206115867,0.0046227022942835665,0.11556755735708917,7.222972334818073e-05,0.40336510133988446,64
BLA-MAPPO,0,25152,392,393,-382.74434728841607,-5.980380426381501,0.790084388185654,948,749,180,0,3.7142857142857144,6.0,749,5171.842014747343,5145.461258187103,26.38075656023935,80.81003148042723,0.005395516673971946,0.13488791684929866,8.430494803081166e-05,0.40278129230860504,64
BLA-MAPPO,0,25216,393,394,-364.1049831524474,-5.689140361756991,0.7838983050847458,944,740,203,0,3.6905405405405407,6.0,740,5264.1496106625455,5238.5704981876515,25.57911247489498,82.25233766660227,0.00515884336065123,0.12897108401628074,8.060692751017547e-05,0.4023674973659138,64
BLA-MAPPO,0,25280,394,395,-447.3724003866722,-6.990193756041753,0.783,1000,783,216,0,3.6462324393358876,6.0,783,5864.450270544901,5837.172023029692,27.278247515209248,91.63203547726408,0.006082082497943215,0.15205206244858038,9.503253903036274e-05,0.4027359472695442,64
BLA-MAPPO,0,25344,395,396,-325.9963348215076,-5.0936927315860565,0.7816683831101957,971,759,214,0,3.7997364953886694,6.0,759,5027.272979011457,4999.099014024094,28.17396498736423,78.55114029705402,0.004812705831634732,0.1203176457908683,7.519852861929269e-05,0.4036484186944951,64
BLA-MAPPO,0,25408,396,397,-424.4913741676802,-6.632677721370003,0.7601184600197434,1013,770,242,0,3.942857142857143,6.0,770,6095.361306257799,6064.3861165318,30.975189726003258,95.2400204102781,0.005789816805104167,0.14474542012760416,9.046588757975261e-05,0.4065278064292217,64
BLA-MAPPO,0,25472,397,398,-366.06384882534365,-5.719747637895995,0.8120950323974082,926,752,182,0,3.8351063829787235,6.0,752,5103.415656036194,5075.844376823242,27.571279212949726,79.74086962556554,0.005235933093649028,0.1308983273412257,8.181145458826606e-05,0.40846379534146193,64
BLA-MAPPO,0,25536,398,399,-280.2946114670002,-4.379603304171878,0.7903743315508022,935,739,184,0,3.767253044654939,6.0,739,4982.394266060339,4957.664690170943,24.729575889395708,77.8499104071928,0.004343980504651402,0.10859951261628506,6.787469538517816e-05,0.4098733664242047,64
BLA-MAPPO,0,25600,399,400,-365.42180546508996,-5.709715710392031,0.7879781420765027,915,721,204,0,3.692094313453537,6.0,721,4848.999375007025,4824.607637003671,24.391738003354845,75.76561523448477,0.005127965647301453,0.1281991411825363,8.01244632390852e-05,0.4108476917772258,64
BLA-MAPPO,0,25664,400,401,-459.85709646815997,-7.1852671323149995,0.7838137472283814,902,707,201,0,3.6577086280056577,6.0,707,5993.693490594714,5969.517477066526,24.176013528191607,93.6514607905424,0.00604039203674002,0.1510098009185005,9.438112557406282e-05,0.4113262263130334,64
BLA-MAPPO,0,25728,401,402,-437.99620513234646,-6.8436907051929134,0.7881981032665965,949,748,201,0,3.6510695187165774,6.0,748,5746.795631471142,5720.515086222958,26.280545248184477,89.79368174173659,0.005921121572893153,0.14802803932232883,9.251752457645551e-05,0.41134592661218633,64
BLA-MAPPO,0,25792,402,403,-362.4885585097047,-5.663883726714136,0.7690721649484537,970,746,217,0,3.82171581769437,6.0,746,5479.065293110199,5450.9704588524155,28.094834257784637,85.61039520484685,0.005143344079287107,0.12858360198217766,8.036475123886104e-05,0.410718109389832,64
BLA-MAPPO,0,25856,403,404,-307.67576481218487,-4.8074338251903885,0.7695700110253583,907,698,204,0,3.6991404011461317,6.0,698,4939.471157009263,4914.285323357961,25.1858336513018,77.17923682826974,0.004493510985543864,0.1123377746385966,7.021110914912287e-05,0.40992205659092473,64
BLA-MAPPO,0,25920,404,405,-331.69338637657984,-5.18270916213406,0.8023887079261672,921,739,193,0,3.7550744248985115,6.0,739,5486.823318539682,5460.217160687923,26.606157851761687,85.73161435218253,0.0048483793516948944,0.12120948379237236,7.575592737023273e-05,0.40866078978002596,64
BLA-MAPPO,0,25984,405,406,-378.7693028856698,-5.91827035758859,0.7876106194690266,1017,801,200,0,3.84769038701623,6.0,801,5773.3159305614245,5743.413246587695,29.902683973729257,90.20806141502226,0.0054587966514306,0.136469916285765,8.529369767860312e-05,0.4066329318642923,64
BLA-MAPPO,0,26048,406,407,-201.93046446861638,-3.155163507322131,0.7932584269662921,890,706,203,0,3.6841359773371103,6.0,706,4206.750600853459,4180.828518966961,25.922081886496425,65.7304781383353,0.0034605850130981137,0.08651462532745284,5.4071640829658027e-05,0.40434002970760496,64
BLA-MAPPO,0,26112,407,408,-334.149537347295,-5.221086521051484,0.7489270386266095,932,698,210,0,3.822349570200573,6.0,698,4957.642571759745,4929.5676585696565,28.074913190093174,77.46316518374601,0.004754169984687012,0.1188542496171753,7.428390601073457e-05,0.4017438806141769,64
BLA-MAPPO,0,26176,408,409,-430.7924173362227,-6.731131520878479,0.8058252427184466,927,747,206,0,3.7724230254350735,6.0,747,5841.605452360131,5814.861534103736,26.743918256393542,91.27508519312704,0.005842271540018167,0.14605678850045417,9.128549281278386e-05,0.39973441412968447,64
BLA-MAPPO,0,26240,409,410,-268.0210287806781,-4.187828574698095,0.802675585284281,897,720,168,0,3.5305555555555554,6.0,720,5028.228825073487,5005.324951109476,22.903873964010717,78.56607539177324,0.0041956228129951065,0.10489057032487767,6.555660645304854e-05,0.3989457040872024,64
BLA-MAPPO,0,26304,410,411,-326.5722912095223,-5.102692050148786,0.7874449339207048,908,715,194,0,3.646153846153846,6.0,715,5054.226902987715,5029.5798016150875,24.647101372631244,78.97229535918305,0.0047392168205994826,0.11848042051498707,7.405026282186691e-05,0.398430102723655,64
BLA-MAPPO,0,26368,411,412,-304.8951112566052,-4.7639861133844565,0.7516703786191536,898,675,212,0,3.568888888888889,6.0,675,4715.501773048674,4690.034473341558,25.46729970711708,73.67971520388554,0.004403658299247716,0.11009145748119291,6.880716092574557e-05,0.39727369232951554,64
BLA-MAPPO,0,26432,412,413,-276.01840739989586,-4.312787615623373,0.8,920,736,194,0,3.739130434782609,6.0,736,4889.49987636171,4863.271739547226,26.22813681448641,76.39843556815173,0.00428190497121977,0.10704762428049425,6.69047651753089e-05,0.39640344439181563,64
BLA-MAPPO,0,26496,413,414,-253.4501075697835,-3.9601579307778674,0.7878103837471784,886,698,185,0,3.7034383954154726,6.0,698,4432.174277405012,4407.263654252486,24.910623152528693,69.25272308445331,0.00397859994175835,0.09946499854395875,6.216562408997422e-05,0.3956273224274187,64
BLA-MAPPO,0,26560,414,415,-348.6434313912183,-5.447553615487786,0.8107549120992761,967,784,178,0,3.6645408163265305,6.0,784,5621.061343042892,5594.711598223852,26.349744819037674,87.82908348504519,0.005143758114474296,0.1285939528618574,8.037122053866088e-05,0.3947658863548506,64
BLA-MAPPO,0,26624,415,416,-241.47996931662354,-3.773124520572243,0.7729672650475184,947,732,215,0,3.810109289617486,6.0,732,4940.260392412834,4912.372125155431,27.888267257402482,77.19156863145054,0.0039039723707566545,0.09759930926891636,6.0999568293072726e-05,0.394491600925006,64
BLA-MAPPO,0,26688,416,417,-178.67992391460845,-2.791873811165757,0.7598343685300207,966,734,215,0,3.7724795640326976,6.0,734,4122.064111718637,4093.60628089786,28.457830820777378,64.4072517456037,0.0032794323944047832,0.08198580986011958,5.124113116257474e-05,0.39427595384852354,64
BLA-MAPPO,0,26752,417,418,-290.5253804849344,-4.5394590700771,0.7802313354363828,951,742,233,0,3.881401617250674,6.0,742,5371.382583119975,5341.031148278938,30.351434841036504,83.9278528612496,0.004395819845491295,0.10989549613728236,6.868468508580148e-05,0.3943050146793876,64
BLA-MAPPO,0,26816,418,419,-193.00780005172692,-3.015746875808233,0.7923627684964201,838,664,166,0,3.947289156626506,6.0,664,4514.71131326262,4487.5126666830965,27.198646579524112,70.54236426972844,0.003314847561870674,0.08287118904676684,5.179449315422928e-05,0.39391442819340816,64
BLA-MAPPO,0,26880,419,420,-280.52171504278874,-4.383151797543574,0.7804347826086957,920,718,191,0,4.004178272980502,6.0,718,5525.337117381495,5494.667468852296,30.669648529198575,86.33339245908586,0.00429040204371088,0.107260051092772,6.70375319329825e-05,0.39457374685596647,64
BLA-MAPPO,0,26944,420,421,-205.73060309329753,-3.214540673332774,0.7982456140350878,912,728,199,0,3.78021978021978,6.0,728,4845.9296282293935,4818.5270647058105,27.402563523581723,75.71765044108427,0.003555877144373683,0.08889692860934208,5.5560580380838796e-05,0.39524410131832044,64
BLA-MAPPO,0,27008,421,422,-220.80866361668166,-3.450135369010651,0.7723311546840959,918,709,215,0,3.7404795486600846,6.0,709,4471.9510133618805,4446.744767167582,25.206246194297236,69.87423458377938,0.0036421272397542345,0.09105318099385586,5.6908238121159914e-05,0.3949843077643551,64
BLA-MAPPO,0,27072,422,423,-299.31800362230194,-4.676843806598468,0.7614678899082569,981,747,223,0,3.713520749665328,6.0,747,5905.7410931980285,5878.744342119083,26.996751078944488,92.2772045812192,0.0045081103623802595,0.11270275905950648,7.043922441219156e-05,0.3954413498202932,64
BLA-MAPPO,0,27136,423,424,-216.5109238614985,-3.382983185335914,0.769650655021834,916,705,214,0,3.7333333333333334,6.0,705,5244.6242019667925,5218.4892818932285,26.134920073566022,81.94725315573113,0.0035949359776658394,0.08987339944164599,5.617087465102874e-05,0.39719843436947144,64
BLA-MAPPO,0,27200,424,425,-223.3308581003708,-3.4895446578182936,0.7841880341880342,936,734,206,0,3.7629427792915533,6.0,734,5130.05028087652,5102.530079052146,27.52020182437404,80.15703563869563,0.0037383047999483827,0.09345761999870957,5.841101249919348e-05,0.3980147499819003,64
BLA-MAPPO,0,27264,425,426,-245.61012525119023,-3.8376582070498473,0.7730569948186529,965,746,207,0,3.6769436997319036,6.0,746,5172.7937053202295,5145.520010188805,27.273695131423256,80.82490164562859,0.0039871121882922595,0.09967780470730649,6.229862794206655e-05,0.39984527658698327,64
BLA-MAPPO,0,27328,426,427,-223.99512951930922,-3.4999238987392065,0.7494714587737844,946,709,251,0,3.8307475317348376,6.0,709,4809.9669452263615,4780.4245228999625,29.54242232639743,75.1557335191619,0.003630865365952973,0.09077163414882432,5.67322713430152e-05,0.40149232619674896,64
BLA-MAPPO,0,27392,427,428,-242.68889546604566,-3.7920139916569635,0.7459770114942529,870,649,227,0,3.7550077041602465,6.0,649,4398.945398713785,4372.92220279419,26.023195919595555,68.73352185490289,0.0037020299963181845,0.09255074990795462,5.7844218692471634e-05,0.4018168831725863,64
BLA-MAPPO,0,27456,428,429,-193.86143316926922,-3.0290848932698315,0.7781569965870307,879,684,190,0,3.711988304093567,6.0,684,4410.359008400441,4384.642168011893,25.71684038854906,68.91185950625689,0.003344258073611172,0.0836064518402793,5.225403240017456e-05,0.4017996043087435,64
BLA-MAPPO,0,27520,429,430,-230.74412420679747,-3.6053769407312104,0.7592213114754098,976,741,223,0,3.5155195681511473,6.0,741,5671.458118279029,5644.659225326322,26.798892952707433,88.61653309810983,0.003807872545772358,0.09519681364430896,5.94980085276931e-05,0.4014509854182981,64
BLA-MAPPO,0,27584,430,431,-232.54993717862789,-3.6335927684160607,0.7902330743618202,901,712,203,0,3.5898876404494384,6.0,712,5326.870715970978,5303.435039853281,23.43567611769857,83.23235493704654,0.0037817276725243174,0.09454319181310794,5.908949488319246e-05,0.40129976121825406,64
BLA-MAPPO,0,27648,431,432,-311.404199298008,-4.865690614031375,0.7885416666666667,960,757,180,0,3.571994715984148,6.0,757,5838.76983335673,5812.808027446849,25.96180590987944,91.2307786461989,0.00470459149173885,0.11761478729347126,7.350924205841954e-05,0.40166341618101087,64
BLA-MAPPO,0,27712,432,433,-200.76849042712425,-3.1370076629238164,0.7918015102481122,927,734,213,0,3.608991825613079,6.0,734,5387.89066651622,5362.704468334967,25.186198181253058,84.18579166431594,0.003503660594790418,0.08759151486976045,5.474469679360028e-05,0.40137504660995815,64
BLA-MAPPO,0,27776,433,434,-122.64402189709286,-1.9163128421420759,0.7728285077951003,898,694,197,0,3.664265129682997,6.0,694,3930.7354149774246,3905.41015952356,25.325255453864045,61.41774085902226,0.002647234549632825,0.06618086374082062,4.136303983801289e-05,0.39993274258732187,64
BLA-MAPPO,0,27840,434,435,-224.72255980551097,-3.511289996961109,0.7821350762527233,918,718,197,0,3.7799442896935935,6.0,718,5007.979989081707,4979.258070071757,28.7219190099477,78.24968732940167,0.00372583654903042,0.09314591372576049,5.821619607860031e-05,0.39834379712712514,64
BLA-MAPPO,0,27904,435,436,-237.6403922783987,-3.71313112934998,0.8111111111111111,900,730,177,0,3.7041095890410958,6.0,730,4949.848503659802,4923.1462267254265,26.702276934372556,77.34138286968441,0.003907496911644996,0.09768742279112491,6.105463924445307e-05,0.3962735020981101,64
BLA-MAPPO,0,27968,436,437,-208.61197614140568,-3.2595621272094637,0.774364406779661,944,731,201,0,3.859097127222982,6.0,731,4700.8890865059475,4671.656717855595,29.232368650353155,73.45139197665543,0.003589233759106943,0.08973084397767357,5.608177748604598e-05,0.3932272778549478,64
BLA-MAPPO,0,28032,437,438,-195.86830836162085,-3.0604423181503257,0.818489289740699,887,726,174,0,3.7823691460055096,6.0,726,5209.6182244014535,5182.881221746967,26.737002654487508,81.40028475627271,0.0034836116895255553,0.08709029223813888,5.44314326488368e-05,0.39094009303726285,64
BLA-MAPPO,0,28096,438,439,-221.31929212068843,-3.4581139393857567,0.749727965179543,919,689,228,0,3.734397677793904,6.0,689,5046.658645187821,5018.816200099348,27.842445088474733,78.8540413310597,0.0035845149274963736,0.08961287318740933,5.600804574213084e-05,0.39005301671770026,64
BLA-MAPPO,0,28160,439,440,-243.20448792360878,-3.800070123806387,0.7796610169491526,944,736,201,0,3.785326086956522,6.0,736,5377.672227647522,5350.0672980651225,27.604929582398835,84.02612855699253,0.003948737920253911,0.09871844800634778,6.169903000396736e-05,0.38931783718646884,64
BLA-MAPPO,0,28224,440,441,-216.84021529634683,-3.388128364005419,0.7607555089192025,953,725,225,0,3.595862068965517,6.0,725,4901.840054292128,4874.2270917032,27.61296258892828,76.5912508483145,0.0036289162860185867,0.09072290715046466,5.670181696904042e-05,0.38814719108673135,64
BLA-MAPPO,0,28288,441,442,-283.2174567993694,-4.425272762490147,0.8118918918918919,925,751,196,0,3.762982689747004,6.0,751,5692.492465707634,5664.33769365325,28.15477205438062,88.94519477668179,0.004390406748898664,0.10976016872246659,6.860010545154162e-05,0.3874905486180847,64
BLA-MAPPO,0,28352,442,443,-241.0733599177775,-3.7667712487152736,0.7681818181818182,880,676,204,0,3.633136094674556,6.0,676,4652.604596377115,4627.0001426684685,25.604453708646727,72.69694681839242,0.00377916414443866,0.0944791036109665,5.904943975685406e-05,0.3878481033154639,64
BLA-MAPPO,0,28416,443,444,-336.7881095398453,-5.262314211560083,0.7580813347236705,959,727,218,0,3.7551581843191197,6.0,727,6329.067388340116,6299.403901669145,29.663486670967995,98.89167794281431,0.004842226240430543,0.12105565601076358,7.565978500672724e-05,0.3884703926345679,64
BLA-MAPPO,0,28480,444,445,-206.3174774023917,-3.22371058441237,0.7872582480091013,879,692,197,0,3.913294797687861,6.0,692,4712.632103155199,4683.807361585889,28.824741569307538,73.63487661179998,0.0034791529128169077,0.08697882282042269,5.436176426276418e-05,0.3881900439174998,64
BLA-MAPPO,0,28544,445,446,-326.68938028651917,-5.104521566976862,0.791889007470651,937,742,190,0,3.8315363881401616,6.0,742,6099.042194315561,6070.689562790121,28.35263152543837,95.29753428618064,0.0048095702931174765,0.12023925732793692,7.514953582996057e-05,0.3886649322230207,64
BLA-MAPPO,0,28608,446,447,-254.1686034152389,-3.9713844283631077,0.7535441657579062,917,691,218,0,3.7858176555716354,6.0,691,5322.489092282139,5294.630026519486,27.859065762655632,83.16389206690842,0.003930252658798157,0.09825631646995392,6.14101977937212e-05,0.3903071440044032,64
BLA-MAPPO,0,28672,447,448,-200.03516207812044,-3.125549407470632,0.7753456221198156,868,673,201,0,3.9197622585438334,6.0,673,4445.917966372651,4417.522866417906,28.39509995474445,69.46746822457267,0.003370074561919835,0.08425186404799588,5.2657415029997424e-05,0.3925105002261764,64
BLA-MAPPO,0,28736,448,449,-255.38650677725235,-3.990414168394568,0.7548179871520343,934,705,233,0,3.729078014184397,6.0,705,5012.539921914383,4985.334287755317,27.205634159062946,78.32093627991223,0.0039559480659723855,0.09889870164930964,6.181168853081852e-05,0.3936094067588158,64
BLA-MAPPO,0,28800,449,450,-257.02238668929033,-4.015974792020161,0.7569296375266524,938,710,218,0,3.7014084507042253,6.0,710,5090.535503327058,5062.414488562669,28.12101476438738,79.53961723948528,0.004004084905454031,0.10010212263635078,6.256382664771923e-05,0.39511294488102633,64
BLA-MAPPO,0,28864,450,451,-314.3332618469561,-4.911457216358689,0.7823834196891192,965,755,217,0,3.7072847682119203,6.0,755,5431.335145987942,5403.70113189168,27.634014096259975,84.8646116560616,0.0046847976449296645,0.11711994112324162,7.319996320202601e-05,0.39572037748178995,64
BLA-MAPPO,0,28928,451,452,-351.5080856024226,-5.4923138375378535,0.8170731707317073,902,737,173,0,3.724559023066486,6.0,737,5234.652498448124,5208.505435952628,26.147062495493365,81.79144528825194,0.005064174285489481,0.12660435713723703,7.912772321077315e-05,0.39612107648254136,64
BLA-MAPPO,0,28992,452,453,-308.90569692745146,-4.826651514491429,0.7484909456740443,994,744,246,0,3.9059139784946235,6.0,744,5136.244608256983,5105.565391746222,30.679216510759755,80.25382200401536,0.00456836137253354,0.11420903431333851,7.138064644583657e-05,0.3973832631065564,64
BLA-MAPPO,0,29056,453,454,-326.23816966808954,-5.097471401063899,0.798219584569733,1011,807,202,0,3.858736059479554,6.0,807,5517.493457954438,5487.641770188284,29.85168776615213,86.21083528053809,0.004945190567229424,0.12362976418073561,7.726860261295976e-05,0.3991922386319716,64
BLA-MAPPO,0,29120,454,455,-361.67536550493105,-5.651177586014548,0.7750759878419453,987,765,215,0,3.700653594771242,6.0,765,5692.795961871853,5663.136445036977,29.659516834872733,88.9499369042477,0.005182344326832268,0.1295586081708067,8.097413010675419e-05,0.4004771757706084,64
BLA-MAPPO,0,29184,455,456,-352.3272459254621,-5.505113217585345,0.7914937759336099,964,763,208,0,3.7549148099606815,6.0,763,5744.482927849486,5715.595275092912,28.88765275657535,89.75754574764822,0.005092414332270671,0.12731035830676676,7.956897394172923e-05,0.4014721661049955,64
BLA-MAPPO,0,29248,456,457,-304.7964029342088,-4.7624437958470125,0.7770632368703109,933,725,208,0,3.823448275862069,6.0,725,5248.069578389858,5219.414147042823,28.655431347033918,82.00108716234153,0.004528290966927072,0.1132072741731768,7.07545463582355e-05,0.40238981650569655,64
BLA-MAPPO,0,29312,457,458,-200.71102097919788,-3.136109702799967,0.778751369112815,913,711,198,0,3.852320675105485,6.0,711,4514.472133004437,4486.206785693063,28.265347311375088,70.53862707819432,0.0034654334809960732,0.08663583702490182,5.4147398140563644e-05,0.4023473918285963,64
BLA-MAPPO,0,29376,458,459,-325.6748658602206,-5.088669779065947,0.7817982456140351,912,713,210,0,3.7419354838709675,6.0,713,5414.396099741104,5386.5308234318645,27.865276309241153,84.59993905845475,0.004706765287657115,0.11766913219142788,7.354320761964242e-05,0.4036113479084683,64
BLA-MAPPO,0,29440,459,460,-208.9298957406637,-3.2645296209478705,0.7777777777777778,927,721,184,0,3.7434119278779474,6.0,721,5171.234379855665,5143.972949800535,27.26143005512903,80.80053718524476,0.0035905526376161833,0.08976381594040458,5.6102384962752864e-05,0.40572336290102756,64
BLA-MAPPO,0,29504,460,461,-266.6649858804668,-4.166640404382294,0.7692307692307693,923,710,221,0,3.76056338028169,6.0,710,4711.278259643732,4684.471290894999,26.806968748733375,73.61372280693331,0.004095066297886396,0.10237665744715989,6.398541090447493e-05,0.4080162623749789,64
BLA-MAPPO,0,29568,461,462,-267.0323480400774,-4.1723804381262095,0.7527839643652561,898,676,212,0,3.8594674556213016,6.0,676,4667.431756555152,4639.598787327797,27.832969227358745,72.92862119617425,0.004027721868157785,0.10069304670394462,6.293315418996539e-05,0.40885999860637046,64
BLA-MAPPO,0,29632,462,463,-287.8820941036736,-4.4981577203699,0.75,956,717,247,0,3.8437935843793585,6.0,717,5513.80661632418,5484.804986672634,29.001629651546036,86.15322838006531,0.004291459982545063,0.10728649956362657,6.70540622272666e-05,0.4101062973270042,64
BLA-MAPPO,0,29696,463,464,-248.14956502890377,-3.8773369535766213,0.7720042417815483,943,728,208,0,3.8035714285714284,6.0,728,4902.169754009836,4874.447152555429,27.722601454410164,76.59640240640368,0.003969295479891679,0.09923238699729196,6.202024187330748e-05,0.4105810233015293,64
BLA-MAPPO,0,29760,464,465,-390.9739836875565,-6.10896849511807,0.7856365614798694,919,722,207,0,3.8088642659279777,6.0,722,5564.64143009398,5536.44701180197,28.19441829200782,86.94752234521843,0.005383337528295974,0.13458343820739935,8.41146488796246e-05,0.41123442661448983,64
BLA-MAPPO,0,29824,465,466,-274.6274937914201,-4.291054590490939,0.7488888888888889,900,674,237,0,3.879821958456973,6.0,674,4384.974620292717,4357.990626939291,26.983993353428037,68.5152284420737,0.00406857072140446,0.10171426803511151,6.357141752194469e-05,0.41051089627905024,64
BLA-MAPPO,0,29888,466,467,-307.0295897079201,-4.797337339186251,0.7567849686847599,958,725,230,0,3.926896551724138,6.0,725,5378.063360363245,5347.9329318528125,30.13042851043176,84.0322400056757,0.004522924735147021,0.11307311837867552,7.06706989866722e-05,0.4098810862422642,64
BLA-MAPPO,0,29952,467,468,-277.141959467137,-4.330343116674015,0.743940990516333,949,706,226,0,3.8838526912181304,6.0,706,4904.419152183018,4873.637558672085,30.78159351093587,76.63154925285966,0.004183775543254594,0.10459438858136484,6.537149286335303e-05,0.4091869425584469,64
BLA-MAPPO,0,30016,468,469,-280.6682581030909,-4.385441532860796,0.7623862487360971,989,754,232,0,3.763925729442971,6.0,754,5295.8128478189465,5265.590708864499,30.222138954445857,82.74707574717104,0.004327077103613347,0.10817692759033369,6.761057974395855e-05,0.40817971678799103,64
BLA-MAPPO,0,30080,469,470,-260.55420431819016,-4.071159442471721,0.7701793721973094,892,687,209,0,3.695778748180495,6.0,687,4571.255781116762,4545.359127750132,25.896653366630442,71.4258715799494,0.003994437900908062,0.09986094752270154,6.241309220168846e-05,0.4075628248135367,64
BLA-MAPPO,0,30144,470,471,-230.41575085558216,-3.6002461071184713,0.7827510917030568,916,717,208,0,3.920502092050209,6.0,717,4895.037883142018,4865.396029599051,29.641853542964952,76.48496692409402,0.0037645998827142086,0.09411499706785521,5.882187316740951e-05,0.4068464417234576,64
BLA-MAPPO,0,30208,471,472,-343.9718544776101,-5.374560226212658,0.7574819401444789,969,734,237,0,3.7752043596730247,6.0,734,5582.461318667651,5553.057626493272,29.403692174375006,87.22595810418204,0.0049049891172316265,0.12262472793079067,7.664045495674416e-05,0.40632887380378946,64
BLA-MAPPO,0,30272,472,473,-261.58202848842063,-4.087219195131572,0.7635782747603834,939,717,220,0,3.7615062761506275,6.0,717,4964.034572735103,4935.044761677929,28.989811057171845,77.56304019898599,0.004062954710646205,0.10157386776615512,6.348366735384695e-05,0.40618437948949254,64
BLA-MAPPO,0,30336,473,474,-338.65362293125884,-5.291462858300919,0.7790432801822323,878,684,201,0,3.7865497076023393,6.0,684,5103.131746513404,5075.776628799963,27.355117713440176,79.73643353927194,0.004777487724657901,0.11943719311644753,7.46482456977797e-05,0.4063872844381392,64
BLA-MAPPO,0,30400,474,475,-288.1925121183416,-4.5030080018490874,0.7357065803667745,927,682,236,0,3.774193548387097,6.0,682,4536.554830255272,4509.1523424216275,27.40248783364279,70.88366922273862,0.004223889633746804,0.1055972408436701,6.599827552729381e-05,0.40640259663718237,64
BLA-MAPPO,0,30464,475,476,-211.86513444347207,-3.310392725679251,0.7327293318233296,883,647,233,0,3.893353941267388,6.0,647,4430.083294210223,4401.128643813598,28.95465039662707,69.22005147203474,0.00338220309940883,0.08455507748522074,5.284692342826297e-05,0.4057892815405548,64
BLA-MAPPO,0,30528,476,477,-223.37209478689113,-3.490188981045174,0.7319819819819819,888,650,255,0,3.8846153846153846,6.0,650,3972.002424463161,3944.170689519354,27.831734943806214,62.06253788223689,0.003477956139042432,0.0869489034760608,5.4343064672538e-05,0.4056219742960162,64
BLA-MAPPO,0,30592,477,478,-351.0859938609726,-5.485718654077697,0.7551724137931034,870,657,211,0,3.878234398782344,6.0,657,4799.417583115709,4770.848490566473,28.569092549238466,74.99089973618295,0.004823797562233069,0.12059493905582672,7.53718369098917e-05,0.4053626500496549,64
BLA-MAPPO,0,30656,478,479,-300.7114035927308,-4.698615681136419,0.7388059701492538,938,693,221,0,3.95959595959596,6.0,693,4708.85466183045,4678.50169563653,30.35296619392053,73.57585409110078,0.004394073988399177,0.10985184970997942,6.865740606873714e-05,0.40640167988021103,64
BLA-MAPPO,0,30720,479,480,-288.32331920818973,-4.5050518626279645,0.7546754675467546,909,686,238,0,4.103498542274052,6.0,686,4418.42297784205,4387.496808994931,30.926168847119502,69.03785902878204,0.004231218187773194,0.10578045469432984,6.611278418395615e-05,0.4092617215600777,64
BLA-MAPPO,0,30784,480,481,-361.10357732121065,-5.642243395643916,0.7343915343915344,945,694,248,0,3.994236311239193,6.0,694,5035.835238948963,5005.043449843455,30.791789105509928,78.68492560857754,0.004967068651966979,0.12417671629917448,7.761044768698405e-05,0.4124176136547677,64
BLA-MAPPO,0,30848,481,482,-274.5539517411313,-4.289905495955177,0.7528473804100227,878,661,222,0,4.016641452344932,6.0,661,4226.064594434798,4196.231369500183,29.833224934614545,66.03225928804372,0.004056398099423328,0.10140995248558321,6.33812203034895e-05,0.41434468605646435,64
BLA-MAPPO,0,30912,482,483,-281.88522460996603,-4.404456634530719,0.7557251908396947,917,693,227,0,3.873015873015873,6.0,693,4731.310261115492,4702.222391219903,29.08786989559,73.92672282992956,0.004199621124120948,0.10499052810302369,6.56190800643898e-05,0.41540450735178436,64
BLA-MAPPO,0,30976,483,484,-245.66420358707862,-3.8385031810481034,0.7387486278814489,911,673,235,0,3.973254086181278,6.0,673,3904.939932935896,3875.4076571601886,29.532275775707312,61.01468645212338,0.003779356425615314,0.09448391064038285,5.905244415023928e-05,0.41568069391363693,64
BLA-MAPPO,0,31040,484,485,-247.50512460387296,-3.867267571935515,0.7108953613807982,927,659,252,0,3.974203338391502,6.0,659,4531.452218992884,4501.5074687625975,29.94475023028642,70.80394092176381,0.003742799101720003,0.09356997754300007,5.8481235964375045e-05,0.4156487416606589,64
BLA-MAPPO,0,31104,485,486,-247.82778282899616,-3.872309106703065,0.7678369195922989,883,678,225,0,3.9292035398230087,6.0,678,4302.561372112055,4274.697863750297,27.863508361757813,67.22752143925086,0.0038257191941298506,0.09564297985324627,5.9776862408278916e-05,0.41506009902432917,64
BLA-MAPPO,0,31168,486,487,-322.9403328000907,-5.045942700001417,0.7565118912797282,883,668,223,0,3.9760479041916166,6.0,668,5072.041205941759,5044.154877895317,27.88632804644319,79.25064384283998,0.0045529433960440424,0.11382358490110106,7.113974056318816e-05,0.4136102230631301,64
BLA-MAPPO,0,31232,487,488,-347.85850804695804,-5.435289188233719,0.7570680628272252,955,723,214,0,3.759336099585062,6.0,723,5525.6247349713385,5496.2057969832595,29.41893798807775,86.33788648392716,0.004945206755798772,0.1236301688949693,7.726885555935582e-05,0.4123297828750668,64
BLA-MAPPO,0,31296,488,489,-211.01319178747,-3.2970811216792186,0.757948717948718,975,739,228,0,3.9364005412719894,6.0,739,4958.640986357519,4928.020653027437,30.620333330079088,77.47876541183624,0.003600311170429926,0.09000777926074816,5.625486203796759e-05,0.410874119008257,64
BLA-MAPPO,0,31360,489,490,-321.92870016099073,-5.03013594001548,0.7464788732394366,994,742,260,0,4.070080862533692,6.0,742,5510.619264267825,5477.093100057481,33.52616421034401,86.10342600418477,0.004678030859041155,0.11695077147602886,7.309423217251804e-05,0.40913502260688805,64
BLA-MAPPO,0,31424,490,491,-250.0379552360145,-3.9068430505627267,0.7746478873239436,923,715,215,0,4.061538461538461,6.0,715,4590.825975540355,4559.454289943354,31.37168559699927,71.73165586781805,0.003947701500488501,0.09869253751221252,6.168283594513283e-05,0.40656640740385364,64
BLA-MAPPO,0,31488,491,492,-204.50506713670822,-3.195391674011066,0.7530186608122942,911,686,228,0,4.084548104956268,6.0,686,4169.827236987402,4139.443414976295,30.38382201110922,65.15355057792816,0.0034086686895258857,0.08521671723814714,5.3260448273841964e-05,0.40427215018850327,64
BLA-MAPPO,0,31552,492,493,-223.61435952500068,-3.4939743675781356,0.7412882787750792,947,702,232,0,3.9914529914529915,6.0,702,4724.794895091752,4694.2195982258345,30.57529686591892,73.82492023580862,0.0036326170351422193,0.09081542587855548,5.675964117409718e-05,0.4019525495873804,64
BLA-MAPPO,0,31616,493,494,-227.96815168707684,-3.5620023701105756,0.726215644820296,946,687,262,0,3.928675400291121,6.0,687,4657.845749821032,4627.083649560418,30.76210026061552,72.77883984095362,0.003604758576425218,0.09011896441063044,5.632435275664403e-05,0.3997700980350275,64
BLA-MAPPO,0,31680,494,495,-179.6819693672283,-2.8075307713629423,0.7464635473340587,919,686,227,0,4.103498542274052,6.0,686,4401.40711451254,4370.170995270599,31.236119241940766,68.77198616425844,0.003160865470679919,0.07902163676699799,4.938852297937374e-05,0.3979426256243609,64
BLA-MAPPO,0,31744,495,496,-244.98412684320198,-3.827876981925031,0.7831449126413155,973,762,217,0,4.165354330708661,6.0,762,4992.319371783978,4958.496884321862,33.82248746211501,78.00499018412465,0.0040082844486316405,0.10020711121579101,6.262944450986938e-05,0.3978240476772929,64
BLA-MAPPO,0,31808,496,497,-218.36248139886925,-3.411913771857332,0.7536842105263157,950,716,234,0,3.9441340782122905,6.0,716,4494.11774082146,4463.08932943424,31.028411387220487,70.22058970033531,0.0036111550122683777,0.09027887530670944,5.64242970666934e-05,0.3973150346179689,64
BLA-MAPPO,0,31872,497,498,-254.1140261113926,-3.9705316579905094,0.7574511819116135,973,737,226,0,4.032564450474898,6.0,737,4973.475852147635,4941.292150547644,32.18370159999275,77.7105601898068,0.004028638627262327,0.10071596568155819,6.294747855097386e-05,0.3968684558119499,64
BLA-MAPPO,0,31936,498,499,-132.50432979031177,-2.0703801529736214,0.7813578826237054,869,679,211,0,3.893961708394698,6.0,679,3820.7776517570737,3792.6453823948136,28.132269362259347,59.69965080870428,0.0026914177460674294,0.06728544365168573,4.2053402282303584e-05,0.3953353363957831,64
BLA-MAPPO,0,32000,499,500,-261.9537575970153,-4.093027462453364,0.7370030581039755,981,723,249,0,3.863070539419087,6.0,723,5222.839851732477,5192.121562736564,30.718288995913788,81.60687268331995,0.004045585710638668,0.1011396427659667,6.321227672872918e-05,0.39388802784788624,64
MAPPO,0,64,0,1,-126.03101428178512,-1.9692345981528925,0.7491712707182321,905,678,176,0,3.6002949852507373,6.0,678,4666.937999003589,4642.672397093254,24.265601910332364,72.92090623443107,0.002671483712430718,0.06678709281076795,4.1741933006729966e-05,0.3602695504006264,64
MAPPO,0,128,1,2,-165.74967046864023,-2.5898386010725036,0.7897545357524013,937,740,198,0,3.6,6.0,740,5495.134453538852,5469.372261304223,25.762192234627733,85.86147583654456,0.0031895769052876295,0.07973942263219073,4.983713914511921e-05,0.35808728461545597,64
MAPPO,0,192,2,3,-113.90066566933211,-1.7796979010833143,0.7874564459930313,861,678,179,0,3.8451327433628317,6.0,678,4428.37161367604,4402.983571895161,25.388041780878787,69.19330646368813,0.0025447503743281853,0.06361875935820463,3.9761724598877896e-05,0.3557776886148421,64
MAPPO,0,256,3,4,-186.47189828382707,-2.913623410684798,0.7980456026058632,921,735,180,0,3.6775510204081634,6.0,735,5870.744688658784,5846.136054190008,24.608634468776483,91.7303857602935,0.0034053734460377377,0.08513433615094344,5.320896009433965e-05,0.35320443301416476,64
MAPPO,0,320,4,5,-121.21595123447592,-1.8939992380386863,0.8215488215488216,891,732,168,0,3.6598360655737703,6.0,732,4812.093765531535,4787.297283726628,24.79648180490495,75.18896508643023,0.0027612714572553564,0.06903178643138391,4.3144866519614944e-05,0.3511483180122718,64
MAPPO,0,384,5,6,-131.62690946243956,-2.056670460350618,0.8065984072810012,879,709,175,0,3.7376586741889986,6.0,709,4998.280378340575,4973.70863610402,24.57174223655646,78.09813091157149,0.0028021382211578026,0.07005345552894507,4.3783409705590666e-05,0.34918933429128507,64
MAPPO,0,448,6,7,-155.59522349675694,-2.4311753671368272,0.781183932346723,946,739,200,0,3.8592692828146142,6.0,739,5416.443950726196,5388.787421938436,27.6565287877622,84.63193673009681,0.0030837341299375562,0.07709335324843891,4.8183345780274316e-05,0.3483916324753841,64
MAPPO,0,512,7,8,-141.2060341354022,-2.2063442833656595,0.7813238770685579,846,661,194,0,3.81089258698941,6.0,661,4703.941776846409,4679.007292713454,24.934484132954935,73.49909026322514,0.0027596992112698185,0.06899248028174546,4.3120300176090914e-05,0.347524077420852,64
MAPPO,0,576,8,9,-218.79303580389376,-3.41864118443584,0.7924944812362031,906,718,190,0,3.7743732590529246,6.0,718,5678.500541977599,5650.905148855796,27.595393121805376,88.72657096839998,0.0036754903534776183,0.09188725883694046,5.7429536773087786e-05,0.3494985859023082,64
MAPPO,0,640,9,10,-214.4867679912017,-3.3513557498625266,0.7675438596491229,912,700,212,0,3.7,6.0,700,5544.784617612541,5519.394769361234,25.389848251307658,86.63725965019596,0.003562244453017475,0.08905611132543688,5.566006957839805e-05,0.35273002921747615,64
MAPPO,0,704,10,11,-210.4247660515772,-3.2878869695558937,0.776431718061674,908,705,189,0,3.652482269503546,6.0,705,5179.084202199144,5153.7388035948325,25.345398604312106,80.92319065936162,0.0035612818146872603,0.08903204536718151,5.564502835448844e-05,0.35700532301571863,64
MAPPO,0,768,11,12,-219.95190409486975,-3.43674850148234,0.8066666666666666,900,726,180,0,3.7327823691460056,6.0,726,5347.732069159781,5321.761593541893,25.97047561788989,83.55831358062157,0.0037197885791624913,0.09299471447906228,5.812169654941393e-05,0.36133458652750516,64
MAPPO,0,832,12,13,-202.60853513939634,-3.165758361553068,0.7691477885652643,927,713,218,0,3.635343618513324,6.0,713,5288.756195858564,5262.838931378497,25.917264480064176,82.63681556029006,0.0034671711199090608,0.08667927799772653,5.4174548748579075e-05,0.3651703068520801,64
MAPPO,0,896,13,14,-316.33563496988023,-4.942744296404379,0.8167701863354038,966,789,180,0,3.70595690747782,6.0,789,6621.53709900559,6592.994745326709,28.54235367888209,103.46151717196234,0.004832930114368222,0.12082325285920556,7.551453303700347e-05,0.3707567674109565,64
MAPPO,0,960,14,15,-261.8554325385825,-4.091491133415351,0.8100858369098712,932,755,186,0,3.5271523178807946,6.0,755,5205.717181354556,5182.153277129139,23.56390422541526,81.33933095866493,0.004197717108535641,0.10494292771339102,6.558932982086939e-05,0.3769415246562039,64
MAPPO,0,1024,15,16,-371.157850177403,-5.799341409021922,0.8126984126984127,945,768,159,0,3.4388020833333335,6.0,768,6417.151393105582,6394.895839357697,22.255553747886694,100.26799051727473,0.005355118476090503,0.13387796190226256,8.36737261889141e-05,0.3825686118088185,64
MAPPO,0,1088,16,17,-411.92447546589005,-6.436319929154532,0.8244897959183674,980,808,164,0,3.4368811881188117,6.0,808,6926.968361079035,6903.775889656485,23.192471422551833,108.23388064185993,0.00585057547940926,0.1462643869852315,9.141524186576969e-05,0.3879168742939221,64
MAPPO,0,1152,17,18,-437.83720131850515,-6.841206270601643,0.8089519650655022,916,741,188,0,3.4723346828609984,6.0,741,6294.84357022863,6270.553801464121,24.28976876450875,98.35693078482234,0.005922076041272753,0.1480519010318188,9.253243814488676e-05,0.39266803370262404,64
MAPPO,0,1216,18,19,-276.132114815909,-4.314564293998578,0.8013100436681223,916,734,192,0,3.7016348773841963,6.0,734,4932.864848396144,4906.396818210296,26.468030185849386,77.07601325618975,0.00428385932649751,0.10709648316243774,6.693530197652359e-05,0.3964093611538464,64
MAPPO,0,1280,19,20,-341.6990351380479,-5.339047424031999,0.7929515418502202,908,720,179,0,3.7180555555555554,6.0,720,5724.098496678989,5697.922671754547,26.175824924442885,89.4390390106092,0.004918884270639889,0.12297210676599722,7.685756672874827e-05,0.39980771111069646,64
MAPPO,0,1344,20,21,-239.40208407900082,-3.7406575637343877,0.778969957081545,932,726,207,0,3.902203856749311,6.0,726,4790.403178643969,4762.726568139736,27.676610504234567,74.85004966631202,0.0038790699459154004,0.09697674864788501,6.061046790492813e-05,0.4042006749371263,64
MAPPO,0,1408,21,22,-410.9345951030643,-6.420853048485379,0.7692307692307693,975,750,220,0,3.7626666666666666,6.0,750,6178.259579081805,6149.111936655757,29.14764242604825,96.5353059231532,0.005632362835930965,0.14080907089827413,8.800566931142133e-05,0.4084505097881652,64
MAPPO,0,1472,22,23,-438.572894919389,-6.852701483115453,0.7812840043525572,919,718,200,0,3.6908077994428967,6.0,718,5866.5861974730515,5838.919637215396,27.66656025765698,91.66540933551643,0.005856560881252664,0.1464140220313166,9.150876376957287e-05,0.4122902911378219,64
MAPPO,0,1536,23,24,-372.5298030182556,-5.820778172160244,0.7744360902255639,931,721,199,0,3.8169209431345354,6.0,721,5232.002404087449,5205.065335234144,26.93706885330454,81.75003756386639,0.005206675987548638,0.13016689968871595,8.135431230544747e-05,0.4151155520333082,64
MAPPO,0,1600,24,25,-431.53473066563066,-6.742730166650479,0.7852564102564102,936,735,216,0,3.8122448979591836,6.0,735,5485.295436435374,5457.3897340908825,27.90570234449037,85.70774119430271,0.005807561463959126,0.14518903659897814,9.074314787436134e-05,0.4173460385398745,64
MAPPO,0,1664,25,26,-332.12546082036175,-5.189460325318152,0.7887323943661971,923,728,183,0,3.717032967032967,6.0,728,4942.103434950103,4915.323996091064,26.77943885904204,77.22036617109536,0.004838314674290643,0.12095786685726607,7.55986667857913e-05,0.41952108747655853,64
MAPPO,0,1728,26,27,-374.04822606935693,-5.844503532333702,0.7790575916230367,955,744,211,0,3.5954301075268815,6.0,744,5775.467183470695,5749.087090356513,26.38009311418218,90.24167474172961,0.005263755068655146,0.13159387671637865,8.224617294773666e-05,0.42225532107606933,64
MAPPO,0,1792,27,28,-290.80160963032796,-4.543775150473874,0.7890710382513662,915,722,196,0,3.9709141274238227,6.0,722,5086.963962333506,5057.61357163865,29.35039069485867,79.48381191146103,0.004393985169845176,0.1098496292461294,6.865601827883087e-05,0.42520387563754025,64
MAPPO,0,1856,28,29,-301.83449281635393,-4.71616395025553,0.7760084925690022,942,731,217,0,3.9384404924760603,6.0,731,5290.434384166328,5261.43649876238,28.997885403947542,82.66303725259887,0.004502520695463532,0.11256301738658829,7.035188586661768e-05,0.42749764449112776,64
MAPPO,0,1920,29,30,-298.0665124995707,-4.657289257805792,0.7892425905598244,911,719,200,0,3.72461752433936,6.0,719,5168.927825043729,5143.047631971878,25.880193071852066,80.76449726630827,0.004455817857214353,0.11139544643035883,6.962215401897427e-05,0.4293490137888699,64
MAPPO,0,1984,30,31,-371.76413460983366,-5.808814603278651,0.7664804469273743,895,686,195,0,3.7667638483965016,6.0,686,5036.330770240019,5011.202293921058,25.128476318962914,78.6926682850003,0.005118353921146803,0.12795884802867008,7.99742800179188e-05,0.43115071047091846,64
MAPPO,0,2048,31,32,-422.6364341072312,-6.603694282925487,0.78125,928,725,214,0,3.708965517241379,6.0,725,5688.826617519216,5662.617829056664,26.208788462551357,88.88791589873775,0.005699567831994491,0.14248919579986227,8.905574737491392e-05,0.4335951661426739,64
MAPPO,0,2112,32,33,-435.5088504808767,-6.804825788763698,0.7841880341880342,936,734,196,0,3.7561307901907357,6.0,734,5982.599570114797,5955.44059695457,27.15897316022484,93.4781182830437,0.005870189909028899,0.14675474772572247,9.172171732857654e-05,0.43543119011330045,64
MAPPO,0,2176,33,34,-360.78973320905783,-5.637339581391529,0.7541528239202658,903,681,215,0,3.6372980910425845,6.0,681,4735.950124300777,4711.480661503059,24.46946279771814,73.99922069219964,0.004972108048866322,0.12430270122165804,7.768918826353628e-05,0.43685153560832973,64
MAPPO,0,2240,34,35,-384.0828074694214,-6.00129386670971,0.7664864864864865,925,709,212,0,3.8307475317348376,6.0,709,5319.761864222736,5291.627130754255,28.134733468482292,83.12127912848025,0.005276882743073825,0.13192206857684563,8.245129286052851e-05,0.4377314319702838,64
MAPPO,0,2304,35,36,-482.483540004273,-7.538805312566765,0.7850267379679144,935,734,214,0,3.7670299727520438,6.0,734,6269.383603463488,6242.39484131836,26.988762145129336,97.959118804117,0.0063174250644243085,0.15793562661060773,9.870976663162982e-05,0.438511159443283,64
MAPPO,0,2368,36,37,-411.5851119537539,-6.431017374277404,0.7653575025176234,993,760,229,0,3.6710526315789473,6.0,760,5320.1396022238205,5292.993682165227,27.14592005859441,83.1271812847472,0.005651166327934687,0.14127915819836717,8.829947387397949e-05,0.4397204457988505,64
MAPPO,0,2432,37,38,-497.99610522882614,-7.781189144200408,0.8085339168490153,914,739,187,0,3.719891745602165,6.0,739,6309.022315823043,6283.124173393899,25.898142429142784,98.57847368473504,0.006520400633654734,0.16301001584136834,0.00010188125990085521,0.44143423575499946,64
MAPPO,0,2496,38,39,-423.0750163983298,-6.610547131223903,0.7795637198622273,871,679,190,0,3.56259204712813,6.0,679,5509.803203700406,5486.857471964246,22.945731736159058,86.09067505781884,0.005619399454008079,0.14048498635020198,8.780311646887624e-05,0.44230046093574504,64
MAPPO,0,2560,39,40,-431.54682638034615,-6.7429191621929085,0.7796432318992654,953,743,192,0,3.620457604306864,6.0,743,5770.477609597081,5745.989676937793,24.487932659287317,90.16371264995439,0.005855416317817321,0.146385407945433,9.149087996589564e-05,0.44302107432318594,64
MAPPO,0,2624,40,41,-653.8576824409408,-10.2165262881397,0.8138297872340425,940,765,176,0,3.6601307189542482,6.0,765,6787.763508420502,6762.3326762951865,25.430832125317195,106.05880481907035,0.008150379987638564,0.2037594996909641,0.00012734968730685256,0.44346759253415446,64
MAPPO,0,2688,41,42,-287.1029517385312,-4.48598362091455,0.7991071428571429,896,716,186,0,3.625698324022346,6.0,716,4062.1852452873386,4037.7228524412117,24.4623928461275,63.471644457614666,0.004356445317549619,0.10891113293874047,6.80694580867128e-05,0.4430821787098348,64
MAPPO,0,2752,42,43,-394.58582033807113,-6.165403442782361,0.787117903930131,916,721,197,0,3.735090152565881,6.0,721,5331.794953935809,5305.583604447003,26.2113494888058,83.30929615524701,0.00542934458443573,0.13573361461089326,8.483350913180828e-05,0.4419605399996894,64
MAPPO,0,2816,43,44,-387.3617032161605,-6.052526612752508,0.7927631578947368,912,723,192,0,3.6970954356846475,6.0,723,5066.549854368648,5040.822927529453,25.726926839195645,79.16484147451013,0.00536632906523224,0.134158226630806,8.384889164425375e-05,0.44106198453303286,64
MAPPO,0,2880,44,45,-471.0150373340323,-7.3596099583442545,0.7926455566905005,979,776,208,0,3.615979381443299,6.0,776,5790.179275718467,5763.023577900471,27.155697817995843,90.47155118310104,0.006307394521006703,0.15768486302516757,9.855303939072974e-05,0.4403532838431537,64
MAPPO,0,2944,45,46,-522.2475388923009,-8.160117795192201,0.7896995708154506,932,736,189,0,3.8247282608695654,6.0,736,6040.024657500592,6012.466994059752,27.55766344084051,94.37538527344675,0.006749634467455736,0.16874086168639338,0.00010546303855399587,0.44077563054168956,64
MAPPO,0,3008,46,47,-474.5119940484645,-7.414249907007258,0.8144104803493449,916,746,172,0,3.5281501340482575,6.0,746,5670.496210254713,5646.000581821016,24.495628433696083,88.6015032852299,0.0063175975207483935,0.15793993801870984,9.871246126169365e-05,0.4414815552497436,64
MAPPO,0,3072,47,48,-489.8101923226061,-7.65328425504072,0.7846481876332623,938,736,192,0,3.720108695652174,6.0,736,5450.558864327011,5422.9735822770035,27.585282050007315,85.16498225510955,0.00642007744200994,0.16050193605024848,0.00010031371003140531,0.4407435066319999,64
MAPPO,0,3136,48,49,-512.073203384982,-8.001143802890343,0.7899159663865546,952,752,206,0,3.7566489361702127,6.0,752,5947.4609923488215,5920.34419238946,27.11679995936073,92.92907800545034,0.006665558534277925,0.16663896335694814,0.00010414935209809258,0.43988936416777447,64
MAPPO,0,3200,49,50,-355.451461026964,-5.553929078546313,0.8193979933110368,897,735,180,0,3.650340136054422,6.0,735,4815.36201170003,4791.4256417353845,23.936369964646133,75.24003143281297,0.00509266203237353,0.12731655080933824,7.95728442558364e-05,0.43842915974234886,64
MAPPO,0,3264,50,51,-418.3595676083378,-6.536868243880278,0.736228813559322,944,695,215,0,3.683453237410072,6.0,695,5005.482280748137,4978.361890032626,27.120390715508226,78.21066063668964,0.005580282292124718,0.13950705730311797,8.719191081444872e-05,0.43607257747825995,64
MAPPO,0,3328,51,52,-516.9208372809435,-8.076888082514742,0.7867965367965368,924,727,209,0,3.7042640990371387,6.0,727,5687.997507055446,5660.932238984105,27.065268071337545,88.87496104774134,0.006650350606033926,0.16625876515084817,0.0001039117282192801,0.43381535628607637,64
MAPPO,0,3392,52,53,-442.9467366606199,-6.921042760322186,0.7854077253218884,932,732,203,0,3.796448087431694,6.0,732,5100.741765119226,5073.916227091256,26.8255380279696,79.69909007998791,0.00593055333385903,0.14826383334647575,9.266489584154734e-05,0.43153681341470806,64
MAPPO,0,3456,53,54,-538.0221886530023,-8.406596697703161,0.7831449126413155,973,762,200,0,3.8766404199475066,6.0,762,6451.178912687582,6421.761760902746,29.417151784837728,100.79967051074347,0.006953914691613723,0.17384786729034307,0.00010865491705646442,0.4295621536211181,64
MAPPO,0,3520,54,55,-595.435796542087,-9.30368432097011,0.7871396895787139,902,710,202,0,3.8014084507042254,6.0,710,6263.999009629714,6236.110426229201,27.88858340051247,97.87498452546428,0.007401822345810393,0.18504555864525982,0.00011565347415328739,0.42810169475086957,64
MAPPO,0,3584,55,56,-554.6646658423231,-8.666635403786298,0.7785939139559287,953,742,208,0,3.591644204851752,6.0,742,6280.653694652525,6256.176652775106,24.47704187741736,98.1352139789457,0.007064298071000295,0.1766074517750074,0.00011037965735937961,0.42698278587515115,64
MAPPO,0,3648,56,57,-573.8586963142918,-8.96654212991081,0.7961065573770492,976,777,209,0,3.6936936936936937,6.0,777,6236.391283310462,6208.327766183486,28.063517126977562,97.44361380172597,0.007339306606912204,0.1834826651728051,0.00011467666573300319,0.427404895796801,64
MAPPO,0,3712,57,58,-574.3049256185342,-8.973514462789597,0.7735644637053087,923,714,201,0,3.588235294117647,6.0,714,5767.259289634979,5741.766818831997,25.492470802980055,90.11342640054654,0.00720446450737072,0.180111612684268,0.0001125697579276675,0.4272538781057117,64
MAPPO,0,3776,58,59,-480.64897695423497,-7.510140264909921,0.7912844036697247,872,690,186,0,3.708695652173913,6.0,690,4804.559224880518,4780.768885037959,23.790339842555596,75.07123788875809,0.0062267146330524225,0.15566786582631056,9.72924161414441e-05,0.4253532372084444,64
MAPPO,0,3840,59,60,-511.72369071544244,-7.995682667428788,0.7925133689839572,935,741,197,0,3.7314439946018894,6.0,741,6246.143495551869,6219.226494686638,26.917000865231103,97.59599211799795,0.006645737804691705,0.16614344511729262,0.0001038396531983079,0.4240350948330597,64
MAPPO,0,3904,60,61,-460.0514839545458,-7.188304436789778,0.7753164556962026,948,735,217,0,3.7931972789115647,6.0,735,5648.035635975422,5618.946022829801,29.08961314562088,88.25055681211597,0.006092680627597435,0.15231701568993586,9.519813480620992e-05,0.4238155068854024,64
MAPPO,0,3968,61,62,-524.9690612100488,-8.202641581407013,0.7877777777777778,900,709,189,0,3.613540197461213,6.0,709,5608.0593951870505,5583.347118031899,24.71227715515621,87.62592804979766,0.006711495208470813,0.16778738021177034,0.00010486711263235646,0.42292342981069053,64
MAPPO,0,4032,62,63,-474.24684700317187,-7.41010698442456,0.7694805194805194,924,711,206,0,3.6877637130801686,6.0,711,5237.597258077055,5211.230334531974,26.36692354508335,81.83745715745398,0.00619048731671842,0.1547621829179605,9.672636432372532e-05,0.4218538798766933,64
MAPPO,0,4096,63,64,-427.3827032966459,-6.677854739010092,0.7861842105263158,912,717,199,0,3.7838214783821478,6.0,717,4879.620515817543,4852.772725890028,26.847789927518075,76.2440705596491,0.005740928762119223,0.14352321905298057,8.970201190811286e-05,0.42092100456719905,64
MAPPO,0,4160,64,65,-438.50705332095436,-6.851672708139912,0.7688888888888888,900,692,204,0,3.777456647398844,6.0,692,5159.083699547068,5132.023091032839,27.060608514227216,80.61068280542294,0.0057885500377468395,0.14471375094367098,9.044609433979437e-05,0.4199090045376236,64
MAPPO,0,4224,65,66,-343.41426753958797,-5.365847930306062,0.7629213483146068,890,679,218,0,3.768777614138439,6.0,679,4158.446577241773,4131.765900474304,26.68067676747089,64.97572776940271,0.004791746173866555,0.11979365434666388,7.487103396666493e-05,0.41758311923931146,64
MAPPO,0,4288,66,67,-402.247737866649,-6.285120904166391,0.7416934619506966,933,692,235,0,3.8309248554913293,6.0,692,5417.830156804872,5390.226638615561,27.603518189311618,84.65359620007612,0.005388633105741397,0.13471582764353493,8.419739227720933e-05,0.4155607607217699,64
MAPPO,0,4352,67,68,-343.8159408754507,-5.372124076178917,0.7581837381203802,947,718,217,0,3.905292479108635,6.0,718,4682.668208527765,4653.526044026076,29.14216450168771,73.16669075824633,0.00488997571046134,0.12224939276153352,7.640587047595844e-05,0.4132611431946046,64
MAPPO,0,4416,68,69,-302.62614590041596,-4.728533529693999,0.7984496124031008,903,721,195,0,3.909847434119279,6.0,721,4637.317739811272,4608.557104668172,28.760635143101783,72.45808968455113,0.0045137360659844,0.11284340164961,7.052712603100625e-05,0.4103089825296338,64
MAPPO,0,4480,69,70,-421.0708389270392,-6.579231858234987,0.7472527472527473,1001,748,245,0,3.840909090909091,6.0,748,5779.500983267838,5748.430304664241,31.070678603597813,90.30470286355997,0.005698361692694571,0.14245904231736428,8.903690144835267e-05,0.4067983751511799,64
MAPPO,0,4544,70,71,-321.27526145206673,-5.019925960188543,0.7505050505050505,990,743,246,0,3.9259757738896366,6.0,743,5279.20616006515,5248.820500982235,30.3856590829137,82.48759625101796,0.004688596129492621,0.11721490323731554,7.32593145233222e-05,0.4045101780703442,64
MAPPO,0,4608,71,72,-278.5682907514862,-4.352629542991972,0.7716371220020855,959,740,229,0,3.8716216216216215,6.0,740,4685.930213889831,4656.136437870895,29.79377601893695,73.21765959202861,0.004276996693093733,0.10692491732734333,6.682807332958958e-05,0.4024547561032699,64
MAPPO,0,4672,72,73,-387.5513649980774,-6.05549007809496,0.7968085106382978,940,749,186,0,3.826435246995995,6.0,749,5994.446591389512,5966.103024481203,28.34356690830659,93.66322799046112,0.005439281202107592,0.1359820300526898,8.498876878293112e-05,0.4000348827242817,64
MAPPO,0,4736,73,74,-415.2465808434529,-6.488227825678951,0.7480490523968785,897,671,228,0,3.8077496274217584,6.0,671,5685.914775290716,5659.2267920150425,26.687983275676892,88.84241836391743,0.00547690225696399,0.13692255642409973,8.557659776506234e-05,0.39797612584247666,64
MAPPO,0,4800,74,75,-327.2190144080806,-5.11279710012626,0.7575129533678756,965,731,229,0,3.7948016415868673,6.0,731,5786.638607901886,5758.329440016386,28.309167885499598,90.41622824846696,0.004741524485488156,0.1185381121372039,7.408632008575244e-05,0.3967238317945578,64
MAPPO,0,4864,75,76,-373.99570809463,-5.843682938978594,0.7838405036726128,953,747,215,0,3.7938420348058903,6.0,747,6538.154267386571,6510.562866411361,27.59140097521045,102.15866042791517,0.005265299691818368,0.1316324922954592,8.2270307684662e-05,0.3965783255691103,64
MAPPO,0,4928,76,77,-367.9509321213659,-5.749233314396342,0.7840083073727934,963,755,214,0,3.6635761589403972,6.0,755,6569.182797246644,6541.851331782942,27.3314654637031,102.64348120697882,0.0052241759124702775,0.13060439781175692,8.162774863234809e-05,0.39690725082917766,64
MAPPO,0,4992,77,78,-320.8832433092079,-5.013800676706373,0.7841648590021691,922,723,191,0,3.73582295988935,6.0,723,5649.836712769977,5623.246291642343,26.59042112763594,88.27869863703089,0.00470324073472603,0.11758101836815076,7.348813648009422e-05,0.3967248934491691,64
MAPPO,0,5056,78,79,-237.00795495351963,-3.703249296148744,0.7415966386554622,952,706,230,0,3.7039660056657224,6.0,706,4922.059487977745,4893.596222039104,28.46326593864191,76.90717949965227,0.003777723485562461,0.09444308713906152,5.9026929461913455e-05,0.395281555578029,64
MAPPO,0,5120,79,80,-288.0640657036626,-4.501001026619728,0.7771855010660981,938,729,219,0,3.8353909465020575,6.0,729,5860.086904872833,5833.11394195017,26.972962922665044,91.56385788863801,0.004358144679754888,0.10895361699387221,6.809601062117013e-05,0.3944013977154335,64
MAPPO,0,5184,80,81,-232.39689022645604,-3.6312014097883756,0.7950108459869848,922,733,187,0,3.7121418826739427,6.0,733,5388.661293382881,5363.335101123912,25.32619225897063,84.19783270910752,0.003850823093829471,0.09627057734573677,6.016911084108548e-05,0.39444149771926507,64
MAPPO,0,5248,81,82,-258.3978827979703,-4.037466918718286,0.7833511205976521,937,734,213,0,3.7534059945504086,6.0,734,4981.3025322707435,4954.620923937639,26.681608333103025,77.83285206673037,0.004081896555586145,0.10204741388965362,6.377963368103351e-05,0.39437354552597625,64
MAPPO,0,5312,82,83,-292.49311541823647,-4.570204928409945,0.8010050251256281,995,797,193,0,3.776662484316186,6.0,797,5710.394995362094,5681.38529295384,29.009702408258658,89.22492180253272,0.004596620911656454,0.11491552279141136,7.18222017446321e-05,0.39380242777939256,64
MAPPO,0,5376,83,84,-295.3074585193234,-4.614179039364428,0.7842920353982301,904,709,199,0,3.693935119887165,6.0,709,5199.985806714924,5174.503875596817,25.48193111810471,81.2497782299207,0.004405635803421342,0.11014089508553356,6.883805942845847e-05,0.3944322944224369,64
MAPPO,0,5440,84,85,-192.71210025613686,-3.0111265665021385,0.7657754010695187,935,716,211,0,3.7681564245810057,6.0,716,4769.793795156457,4742.340822400326,27.452972756129874,74.52802804931964,0.003384305986805519,0.08460764967013798,5.2879781043836235e-05,0.3943280489383646,64
MAPPO,0,5504,85,86,-269.01988835321066,-4.203435755518917,0.7770491803278688,915,711,202,0,3.821378340365682,6.0,711,5259.290386336096,5231.558576545819,27.731809790279396,82.1764122865015,0.004145733556512775,0.10364333891281936,6.47770868205121e-05,0.39454753817428795,64
MAPPO,0,5568,86,87,-215.88175376751065,-3.373152402617354,0.7873754152823921,903,711,200,0,3.749648382559775,6.0,711,4969.404471024988,4943.814956805172,25.589514219818575,77.64694485976544,0.0036166994472174568,0.09041748618043642,5.651092886277276e-05,0.3953580275738756,64
MAPPO,0,5632,87,88,-233.99863109735384,-3.6562286108961537,0.7697228144989339,938,722,224,0,3.822714681440443,6.0,722,5379.939813355173,5352.517946684019,27.42186667115256,84.06155958367458,0.0037965964889571492,0.09491491222392873,5.932182013995546e-05,0.39671449984692886,64
MAPPO,0,5696,88,89,-207.42699054663044,-3.2410467272911005,0.7731629392971247,939,726,209,0,3.690082644628099,6.0,726,5466.213556635944,5439.729368116508,26.484188519434205,85.40958682243662,0.003556147257803201,0.08890368144508003,5.5564800903175016e-05,0.39819090700082055,64
MAPPO,0,5760,89,90,-196.5556238529805,-3.07118162270282,0.7872105843439912,907,714,203,0,3.6106442577030813,6.0,714,4987.149371621092,4961.917401368591,25.231970252502105,77.92420893157956,0.0034280227037688593,0.08570056759422148,5.356285474638843e-05,0.3995012944979112,64
MAPPO,0,5824,90,91,-263.40749991060284,-4.115742186103169,0.7342888643880926,907,666,218,0,3.7582582582582584,6.0,666,5171.23371253349,5144.669899865156,26.56381266833296,80.80052675833578,0.003961802611394659,0.09904506528486648,6.190316580304155e-05,0.4000562626362224,64
MAPPO,0,5888,91,92,-201.6637241498173,-3.1509956898408955,0.7809734513274337,904,706,186,0,3.6586402266288953,6.0,706,4664.365060279368,4638.5835741384735,25.781486140896497,72.88070406686512,0.0034791897019454624,0.08697974254863657,5.436233909289785e-05,0.40006628360866653,64
MAPPO,0,5952,92,93,-174.91276160956883,-2.733011900149513,0.8070562293274531,907,732,190,0,3.849726775956284,6.0,732,4707.344309632615,4680.010794406802,27.333515225813343,73.5522548380096,0.0032736428874507394,0.08184107218626849,5.11506701164178e-05,0.39953797483900666,64
MAPPO,0,6016,93,94,-176.39604743904482,-2.7561882412350753,0.7844925883694412,877,688,201,0,3.8357558139534884,6.0,688,4685.077881367493,4658.097505541274,26.98037582621956,73.20434189636708,0.003166429699940424,0.0791607424985106,4.947546406156912e-05,0.3988396687645335,64
MAPPO,0,6080,94,95,-289.16768461175025,-4.518245072058598,0.7654584221748401,938,718,222,0,3.788300835654596,6.0,718,6213.16037209384,6184.610370778369,28.550001315473587,97.08063081396625,0.004341643688849349,0.10854109222123373,6.783818263827108e-05,0.3984641872452194,64
MAPPO,0,6144,95,96,-229.13751153917372,-3.5802736177995893,0.7672413793103449,928,712,210,0,3.6474719101123596,6.0,712,5483.985287417144,5458.4549777552365,25.530309661904987,85.68727011589287,0.0037396963266269124,0.09349240816567281,5.8432755103545506e-05,0.398507809234384,64
MAPPO,0,6208,96,97,-203.91212371984705,-3.18612693312261,0.7789585547290117,941,733,206,0,3.82537517053206,6.0,733,5643.086768922695,5615.564026626679,27.52274229601374,88.17323076441711,0.0035437224949965364,0.0885930623749134,5.537066398432088e-05,0.3976451444597937,64
MAPPO,0,6272,97,98,-236.63913645648285,-3.6974865071325445,0.7730337078651686,890,688,202,0,3.752906976744186,6.0,688,5264.734650540168,5238.425221999778,26.309428540389582,82.26147891469013,0.0037698427406307666,0.09424606851576917,5.890379282235573e-05,0.39663349018324195,64
MAPPO,0,6336,98,99,-188.2005265038646,-2.9406332266228845,0.7756482525366404,887,688,205,0,3.6744186046511627,6.0,688,4351.1515035064895,4325.851408031507,25.30009547498297,67.9867422422889,0.0032794979023624583,0.08198744755906145,5.124215472441341e-05,0.39505590590542816,64
MAPPO,0,6400,99,100,-227.50889214791437,-3.554826439811162,0.7863777089783281,969,762,216,0,3.7244094488188977,6.0,762,6109.297689116829,6080.857186880516,28.44050223631564,95.45777639245046,0.0038364691507602544,0.09591172876900636,5.9944830480628976e-05,0.39280370044934176,64
MAPPO,0,6464,100,101,-233.687499941146,-3.6513671865804063,0.7820247933884298,968,757,197,0,3.64332892998679,6.0,757,5446.607959834293,5420.852843961392,25.755115872902074,85.10324937241083,0.003907614189648261,0.09769035474120652,6.105647171325408e-05,0.3929888574661141,64
MAPPO,0,6528,101,102,-262.9189084358544,-4.108107944310225,0.8052910052910053,945,761,188,0,3.700394218134034,6.0,761,5881.556828573991,5855.190864469117,26.36596410486901,91.89932544646861,0.004220651978456325,0.10551629946140813,6.594768716338008e-05,0.3920934411460729,64
MAPPO,0,6592,102,103,-276.34486770530816,-4.31788855789544,0.8132596685082873,905,736,165,0,3.748641304347826,6.0,736,5707.017339299575,5681.591487770833,25.425851528742527,89.17214592655586,0.00432369004102029,0.10809225102550726,6.755765689094204e-05,0.39073294523229807,64
MAPPO,0,6656,103,104,-244.55324827883618,-3.8211445043568153,0.7918454935622318,932,738,192,0,3.892953929539295,6.0,738,4871.882256999256,4843.846207874773,28.036049124482055,76.12316026561338,0.003978029431758444,0.0994507357939611,6.215670987122569e-05,0.3893748449662282,64
MAPPO,0,6720,104,105,-318.28294006269505,-4.97317093847961,0.7507477567298105,1003,753,243,0,3.7808764940239046,6.0,753,5373.848761419889,5344.814162984656,29.03459843523438,83.96638689718577,0.004686658272001357,0.11716645680003393,7.32290355000212e-05,0.38783580517500943,64
MAPPO,0,6784,105,106,-231.33935492916433,-3.6146774207681927,0.7932131495227995,943,748,201,0,3.716577540106952,6.0,748,5599.812447902143,5571.975357881465,27.83709002067889,87.49706949847098,0.0038596526756260524,0.09649131689065131,6.030707305665707e-05,0.3880389740237712,64
MAPPO,0,6848,106,107,-192.294823370809,-3.004606615168891,0.8068965517241379,870,702,175,0,3.792022792022792,6.0,702,5087.41071581235,5061.912876368875,25.497839443474657,79.49079243456796,0.003389283306212389,0.08473208265530972,5.295755165956858e-05,0.38819774892918374,64
MAPPO,0,6912,107,108,-271.2321428916018,-4.2380022326812785,0.7894736842105263,912,720,189,0,3.826388888888889,6.0,720,5014.036515910777,4986.8084530253445,27.228062885436664,78.34432056110589,0.004204843243379341,0.10512108108448352,6.57006756778022e-05,0.3886533549854516,64
MAPPO,0,6976,108,109,-234.19850873709325,-3.659351699017082,0.7603734439834025,964,733,226,0,3.8758526603001364,6.0,733,5127.97014264896,5098.488147591856,29.48199505710233,80.12453347889,0.0038206498381051367,0.09551624595262842,5.969765372039276e-05,0.3911464202377501,64
MAPPO,0,7040,109,110,-306.97166145342635,-4.796432210209787,0.7762886597938145,970,753,223,0,3.8366533864541834,6.0,753,5460.901404662826,5429.840540691555,31.060863971272305,85.32658444785666,0.004598987886941547,0.11497469717353867,7.185918573346167e-05,0.39392380503315694,64
MAPPO,0,7104,110,111,-312.52489868764974,-4.883201541994527,0.7709844559585493,965,744,217,0,3.9838709677419355,6.0,744,5589.845672407086,5558.233204125147,31.61246828193969,87.34133863136071,0.004641151033670458,0.11602877584176147,7.251798490110091e-05,0.3971736959700013,64
MAPPO,0,7168,111,112,-257.62797965853036,-4.025437182164537,0.7742257742257742,1001,775,234,0,3.927741935483871,6.0,775,5204.674008250948,5172.811798996235,31.86220925470858,81.32303137892106,0.0041464278672608944,0.10366069668152236,6.478793542595148e-05,0.39984590507131546,64
MAPPO,0,7232,112,113,-272.6468340992804,-4.260106782801256,0.7702552719200888,901,694,207,0,3.8184438040345823,6.0,694,4581.254021832882,4552.710427389004,28.543594443876593,71.58209409113879,0.0041350834772283344,0.10337708693070836,6.461067933169273e-05,0.4014631833815696,64
MAPPO,0,7296,113,114,-356.99390170586935,-5.578029714154209,0.7531914893617021,940,708,223,0,3.8375706214689265,6.0,708,5434.959272051564,5405.843069155222,29.11620289633865,84.92123862580569,0.00499053655194123,0.12476341379853075,7.797713362408172e-05,0.4022945787339658,64
MAPPO,0,7360,114,115,-311.02980616455,-4.859840721321094,0.7901364113326338,953,753,200,0,3.741035856573705,6.0,753,5606.267030931237,5577.82569710165,28.441333829589485,87.59792235830058,0.004664351574354773,0.11660878935886931,7.288049334929332e-05,0.4037421510740874,64
MAPPO,0,7424,115,116,-317.67709738801375,-4.963704646687715,0.7638297872340426,940,718,212,0,3.7938718662952646,6.0,718,4619.105831933625,4589.8844297212345,29.221402212390608,72.1735286239629,0.004633694904485915,0.11584237261214787,7.240148288259242e-05,0.4056269785298129,64
MAPPO,0,7488,116,117,-360.6677694642816,-5.6354338978794,0.7876712328767124,876,690,200,0,3.617391304347826,6.0,690,4973.078607708711,4948.624998469674,24.453609239035206,77.70435324544862,0.00500950048003854,0.1252375120009635,7.827344500060219e-05,0.4060020956856969,64
MAPPO,0,7552,117,118,-336.11466760056936,-5.251791681258896,0.8040468583599574,939,755,191,0,3.727152317880795,6.0,755,5718.510858573342,5691.738992567253,26.771866006085496,89.35173216520847,0.004934817389695213,0.12337043474238032,7.71065217139877e-05,0.40640755352884844,64
MAPPO,0,7616,118,119,-316.3911418407546,-4.94361159126179,0.7473233404710921,934,698,222,0,3.810888252148997,6.0,698,4754.184084455385,4725.165445638649,29.018638816733198,74.2841263196154,0.004561432329970561,0.11403580824926403,7.127238015579002e-05,0.40793953928649407,64
MAPPO,0,7680,119,120,-369.80105076321496,-5.778141418175234,0.7887005649717514,885,698,204,0,3.7435530085959887,6.0,698,5317.628061721044,5290.978194129384,26.649867591659273,83.08793846439131,0.005116026677681137,0.12790066694202842,7.993791683876777e-05,0.40985144730952294,64
MAPPO,0,7744,120,121,-356.7583514646834,-5.574349241635678,0.7346723044397463,946,695,236,0,3.8115107913669064,6.0,695,4649.2118976168285,4620.846378821837,28.365518794992017,72.64393590026295,0.004940066375470421,0.12350165938676053,7.718853711672533e-05,0.41174191126476334,64
MAPPO,0,7808,121,122,-423.9913744679383,-6.6248652260615355,0.787350054525627,917,722,184,0,3.858725761772853,6.0,722,5488.94568245202,5460.131140926487,28.814541525535088,85.76477628831282,0.005739892072575179,0.14349730181437947,8.968581363398718e-05,0.4145617894773994,64
MAPPO,0,7872,122,123,-421.4985333496337,-6.585914583588027,0.7737068965517241,928,718,219,0,3.832869080779944,6.0,718,5958.163173276766,5931.615659050402,26.547514226365415,93.09629958244948,0.005660525110085598,0.14151312775213995,8.844570484508747e-05,0.418035114572408,64
MAPPO,0,7936,123,124,-477.8410075912029,-7.466265743612546,0.7985685071574642,978,781,195,0,3.7298335467349553,6.0,781,6081.8113283346365,6052.765681946326,29.04564638831196,95.0283020052287,0.006405643822888744,0.1601410955722186,0.00010008818473263663,0.4212538789343243,64
MAPPO,0,8000,124,125,-427.52593235397774,-6.680092693030902,0.8045714285714286,875,704,178,0,3.674715909090909,6.0,704,4983.423482943266,4959.917898568315,23.505584374949283,77.86599192098853,0.005737996964154151,0.14344992410385377,8.965620256490861e-05,0.42252741075563727,64
MAPPO,0,8064,125,126,-477.77472749670324,-7.465230117135988,0.7756813417190775,954,740,215,0,3.7324324324324323,6.0,740,5789.246926915038,5761.815855845275,27.431071069758012,90.45698323304747,0.0062817528140028086,0.15704382035007022,9.815238771879388e-05,0.42279918217392387,64
MAPPO,0,8128,126,127,-486.62778044019495,-7.603559069378046,0.7825223435948362,1007,788,217,0,3.8451776649746194,6.0,788,6071.94245231048,6041.4927027128815,30.449749597598128,94.87410081735125,0.006482017589304888,0.1620504397326222,0.00010128152483288888,0.4231158559900766,64
MAPPO,0,8192,127,128,-522.8783909470296,-8.169974858547338,0.7713097713097713,962,742,226,0,3.834231805929919,6.0,742,6016.922178389591,5988.2583960945885,28.663782295004925,94.01440903733736,0.006727170182606957,0.1681792545651739,0.0001051120341032337,0.4233840830002902,64
MAPPO,0,8256,128,129,-377.21566497391404,-5.893994765217407,0.7661538461538462,975,747,208,0,3.7764390896921016,6.0,747,5311.307129856649,5282.6338231218815,28.673306734764058,82.98917390401014,0.005301894314096218,0.13254735785240546,8.284209865775341e-05,0.42337689993647987,64
MAPPO,0,8320,129,130,-508.4910703653005,-7.945172974457821,0.7811158798283262,932,728,223,0,3.732142857142857,6.0,728,6066.243269228377,6038.695332166352,27.547937062024243,94.7850510816934,0.0065508955269646734,0.16377238817411682,0.00010235774260882302,0.42355906281680256,64
MAPPO,0,8384,130,131,-445.18035959783447,-6.9559431187161636,0.8039430449069004,913,734,193,0,3.720708446866485,6.0,734,5227.209041405578,5201.395281274968,25.813760130610607,81.67514127196216,0.005969859964761051,0.14924649911902627,9.327906194939142e-05,0.4234932984168136,64
MAPPO,0,8448,131,132,-492.3140533514345,-7.692407083616164,0.7757009345794392,963,747,192,0,3.602409638554217,6.0,747,5997.395592476586,5969.582163775006,27.813428701579767,93.70930613244666,0.006473523909159245,0.16183809772898114,0.00010114881108061321,0.4229434925219935,64
MAPPO,0,8512,132,133,-487.66177006347465,-7.619715157241791,0.7861771058315334,926,728,200,0,3.646978021978022,6.0,728,5839.241822839181,5813.362321035908,25.87950180327241,91.2381534818622,0.006371685658453687,0.15929214146134216,9.955758841333886e-05,0.4226720511013162,64
MAPPO,0,8576,133,134,-459.2076927843534,-7.175120199755522,0.7925925925925926,945,749,203,0,3.6128170894526033,6.0,749,5662.862291578614,5636.312892600124,26.549398978485115,88.48222330591584,0.00613494374818135,0.15337359370453374,9.585849606533359e-05,0.4215732248653955,64
MAPPO,0,8640,134,135,-441.7668741416772,-6.902607408463706,0.792090395480226,885,701,179,0,3.5135520684736092,6.0,701,4974.364813270735,4950.910201138704,23.454612132029496,77.72445020735523,0.005873836991179987,0.14684592477949968,9.17787029871873e-05,0.4206225971973453,64
MAPPO,0,8704,135,136,-597.4523532135323,-9.335193018961442,0.7877211238293444,961,757,197,0,3.6221928665785996,6.0,757,6267.282397638715,6241.53439828739,25.747999351325156,97.92628746310493,0.007543047806699562,0.18857619516748905,0.00011786012197968066,0.4207798967990666,64
MAPPO,0,8768,136,137,-375.6658792071731,-5.869779362612079,0.7941176470588235,884,702,205,0,3.6196581196581197,6.0,702,4616.356538784214,4591.310614270157,25.045924514058672,72.13057091850334,0.005182501948965675,0.12956254872414188,8.097659295258867e-05,0.42009943372384984,64
MAPPO,0,8832,137,138,-470.24513087171505,-7.347580169870548,0.782010582010582,945,739,188,0,3.6238159675236807,6.0,739,5528.91042111909,5502.028304170031,26.882116949053163,86.38922532998578,0.006237891360532065,0.15594728401330163,9.746705250831351e-05,0.4191961792772459,64
MAPPO,0,8896,138,139,-610.9494841999415,-9.546085690624086,0.7926565874730022,926,734,199,0,3.5980926430517712,6.0,734,6808.904169087017,6783.113599212858,25.790569874156915,106.38912764198464,0.007617513621695069,0.19043784054237672,0.00011902365033898545,0.41839047990710465,64
MAPPO,0,8960,139,140,-436.3993738701852,-6.818740216721643,0.8021739130434783,920,738,184,0,3.6571815718157183,6.0,738,5149.347345201023,5124.873989604063,24.473355596958488,80.45855226876598,0.005902274677289754,0.14755686693224385,9.22230418326524e-05,0.4185892136924283,64
MAPPO,0,9024,140,141,-474.6684990812279,-7.416695298144186,0.8084656084656084,945,764,176,0,3.634816753926702,6.0,764,5762.240491386595,5735.562984012702,26.677507373892738,90.03500767791554,0.006356276792192697,0.15890691980481741,9.931682487801089e-05,0.41909019258088354,64
MAPPO,0,9088,141,142,-447.91558152637856,-6.998680961349665,0.8194748358862144,914,749,184,0,3.6488651535380505,6.0,749,5210.59927721169,5185.459687621678,25.139589590012434,81.41561370643265,0.0060402864241353915,0.1510071606033848,9.437947537711549e-05,0.4200594884975493,64
MAPPO,0,9152,142,143,-659.9997161531521,-10.312495564893002,0.767223382045929,958,735,196,0,3.52108843537415,6.0,735,6989.78860746788,6964.10154250209,25.68706496578739,109.21544699168562,0.00811360814291843,0.20284020357296076,0.00012677512723310047,0.4219169570968244,64
MAPPO,0,9216,143,144,-562.9809724986183,-8.79657769529091,0.8380281690140845,852,714,158,0,3.492997198879552,6.0,714,5624.011808747852,5603.095600500848,20.916208247003667,87.87518451168519,0.007142219062096498,0.17855547655241244,0.00011159717284525778,0.4244874883318832,64
MAPPO,0,9280,144,145,-584.3712658857764,-9.130801029465257,0.7942794279427943,909,722,185,0,3.6537396121883656,6.0,722,5905.496109470591,5879.7062148276555,25.789894642935405,92.27337671047799,0.007338631106335725,0.18346577765839311,0.0001146661110364957,0.4256566749730084,64
MAPPO,0,9344,145,146,-385.4595908048452,-6.022806106325707,0.8035087719298246,855,687,162,0,3.51528384279476,6.0,687,4532.132601653361,4510.547301934489,21.5852997188709,70.81457190083377,0.00529653074055498,0.1324132685138745,8.275829282117156e-05,0.4261554829452199,64
MAPPO,0,9408,146,147,-392.26202733359526,-6.129094177087426,0.8149386845039019,897,731,173,0,3.5909712722298224,6.0,731,4996.262324191722,4972.584344212697,23.67797997902385,78.06659881549565,0.005456395802870519,0.136409895071763,8.525618441985187e-05,0.4260735061313028,64
MAPPO,0,9472,147,148,-516.0131484295432,-8.062705444211613,0.7664543524416136,942,722,203,0,3.544321329639889,6.0,722,5828.415054329651,5802.929666075639,25.485388254010516,91.0689852239008,0.0066391872731747644,0.16597968182936912,0.0001037373011433557,0.4259336863447287,64
MAPPO,0,9536,148,149,-449.6464100111525,-7.025725156424258,0.812989921612542,893,726,194,0,3.778236914600551,6.0,726,5217.417624402392,5192.219208945531,25.198415456863817,81.52215038128737,0.005994072527000474,0.14985181317501184,9.365738323438241e-05,0.4252540117347078,64
MAPPO,0,9600,149,150,-427.9338711726601,-6.686466737072814,0.7556756756756757,925,699,198,0,3.6824034334763946,6.0,699,4956.4671152689825,4931.771865687891,24.695249581091765,77.44479867607785,0.005704903738053719,0.14262259345134295,8.913912090708935e-05,0.42318441977414273,64
MAPPO,0,9664,150,151,-469.28013517681615,-7.332502112137752,0.7968911917098446,965,769,188,0,3.682704811443433,6.0,769,5771.907700242806,5744.614673731245,27.29302651156106,90.18605781629384,0.006301084660854545,0.1575271165213636,9.845444782585226e-05,0.4210862120580974,64
MAPPO,0,9728,151,152,-397.3638434766257,-6.208810054322276,0.791967044284243,971,769,223,0,3.8517555266579975,6.0,769,5622.154233354748,5594.737225232438,27.417008122309277,87.84615989616793,0.005542008543379258,0.13855021358448147,8.659388349030091e-05,0.4193326174770809,64
MAPPO,0,9792,152,153,-462.02300756907755,-7.219109493266837,0.7934322033898306,944,749,189,0,3.7823765020026703,6.0,749,5794.0475294695825,5766.197155918701,27.850373550880914,90.53199264796223,0.006176561706873002,0.15441404267182504,9.650877666989065e-05,0.41750460516001864,64
MAPPO,0,9856,153,154,-354.3204597483632,-5.536257183568175,0.7713414634146342,984,759,211,0,3.785243741765481,6.0,759,5727.105438600626,5698.412574451595,28.69286414903024,89.48602247813479,0.005101365181325427,0.12753412953313567,7.97088309582098e-05,0.41600279050149735,64
MAPPO,0,9920,154,155,-442.07586944889124,-6.907435460138926,0.7816091954022989,957,748,212,0,3.661764705882353,6.0,748,5546.71257611928,5520.852611409468,25.85996470981005,86.66738400186375,0.005949069963744512,0.1487267490936128,9.2954218183508e-05,0.4147750173182121,64
MAPPO,0,9984,155,156,-427.41028468395655,-6.678285698186821,0.8167701863354038,966,789,192,0,3.7186311787072244,6.0,789,6155.651922187878,6128.951453786903,26.70046840097661,96.1820612841856,0.005925136503617116,0.1481284125904279,9.258025786901744e-05,0.41278086241906364,64
MAPPO,0,10048,156,157,-330.6729873063452,-5.166765426661644,0.7796234772978959,903,704,211,0,3.6036931818181817,6.0,704,4993.062700253813,4969.810145470604,23.252554783209757,78.01660469146583,0.00473177625359678,0.1182944063399195,7.393400396244969e-05,0.411966746590813,64
MAPPO,0,10112,157,158,-378.4701479404631,-5.913596061569736,0.8083067092651757,939,759,173,0,3.4835309617918315,6.0,759,5222.115824350973,5198.890699210834,23.225125140140758,81.59555975548395,0.005387442738468768,0.1346860684617192,8.41787927885745e-05,0.4109124775202497,64
MAPPO,0,10176,158,159,-318.24329076076015,-4.972551418136877,0.7771855010660981,938,729,212,0,3.588477366255144,6.0,729,4993.909913487024,4968.978593260217,24.93132022680551,78.02984239823475,0.004667470698028186,0.11668676745070466,7.292922965669041e-05,0.4095728138594085,64
MAPPO,0,10240,159,160,-341.336595982234,-5.333384312222406,0.7902388369678089,963,761,191,0,3.6557161629434956,6.0,761,5239.117088544422,5212.437460672467,26.67962787195533,81.86120450850659,0.005000411483060228,0.1250102870765057,7.813142942281606e-05,0.40830244885433153,64
MAPPO,0,10304,160,161,-353.5585657999642,-5.52435259062444,0.820250284414107,879,721,164,0,3.6851595006934814,6.0,721,5264.452852802646,5240.826805531401,23.626047271245206,82.25707582504134,0.005057234161203256,0.12643085403008142,7.901928376880088e-05,0.40699581906034854,64
MAPPO,0,10368,161,162,-312.9456074753282,-4.889775116802003,0.7757313109425785,923,716,199,0,3.724860335195531,6.0,716,5034.845284435546,5008.413321519141,26.431962916402792,78.66945756930541,0.004597260412787852,0.11493151031969631,7.183219394981019e-05,0.40536187052225076,64
MAPPO,0,10432,162,163,-352.6255659968115,-5.509774468700179,0.764512595837897,913,698,207,0,3.7435530085959887,6.0,698,5503.60426972985,5477.709841038128,25.89442869172179,85.9938167145289,0.004940724877928444,0.1235181219482111,7.719882621763194e-05,0.40483793237453636,64
MAPPO,0,10496,163,164,-378.5483865579384,-5.914818539967787,0.8084210526315789,950,768,202,0,3.6263020833333335,6.0,768,5613.4085698169365,5586.745867346903,26.662702470034553,87.70950890338963,0.005377426463880414,0.13443566159701037,8.402228849813147e-05,0.40384412694152483,64
MAPPO,0,10560,164,165,-339.7607160020848,-5.308761187532575,0.7819383259911894,908,710,192,0,3.574647887323944,6.0,710,5398.16470034978,5374.153166540809,24.011533808972132,84.34632344296531,0.004861112725805505,0.12152781814513762,7.595488634071102e-05,0.4033311366031517,64
MAPPO,0,10624,165,166,-348.1726999913302,-5.4401984373645345,0.7866817155756207,886,697,180,0,3.7058823529411766,6.0,697,5521.441422431245,5495.916875067108,25.524547364133507,86.2725222254882,0.0049286360181583335,0.12321590045395833,7.700993778372396e-05,0.4032588962814797,64
MAPPO,0,10688,166,167,-250.55081805393968,-3.9148565320928075,0.7789150460593655,977,761,221,0,3.8515111695137976,6.0,761,4860.789200578003,4833.14823439901,27.640966178990837,75.9498312590313,0.004056446814296525,0.10141117035741314,6.33819814733832e-05,0.4026666844011711,64
MAPPO,0,10752,167,168,-355.22580374193706,-5.5504031834677665,0.7734530938123753,1002,775,225,0,3.793548387096774,6.0,775,5884.022608549606,5855.873416717051,28.149191832556603,91.9378532585876,0.005130773041165715,0.12826932602914287,8.01683287682143e-05,0.4027137867410404,64
MAPPO,0,10816,168,169,-222.76627358338374,-3.480723024740371,0.7795637198622273,871,679,194,0,3.826215022091311,6.0,679,4448.112624561908,4421.979360073867,26.133264488043498,69.50175975877981,0.003615076142991684,0.0903769035747921,5.6485564734245064e-05,0.4032530669816981,64
MAPPO,0,10880,169,170,-407.28423246006065,-6.363816132188448,0.7785642062689585,989,770,219,0,3.8584415584415583,6.0,770,6162.75767016324,6132.760233296922,29.997436866317333,96.29308859630062,0.005647817594657212,0.1411954398664303,8.824714991651893e-05,0.4033652229568918,64
MAPPO,0,10944,170,171,-280.63242970726105,-4.384881714175954,0.7769396551724138,928,721,207,0,3.6754507628294038,6.0,721,5151.401502338982,5124.276871908485,27.124630430499487,80.4906484740466,0.004278656720668748,0.1069664180167187,6.685401126044919e-05,0.40397939366342317,64
MAPPO,0,11008,171,172,-288.907932524359,-4.51418644569311,0.7933618843683083,934,741,193,0,3.8218623481781377,6.0,741,5016.878140371565,4989.1165150282495,27.76162534331371,78.3887209433057,0.004426501375727997,0.11066253439319992,6.916408399574995e-05,0.4040857547637404,64
MAPPO,0,11072,172,173,-336.70616084711173,-5.261033763236121,0.7860169491525424,944,742,205,0,3.7223719676549867,6.0,742,5864.383133348317,5837.18831571743,27.194817630886895,91.63098645856745,0.0048905875734228275,0.12226468933557069,7.641543083473168e-05,0.40513851303184967,64
MAPPO,0,11136,173,174,-264.09005903817535,-4.12640717247149,0.7890204520990313,929,733,188,0,3.612551159618008,6.0,733,5078.0955473818,5053.547571945356,24.54797543644206,79.34524292784063,0.0041654507288562395,0.10413626822140598,6.508516763837874e-05,0.4061728781496895,64
MAPPO,0,11200,174,175,-318.66126937764494,-4.979082334025702,0.8102345415778252,938,760,181,0,3.6460526315789474,6.0,760,6174.421727737947,6148.336395173017,26.085332564930557,96.47533949590542,0.004784284654555413,0.11960711636388532,7.475444772742833e-05,0.40774275701001517,64
MAPPO,0,11264,175,176,-295.0858699563666,-4.610716718068228,0.7852564102564102,936,735,202,0,3.7020408163265306,6.0,735,5613.926358677233,5589.1804007422015,24.745957935034415,87.71759935433177,0.004462654069595821,0.11156635173989553,6.97289698374347e-05,0.40911033076013886,64
MAPPO,0,11328,176,177,-287.64822911791947,-4.494503579967492,0.7942973523421588,982,780,195,0,3.7615384615384615,6.0,780,5812.99094159138,5784.501793770101,28.48914782127708,90.82798346236531,0.004505518896107141,0.11263797240267852,7.039873275167407e-05,0.4092525885847236,64
MAPPO,0,11392,177,178,-266.71902849692697,-4.167484820264484,0.8158482142857143,896,731,187,0,3.8248974008207934,6.0,731,5151.22284713882,5124.376286560552,26.846560578270804,80.48785698654406,0.004187241104144999,0.10468102760362497,6.54256422522656e-05,0.4093127001023588,64
MAPPO,0,11456,178,179,-264.3220151492835,-4.130031486707555,0.7852631578947369,950,746,195,0,3.6099195710455763,6.0,746,5419.178532792845,5392.994401571065,26.18413122177829,84.6746645748882,0.004189158418176575,0.10472896045441438,6.545560028400899e-05,0.4091558808189242,64
MAPPO,0,11520,179,180,-189.7028970028773,-2.964107765669958,0.8024971623155505,881,707,169,0,3.717114568599717,6.0,707,4099.829629572634,4076.2483353450775,23.58129422755657,64.05983796207241,0.0033829131118141725,0.08457282779535431,5.2858017372096445e-05,0.40839225003829727,64
MAPPO,0,11584,180,181,-380.5041813249496,-5.945377833202338,0.7784679089026915,966,752,204,0,3.6648936170212765,6.0,752,6130.154595244116,6102.899985554258,27.25460968985523,95.7836655506893,0.005357438465261457,0.13393596163153643,8.370997601971026e-05,0.4070925771261781,64
MAPPO,0,11648,181,182,-250.11894458959682,-3.9081085092124503,0.8276255707762558,876,725,163,0,3.6413793103448278,6.0,725,5044.172181571672,5020.957313098566,23.214868473105923,78.81519033705737,0.0040375301500474,0.100938253751185,6.308640859449062e-05,0.406099912329681,64
MAPPO,0,11712,182,183,-286.97001985043414,-4.4839065601630335,0.7975113122171946,884,705,171,0,3.6950354609929077,6.0,705,5178.418578921319,5152.748064461233,25.670514460086917,80.9127902956456,0.00434654078292988,0.108663519573247,6.791469973327938e-05,0.4047537182320157,64
MAPPO,0,11776,183,184,-283.97063603133313,-4.43704118798958,0.7984913793103449,928,741,197,0,3.766531713900135,6.0,741,5497.136261219853,5470.0028877963305,27.133373423522524,85.8927540815602,0.004369695883857499,0.10924239709643747,6.827649818527342e-05,0.40301232685688815,64
MAPPO,0,11840,184,185,-225.3715673804938,-3.5214307403202154,0.7829977628635347,894,700,185,0,3.6185714285714288,6.0,700,5087.810799274052,5063.054607939603,24.756191334454368,79.49704373865707,0.0037051365684076685,0.09262841421019172,5.789275888136982e-05,0.4004769696251216,64
MAPPO,0,11904,185,186,-258.62313836390973,-4.04098653693609,0.7874285714285715,875,689,188,0,3.7851959361393326,6.0,689,5329.90866200195,5303.309527012613,26.5991349893413,83.27982284378047,0.004007015574098272,0.10017538935245679,6.26096183452855e-05,0.39818588605590854,64
MAPPO,0,11968,186,187,-248.14427561896963,-3.8772543065464005,0.7766287487073423,967,751,219,0,3.7656458055925435,6.0,751,5482.719375711119,5453.101910358402,29.617465352714298,85.66749024548623,0.004013306021038759,0.10033265052596897,6.27079065787306e-05,0.3957721554350651,64
MAPPO,0,12032,187,188,-236.93140531323763,-3.702053208019338,0.7801339285714286,896,699,207,0,3.7610872675250357,6.0,699,4417.086624009195,4391.763559205457,25.323064803738156,69.01697850014367,0.003789320973515389,0.09473302433788473,5.9208140211177954e-05,0.39342627140806663,64
MAPPO,0,12096,188,189,-251.29268671112536,-3.9264482298613337,0.7887640449438202,890,702,176,0,3.7877492877492878,6.0,702,4465.5289779759405,4439.017384556972,26.51159341896777,69.77389028087407,0.003977417087026448,0.0994354271756612,6.214714198478825e-05,0.39080343994721856,64
MAPPO,0,12160,189,190,-287.8066726383187,-4.496979259973729,0.7854821235102926,923,725,194,0,3.8055172413793104,6.0,725,4640.829609011614,4613.752752214276,27.076856797338326,72.51296264080646,0.004374898168792881,0.10937245421982203,6.835778388738877e-05,0.3892341588809155,64
MAPPO,0,12224,190,191,-368.25323854927075,-5.753956852332355,0.8102108768035516,901,730,187,0,3.7835616438356166,6.0,730,5292.340382220452,5266.590522146299,25.749860074153478,82.69281847219456,0.005199996067085521,0.12999990167713804,8.124993854821127e-05,0.38809154606837803,64
MAPPO,0,12288,191,192,-285.5670263244449,-4.4619847863194515,0.7785310734463277,885,689,191,0,3.6792452830188678,6.0,689,4751.8220545210215,4726.843187726926,24.978866794097534,74.24721960189096,0.004269966821880479,0.10674917054701197,6.671823159188248e-05,0.38781232833351476,64
MAPPO,0,12352,192,193,-348.6690269734728,-5.447953546460512,0.7904761904761904,945,747,190,0,3.7322623828647923,6.0,747,5501.903025291728,5475.00671289409,26.896312397634762,85.96723477018325,0.005039807525750767,0.12599518814376917,7.874699258985573e-05,0.3888255114240086,64
MAPPO,0,12416,193,194,-396.4088945089728,-6.1938889767027,0.8125,896,728,176,0,3.568681318681319,6.0,728,5994.963356816896,5970.405345820591,24.558010996306766,93.671302450264,0.005489088139821949,0.13722720349554873,8.576700218471795e-05,0.391105878455412,64
MAPPO,0,12480,194,195,-363.7498126360574,-5.683590822438397,0.7993384785005513,907,725,184,0,3.6248275862068966,6.0,725,5478.119126145497,5454.081866401652,24.03725974384515,85.59561134602339,0.00514692832837759,0.12867320820943975,8.042075513089985e-05,0.3937069778237944,64
MAPPO,0,12544,195,196,-387.1656814769215,-6.049463773076899,0.7696969696969697,990,762,221,0,3.8674540682414698,6.0,762,5998.084534517913,5968.284758560857,29.799775957059197,93.7200708518424,0.0054232516668239845,0.13558129167059962,8.473830729412476e-05,0.39524199751803235,64
MAPPO,0,12608,196,197,-399.6765434915346,-6.244945992055228,0.7864693446088795,946,744,201,0,3.8440860215053765,6.0,744,5854.250091214068,5825.673334564957,28.57675664910948,91.4726576752198,0.005529125775407756,0.1382281443851939,8.63925902407462e-05,0.39701884397321885,64
MAPPO,0,12672,197,198,-312.9421639664016,-4.889721311975025,0.7834394904458599,942,738,200,0,3.848238482384824,6.0,738,5225.09630524401,5196.174737616288,28.92156762772294,81.64212976943766,0.0046491129736387134,0.11622782434096783,7.26423902131049e-05,0.39852635256527497,64
MAPPO,0,12736,198,199,-385.17763813641443,-6.0184005958814755,0.7698833510074231,943,726,225,0,3.891184573002755,6.0,726,5153.326811134744,5123.998406633024,29.3284045017193,80.52073142398038,0.005314663254885443,0.13286658137213608,8.304161335758505e-05,0.3987718254447991,64
MAPPO,0,12800,199,200,-363.44223286051715,-5.6787848884455805,0.7890466531440162,986,778,201,0,3.7930591259640103,6.0,778,5553.07097234165,5524.260544864255,28.81042747739614,86.76673394283829,0.005250420388977759,0.13126050972444397,8.203781857777749e-05,0.3999132198432458,64
MAPPO,0,12864,200,201,-334.6757691743918,-5.229308893349872,0.7639821029082774,894,683,213,0,3.6456808199121524,6.0,683,4922.013407719833,4895.834164716776,26.179243003058225,76.90645949562239,0.004719364835136723,0.11798412087841807,7.37400755490113e-05,0.4010126335086295,64
MAPPO,0,12928,201,202,-364.15833622594596,-5.689974003530406,0.781390134529148,892,697,206,0,3.7618364418938306,6.0,697,5551.910893983087,5524.6142538453805,27.296640137705836,86.74860771848573,0.005056398026153583,0.1264099506538396,7.900621915864973e-05,0.4011464389216326,64
MAPPO,0,12992,202,203,-310.8853673040352,-4.85758386412555,0.7609170305676856,916,697,211,0,3.658536585365854,6.0,697,5034.448530859227,5008.32938427695,26.119146582277242,78.66325829467542,0.004517472060179185,0.11293680150447963,7.058550094029977e-05,0.40162427238415394,64
MAPPO,0,13056,203,204,-494.1036285670401,-7.720369196360002,0.7703777335984096,1006,775,234,0,3.7470967741935484,6.0,775,7239.561748138481,7209.759217581192,29.80253055728629,113.11815231466376,0.006507861813149281,0.162696545328732,0.00010168534083045751,0.4030694544463893,64
MAPPO,0,13120,204,205,-391.59795775945037,-6.118718089991412,0.7648936170212766,940,719,225,0,3.7663421418636998,6.0,719,5285.748898562108,5259.060487737124,26.688410824983574,82.58982654003293,0.005360196146313555,0.13400490365783888,8.37530647861493e-05,0.40488685004946945,64
MAPPO,0,13184,205,206,-300.76603768891937,-4.699469338889365,0.7608695652173914,920,700,213,0,3.657142857142857,6.0,700,4922.932402749775,4897.087967433477,25.84443531629823,76.92081879296524,0.004422785732364873,0.11056964330912182,6.910602706820114e-05,0.4063494811342127,64
MAPPO,0,13248,206,207,-395.8592341742986,-6.1853005339734155,0.772877618522602,907,701,203,0,3.8587731811697576,6.0,701,5547.020596519165,5519.256549239301,27.7640472798639,86.67219682061196,0.005384022414452522,0.13460056036131304,8.412535022582066e-05,0.4083864229753734,64
MAPPO,0,13312,207,208,-253.0021181197504,-3.9531580956211,0.7856365614798694,919,722,199,0,3.903047091412742,6.0,722,4481.606176052335,4453.332587851881,28.27358820045541,70.02509650081774,0.004014061251764771,0.10035153129411926,6.271970705882454e-05,0.4099392406442114,64
MAPPO,0,13376,208,209,-485.06759612031493,-7.579181189379921,0.782608695652174,989,774,224,0,3.6744186046511627,6.0,774,6092.53577385995,6065.057138544737,27.47863531521264,95.19587146656171,0.006427596885028607,0.16068992212571517,0.00010043120132857198,0.4103213900336446,64
MAPPO,0,13440,209,210,-266.6065434530985,-4.165727241454664,0.7374727668845316,918,677,231,0,3.6484490398818314,6.0,677,4453.760185296159,4428.134358962825,25.625826333332537,69.59000289525248,0.00400664153063243,0.10016603826581076,6.260377391613172e-05,0.410481174038978,64
MAPPO,0,13504,210,211,-347.3881546107823,-5.427939915793473,0.7586206896551724,899,682,210,0,3.804985337243402,6.0,682,4827.248858818426,4800.8101007557725,26.438758062652695,75.4257634190379,0.004848068417247505,0.12120171043118763,7.575106901949227e-05,0.4095914680751658,64
MAPPO,0,13568,211,212,-441.27325508522665,-6.894894610706666,0.7760577915376677,969,752,233,0,3.7925531914893615,6.0,752,5748.805670449268,5721.664574528798,27.1410959204687,89.82508860076982,0.005924838659126244,0.1481209664781561,9.257560404884756e-05,0.4082715005805472,64
MAPPO,0,13632,212,213,-283.20601587899637,-4.425093998109318,0.7715617715617715,858,662,200,0,3.6586102719033233,6.0,662,4096.606048726427,4072.923291343991,23.682757382433433,64.00946951135042,0.004171369793299886,0.10428424483249715,6.517765302031072e-05,0.40655259549638456,64
MAPPO,0,13696,213,214,-336.6023193808454,-5.25941124032571,0.7530054644808744,915,689,212,0,4.001451378809869,6.0,689,4955.046531351328,4925.828156252563,29.218375098764543,77.4226020523645,0.004753550119915164,0.1188387529978791,7.427422062367444e-05,0.40426139951106266,64
MAPPO,0,13760,214,215,-347.8021167853591,-5.434408074771236,0.7814498933901919,938,733,212,0,3.8130968622100956,6.0,733,4964.430891584948,4936.724015957275,27.706875627674414,77.56923268101481,0.004971549106107419,0.12428872765268548,7.768045478292843e-05,0.40196278026047116,64
MAPPO,0,13824,215,216,-346.10903437441436,-5.407953662100224,0.7976190476190477,924,737,193,0,3.611940298507463,6.0,737,4770.255493175638,4745.864320515863,24.3911726597751,74.53524208086934,0.004986588042774472,0.12466470106936178,7.791543816835112e-05,0.3999291059362408,64
MAPPO,0,13888,216,217,-369.7296396187505,-5.777025619042977,0.7768331562167906,941,731,190,0,3.642954856361149,6.0,731,4977.485235640749,4952.479537085195,25.00569855555404,77.7732068068867,0.005212705262213121,0.13031763155532802,8.144851972208001e-05,0.3981875666020297,64
MAPPO,0,13952,217,218,-425.17761225569814,-6.643400191495283,0.8087912087912088,910,736,177,0,3.4442934782608696,6.0,736,5234.495430431686,5212.7000997466275,21.795330685058172,81.7889911004951,0.005793162687046256,0.1448290671761564,9.051816698509775e-05,0.39669822674253197,64
MAPPO,0,14016,218,219,-407.45369140606704,-6.3664639282197975,0.8202866593164277,907,744,168,0,3.396505376344086,6.0,744,5519.625823041846,5497.410973258926,22.214849782921284,86.24415348502885,0.0056482213810821035,0.1412055345270526,8.825345907940787e-05,0.3945371946689274,64
MAPPO,0,14080,219,220,-443.943659708646,-6.936619682947594,0.8100208768267223,958,776,188,0,3.556701030927835,6.0,776,6145.302127532765,6119.744236715451,25.55789081731309,96.02034574269945,0.006064591120348277,0.15161477800870693,9.475923625544182e-05,0.3943424462041695,64
MAPPO,0,14144,220,221,-428.51125673904926,-6.695488386547645,0.7954545454545454,924,735,180,0,3.545578231292517,6.0,735,5803.300244021411,5779.159891855654,24.140352165756017,90.67656631283455,0.0058213569586046425,0.14553392396511605,9.095870247819754e-05,0.3946891769467552,64
MAPPO,0,14208,221,222,-355.5637041755615,-5.555682877743148,0.7757510729613734,932,723,201,0,3.553250345781466,6.0,723,5005.568229648021,4979.924490950385,25.643738697632912,78.21200358825033,0.005038489343067093,0.12596223357667732,7.872639598542333e-05,0.3945871431657465,64
MAPPO,0,14272,222,223,-352.6570600003733,-5.510266562505833,0.7844827586206896,928,728,202,0,3.6950549450549453,6.0,728,5602.5478404528885,5576.250768813224,26.297071639665344,87.53981000707638,0.005019669158819603,0.12549172897049007,7.84323306065563e-05,0.39418713792788357,64
MAPPO,0,14336,223,224,-253.13800104720195,-3.9552812663625305,0.8042381432896064,991,797,199,0,3.751568381430364,6.0,797,4689.210541823717,4661.283219950841,27.927321872873172,73.26891471599558,0.004193574707172967,0.10483936767932418,6.552460479957761e-05,0.3934028310867231,64
MAPPO,0,14400,224,225,-329.56362887210275,-5.1494317011266055,0.7776536312849162,895,696,205,0,3.7471264367816093,6.0,696,4986.743163261549,4960.482224789522,26.26093847202819,77.9178619259617,0.004708846803235131,0.11772117008087828,7.357573130054893e-05,0.392181827510814,64
MAPPO,0,14464,225,226,-292.2748845491976,-4.566795071081213,0.7848244620611552,883,693,177,0,3.857142857142857,6.0,693,4630.975806400115,4604.335457106616,26.640349293498527,72.3589969750018,0.004361821950957422,0.10904554877393556,6.815346798370972e-05,0.39300759432085375,64
MAPPO,0,14528,226,227,-328.9235693281946,-5.139430770753041,0.7982646420824295,922,736,203,0,3.933423913043478,6.0,736,4998.522114833746,4970.4396735140335,28.082441319712718,78.10190804427728,0.004801242763133932,0.12003106907834829,7.501941817396768e-05,0.39562119665831763,64
MAPPO,0,14592,227,228,-377.57797699811636,-5.899655890595568,0.7620111731843575,895,682,208,0,3.7140762463343107,6.0,682,5423.627182986455,5398.241785580217,25.385397406236912,84.74417473416337,0.005152929076027724,0.1288232269006931,8.051451681293318e-05,0.3980136364500547,64
MAPPO,0,14656,228,229,-407.87905156904395,-6.373110180766312,0.7665929203539823,904,693,195,0,3.8484848484848486,6.0,693,5154.049529497556,5126.728859245058,27.32067025249808,80.53202389839932,0.0054952923697370966,0.13738230924342743,8.586394327714213e-05,0.39997556947529733,64
MAPPO,0,14720,229,230,-383.1695567439637,-5.987024324124433,0.7835587929240374,961,753,230,0,3.7768924302788847,6.0,753,5514.442053301021,5485.466103135891,28.975950165130357,86.16315708282845,0.005351486136056688,0.1337871534014172,8.361697087588576e-05,0.40195982254985035,64
MAPPO,0,14784,230,231,-324.8320451548468,-5.075500705544481,0.7670639219934995,923,708,219,0,3.7598870056497176,6.0,708,5180.174568577094,5152.776629684651,27.39793889244418,80.94022763401709,0.004674108626879356,0.11685271567198391,7.303294729498994e-05,0.4031782122196541,64
MAPPO,0,14848,231,232,-276.87776844646373,-4.326215131975996,0.7617521367521367,936,713,210,0,3.7279102384291725,6.0,713,5113.4904098329225,5086.880120159603,26.6102896733189,79.89828765363941,0.004217567874992884,0.1054391968748221,6.589949804676381e-05,0.40346800535146954,64
MAPPO,0,14912,232,233,-345.30697005857155,-5.3954214071651805,0.794577685088634,959,762,195,0,3.6942257217847767,6.0,762,5305.296833147769,5278.338582435963,26.958250711804705,82.89526301793389,0.005035413880703286,0.12588534701758217,7.867834188598885e-05,0.4034584325820982,64
MAPPO,0,14976,233,234,-362.046893867197,-5.656982716674953,0.813953488372093,946,770,192,0,3.6714285714285713,6.0,770,5673.010348321496,5646.734302093598,26.276046227892785,88.64078669252338,0.005225668742019529,0.13064171855048823,8.165107409405515e-05,0.40329856642846623,64
MAPPO,0,15040,234,235,-344.21051378456286,-5.378289277883795,0.7943632567849687,958,761,183,0,3.6044678055190538,6.0,761,5727.247575645813,5701.2348076461785,26.012767999635933,89.48824336946583,0.005036602901617915,0.12591507254044787,7.869692033777992e-05,0.4024241662460419,64
MAPPO,0,15104,235,236,-293.768516687284,-4.590133073238812,0.7924743443557583,877,695,197,0,3.631654676258993,6.0,695,4606.806852906592,4583.655214367185,23.15163853940455,71.9813570766655,0.004358671680552955,0.10896679201382387,6.810424500863992e-05,0.40115581589221694,64
MAPPO,0,15168,236,237,-363.66322464058726,-5.682237885009176,0.770746887966805,964,743,216,0,3.6406460296096905,6.0,743,5915.150257267324,5889.051132344828,26.099124922494013,92.42422276980194,0.005147575343298056,0.1286893835824514,8.043086473903213e-05,0.3997421516663455,64
MAPPO,0,15232,237,238,-261.4182771090025,-4.084660579828164,0.7730727470141151,921,712,198,0,3.688202247191011,6.0,712,5421.740644592505,5396.5597588745495,25.180885717954194,84.7146975717579,0.004076819800967556,0.1019204950241889,6.370030939011806e-05,0.39824408860211935,64
MAPPO,0,15296,238,239,-297.6503020525196,-4.650785969570618,0.7823275862068966,928,726,208,0,3.71900826446281,6.0,726,5197.04353908584,5170.585765598163,26.45777348767798,81.20380529821625,0.00445705171874481,0.11142629296862025,6.964143310538766e-05,0.39666768063715024,64
MAPPO,0,15360,239,240,-371.7685136544577,-5.808883025850902,0.7606837606837606,936,712,221,0,3.747191011235955,6.0,712,5859.751905428212,5832.635835338292,27.116070089923472,91.55862352231581,0.005149698953209004,0.1287424738302251,8.046404614389069e-05,0.39642677236358426,64
MAPPO,0,15424,240,241,-265.58039879931505,-4.149693731239298,0.7652838427947598,916,701,212,0,3.7475035663338088,6.0,701,4918.039960031155,4891.918319365706,26.12164066545052,76.8443743754868,0.004074580224153618,0.10186450560384044,6.366531600240028e-05,0.3962556332963956,64
MAPPO,0,15488,241,242,-420.80445412871927,-6.575069595761239,0.7712215320910973,966,745,229,0,3.7114093959731544,6.0,745,6529.877933013712,6502.398970455539,27.47896255817224,102.02934270333925,0.005709162673305874,0.14272906683264686,8.920566677040428e-05,0.39561740553251834,64
MAPPO,0,15552,242,243,-306.561952161594,-4.790030502524906,0.7758081334723671,959,744,208,0,3.736559139784946,6.0,744,5798.434913371489,5771.396246109161,27.038667262325212,90.60054552142951,0.004589247794044849,0.11473119485112124,7.170699678195077e-05,0.39516910856941956,64
MAPPO,0,15616,243,244,-362.9434394789191,-5.670991241858111,0.7656765676567657,909,696,217,0,3.8045977011494254,6.0,696,5702.792438432139,5675.907905482583,26.88453294955728,89.10613185050217,0.00502819043044263,0.12570476076106576,7.85654754756661e-05,0.3951873418503623,64
MAPPO,0,15680,244,245,-305.5052218606599,-4.773519091572811,0.7597061909758657,953,724,220,0,3.8687845303867405,6.0,724,5732.636989368755,5702.267550519273,30.369438849481917,89.5724529588868,0.004517159218085673,0.11292898045214184,7.058061278258865e-05,0.3943456382395676,64
MAPPO,0,15744,245,246,-273.6390966731052,-4.275610885517269,0.7821681864235056,987,772,225,0,3.9080310880829017,6.0,772,5582.745622668299,5552.101408373422,30.644214294876463,87.23040035419217,0.004309694879293718,0.10774237198234295,6.733898248896434e-05,0.3938476146440161,64
MAPPO,0,15808,246,247,-287.3193612500579,-4.489365019532155,0.7684563758389261,894,687,207,0,3.7947598253275108,6.0,687,4856.586787377991,4829.253641460143,27.333145917846632,75.8841685527811,0.0042633151233708935,0.10658287808427233,6.661429880267021e-05,0.3934669079362151,64
MAPPO,0,15872,247,248,-273.7952233666351,-4.278050365103674,0.7894179894179895,945,746,203,0,3.6474530831099194,6.0,746,5024.813782666101,4999.512992304533,25.300790361568232,78.51271535415783,0.004273935543438339,0.10684838858595848,6.678024286622405e-05,0.39309536214044016,64
MAPPO,0,15936,248,249,-261.46198505175056,-4.0853435164336025,0.7781456953642384,906,705,191,0,3.6156028368794324,6.0,705,4725.9695454574285,4700.477152783152,25.492392674277216,73.84327414777232,0.004067016942747803,0.10167542356869508,6.354713973043442e-05,0.3926936849788462,64
MAPPO,0,16000,249,250,-243.63312399458576,-3.8067675624154025,0.797945205479452,876,699,174,0,3.632331902718169,6.0,699,4807.9197077614035,4782.808030242898,25.111677518507502,75.12374543377193,0.003897117642993769,0.09742794107484423,6.0892463171777644e-05,0.39292868814448434,64
MAPPO,0,16064,250,251,-206.56555740403297,-3.227586834438015,0.7890625,896,707,191,0,3.6987270155586986,6.0,707,4511.777911571756,4485.84443474724,25.93347682451274,70.49652986830868,0.0035252183509376337,0.08813045877344085,5.5081536733400526e-05,0.3936807541037304,64
MAPPO,0,16128,251,252,-258.69247902708526,-4.042069984798207,0.8095238095238095,945,765,189,0,3.722875816993464,6.0,765,4933.346396270247,4906.9697635416405,26.376632728606,77.08353744172261,0.004186954541461166,0.10467386353652916,6.542116471033072e-05,0.3939019921076128,64
MAPPO,0,16192,252,253,-256.7515817958925,-4.01174346556082,0.7881002087682673,958,755,197,0,3.7867549668874174,6.0,755,5794.814820863066,5767.47508093971,27.33973992335873,90.54398157598541,0.004133111080650924,0.1033277770162731,6.45798606351707e-05,0.39412231920977514,64
MAPPO,0,16256,253,254,-226.76677015266756,-3.5432307836354306,0.7806122448979592,980,765,207,0,3.5359477124183005,6.0,765,5614.547727213281,5588.803464707157,25.744262506126077,87.72730823770752,0.0038458326215293106,0.09614581553823276,6.009113471139548e-05,0.39475104615619383,64
MAPPO,0,16320,254,255,-293.28937818821777,-4.582646534190903,0.8008752735229759,914,732,189,0,3.6543715846994536,6.0,732,5549.419013027517,5523.575415464011,25.843597563505064,86.70967207855496,0.004453843017185901,0.11134607542964753,6.95912971435297e-05,0.3962476247040711,64
MAPPO,0,16384,255,256,-202.80374329616242,-3.168808489002538,0.7947310647639956,911,724,185,0,3.649171270718232,6.0,724,5352.016846857713,5325.964950219878,26.051896637835355,83.62526323215177,0.0035362962323235033,0.08840740580808758,5.525462863005474e-05,0.3979595582293838,64
MAPPO,0,16448,256,257,-172.1225246238505,-2.689414447247664,0.8042986425339367,884,711,182,0,3.680731364275668,6.0,711,5158.611875320031,5133.760062073049,24.85181324697752,80.60331055187548,0.003201361813327904,0.08003404533319759,5.00212783332485e-05,0.399654064860108,64
MAPPO,0,16512,257,258,-226.83538491745395,-3.544302889335218,0.8058568329718004,922,743,181,0,3.519515477792732,6.0,743,4914.250767821634,4890.632797159047,23.617970662587485,76.78516824721304,0.0038265384679085778,0.09566346169771445,5.978966356107153e-05,0.4011353222373799,64
MAPPO,0,16576,258,259,-230.32566725715915,-3.5988385508931118,0.8117770767613038,951,772,176,0,3.435233160621762,6.0,772,6044.098426583402,6020.422153535597,23.676273047802624,94.43903791536566,0.003935112058188347,0.09837780145470866,6.148612590919292e-05,0.4024265875317635,64
MAPPO,0,16640,259,260,-262.6186438947248,-4.103416310855075,0.781183932346723,946,739,208,0,3.564276048714479,6.0,739,5876.684132406584,5852.0164216016055,24.667710804981557,91.82318956885287,0.004141549999531878,0.10353874998829694,6.471171874268559e-05,0.40464118629341606,64
MAPPO,0,16704,260,261,-236.90133688865728,-3.70158338888527,0.8041884816753927,955,768,188,0,3.7278645833333335,6.0,768,5703.464449800569,5677.178997857458,26.285451943107248,89.11663202813389,0.003979283167171477,0.09948207917928693,6.217629948705433e-05,0.405295571789979,64
MAPPO,0,16768,261,262,-291.31238583346544,-4.5517560286478975,0.7673216132368149,967,742,224,0,3.6576819407008085,6.0,742,6063.088324449652,6038.207130460945,24.881193988709313,94.73575506952581,0.004415550231774407,0.11038875579436017,6.89929723714751e-05,0.40614452190154615,64
MAPPO,0,16832,262,263,-315.61715555561807,-4.931518055556532,0.8155339805825242,927,756,169,0,3.4193121693121693,6.0,756,6065.999908569435,6043.444821391488,22.55508717795042,94.78124857139743,0.00475811703417345,0.11895292585433624,7.434557865896015e-05,0.4072037967651867,64
MAPPO,0,16896,263,264,-334.64536601741395,-5.228833844022093,0.7829787234042553,940,736,204,0,3.525815217391304,6.0,736,6003.810936672303,5979.643745693726,24.167190978578038,93.80954588550473,0.004859873752910248,0.12149684382275619,7.593552738922262e-05,0.407465546619046,64
MAPPO,0,16960,264,265,-224.4967168554007,-3.507761200865636,0.8035516093229744,901,724,175,0,3.5455801104972378,6.0,724,4689.6803308982535,4666.978330184031,22.702000714224248,73.27625517028521,0.0037645846857385415,0.09411461714346354,5.882163571466471e-05,0.4067968054538056,64
MAPPO,0,17024,265,266,-326.78003441662986,-5.105938037759842,0.772399588053553,971,750,214,0,3.536,6.0,750,5737.72529348349,5712.883070769609,24.842222713876158,89.65195771067953,0.004800128260985692,0.1200032065246423,7.500200407790144e-05,0.4058757290403747,64
MAPPO,0,17088,266,267,-278.68315453377016,-4.354424289590159,0.7936694021101993,853,677,186,0,3.583456425406204,6.0,677,5459.06374348577,5436.047008523654,23.016734962115184,85.29787099196515,0.00417832247291465,0.10445806182286625,6.528628863929141e-05,0.40464025741619225,64
MAPPO,0,17152,267,268,-246.9931250284272,-3.859267578569175,0.79841449603624,883,705,186,0,3.678014184397163,6.0,705,5104.690520837747,5079.852731604913,24.837789232834663,79.76078938808979,0.0039307766253491375,0.09826941563372843,6.141838477108027e-05,0.4030079959592311,64
MAPPO,0,17216,268,269,-221.01719599374815,-3.453393687402315,0.787847579814624,971,765,204,0,3.5986928104575164,6.0,765,5047.299358689775,5021.212104069536,26.087254620237616,78.86405247952773,0.003792314469143835,0.09480786172859587,5.925491358037242e-05,0.4020855901872043,64
MAPPO,0,17280,269,270,-283.2274091624246,-4.425428268162884,0.7880085653104925,934,736,188,0,3.7255434782608696,6.0,736,5840.4795255284935,5813.0996761158585,27.37984941263549,91.25749258638271,0.0043636402459942625,0.10909100614985656,6.818187884366035e-05,0.4011118490501038,64
MAPPO,0,17344,270,271,-347.9628021734405,-5.4369187839600075,0.7718715393133998,903,697,215,0,3.588235294117647,6.0,697,5414.27112271457,5389.411389086824,24.859733627744106,84.59798629241516,0.004883609064426115,0.12209022661065289,7.630639163165805e-05,0.3998360033623142,64
MAPPO,0,17408,271,272,-244.67842925952803,-3.8231004571801255,0.7808219178082192,949,741,198,0,3.6369770580296894,6.0,741,5697.915176008193,5672.3563814868485,25.55879452134176,89.02992462512802,0.0039804853502643,0.0995121337566075,6.219508359787969e-05,0.3995617393949793,64
MAPPO,0,17472,272,273,-289.2232192096068,-4.519112800150106,0.8128400435255713,919,747,178,0,3.7228915662650603,6.0,747,5599.090514939736,5573.023200426396,26.06731451333498,87.48578929593337,0.004460568765541855,0.11151421913854638,6.969638696159149e-05,0.39841566462349304,64
MAPPO,0,17536,273,274,-337.34004516942673,-5.270938205772293,0.7598752598752598,962,731,230,0,3.8002735978112177,6.0,731,5676.533141100346,5648.968770632189,27.5643704681588,88.69583032969291,0.00484210777188051,0.12105269429701275,7.565793393563297e-05,0.3973380964072971,64
MAPPO,0,17600,274,275,-344.9751956028699,-5.3902374312948425,0.7652947719688543,899,688,206,0,3.7747093023255816,6.0,688,5138.7395391408745,5112.052918191418,26.68662094945583,80.29280529907616,0.0048429373943823985,0.12107343485955996,7.567089678722498e-05,0.3962108271108862,64
MAPPO,0,17664,275,276,-439.9132262610387,-6.8736441603287295,0.762051282051282,975,743,223,0,3.80349932705249,6.0,743,6377.208478946646,6348.969253797441,28.239225149206316,99.64388248354135,0.00590329281220613,0.14758232030515325,9.223895019072078e-05,0.39495331729191896,64
MAPPO,0,17728,276,277,-231.97687713731364,-3.6246387052705256,0.7823204419889502,905,708,209,0,3.810734463276836,6.0,708,4518.185984585754,4491.21322743849,26.97275714726452,70.59665600915241,0.0037559703580800088,0.09389925895200021,5.868703684500014e-05,0.39449984914726277,64
MAPPO,0,17792,277,278,-337.1580044651404,-5.268093819767818,0.7481636935991606,953,713,223,0,3.9312762973352036,6.0,713,5707.422907558587,5677.854592028849,29.56831552974158,89.17848293060293,0.004804496193241428,0.1201124048310357,7.507025301939732e-05,0.39587267565925344,64
MAPPO,0,17856,278,279,-251.30513056930772,-3.926642665145433,0.7673649393605292,907,696,222,0,3.954022988505747,6.0,696,4716.038296257216,4687.594379099176,28.443917158040964,73.688098379019,0.0039061869266144725,0.09765467316536182,6.103417072835113e-05,0.39748660772179045,64
MAPPO,0,17920,279,280,-261.436734880937,-4.084948982514641,0.7834821428571429,896,702,187,0,3.7706552706552707,6.0,702,4448.0116204606065,4420.780529914757,27.231090545851597,69.50018156969698,0.004064380394886957,0.10160950987217392,6.35059436701087e-05,0.39857106379298846,64
MAPPO,0,17984,280,281,-360.00998186450306,-5.62515596663286,0.7353535353535353,990,728,252,0,3.8543956043956045,6.0,728,5504.622246332221,5473.652188289071,30.97005804315331,86.00972259894095,0.005032951378746247,0.12582378446865616,7.863986529291011e-05,0.3997433805259457,64
MAPPO,0,18048,281,282,-350.8193087925498,-5.481551699883591,0.7642706131078224,946,723,251,0,3.991701244813278,6.0,723,5270.675101208116,5239.428428478244,31.2466727298719,82.35429845637681,0.004930587996613364,0.1232646999153341,7.704043744708381e-05,0.40090057250523237,64
MAPPO,0,18112,282,283,-446.70258936730045,-6.9797279588640695,0.7442105263157894,950,707,232,0,3.835926449787836,6.0,707,6101.890457493346,6072.262972368924,29.62748512442349,95.34203839833353,0.005874871129449656,0.1468717782362414,9.179486139765088e-05,0.4008823416474053,64
MAPPO,0,18176,283,284,-352.85081273986015,-5.513293949060315,0.7722342733188721,922,712,216,0,3.769662921348315,6.0,712,5131.833293718136,5104.02909403203,27.804199686104567,80.18489521434587,0.004967431374975992,0.1241857843743998,7.761611523399987e-05,0.40211156195810993,64
MAPPO,0,18240,284,285,-446.8258834569826,-6.981654429015353,0.7776572668112798,922,717,207,0,3.7698744769874475,6.0,717,5611.074382642324,5584.053661642905,27.020720999420167,87.67303722878631,0.005928456735253133,0.1482114183813283,9.26321364883302e-05,0.40279825152058,64
MAPPO,0,18304,285,286,-364.3910837641664,-5.6936106838151,0.8045023696682464,844,679,172,0,3.748159057437408,6.0,679,4992.692730381285,4967.808527647622,24.88420273366292,78.01082391220758,0.005058430606323047,0.1264607651580762,7.903797822379762e-05,0.4030563301944666,64
MAPPO,0,18368,286,287,-255.32992957542476,-3.989530149616012,0.7794117647058824,952,742,196,0,3.7911051212938007,6.0,742,4710.916777568042,4682.53238481478,28.384392753260755,73.60807464950065,0.004087506341260876,0.1021876585315219,6.386728658220118e-05,0.4026941209881775,64
MAPPO,0,18432,287,288,-431.27119322672735,-6.738612394167615,0.7968421052631579,950,757,195,0,3.760898282694848,6.0,757,6372.371485991962,6345.4057129016355,26.96577309032535,99.5683044686244,0.005882426898975808,0.14706067247439522,9.1912920296497e-05,0.40318046201522917,64
MAPPO,0,18496,288,289,-285.11196518912465,-4.454874456080073,0.7745726495726496,936,725,215,0,3.740689655172414,6.0,725,5053.858978885533,5026.472860296202,27.386118589333392,78.96654654508646,0.0043232676858038265,0.10808169214509566,6.755105759068479e-05,0.40450655368226607,64
MAPPO,0,18560,289,290,-376.9574593916601,-5.889960302994689,0.7917981072555205,951,753,197,0,3.7104913678618856,6.0,753,5591.440681526757,5563.353750041583,28.086931485172105,87.36626064885557,0.005329128115998456,0.1332282028999614,8.326762681247588e-05,0.40608161869804704,64
MAPPO,0,18624,290,291,-371.1576130944577,-5.799337704600902,0.781390134529148,892,697,195,0,3.6556671449067433,6.0,697,5234.9225127423515,5209.736872828047,25.185639914302847,81.79566426159924,0.005142981635940029,0.12857454089850073,8.035908806156296e-05,0.4085415828921538,64
MAPPO,0,18688,291,292,-313.72516940549883,-4.901955771960919,0.7457805907172996,948,707,235,0,3.763790664780764,6.0,707,5146.941810262317,5118.1731227138125,28.768687548502253,80.4209657853487,0.00454254024645946,0.1135635061614865,7.097719135092906e-05,0.4113013220994436,64
MAPPO,0,18752,292,293,-266.5672047041648,-4.165112573502575,0.7884393063583816,865,682,183,0,3.7668621700879767,6.0,682,4662.950811498433,4637.440622788005,25.510188710429063,72.85860642966301,0.0040709839250481356,0.10177459812620339,6.360912382887712e-05,0.4125721052347985,64
MAPPO,0,18816,293,294,-413.83594913505374,-6.466186705235215,0.7769314472252449,919,714,207,0,3.6820728291316525,6.0,714,5622.318332262365,5594.596734789717,27.72159747264838,87.84872394159946,0.0055922731744478225,0.13980682936119557,8.737926835074723e-05,0.41331666039739373,64
MAPPO,0,18880,294,295,-350.1638186019855,-5.471309665656023,0.7478260869565218,920,688,222,0,3.7180232558139537,6.0,688,4804.13845032011,4778.110980722775,26.027469597334484,75.06466328625172,0.004874598681517325,0.12186496703793313,7.61656043987082e-05,0.41365944439711944,64
MAPPO,0,18944,295,296,-378.20356292866416,-5.909430670760377,0.7955465587044535,988,786,213,0,3.826972010178117,6.0,786,5982.598038763334,5952.937299935232,29.66073882810099,93.4780943556771,0.005403135528838926,0.13507838822097315,8.442399263810821e-05,0.41401373458949153,64
MAPPO,0,19008,296,297,-515.9482483091824,-8.061691379830975,0.7847295864262991,943,740,214,0,3.645945945945946,6.0,740,6125.766851186905,6098.93186141948,26.83498976742649,95.71510704979539,0.006664232933385368,0.1666058233346342,0.00010412863958414638,0.4139629670964942,64
MAPPO,0,19072,297,298,-397.45480075911144,-6.210231261861116,0.8046218487394958,952,766,185,0,3.677545691906005,6.0,766,5409.092559633923,5381.721191768596,27.371367865327795,84.51707124428005,0.005579509894506184,0.1394877473626546,8.717984210165913e-05,0.4136658027324971,64
MAPPO,0,19136,298,299,-339.9634760633834,-5.311929313490365,0.7709011943539631,921,710,203,0,3.604225352112676,6.0,710,4969.85536368215,4945.059477862479,24.795885819670463,77.65399005753359,0.00484984235229531,0.12124605880738275,7.577878675461422e-05,0.41316241566583345,64
MAPPO,0,19200,299,300,-438.10991794777533,-6.8454674679339895,0.7974683544303798,948,756,199,0,3.7314814814814814,6.0,756,5428.688207565742,5403.316355473091,25.371852092652055,84.82325324321472,0.005944439145794285,0.14861097864485712,9.28818616530357e-05,0.41216227240703057,64
MAPPO,0,19264,300,301,-386.27614605001776,-6.0355647820315275,0.8022099447513812,905,726,177,0,3.7520661157024793,6.0,726,5206.150278261997,5180.8263754079735,25.323902854023412,81.34609809784371,0.005380752435644339,0.13451881089110848,8.40742568069428e-05,0.411136092399773,64
MAPPO,0,19328,301,302,-475.39248399050393,-7.428007562351624,0.7914494264859229,959,759,199,0,3.6403162055335967,6.0,759,5233.283147045047,5207.1930489071365,26.090098137911358,81.77004917257887,0.006324881215853295,0.15812203039633238,9.882626899770774e-05,0.4097100255835837,64
MAPPO,0,19392,302,303,-486.73804825384883,-7.605282003966388,0.7855603448275862,928,729,204,0,3.5459533607681757,6.0,729,5748.972015129093,5723.86910572913,25.102909399960907,89.82768773639208,0.00635962363427338,0.1589905908568345,9.936911928552157e-05,0.4080328531223525,64
MAPPO,0,19456,303,304,-398.53353583462297,-6.227086497415984,0.7780126849894292,946,736,198,0,3.6385869565217392,6.0,736,5190.406565510411,5164.059057394892,26.34750811551689,81.10010258610018,0.005500972763174425,0.13752431907936064,8.59526994246004e-05,0.40696905991257754,64
MAPPO,0,19520,304,305,-425.148516227085,-6.642945566048203,0.8107810781078107,909,737,187,0,3.735413839891452,6.0,737,5645.915530405953,5620.6045433209365,25.310987085015007,88.21743016259302,0.005781929767387436,0.1445482441846859,9.034265261542868e-05,0.4069758479826753,64
MAPPO,0,19584,305,306,-317.6430565588917,-4.963172758732683,0.779463243873979,857,668,181,0,3.6332335329341316,6.0,668,4322.000903416968,4298.189611162159,23.811292254808162,67.53126411589012,0.0045533777856228645,0.11383444464057162,7.114652790035726e-05,0.40640861072540785,64
MAPPO,0,19648,306,307,-416.43088734946264,-6.506732614835354,0.8054110301768991,961,774,190,0,3.6511627906976742,6.0,774,5400.459555457528,5374.868319924008,25.59123553352107,84.38218055402388,0.005780252992894603,0.14450632482236508,9.031645301397817e-05,0.40549369812835423,64
MAPPO,0,19712,307,308,-371.71150952573146,-5.807992336339554,0.7762162162162162,925,718,209,0,3.767409470752089,6.0,718,5346.268361241917,5319.749255606169,26.519105635749032,83.53544314440495,0.005177623707278089,0.1294405926819522,8.090037042622014e-05,0.40495124728942944,64
MAPPO,0,19776,308,309,-277.3733618218351,-4.333958778466173,0.7628979143798024,911,695,209,0,3.6676258992805755,6.0,695,4416.785654337728,4392.9256906384535,23.859963699270917,69.012275849027,0.004177833715766546,0.10444584289416364,6.527865180885227e-05,0.4035816231805257,64
MAPPO,0,19840,309,310,-418.41255465046345,-6.537696166413491,0.8024691358024691,891,715,170,0,3.5622377622377623,6.0,715,5309.341749137649,5285.283713894952,24.058035242695375,82.95846483027576,0.0056828196644595225,0.14207049161148808,8.879405725718004e-05,0.40212169442142204,64
MAPPO,0,19904,310,311,-296.92253188290135,-4.639414560670334,0.7898789878987899,909,718,193,0,3.6657381615598887,6.0,718,5019.524320265739,4993.718573515255,25.80574675048194,78.43006750415218,0.0044504817843312875,0.11126204460828219,6.953877788017637e-05,0.40305180020431175,64
MAPPO,0,19968,311,312,-330.5539512151295,-5.164905487736398,0.7652838427947598,916,701,222,0,3.596291012838802,6.0,701,4437.100926740129,4411.75188888559,25.349037854537002,69.32970198031451,0.004711312337252564,0.1177828084313141,7.361425526957131e-05,0.4050089166552223,64
MAPPO,0,20032,312,313,-477.7154177708413,-7.464303402669396,0.7788944723618091,995,775,223,0,3.6658064516129034,6.0,775,6333.335283115518,6306.8323430835635,26.50294003195502,98.95836379867997,0.006356160035239608,0.1589040008809902,9.931500055061887e-05,0.4071638242492606,64
MAPPO,0,20096,313,314,-339.49029172583164,-5.304535808216119,0.7654723127035831,921,705,213,0,3.726241134751773,6.0,705,5014.265839472116,4988.180584583342,26.08525488877408,78.34790374175181,0.0048183737953955705,0.12045934488488927,7.528709055305579e-05,0.4088393807637637,64
MAPPO,0,20160,314,315,-331.91140830049983,-5.18611575469531,0.7566079295154186,908,687,202,0,3.7467248908296944,6.0,687,4855.023457677659,4830.1020519440535,24.92140573360482,75.85974152621343,0.004713249726933075,0.11783124317332687,7.364452698332929e-05,0.4095432030888845,64
MAPPO,0,20224,315,316,-293.28799098105105,-4.582624859078923,0.8035126234906695,911,732,191,0,3.808743169398907,6.0,732,5121.226765999626,5094.480198909692,26.74656708993465,80.01916821874416,0.004447407638264654,0.11118519095661636,6.949074434788522e-05,0.40948811560671117,64
MAPPO,0,20288,316,317,-322.0796209562678,-5.032494077441684,0.7632135306553911,946,722,208,0,3.662049861495845,6.0,722,5217.566596941287,5189.337217040635,28.22937990065162,81.5244780772076,0.004694903242001492,0.1173725810500373,7.335786315627331e-05,0.4099105303403349,64
MAPPO,0,20352,317,318,-406.2651970904684,-6.347893704538569,0.8148148148148148,918,748,191,0,3.787433155080214,6.0,748,6362.446916196693,6335.314118117623,27.13279807906631,99.41323306557332,0.005620430240187286,0.14051075600468216,8.781922250292634e-05,0.40971147651376216,64
MAPPO,0,20416,318,319,-267.99659383288144,-4.187446778638773,0.7816349384098544,893,698,202,0,3.683381088825215,6.0,698,5005.5605667648215,4980.163594983883,25.396971780937125,78.21188385570034,0.004103064175269587,0.10257660438173968,6.41103777385873e-05,0.4096476877280898,64
MAPPO,0,20480,319,320,-246.26632952046643,-3.847911398757288,0.7712264150943396,848,654,184,0,3.7752293577981653,6.0,654,4538.791633000399,4514.271481882872,24.52015111752414,70.91861926563124,0.003802360900523078,0.09505902251307695,5.941188907067309e-05,0.40846818121248857,64
MAPPO,0,20544,320,321,-267.01496712635645,-4.17210886134932,0.8182857142857143,875,716,166,0,3.624301675977654,6.0,716,4365.793235492472,4342.848328126067,22.944907366406248,68.21551930456988,0.004180051026566943,0.10450127566417357,6.531329729010848e-05,0.40587839800158654,64
MAPPO,0,20608,321,322,-235.85289517346536,-3.685201487085396,0.7636949516648764,931,711,217,0,3.7243319268635724,6.0,711,4614.090777115704,4587.875008754569,26.215768361135073,72.09516839243288,0.003794335142261595,0.09485837855653988,5.9286486597837424e-05,0.4037300536031311,64
MAPPO,0,20672,322,323,-346.6942996390316,-5.417098431859869,0.7884405670665212,917,723,197,0,3.6390041493775933,6.0,723,5794.856754710925,5770.8129474106845,24.043807300240857,90.5446367923582,0.004955192752982784,0.12387981882456961,7.7424886765356e-05,0.4027463118334659,64
MAPPO,0,20736,323,324,-314.3879402814114,-4.912311566897053,0.8093716719914803,939,760,179,0,3.607894736842105,6.0,760,5745.098683055884,5719.869114895149,25.22956816073554,89.76716692274819,0.004742981827736709,0.11857454569341773,7.410909105838608e-05,0.40338350930691946,64
MAPPO,0,20800,324,325,-468.6971344801275,-7.323392726251992,0.7723577235772358,984,760,212,0,3.7460526315789475,6.0,760,6290.862590019945,6262.724111467503,28.138478552444404,98.29472796906164,0.0062426196559153555,0.1560654913978839,9.754093212367743e-05,0.4041871447707619,64
MAPPO,0,20864,325,326,-271.8217419321609,-4.247214717690014,0.7695800227014756,881,678,222,0,3.687315634218289,6.0,678,4764.192718589109,4739.331054333837,24.861664255271457,74.44051122795483,0.004069243015554348,0.1017310753888587,6.358192211803669e-05,0.40444472922632657,64
MAPPO,0,20928,326,327,-176.75337654842713,-2.761771508569174,0.7740899357601713,934,723,189,0,3.7164591977869987,6.0,723,4350.0566917721935,4324.134402231615,25.922289540576298,67.96963580894052,0.003268716520699561,0.08171791301748901,5.107369563593064e-05,0.40325358477759254,64
MAPPO,0,20992,327,328,-261.93419897578866,-4.092721858996698,0.7892938496583144,878,693,191,0,3.919191919191919,6.0,693,4766.844248596966,4739.873656147742,26.970592449222906,74.4819413843276,0.004042349773451372,0.1010587443362843,6.316171521017769e-05,0.4013918637716429,64
MAPPO,0,21056,328,329,-261.2531565510349,-4.082080571109921,0.7952755905511811,889,707,183,0,3.727015558698727,6.0,707,5016.735652342111,4991.646744370835,25.08890797127773,78.38649456784549,0.0040804277529943485,0.10201069382485871,6.37566836405367e-05,0.400537197772737,64
MAPPO,0,21120,329,330,-277.45722703711107,-4.33526917245486,0.7982924226254002,937,748,197,0,3.7807486631016043,6.0,748,5294.301257906749,5268.070612083643,26.23064582310437,82.72345715479295,0.0043213860980021385,0.10803465245005346,6.752165778128341e-05,0.39901263312750634,64
MAPPO,0,21184,330,331,-288.08924842667113,-4.5013945066667365,0.7722165474974464,979,756,207,0,3.7208994708994707,6.0,756,5936.222140537803,5908.821116143284,27.40102439451795,92.75347094590317,0.004435562142622941,0.11088905356557352,6.930565847848345e-05,0.39810927830887716,64
MAPPO,0,21248,331,332,-301.5581585922767,-4.711846228004323,0.7926565874730022,926,734,190,0,3.683923705722071,6.0,734,5652.245317871552,5626.764522214324,25.480795657230445,88.316333091743,0.004537147726890225,0.11342869317225562,7.089293323265977e-05,0.39750554236828817,64
MAPPO,0,21312,332,333,-292.1125740960895,-4.564258970251398,0.7997835497835498,924,739,204,0,3.742895805142084,6.0,739,5638.397352491358,5611.938366662069,26.4589858292902,88.09995863267747,0.004439077630507055,0.11097694076267638,6.936058797667273e-05,0.39776370629354313,64
MAPPO,0,21376,333,334,-237.59549769884586,-3.7124296515444666,0.7776572668112798,922,717,203,0,3.7531380753138075,6.0,717,5893.798291526871,5867.040171112673,26.758120414198327,92.09059830510736,0.0038469272286331397,0.09617318071582849,6.010823794739281e-05,0.3983832213167061,64
MAPPO,0,21440,334,335,-246.40388134807148,-3.850060646063617,0.7833152762730228,923,723,194,0,3.7330567081604427,6.0,723,5574.979444541004,5548.4596714311165,26.519773109888693,87.10905382095319,0.003957920612998249,0.09894801532495621,6.184250957809764e-05,0.3994913312809596,64
MAPPO,0,21504,335,336,-202.42243976871129,-3.162850621386114,0.7600896860986547,892,678,216,0,3.6548672566371683,6.0,678,5185.487629289091,5159.678844972938,25.80878431615321,81.02324420764205,0.0033855018940325723,0.0846375473508143,5.289846709425894e-05,0.40049491103646273,64
MAPPO,0,21568,336,337,-169.61030670723983,-2.6501610423006223,0.7726315789473684,950,734,209,0,3.9019073569482288,6.0,734,4648.267799801161,4619.30874764146,28.959052159701013,72.62918437189315,0.003198246026780237,0.07995615066950593,4.99725941684412e-05,0.40016887974708726,64
MAPPO,0,21632,337,338,-250.74143425871108,-3.9178349102923606,0.7678958785249458,922,708,216,0,3.7387005649717513,6.0,708,5544.866947367097,5517.750177573573,27.116769793522522,86.63854605261089,0.003939645952328896,0.09849114880822239,6.1556968005139e-05,0.40038949577971933,64
MAPPO,0,21696,338,339,-226.0172370056793,-3.531519328213739,0.767342582710779,937,719,210,0,3.810848400556328,6.0,719,5476.367790745059,5448.581119492518,27.786671252543115,85.56824673039155,0.00372549238037515,0.09313730950937875,5.821081844336172e-05,0.40158417744801533,64
MAPPO,0,21760,339,340,-167.52712216431746,-2.6176112838174603,0.7889502762430939,905,714,206,0,3.7633053221288515,6.0,714,5011.078969687422,4985.033302399968,26.04566728745265,78.29810890136596,0.0031338809864789843,0.07834702466197462,4.896689041373413e-05,0.4019362503847681,64
MAPPO,0,21824,340,341,-259.83275184542833,-4.059886747584818,0.7991218441273326,911,728,187,0,3.6826923076923075,6.0,728,5306.620398149362,5280.898232142577,25.722166006786146,82.91594372108378,0.004110756171150461,0.10276890427876152,6.423056517422596e-05,0.4019733232579126,64
MAPPO,0,21888,341,342,-284.35771425652246,-4.443089285258163,0.7725752508361204,897,693,198,0,3.712842712842713,6.0,693,5415.297767909638,5389.396972211835,25.900795697802717,84.6140276235881,0.004259415995189239,0.10648539987973098,6.655337492483186e-05,0.4024393050789271,64
MAPPO,0,21952,342,343,-260.012869474432,-4.062701085538,0.7983453981385729,967,772,193,0,3.555699481865285,6.0,772,6140.4637654979815,6114.1430641537145,26.32070134426634,95.94474633590596,0.004213451822586559,0.10533629556466396,6.583518472791498e-05,0.40405464646778977,64
MAPPO,0,22016,343,344,-161.11396911893831,-2.517405767483411,0.8035294117647059,850,683,164,0,3.664714494875549,6.0,683,4241.23562223347,4217.248029772275,23.987592461195508,66.26930659739797,0.003046026226257618,0.07615065565644046,4.759415978527528e-05,0.4046060631303826,64
MAPPO,0,22080,344,345,-192.87562248534906,-3.013681601333579,0.786504424778761,904,711,203,0,3.828410689170183,6.0,711,4751.454567252748,4726.107836782994,25.346730469753762,74.2414776133242,0.0033862846552138925,0.08465711638034731,5.291069773771707e-05,0.40429774692985393,64
MAPPO,0,22144,345,346,-285.67028212107505,-4.463598158141798,0.7707423580786026,916,706,199,0,3.7138810198300285,6.0,706,5977.357288237609,5949.779108762443,27.57817947516619,93.39620762871265,0.0043040767656878165,0.10760191914219541,6.725119946387213e-05,0.4044070530029904,64
MAPPO,0,22208,346,347,-249.29260959661792,-3.895197024947155,0.7671641791044777,1005,771,223,0,3.7795071335927366,6.0,771,5554.739010087498,5525.220157072931,29.518853014563035,86.79279703261716,0.004067920700482671,0.10169801751206678,6.356126094504174e-05,0.4042918129489699,64
MAPPO,0,22272,347,348,-220.64999031876675,-3.4476560987307305,0.8094713656387665,908,735,192,0,3.779591836734694,6.0,735,5312.176767958519,5284.925491353943,27.251276604573384,83.00276199935186,0.003730190854976513,0.09325477137441283,5.828423210900802e-05,0.4038589551682405,64
MAPPO,0,22336,348,349,-200.22457334656593,-3.1285089585400927,0.7570621468926554,885,670,203,0,3.8417910447761194,6.0,670,4808.914117772818,4781.407854657924,27.50626311489583,75.13928309020028,0.0033592547708046795,0.08398136927011698,5.248835579382312e-05,0.40255506796310664,64
MAPPO,0,22400,349,350,-255.46072368167452,-3.9915738075261644,0.7897435897435897,975,770,204,0,3.838961038961039,6.0,770,5711.21702962716,5681.865482439332,29.351547187827645,89.23776608792437,0.004148963289590818,0.10372408223977045,6.482755139985653e-05,0.40099655256070693,64
MAPPO,0,22464,350,351,-247.82630181649262,-3.872285965882697,0.7667009249743063,973,746,233,0,4.03083109919571,6.0,746,5338.812747443201,5307.95236041249,30.86038703071104,83.41894917880002,0.003979382819827407,0.09948457049568518,6.217785655980324e-05,0.39954686779660453,64
MAPPO,0,22528,351,352,-208.05340009665514,-3.2508343765102365,0.782608695652174,897,702,190,0,3.8347578347578346,6.0,702,4732.850345316744,4705.825364405165,27.02498091157843,73.95078664557413,0.0035296504102187536,0.08824126025546884,5.5150787659668024e-05,0.39711832094641,64
MAPPO,0,22592,352,353,-280.6457233414938,-4.385089427210841,0.7815482502651113,943,737,210,0,3.8575305291723203,6.0,737,5331.209227847178,5302.488671430284,28.7205564168938,83.30014418511216,0.004312823630654176,0.1078205907663544,6.73878692289715e-05,0.39493324769738986,64
MAPPO,0,22656,353,354,-224.08056064233193,-3.5012587600364364,0.7688838782412627,887,682,211,0,3.9222873900293256,6.0,682,4594.658968355949,4566.511295635466,28.14767272048208,71.7915463805617,0.0036147473032051166,0.09036868258012791,5.6480426612579947e-05,0.39383225893868634,64
MAPPO,0,22720,354,355,-217.0947812200214,-3.392105956562834,0.737384140061792,971,716,253,0,3.7653631284916202,6.0,716,5193.775946270236,5163.881507915321,29.894438354915316,81.15274916047244,0.003575973947415557,0.08939934868538893,5.587459292836808e-05,0.3933694599901627,64
MAPPO,0,22784,355,356,-287.8195158371816,-4.4971799349559625,0.7757644394110985,883,685,206,0,3.8204379562043798,6.0,685,4922.893860771679,4895.555880963114,27.337979808565933,76.92021657455749,0.004264667011787439,0.10661667529468596,6.663542205917873e-05,0.39276103788467265,64
MAPPO,0,22848,356,357,-267.15591469214166,-4.1743111670647135,0.7650273224043715,915,700,203,0,3.7542857142857144,6.0,700,5042.721575135018,5016.134643837761,26.586931297256246,78.79252461148465,0.0040983947568000185,0.10245986892000046,6.403741807500029e-05,0.39268329480859415,64
MAPPO,0,22912,357,358,-322.62401403598466,-5.04100021931226,0.759453781512605,952,723,226,0,3.929460580912863,6.0,723,6086.3240375468895,6056.989121628981,29.33491591790687,95.09881308667015,0.00468402639360152,0.11710065984003801,7.318791240002375e-05,0.393244895635442,64
MAPPO,0,22976,358,359,-307.57903489989906,-4.805922420310923,0.7426067907995619,913,678,241,0,3.825958702064897,6.0,678,5211.987380740365,5184.626052771891,27.36132796847285,81.4373028240682,0.004403545797871012,0.11008864494677531,6.880540309173457e-05,0.394250384787685,64
MAPPO,0,23040,359,360,-302.0641394196865,-4.719752178432602,0.785097192224622,926,727,203,0,3.8486932599724897,6.0,727,5100.3626647839,5072.878091391824,27.484573392078296,79.69316663724844,0.004513280724032203,0.11283201810080506,7.052001131300317e-05,0.3942089764881207,64
MAPPO,0,23104,360,361,-305.0199086699652,-4.7659360729682065,0.7801268498942917,946,738,211,0,3.7981029810298104,6.0,738,5217.3029773744265,5189.728819572064,27.574157802361757,81.52035902147541,0.004557338958260174,0.11393347395650434,7.120842122281521e-05,0.3937826289413049,64
MAPPO,0,23168,361,362,-207.93951579874107,-3.249054934355329,0.7417989417989418,945,701,231,0,3.89586305278174,6.0,701,4526.045868697322,4496.938061800757,29.10780689656594,70.71946669839565,0.003476243998645077,0.08690609996612693,5.431631247882933e-05,0.39577467620499696,64
MAPPO,0,23232,362,363,-286.31289943992294,-4.473639053748796,0.7778981581798483,923,718,207,0,3.7757660167130918,6.0,718,4969.4926848124305,4942.789222621654,26.70346219077559,77.64832320019423,0.0043263047107703545,0.10815761776925886,6.759851110578679e-05,0.3981557295841318,64
MAPPO,0,23296,363,364,-292.2725195609096,-4.566758118139212,0.795142555438226,947,753,199,0,3.814077025232404,6.0,753,5269.893321798281,5242.278650698202,27.614671100079914,82.34208315309814,0.004479418301305621,0.11198545753264053,6.999091095790033e-05,0.39978460731459264,64
MAPPO,0,23360,364,365,-338.7943930724248,-5.293662391756637,0.767491926803014,929,713,212,0,3.8751753155680224,6.0,713,4998.065315949321,4969.110901599313,28.954414350006,78.09477056170815,0.004832777517922502,0.12081943794806255,7.551214871753909e-05,0.4000452681855752,64
MAPPO,0,23424,365,366,-232.65163287457565,-3.6351817636652446,0.770508826583593,963,742,224,0,3.8827493261455523,6.0,742,4780.137298113031,4751.378297061094,28.75900105193707,74.6896452830161,0.0038275142647955073,0.09568785661988768,5.98049103874298e-05,0.4003377197096518,64
MAPPO,0,23488,366,367,-233.57917642008874,-3.6496746315638866,0.7574421168687983,907,687,225,0,3.8427947598253276,6.0,687,4622.631937179583,4595.420255559708,27.211681619875257,72.22862401843098,0.0037063172812588927,0.09265793203147232,5.79112075196702e-05,0.39996719831483585,64
MAPPO,0,23552,367,368,-282.7034276223877,-4.417241056599808,0.7279569892473118,930,677,245,0,3.902511078286558,6.0,677,4883.516629785024,4853.525752008861,29.990877776163277,76.304947340391,0.004146058800998508,0.10365147002496271,6.478216876560169e-05,0.40019525443595794,64
MAPPO,0,23616,368,369,-335.8853893922858,-5.248209209254465,0.791578947368421,950,752,205,0,3.921542553191489,6.0,752,5387.440775005635,5357.902205335858,29.53856966977598,84.17876210946305,0.004906538584805611,0.12266346462014029,7.666466538758768e-05,0.4012539290945869,64
MAPPO,0,23680,369,370,-254.50316407888448,-3.97661193873257,0.7593643586833144,881,669,219,0,3.9252615844544096,6.0,669,4793.319765076792,4764.870796656678,28.448968420114937,74.89562132932487,0.0038777462104713977,0.09694365526178494,6.058978453861559e-05,0.40189836328659667,64
MAPPO,0,23744,370,371,-321.2011500947257,-5.018767970230089,0.7051416579223505,953,672,255,0,3.955357142857143,6.0,672,5117.884959978221,5085.690229466824,32.19473051139387,79.9669524996597,0.004507075923402988,0.1126768980850747,7.042306130317169e-05,0.40187692651195,64
MAPPO,0,23808,371,372,-305.2375368701319,-4.769336513595811,0.7794117647058824,884,689,206,0,3.863570391872279,6.0,689,5160.255220409973,5131.665664983753,28.58955542622045,80.62898781890583,0.00444794482281695,0.11119862057042375,6.949913785651484e-05,0.40217029437881685,64
MAPPO,0,23872,372,373,-249.17637455588536,-3.8933808524357087,0.768025078369906,957,735,220,0,3.8244897959183675,6.0,735,5468.568452275969,5439.433247298923,29.135204977050506,85.44638206681202,0.00398102746812958,0.0995256867032395,6.220355418952469e-05,0.4027760241016849,64
MAPPO,0,23936,373,374,-283.10949087979094,-4.423585794996733,0.7378435517970402,946,698,252,0,3.9469914040114613,6.0,698,5104.641206158083,5073.9677516332795,30.67345452480163,79.76001884622005,0.004193018347190955,0.10482545867977389,6.551591167485868e-05,0.40367955589347637,64
MAPPO,0,24000,374,375,-389.3478382681103,-6.083559972939224,0.7786177105831533,926,721,211,0,3.925104022191401,6.0,721,5796.999935410869,5768.77558553415,28.22434987671645,90.57812399079482,0.005358583972089763,0.13396459930224408,8.372787456390255e-05,0.4060885807934128,64
MAPPO,0,24064,375,376,-307.31977159126143,-4.80187143111346,0.7659804983748646,923,707,201,0,3.7185289957567185,6.0,707,5143.279061437793,5115.346723130474,27.932338307319135,80.36373533496551,0.004516977716518569,0.11292444291296422,7.057777682060263e-05,0.4076210903777694,64
MAPPO,0,24128,376,377,-226.22091580082733,-3.534701809387927,0.7779005524861878,905,704,219,0,3.8394886363636362,6.0,704,4423.232314064538,4396.102570562299,27.12974350223787,69.1130049072584,0.0036778117635913343,0.09194529408978336,5.74658088061146e-05,0.40914769599097733,64
MAPPO,0,24192,377,378,-328.05810860968126,-5.12590794702627,0.7918410041841004,956,757,186,0,3.6935270805812417,6.0,757,5436.875779804992,5409.578487095245,27.297292709749172,84.951184059453,0.004862095561787814,0.12155238904469534,7.597024315293459e-05,0.4096228853585764,64
MAPPO,0,24256,378,379,-267.84471728738094,-4.185073707615327,0.7537796976241901,926,698,229,0,3.7893982808022924,6.0,698,4658.995153423562,4631.35082334274,27.644330080820414,72.79679927224316,0.004068165084397885,0.10170412710994713,6.356507944371695e-05,0.41011203429143583,64
MAPPO,0,24320,379,380,-271.3579887129586,-4.239968573639978,0.7546346782988005,917,692,222,0,3.786127167630058,6.0,692,5119.664362976474,5092.546512857869,27.117850118602775,79.9947556715074,0.004099483595432558,0.10248708988581395,6.405443117863373e-05,0.4101265368848041,64
MAPPO,0,24384,380,381,-292.1722627519489,-4.565191605499201,0.7874449339207048,908,715,206,0,3.7748251748251747,6.0,715,5075.905173738207,5049.940532929538,25.964640808672257,79.31101833965948,0.004381705476249591,0.10954263690623976,6.846414806639985e-05,0.410138301615404,64
MAPPO,0,24448,381,382,-241.30897369069885,-3.7704527139171695,0.782791185729276,953,746,205,0,3.8083109919571045,6.0,746,4716.78675938186,4687.928149503461,28.858609878399964,73.69979311534156,0.003947450368926604,0.0986862592231651,6.167891201447818e-05,0.40970106589362565,64
MAPPO,0,24512,382,383,-327.60499926437876,-5.118828113505918,0.7647727272727273,880,673,202,0,3.6939078751857357,6.0,673,5265.782897985854,5240.698674807851,25.08422317800398,82.27785778102897,0.0046386491421236235,0.11596622855309059,7.247889284568162e-05,0.4091700253893513,64
MAPPO,0,24576,383,384,-293.3092881465967,-4.582957627290574,0.7624309392265194,905,690,219,0,3.765217391304348,6.0,690,4791.820643365875,4764.819063482053,27.00157988382355,74.8721975525918,0.004315637033451495,0.10789092583628737,6.74318286476796e-05,0.409678575754492,64
MAPPO,0,24640,384,385,-325.9684936524459,-5.093257713319467,0.7712215320910973,966,745,226,0,3.8174496644295304,6.0,745,5782.657201196664,5753.992813246271,28.664387950391795,90.35401876869787,0.0047639611220861,0.11909902805215249,7.44368925325953e-05,0.40999791886322035,64
MAPPO,0,24704,385,386,-330.1870850726166,-5.159173204259634,0.7399553571428571,896,663,221,0,3.6108597285067874,6.0,663,4990.462117337806,4964.705873697953,25.756243639853032,77.97597058340322,0.00461817042282415,0.11545426057060376,7.215891285662735e-05,0.40995868834456806,64
MAPPO,0,24768,386,387,-428.2514979688078,-6.691429655762622,0.7865528281750267,937,737,198,0,3.712347354138399,6.0,737,6092.7882871554275,6066.234346414005,26.553940741421595,95.19981698680355,0.005800098493372499,0.14500246233431247,9.06265389589453e-05,0.4097799999262466,64
MAPPO,0,24832,387,388,-317.84983834430557,-4.9664037241297745,0.8067520372526193,859,693,193,0,3.763347763347763,6.0,693,4617.777970006818,4592.918966647627,24.8590033591917,72.15278078135653,0.004599955859966719,0.11499889649916797,7.187431031197998e-05,0.4100419346303092,64
MAPPO,0,24896,388,389,-281.79480218929046,-4.4030437842076635,0.760655737704918,915,696,188,0,3.771551724137931,6.0,696,4965.026140794141,4937.761754131907,27.264386662235648,77.57853344990845,0.0042532851945393515,0.10633212986348378,6.645758116467737e-05,0.40991595440998135,64
MAPPO,0,24960,389,390,-335.39672549334205,-5.2405738358334695,0.7854889589905363,951,747,218,0,3.9062918340026775,6.0,747,5432.812174851903,5403.142386096758,29.66978875514513,84.88769023206099,0.004874993880497885,0.12187484701244712,7.617177938277945e-05,0.41084813562401745,64
MAPPO,0,25024,390,391,-346.7619788100271,-5.418155918906673,0.801255230125523,956,766,189,0,3.828981723237598,6.0,766,5304.641930621908,5275.983021044329,28.658909577577326,82.88503016596731,0.005066904520566375,0.12667261301415939,7.917038313384961e-05,0.4110554840585233,64
MAPPO,0,25088,391,392,-320.2620855554502,-5.004095086803909,0.7932535364526659,919,729,207,0,3.7338820301783264,6.0,729,4825.3067772376035,4798.557023986049,26.749753251555568,75.39541839433755,0.004693887010058104,0.1173471752514526,7.334198453215788e-05,0.41169870071257175,64
MAPPO,0,25152,392,393,-322.9549252530877,-5.046170707079495,0.7805907172995781,948,740,191,0,3.704054054054054,6.0,740,5060.307234378585,5033.1844153932025,27.12281898538298,79.0673005371654,0.00476333632554167,0.11908340813854175,7.44271300865886e-05,0.4116559386280678,64
MAPPO,0,25216,393,394,-341.4225495395468,-5.334727336555419,0.7860169491525424,944,742,201,0,3.797843665768194,6.0,742,5118.997815165384,5089.973742374768,29.024072790616426,79.98434086195913,0.0049424915291844534,0.12356228822961134,7.722643014350709e-05,0.41210543601107563,64
MAPPO,0,25280,394,395,-382.9156678998199,-5.983057310934686,0.752,1000,752,248,0,3.8789893617021276,6.0,752,6164.865952407631,6134.305171582915,30.560780824717167,96.32603050636924,0.005321781169943935,0.1330445292485984,8.315283078037399e-05,0.41215260108284973,64
MAPPO,0,25344,395,396,-411.53185159143925,-6.430185181116238,0.7857878475798146,971,763,205,0,3.7155963302752295,6.0,763,5816.727827410764,5789.447691308794,27.280136101968647,90.88637230329319,0.005686054499907093,0.14215136249767735,8.884460156104833e-05,0.4125085809747197,64
MAPPO,0,25408,396,397,-300.0597892062435,-4.688434206347555,0.7611056268509379,1013,771,243,0,3.9130998702983137,6.0,771,5428.9971093180675,5398.153569560961,30.843539757106726,84.8280798330948,0.0045478405814464475,0.11369601453616118,7.106000908510074e-05,0.41484433397813547,64
MAPPO,0,25472,397,398,-398.536619264893,-6.227134676013953,0.785097192224622,926,727,198,0,3.8266850068775793,6.0,727,5581.672366767838,5553.328152372623,28.34421439521441,87.21363073074747,0.005481245905618707,0.13703114764046767,8.56444672752923e-05,0.4171165604333459,64
MAPPO,0,25536,398,399,-307.8578244393678,-4.810278506865122,0.7839572192513369,935,733,198,0,3.8867667121418825,6.0,733,4956.576641557427,4929.04372637678,27.53291518064714,77.4465100243348,0.004589772731764508,0.1147443182941127,7.171519893382044e-05,0.41887266493439235,64
MAPPO,0,25600,399,400,-336.09842867233573,-5.251537948005246,0.7759562841530054,915,710,212,0,3.6901408450704225,6.0,710,4858.516582361561,4831.977273295157,26.539309066404712,75.91432159939939,0.004799301183281899,0.11998252958204747,7.498908098877967e-05,0.41997258409910077,64
MAPPO,0,25664,400,401,-332.69907948102434,-5.198423116891005,0.779379157427938,902,703,216,0,3.77524893314367,6.0,703,4905.459458050705,4878.413694505631,27.045763545073342,76.64780403204226,0.004741395723099922,0.11853489307749804,7.408430817343628e-05,0.42036263275426455,64
MAPPO,0,25728,401,402,-310.10236977683445,-4.845349527763038,0.7586933614330874,949,720,217,0,3.7930555555555556,6.0,720,5326.725423980632,5298.46023684646,28.265187134171548,83.23008474969737,0.004558086705625296,0.1139521676406324,7.122010477539525e-05,0.4201971731459973,64
MAPPO,0,25792,402,403,-376.7008536484828,-5.885950838257544,0.7628865979381443,970,740,225,0,3.747297297297297,6.0,740,5901.74272685476,5873.47127875517,28.271448099590774,92.21473010710562,0.005262385035452948,0.13155962588632372,8.222476617895232e-05,0.4201713713647727,64
MAPPO,0,25856,403,404,-320.5628870855254,-5.008795110711334,0.7839029768467475,907,711,195,0,3.7862165963431784,6.0,711,4981.164256107451,4953.451572186551,27.71268392090073,77.83069150167893,0.004665119157815871,0.11662797894539678,7.289248684087299e-05,0.41952384024442557,64
MAPPO,0,25920,404,405,-402.64538842709044,-6.291334194173288,0.8023887079261672,921,739,193,0,3.8687415426251692,6.0,739,5846.395764705854,5816.781361540177,29.614403165679484,91.34993382352897,0.005557588005906543,0.13893970014766358,8.683731259228974e-05,0.4176764191135417,64
MAPPO,0,25984,405,406,-305.11171288464675,-4.7673705138226055,0.7699115044247787,1017,783,215,0,3.867177522349936,6.0,783,5447.190581332819,5416.805882616009,30.384698716814537,85.1123528333253,0.004660814249639603,0.11652035624099008,7.28252226506188e-05,0.4158627959207808,64
MAPPO,0,26048,406,407,-206.97850628165378,-3.2340391606508403,0.7808988764044944,890,695,211,0,3.7280575539568344,6.0,695,3991.057490738106,3964.8957945398784,26.161696198228736,62.36027329278291,0.0034764826548808665,0.08691206637202166,5.432004148251354e-05,0.41359513065471987,64
MAPPO,0,26112,407,408,-257.3750255135171,-4.021484773648704,0.7575107296137339,932,706,202,0,3.7535410764872523,6.0,706,4605.87435074372,4577.995864196973,27.87848654674822,71.96678673037063,0.004014292790033743,0.10035731975084358,6.272332484427724e-05,0.4114625791493902,64
MAPPO,0,26176,408,409,-432.38012998067217,-6.755939530948003,0.7939590075512406,927,736,216,0,3.782608695652174,6.0,736,6232.770128584325,6203.744221503829,29.025907080493976,97.38703325913008,0.005820771257433982,0.14551928143584955,9.094955089740597e-05,0.4111929766838797,64
MAPPO,0,26240,409,410,-264.7816471144133,-4.137213236162708,0.7748049052396878,897,695,192,0,3.6949640287769783,6.0,695,5029.512093340985,5003.18500647169,26.32708686929575,78.5861264584529,0.0040763629636939545,0.10190907409234887,6.369317130771804e-05,0.4110928553175973,64
MAPPO,0,26304,410,411,-316.1420486810616,-4.939719510641588,0.7940528634361234,908,721,192,0,3.7281553398058254,6.0,721,6004.904510017214,5978.407696000305,26.496814016907553,93.82663296901897,0.004651243418949116,0.1162810854737279,7.267567842107994e-05,0.41093284861933754,64
MAPPO,0,26368,411,412,-241.1599128130677,-3.768123637704183,0.7472160356347439,898,671,208,0,3.7168405365126675,6.0,671,5390.059363143485,5362.574654811046,27.484708332436018,84.21967754911695,0.0037622785433628902,0.09405696358407226,5.878560224004516e-05,0.41057744451170947,64
MAPPO,0,26432,412,413,-277.7608133142903,-4.340012708035786,0.7956521739130434,920,732,204,0,3.9385245901639343,6.0,732,5602.616770493284,5573.53045361076,29.086316882524045,87.54088703895756,0.004280309346304264,0.1070077336576066,6.687983353600413e-05,0.4100500483272349,64
MAPPO,0,26496,413,414,-212.77441493013393,-3.3246002332833426,0.7799097065462754,886,691,195,0,3.898697539797395,6.0,691,4256.708295049732,4229.747240979214,26.9610540705165,66.51106711015207,0.003543423844297393,0.08858559610743483,5.536599756714676e-05,0.40824397357301184,64
MAPPO,0,26560,414,415,-389.99175115716207,-6.093621111830657,0.7714581178903827,967,746,218,0,3.923592493297587,6.0,746,5966.714485894048,5937.51091447351,29.203571420538157,93.2299138420945,0.005417782545886383,0.1354445636471596,8.465285227947474e-05,0.4068085500715598,64
MAPPO,0,26624,415,416,-376.7773557245881,-5.887146183196689,0.8014783526927138,947,759,195,0,3.7048748353096177,6.0,759,6061.298487344065,6034.531306621756,26.767180722306303,94.70778886475101,0.005344287780422294,0.13360719451055736,8.350449656909835e-05,0.40585284937181165,64
MAPPO,0,26688,416,417,-255.14640181789,-3.986662528404531,0.7639751552795031,966,738,210,0,3.731707317073171,6.0,738,5574.937344525454,5548.150032908179,26.787311617275094,87.10839600821022,0.0040604109668415204,0.10151027417103801,6.344392135689876e-05,0.4057308611427277,64
MAPPO,0,26752,417,418,-330.3281579728965,-5.161377468326508,0.8065194532071503,951,767,207,0,3.649282920469361,6.0,767,6539.619445669491,6512.380916190678,27.23852947881226,102.1815538385858,0.0048846561220081235,0.12211640305020309,7.632275190637693e-05,0.40638944660010645,64
MAPPO,0,26816,418,419,-212.349296432576,-3.317957756759,0.7840095465393795,838,657,168,0,3.9101978691019785,6.0,657,4936.723620840891,4910.833129418588,25.890491422302294,77.13630657563893,0.0034900750211032815,0.08725187552758204,5.453242220473877e-05,0.4065669791189671,64
MAPPO,0,26880,419,420,-205.05283441868025,-3.203950537791879,0.7739130434782608,920,712,195,0,3.9241573033707864,6.0,712,4952.627961086477,4923.725964357795,28.901996728682363,77.3848118919762,0.0035165736448661737,0.08791434112165435,5.4946463201033965e-05,0.40587121118679387,64
MAPPO,0,26944,420,421,-241.81468172841562,-3.778354402006494,0.8114035087719298,912,740,187,0,3.8405405405405406,6.0,740,5602.34563517849,5573.846676547542,28.498958630947435,87.5366505496639,0.0039601038719894914,0.09900259679973729,6.18766229998358e-05,0.4062828703439031,64
MAPPO,0,27008,421,422,-236.0978865061794,-3.6890294766590532,0.7854030501089324,918,721,200,0,3.7323162274618586,6.0,721,5162.27882863806,5136.171235032736,26.107593605321537,80.66060669746969,0.003842996568225625,0.09607491420564063,6.004682137852539e-05,0.40640866196168823,64
MAPPO,0,27072,422,423,-244.92400861884525,-3.826937634669457,0.7543323139653415,981,740,233,0,3.9351351351351354,6.0,740,5637.542134503419,5607.649630198863,29.89250430455876,88.08659585161593,0.003935846496702933,0.09839616241757332,6.149760151098333e-05,0.4066161262104434,64
MAPPO,0,27136,423,424,-191.20608119538647,-2.9875950186779137,0.7947598253275109,916,728,190,0,3.8324175824175826,6.0,728,4812.736168422731,4785.147176414015,27.5889920087181,75.19900263160517,0.0034243361796431728,0.08560840449107932,5.3505252806924575e-05,0.4055931980628234,64
MAPPO,0,27200,424,425,-203.8813878213876,-3.185646684709181,0.7970085470085471,936,746,197,0,3.8699731903485253,6.0,746,5475.28521642289,5447.789656713724,27.495559709165274,85.55133150660765,0.0035844074565290845,0.08961018641322711,5.6006366508266945e-05,0.4054328568238158,64
MAPPO,0,27264,425,426,-208.64210818888023,-3.2600329404512536,0.7668393782383419,965,740,217,0,3.710810810810811,6.0,740,4984.952633626071,4957.458119950904,27.494513675165894,77.88988490040735,0.003592725360383423,0.08981813400958558,5.613633375599098e-05,0.40542917878943807,64
MAPPO,0,27328,426,427,-200.78784401404266,-3.1373100627194166,0.7494714587737844,946,709,239,0,3.767277856135402,6.0,709,4718.391353487704,4689.440968352409,28.950385135295473,73.72486489824537,0.0034143737526949438,0.08535934381737359,5.3349589885858496e-05,0.40558466200153626,64
MAPPO,0,27392,427,428,-167.7264943204072,-2.6207264737563625,0.7505747126436781,870,653,231,0,3.909647779479326,6.0,653,4635.22115128133,4606.853772819519,28.367378461810908,72.42533048877078,0.002958501935790938,0.07396254839477345,4.6226592746733405e-05,0.40537274458252537,64
MAPPO,0,27456,428,429,-174.375656202374,-2.7246196281620936,0.7815699658703071,879,687,187,0,3.7903930131004366,6.0,687,4706.443759896862,4679.646967784069,26.796792112791582,73.53818374838846,0.0031602113068659376,0.07900528267164844,4.9378301669780275e-05,0.405130303336011,64
MAPPO,0,27520,429,430,-234.0363551883076,-3.656818049817306,0.7182377049180327,976,701,253,0,3.9529243937232525,6.0,701,5291.534049129972,5259.865566511391,31.668482618580324,82.68021951765581,0.0037088502114159027,0.09272125528539757,5.795078455337348e-05,0.40447382896916556,64
MAPPO,0,27584,430,431,-178.63898801267058,-2.791234187697978,0.7846836847946725,901,707,215,0,3.9405940594059405,6.0,707,4984.0925905579215,4955.624912511896,28.46767804602737,77.87644672746752,0.003217407785910836,0.0804351946477709,5.027199665485681e-05,0.40434877031844096,64
MAPPO,0,27648,431,432,-290.5531344908064,-4.53989272641885,0.7708333333333334,960,740,198,0,3.8635135135135137,6.0,740,5898.126874338163,5867.551811325572,30.575063012590913,92.1582324115338,0.004435260034597897,0.11088150086494744,6.930093804059215e-05,0.4041257841803636,64
MAPPO,0,27712,432,433,-243.79309938844733,-3.8092671779444895,0.7756202804746494,927,719,234,0,3.877607788595271,6.0,719,5503.621340623585,5475.084898508495,28.536442115090303,85.99408344724351,0.0038728958413704307,0.09682239603426077,6.051399752141298e-05,0.40351452628366835,64
MAPPO,0,27776,433,434,-157.36637730078903,-2.4588496453248285,0.7783964365256125,898,699,190,0,3.715307582260372,6.0,699,4380.41577005516,4354.227473279725,26.18829677543262,68.44399640711187,0.003015059760588102,0.07537649401470255,4.7110308759189095e-05,0.4025521056076035,64
MAPPO,0,27840,434,435,-190.27097200973535,-2.9729839376521148,0.7559912854030502,918,694,217,0,3.865994236311239,6.0,694,4974.739865814442,4945.6512105094,29.08865530504301,77.73031040335066,0.003299654836089842,0.08249137090224605,5.155710681390378e-05,0.4010588278850289,64
MAPPO,0,27904,435,436,-225.64625496740376,-3.525722733865684,0.78,900,702,207,0,3.6695156695156697,6.0,702,5166.371474069932,5139.95812161287,26.413352457062423,80.7245542823427,0.003684121459614236,0.0921030364903559,5.7564397806472435e-05,0.3993400551986136,64
MAPPO,0,27968,436,437,-210.36285939064152,-3.2869196779787737,0.7680084745762712,944,725,210,0,3.779310344827586,6.0,725,4660.900828123859,4633.4039237653,27.49690435856038,72.8265754394353,0.0035823339561713856,0.08955834890428464,5.59739680651779e-05,0.39726965448919477,64
MAPPO,0,28032,437,438,-188.93059634362487,-2.9520405678691386,0.7959413754227734,887,706,186,0,3.8512747875354107,6.0,706,4925.829428928399,4898.602559151682,27.226869776716367,76.96608482700623,0.0033514411696619426,0.08378602924154857,5.2366268275967853e-05,0.39479842346834493,64
MAPPO,0,28096,438,439,-197.4290631421578,-3.0848291115962154,0.7627856365614799,919,701,219,0,3.7289586305278175,6.0,701,4883.357232772454,4856.589727032304,26.76750574015109,76.3024567620696,0.0033850916240520438,0.0846272906013011,5.2892056625813184e-05,0.393338802550934,64
MAPPO,0,28160,439,440,-233.6560834999788,-3.6508763046871686,0.7680084745762712,944,725,206,0,3.717241379310345,6.0,725,5718.553561475014,5691.2065434004235,27.347018074591702,89.3523993980471,0.003819450047734943,0.09548625119337358,5.9678906995858485e-05,0.3919833928009868,64
MAPPO,0,28224,440,441,-152.5721932253755,-2.3839405191464924,0.7733473242392445,953,737,220,0,3.683853459972863,6.0,737,4855.792251628306,4829.455430463643,26.336821164662243,75.87175393169228,0.003019823930748725,0.07549559826871813,4.718474891794883e-05,0.39047702055594175,64
MAPPO,0,28288,441,442,-254.66002874762185,-3.9790629491815914,0.8021621621621622,925,742,207,0,3.77088948787062,6.0,742,5123.917170025384,5097.167932174661,26.7492378507198,80.06120578164662,0.00406991293166878,0.1017478232917195,6.359238955732468e-05,0.3894168640034623,64
MAPPO,0,28352,442,443,-228.65312724652927,-3.57270511322702,0.7897727272727273,880,695,183,0,3.677697841726619,6.0,695,5001.089754222458,4975.623986329256,25.46576789320114,78.14202740972591,0.003725130636084517,0.09312826590211293,5.820516618882058e-05,0.38855602696305813,64
MAPPO,0,28416,443,444,-222.61469225435326,-3.4783545664742697,0.7768508863399375,959,745,205,0,3.759731543624161,6.0,745,5074.674111507873,5046.513310863577,28.160800644299673,79.29178299231052,0.003757702275071286,0.09394255687678214,5.8714098047988843e-05,0.3873178879678092,64
MAPPO,0,28480,444,445,-246.20130548180242,-3.846895398153163,0.8100113765642776,879,712,171,0,3.7008426966292136,6.0,712,5345.006432272241,5319.553814250345,25.452618021895148,83.51572550425377,0.003956453831964671,0.09891134579911678,6.181959112444799e-05,0.3863671932968392,64
MAPPO,0,28544,445,446,-318.6052431148185,-4.978206923669039,0.775880469583778,937,727,210,0,3.7345254470426408,6.0,727,5850.149839821408,5822.960107925873,27.18973189553374,91.4085912472095,0.004667020375390279,0.11667550938475697,7.29221933654731e-05,0.3879942255045538,64
MAPPO,0,28608,446,447,-250.57514122231015,-3.915236581598596,0.7579062159214831,917,695,212,0,3.6517985611510793,6.0,695,4924.380936025576,4899.160889901269,25.220046124307803,76.94345212539963,0.003910720057961214,0.09776800144903036,6.110500090564397e-05,0.3905149825561687,64
MAPPO,0,28672,447,448,-277.37041087072066,-4.33391266985501,0.7891705069124424,868,685,189,0,3.781021897810219,6.0,685,4472.451148514044,4447.057625890576,25.393522623470314,69.88204919553193,0.004182631148617013,0.10456577871542531,6.535361169714083e-05,0.39297943848786554,64
MAPPO,0,28736,448,449,-323.89429861402647,-5.060848415844164,0.7687366167023555,934,718,208,0,3.7701949860724233,6.0,718,5811.609279175852,5784.815008876277,26.794270299576095,90.80639498712269,0.004702120176595775,0.11755300441489437,7.347062775930899e-05,0.39431215656972274,64
MAPPO,0,28800,449,450,-279.87268696109163,-4.373010733767057,0.7590618336886994,938,712,218,0,3.771067415730337,6.0,712,5313.841439895159,5286.623481622425,27.217958272733746,83.02877249836186,0.00423543657468675,0.10588591436716875,6.617869647948047e-05,0.39562290701881037,64
MAPPO,0,28864,450,451,-267.38323597445725,-4.1778630621008945,0.7875647668393783,965,760,222,0,3.942105263157895,6.0,760,5215.556167957963,5185.859087818383,29.697080139582138,81.49306512434318,0.004222508358854547,0.10556270897136366,6.597669310710229e-05,0.3961984814509668,64
MAPPO,0,28928,451,452,-231.50774874429203,-3.617308574129563,0.7926829268292683,902,715,191,0,3.848951048951049,6.0,715,4651.48963951109,4625.171005543965,26.318633967126495,72.67952561736078,0.0037920966620173207,0.09480241655043302,5.925151034402064e-05,0.39648724222065274,64
MAPPO,0,28992,452,453,-284.39037017923386,-4.443599534050529,0.7334004024144869,994,729,257,0,3.983539094650206,6.0,729,5536.286259583532,5504.553622592662,31.732636990868933,86.50447280599269,0.004274613987481034,0.10686534968702584,6.679084355439115e-05,0.3981585475216697,64
MAPPO,0,29056,453,454,-430.41468300370315,-6.725229421932862,0.7764589515331355,1011,785,227,0,3.8522292993630574,6.0,785,6179.887386023917,6149.918601907615,29.968784116299613,96.56074040662371,0.005903549931131515,0.14758874827828788,9.224296767392992e-05,0.400711071335503,64
MAPPO,0,29120,454,455,-451.66755268590236,-7.0573055107172245,0.7740628166160081,987,764,221,0,3.7657068062827226,6.0,764,6239.231488590668,6209.2958513248295,29.935637265838775,97.48799200922919,0.006073228916115714,0.15183072290289285,9.489420181430803e-05,0.4023765767899369,64
MAPPO,0,29184,455,456,-404.0332729607943,-6.313019890012411,0.7769709543568465,964,749,218,0,3.871829105473965,6.0,749,6375.529777887259,6345.840521719043,29.689256168212346,99.61765277948842,0.005562807062768455,0.13907017656921136,8.691886035575711e-05,0.4038045448726544,64
MAPPO,0,29248,456,457,-343.30678296941494,-5.364168483897108,0.7942122186495176,933,741,198,0,3.852901484480432,6.0,741,5169.625486171445,5141.233959942909,28.39152622853633,80.77539822142883,0.004961640020814963,0.12404100052037408,7.75256253252338e-05,0.4046672567576336,64
MAPPO,0,29312,457,458,-249.0024159784591,-3.8906627496634236,0.778751369112815,913,711,192,0,3.869198312236287,6.0,711,4428.506879241431,4399.66869372592,28.83818551551285,69.19541998814736,0.003954583170877497,0.09886457927193743,6.17903620449609e-05,0.40511662376649393,64
MAPPO,0,29376,458,459,-283.55244418289004,-4.430506940357657,0.8103070175438597,912,739,193,0,3.7239512855209744,6.0,739,4998.74691379669,4971.541437656749,27.205476139940615,78.10542052807328,0.004366654468863061,0.10916636172157654,6.822897607598533e-05,0.40572238441083774,64
MAPPO,0,29440,459,460,-252.9849729297265,-3.9528902020269765,0.7443365695792881,927,690,205,0,3.743478260869565,6.0,690,4603.84433641533,4576.843678006334,27.000658408998312,71.93506775648953,0.003929328519499767,0.09823321298749418,6.139575811718386e-05,0.4068309378035479,64
MAPPO,0,29504,460,461,-288.7055048847559,-4.511023513824311,0.7822318526543879,923,722,213,0,3.811634349030471,6.0,722,4954.764065084834,4928.309034009543,26.455031075290464,77.41818851695054,0.00435374015541314,0.1088435038853285,6.802718992833031e-05,0.4082070205010109,64
MAPPO,0,29568,461,462,-399.7404022593214,-6.245943785301897,0.779510022271715,898,700,191,0,3.642857142857143,6.0,700,4744.924362955475,4719.120714791145,25.80364816432969,74.1394431711793,0.005434680708963341,0.13586701772408352,8.49168860775522e-05,0.4084472249343448,64
MAPPO,0,29632,462,463,-275.58902025583416,-4.306078441497409,0.7646443514644351,956,731,228,0,3.744186046511628,6.0,731,4774.124080279885,4746.022955186319,28.101125093568783,74.5956887543732,0.004227356853789352,0.10568392134473381,6.605245084045863e-05,0.4086743593331994,64
MAPPO,0,29696,463,464,-341.9518139247799,-5.342997092574686,0.7963944856839873,943,751,186,0,3.6351531291611185,6.0,751,5024.691829015033,4999.85307827481,24.838750740223794,78.5108098283599,0.0049872282095966705,0.12468070523991677,7.792544077494798e-05,0.4083162623007226,64
MAPPO,0,29760,464,465,-297.8170416650372,-4.653391276016206,0.809575625680087,919,744,189,0,3.696236559139785,6.0,744,4729.986393114393,4704.272927510349,25.71346560404329,73.90603739241239,0.004525226962491168,0.1131306740622792,7.07066712889245e-05,0.4081588015431638,64
MAPPO,0,29824,465,466,-371.7845040326865,-5.809132875510727,0.7522222222222222,900,677,230,0,3.641063515509601,6.0,677,4869.161271390555,4843.7189925764405,25.442278814115085,76.08064486547742,0.005056597256911941,0.12641493142279853,7.900933213924908e-05,0.4066187597223856,64
MAPPO,0,29888,466,467,-297.08086892172304,-4.6418885769019225,0.7734864300626305,958,741,209,0,3.7624831309041835,6.0,741,4626.912491574372,4598.877887057861,28.034604516510015,72.29550768084957,0.004486225367445782,0.11215563418614455,7.009727136634034e-05,0.40539335163302015,64
MAPPO,0,29952,467,468,-330.2375274959674,-5.159961367124491,0.7481559536354057,949,710,223,0,3.7901408450704226,6.0,710,5065.1517176206535,5036.584860119335,28.566857501320722,79.14299558782271,0.0047259564737783585,0.11814891184445896,7.384306990278685e-05,0.40462443220534267,64
MAPPO,0,30016,468,469,-407.82749751623595,-6.372304648691187,0.7805864509605662,989,772,216,0,3.7409326424870466,6.0,772,5853.438475659582,5824.1866717290795,29.251803930501474,91.45997618218097,0.005659938015513391,0.14149845038783476,8.843653149239673e-05,0.40485697442466395,64
MAPPO,0,30080,469,470,-204.32487352041474,-3.1925761487564803,0.7713004484304933,892,688,214,0,3.739825581395349,6.0,688,4183.754713471149,4157.025191345864,26.72952212528644,65.37116739798671,0.0034271654797780817,0.08567913699445204,5.3549460621532526e-05,0.40495511497593323,64
MAPPO,0,30144,470,471,-360.54035889089346,-5.63344310767021,0.7762008733624454,916,711,210,0,3.9254571026722926,6.0,711,5625.74284323891,5596.960618250419,28.782224988487258,87.90223192560796,0.005048666542563858,0.12621666356409644,7.888541472756028e-05,0.4044200891413404,64
MAPPO,0,30208,471,472,-396.9625566926661,-6.202539948322908,0.782249742002064,969,758,209,0,3.825857519788918,6.0,758,5870.4658014137,5841.0677482449955,29.398053168701928,91.72602814708907,0.005526045249909798,0.13815113124774495,8.63444570298406e-05,0.4042976048491438,64
MAPPO,0,30272,472,473,-324.7285360724961,-5.073883376132752,0.7657082002129926,939,719,219,0,3.858136300417246,6.0,719,4997.115415116261,4967.75994693897,29.355468177291467,78.07992836119158,0.0046959990643921645,0.11739997660980411,7.337498538112757e-05,0.4051207238698253,64
MAPPO,0,30336,473,474,-312.55907564811776,-4.88373555700184,0.785876993166287,878,690,192,0,3.7376811594202897,6.0,690,4560.190641643061,4534.377436600142,25.813205042920575,71.25297877567283,0.0045413601691073275,0.11353400422768319,7.095875264230199e-05,0.40527319288386443,64
MAPPO,0,30400,474,475,-342.6934656904185,-5.354585401412789,0.761596548004315,927,706,224,0,3.7606232294617565,6.0,706,4656.8020550315605,4630.269610702783,26.532444328776513,72.76253210986813,0.004839843533258761,0.12099608833146902,7.562255520716814e-05,0.40524763773498473,64
MAPPO,0,30464,475,476,-277.26543905516326,-4.332272485236926,0.7610419026047565,883,672,204,0,3.681547619047619,6.0,672,4098.830863589108,4073.863823326009,24.967040263099257,64.04423224357981,0.004129472760459159,0.10323681901147896,6.452301188217435e-05,0.4043843141679655,64
MAPPO,0,30528,476,477,-248.78833860558782,-3.8873177907123098,0.7421171171171171,888,659,243,0,3.842185128983308,6.0,659,4260.572607042372,4233.690787626363,26.88181941600822,66.57144698503706,0.0037679782138423886,0.09419945534605971,5.887465959128732e-05,0.40351057209884905,64
MAPPO,0,30592,477,478,-298.9552663725059,-4.6711760370704045,0.7563218390804598,870,658,212,0,3.825227963525836,6.0,658,4468.970368651266,4441.981624192266,26.988744458997527,69.82766201017603,0.004303214545301417,0.10758036363253544,6.723772727033465e-05,0.4025392088432799,64
MAPPO,0,30656,478,479,-249.9179938683656,-3.9049686541932127,0.7526652452025586,938,706,212,0,3.9787535410764874,6.0,706,4803.160946917596,4773.418673564214,29.742273353378845,75.04938979558744,0.003929246868304205,0.09823117170760513,6.139448231725321e-05,0.4019597938999372,64
MAPPO,0,30720,479,480,-309.5706116358471,-4.837040806810111,0.7711771177117712,909,701,221,0,3.934379457917261,6.0,701,4932.978228717479,4905.245970372415,27.732258345065972,77.07778482371062,0.004500515222759686,0.11251288056899214,7.032055035562009e-05,0.40203879418392613,64
MAPPO,0,30784,480,481,-363.30861495646207,-5.67669710869472,0.7756613756613756,945,733,208,0,3.6330150068212825,6.0,733,5032.012905193445,5006.338723584377,25.674181609064963,78.62520164364757,0.005129024516766924,0.1282256129191731,8.014100807448318e-05,0.4031496191407986,64
MAPPO,0,30848,481,482,-246.31820244709826,-3.8487219132359103,0.7744874715261959,878,680,207,0,3.8132352941176473,6.0,680,4090.4751984376794,4063.3522319399312,27.12296649774723,63.91367497558874,0.0038363596239901886,0.09590899059975472,5.99431191248467e-05,0.40479766585689403,64
MAPPO,0,30912,482,483,-436.6846040024334,-6.823196937538022,0.7851690294438386,917,720,200,0,3.6486111111111112,6.0,720,5112.924519923307,5087.342289976232,25.58222994707663,79.88944562380168,0.005841889214693384,0.1460472303673346,9.127951897958413e-05,0.40630179866520233,64
MAPPO,0,30976,483,484,-270.0286049871198,-4.219196952923747,0.7618002195389681,911,694,213,0,3.632564841498559,6.0,694,4409.613877306723,4383.721321943321,25.89255536340088,68.90021683291755,0.004099390672974199,0.10248476682435496,6.405297926522185e-05,0.40734501063960205,64
MAPPO,0,31040,484,485,-312.9340198815089,-4.889594060648577,0.7411003236245954,927,687,228,0,3.7132459970887917,6.0,687,4701.553503928055,4674.19293847534,27.360565452714766,73.46177349887586,0.004492475438975529,0.11231188597438822,7.019492873399264e-05,0.40805096831099125,64
MAPPO,0,31104,485,486,-275.83607813643516,-4.309938720881799,0.7859569648924122,883,694,210,0,3.690201729106628,6.0,694,4309.684564658956,4285.021537093713,24.663027565242807,67.33882132279619,0.004161161334077915,0.10402903335194787,6.501814584496742e-05,0.40776703630384414,64
MAPPO,0,31168,486,487,-335.2087618344007,-5.237636903662511,0.7553793884484711,883,667,215,0,3.5472263868065967,6.0,667,4821.261141629594,4797.4481983707765,23.812943258818194,75.3322053379624,0.004684663183418037,0.11711657958545094,7.319786224090683e-05,0.4068489124176147,64
MAPPO,0,31232,487,488,-383.7511774191603,-5.9961121471743795,0.7518324607329843,955,718,225,0,3.735376044568245,6.0,718,5235.5811972168785,5208.063031003987,27.51816621289279,81.80595620651373,0.00527964520101505,0.13199113002537624,8.249445626586015e-05,0.4056079578615476,64
MAPPO,0,31296,488,489,-309.2819960275715,-4.832531187930805,0.7651282051282051,975,746,222,0,3.6742627345844503,6.0,746,5213.532374841703,5186.037842294627,27.49453254707586,81.46144335690161,0.004606377166611835,0.11515942916529587,7.197464322830992e-05,0.40435802901517726,64
MAPPO,0,31360,489,490,-387.0524975919982,-6.047695274874972,0.7847082494969819,994,780,228,0,3.7717948717948717,6.0,780,5621.799276867538,5592.742780988579,29.056495878956547,87.84061370105528,0.005456050959023627,0.13640127397559065,8.525079623474417e-05,0.4025541105705006,64
MAPPO,0,31424,490,491,-454.1686870411967,-7.096385735018698,0.7800650054171181,923,720,196,0,3.7555555555555555,6.0,720,6258.895694972147,6233.464284168764,25.43141080338536,97.7952452339398,0.006019055300502836,0.1504763825125709,9.404773907035681e-05,0.40112634455715446,64
MAPPO,0,31488,491,492,-264.3173029636764,-4.129957858807444,0.8090010976948409,911,737,183,0,3.659430122116689,6.0,737,4448.618001871841,4424.395053902845,24.222947968997225,69.50965627924752,0.004180663426840447,0.10451658567101117,6.532286604438198e-05,0.3989277612346276,64
MAPPO,0,31552,492,493,-345.20937300966654,-5.39389645327604,0.7655755015839493,947,725,210,0,3.7324137931034485,6.0,725,5401.084592391222,5375.074941672487,26.00965071873252,84.39194675611284,0.004931705362399581,0.12329263405998951,7.705789628749345e-05,0.3962742246422917,64
MAPPO,0,31616,493,494,-342.15746985894697,-5.346210466546046,0.7896405919661733,946,747,204,0,3.5234270414993305,6.0,747,5032.001596287026,5007.994551936085,24.007044350939935,78.62502494198478,0.0049583431940156695,0.12395857985039174,7.747411240649484e-05,0.39428905713704765,64
MAPPO,0,31680,494,495,-337.4847613846281,-5.273199396634814,0.7704026115342764,919,708,204,0,3.580508474576271,6.0,708,4680.4794290224545,4657.662968926019,22.8164600964389,73.13249107847585,0.004818836365078584,0.12047090912696459,7.529431820435287e-05,0.3928019261485637,64
MAPPO,0,31744,495,496,-341.0085592089892,-5.328258737640456,0.8150051387461459,973,793,180,0,3.6557377049180326,6.0,793,5381.242979210059,5354.865385139682,26.377594070376148,84.08192155015718,0.005088209390460291,0.12720523476150727,7.950327172594204e-05,0.3917034280041719,64
MAPPO,0,31808,496,497,-329.17876476367,-5.143418199432344,0.7778947368421053,950,739,213,0,3.722598105548038,6.0,739,4743.1328751327155,4717.706593033609,25.42628209910614,74.11145117394868,0.004799492015504726,0.11998730038761815,7.499206274226134e-05,0.39004329254360126,64
MAPPO,0,31872,497,498,-346.9592617506605,-5.421238464854071,0.7790339157245632,973,758,209,0,3.6015831134564644,6.0,758,5576.2180629955965,5551.1335373884685,25.0845256071279,87.1284072343062,0.00502611679580601,0.12565291989515026,7.853307493446891e-05,0.3886028075109396,64
MAPPO,0,31936,498,499,-274.07732554020043,-4.282458211565632,0.8032220943613348,869,698,184,0,3.554441260744986,6.0,698,5083.52426408624,5059.761626681605,23.762637404635843,79.4300666263475,0.004183978867845714,0.10459947169614285,6.537466981008928e-05,0.3875448462462418,64
MAPPO,0,32000,499,500,-348.42060502281527,-5.4440719534814885,0.744138634046891,981,730,247,0,3.673972602739726,6.0,730,6038.642808590991,6011.486144888952,27.156663702037477,94.35379388423424,0.004927425271491235,0.12318563178728087,7.699101986705055e-05,0.3863212668096772,64
IPPO,0,64,0,1,-105.97050496553055,-1.6557891400864149,0.7436464088397791,905,673,178,0,3.6448736998514115,6.0,673,4318.913538531626,4293.86915011759,25.044388414035076,67.48302403955665,0.002455832601791206,0.06139581504478015,3.8372384402987595e-05,0.3602091637438276,64
IPPO,0,128,1,2,-160.78729442727843,-2.5123014754262254,0.7833511205976521,937,734,211,0,3.619891008174387,6.0,734,5554.425607370789,5528.038351787308,26.38725558348184,86.78790011516858,0.0031096915273055806,0.07774228818263952,4.85889301141497e-05,0.35764045135324013,64
IPPO,0,192,2,3,-163.8415731454636,-2.5600245803978687,0.8072009291521487,861,695,162,0,3.720863309352518,6.0,695,5457.476882537888,5433.559994720384,23.91688781750393,85.2730762896545,0.0031063010190563243,0.07765752547640811,4.853595342275507e-05,0.35592352252761406,64
IPPO,0,256,3,4,-175.3954109153391,-2.7405532955521736,0.7904451682953312,921,728,188,0,3.7252747252747254,6.0,728,5415.497071268069,5388.989371303038,26.50769996503254,84.61714173856357,0.003268495122576803,0.08171237806442008,5.107023629026255e-05,0.3537941819280145,64
IPPO,0,320,4,5,-141.03409217159967,-2.203657690181245,0.7878787878787878,891,702,189,0,3.6695156695156697,6.0,702,4989.2063521266455,4963.2394581839735,25.96689394267153,77.95634925197884,0.0028622458101089003,0.07155614525272251,4.472259078295157e-05,0.35173886498113216,64
IPPO,0,384,5,6,-165.69108804508602,-2.588923250704469,0.8122866894197952,879,714,174,0,3.6176470588235294,6.0,714,5649.986083526904,5626.692213051485,23.293870475416607,88.28103255510787,0.003154730095695339,0.07886825239238347,4.929265774523967e-05,0.34966655965614235,64
IPPO,0,448,6,7,-202.22106668265207,-3.1597041669164385,0.813953488372093,946,770,175,0,3.6155844155844155,6.0,770,6233.54615442836,6208.894754219417,24.651400208941194,97.39915866294312,0.0036528982325544496,0.09132245581386124,5.7076534883663274e-05,0.34982056224943026,64
IPPO,0,512,7,8,-135.36499442663967,-2.115078037916245,0.7955082742316785,846,673,177,0,3.5898959881129273,6.0,673,4367.49226901743,4343.128346910717,24.363922106712604,68.24206670339734,0.0027501049001276436,0.06875262250319109,4.297038906449443e-05,0.3495867436086837,64
IPPO,0,576,8,9,-211.8219269829962,-3.3097176091093155,0.7924944812362031,906,718,190,0,3.6880222841225625,6.0,718,5980.841332290768,5954.4193769062285,26.421955384541672,93.45064581704325,0.003605771993143749,0.09014429982859372,5.6340187392871077e-05,0.3517986561341807,64
IPPO,0,640,9,10,-199.50790301467273,-3.1173109846042615,0.7807017543859649,912,712,199,0,3.7191011235955056,6.0,712,6241.675663629426,6215.414991838646,26.260671790779234,97.52618224420978,0.0034571003302492458,0.08642750825623115,5.4017192660144465e-05,0.3552963391487802,64
IPPO,0,704,10,11,-122.65578954100975,-1.9164967115782774,0.7687224669603524,908,698,197,0,3.840974212034384,6.0,698,4750.260251656629,4722.609571834675,27.6506798219525,74.22281643213483,0.0026588153221583943,0.06647038305395986,4.154398940872491e-05,0.3593050378909042,64
IPPO,0,768,11,12,-215.17238623516533,-3.3620685349244583,0.7866666666666666,900,708,194,0,3.7401129943502824,6.0,708,5637.780636541303,5611.408202733513,26.372433807789953,88.09032244595785,0.0036109814342134396,0.09027453585533599,5.6421584909584994e-05,0.3633983979829869,64
IPPO,0,832,12,13,-212.28896590895056,-3.3170150923273525,0.7637540453074434,927,708,226,0,3.805084745762712,6.0,708,5305.8773037962765,5278.637602342409,27.23970145386734,82.90433287181682,0.003542266281871253,0.08855665704678133,5.534791065423833e-05,0.36679620025581927,64
IPPO,0,896,13,14,-276.39224758940566,-4.318628868584463,0.7805383022774327,966,754,211,0,3.7944297082228116,6.0,754,6466.336405326502,6437.248206726231,29.088198600271916,101.0365063332266,0.004314213375353258,0.10785533438383145,6.740958398989466e-05,0.3714074082103341,64
IPPO,0,960,14,15,-261.02634178256585,-4.078536590352591,0.7736051502145923,932,721,216,0,3.8044382801664356,6.0,721,5542.604834128621,5514.739108750412,27.865725378208438,86.60320053325971,0.004072577218641694,0.10181443046604235,6.363401904127647e-05,0.3770046509808583,64
IPPO,0,1024,15,16,-270.0037121407395,-4.218808002199054,0.7925925925925926,945,749,188,0,3.9145527369826434,6.0,749,5878.0028908797885,5849.480970437755,28.521920442032197,91.8437951699967,0.004262071293480528,0.1065517823370132,6.659486396063325e-05,0.382385392980331,64
IPPO,0,1088,16,17,-335.9732983470136,-5.249582786672088,0.7673469387755102,980,752,208,0,3.845744680851064,6.0,752,6441.770627166603,6411.487909415995,30.282717750602067,100.65266604947817,0.00490609895041287,0.12265247376032175,7.66577961002011e-05,0.3880417807633476,64
IPPO,0,1152,17,18,-350.3016409308616,-5.473463139544712,0.8034934497816594,916,736,202,0,3.671195652173913,6.0,736,5928.6500655712925,5902.617996638152,26.03206893314278,92.63515727455145,0.005016730571191501,0.12541826427978753,7.83864151748672e-05,0.39315024483174327,64
IPPO,0,1216,18,19,-343.31498401448914,-5.364296625226393,0.7947598253275109,916,728,195,0,3.6868131868131866,6.0,728,5198.752405688374,5173.1920368959345,25.560368792441473,81.23050633888084,0.0049359524522401155,0.12339881130600289,7.71242570662518e-05,0.3969726289619071,64
IPPO,0,1280,19,20,-384.49754258158197,-6.007774102837218,0.8050660792951542,908,731,168,0,3.8522571819425444,6.0,731,6028.9244336294405,6000.843595003149,28.080838626291765,94.20194427546001,0.005389203181618311,0.13473007954045776,8.420629971278611e-05,0.40047482160275316,64
IPPO,0,1344,20,21,-228.84395871861494,-3.5756868549783585,0.7800429184549357,932,727,208,0,3.7592847317744154,6.0,727,5253.16766912249,5225.991208727958,27.176460394528938,82.08074483003891,0.003774760155520637,0.09436900388801593,5.898062743000995e-05,0.40455404637261705,64
IPPO,0,1408,21,22,-406.112897909971,-6.345514029843297,0.7692307692307693,975,750,221,0,3.86,6.0,750,6218.02090190693,6188.795266795463,29.22563511146467,97.15657659229578,0.005584851579245917,0.13962128948114794,8.726330592571745e-05,0.4081716589263338,64
IPPO,0,1472,22,23,-318.8804322297459,-4.98250675358978,0.7725788900979326,919,710,204,0,3.788732394366197,6.0,710,4707.128830374159,4678.760928563731,28.367901810429505,73.54888797459624,0.004636711586263545,0.11591778965658861,7.244861853536788e-05,0.41067266271183056,64
IPPO,0,1536,23,24,-273.0900133681238,-4.267031458876934,0.7744360902255639,931,721,200,0,3.9472954230235784,6.0,721,4850.332459838856,4820.6603235685925,29.67213627026413,75.78644468498213,0.0042109646150713465,0.10527411537678366,6.579632211048979e-05,0.4127309018420668,64
IPPO,0,1600,24,25,-368.11676016231434,-5.7518243775361615,0.780982905982906,936,731,219,0,3.926128590971272,6.0,731,5175.11862439323,5145.916908220619,29.201716172611274,80.86122850614422,0.005162205990492462,0.12905514976231156,8.065946860144472e-05,0.414331968842603,64
IPPO,0,1664,25,26,-382.53680747186036,-5.977137616747818,0.7833152762730228,923,723,197,0,3.8423236514522823,6.0,723,4983.381880160763,4956.053700465881,27.32817969488276,77.86534187751192,0.005314218771685272,0.1328554692921318,8.303466830758237e-05,0.4149063178130335,64
IPPO,0,1728,26,27,-366.5100993293876,-5.726720302021681,0.7581151832460733,955,724,217,0,3.8549723756906076,6.0,724,5279.517083690691,5250.131509615618,29.385574075070565,82.49245443266705,0.005130582248019338,0.12826455620048346,8.016534762530216e-05,0.4176256219077855,64
IPPO,0,1792,27,28,-410.4050329850953,-6.412578640392114,0.8,915,732,199,0,3.912568306010929,6.0,732,5446.090627616771,5418.072861999865,28.01776561690179,85.09516605651204,0.005610712735721521,0.14026781839303804,8.766738649564877e-05,0.42140707724997617,64
IPPO,0,1856,28,29,-396.2814417054561,-6.191897526647751,0.7866242038216561,942,741,202,0,3.8110661268556005,6.0,741,5214.884440162275,5186.753528322337,28.13091183993783,81.48256937753554,0.005487978576644904,0.1371994644161226,8.574966526007662e-05,0.4243914748115355,64
IPPO,0,1920,29,30,-409.229882367339,-6.3942169119896715,0.7618002195389681,911,694,221,0,3.8054755043227666,6.0,694,5254.198779833904,5227.152472692564,27.04630714134045,82.09685593490475,0.005482521770305778,0.13706304425764446,8.566440266102778e-05,0.4266798401977512,64
IPPO,0,1984,30,31,-407.4647190071074,-6.366636234486053,0.7821229050279329,895,700,186,0,3.665714285714286,6.0,700,4923.207035665221,4898.396143732997,24.810891932223825,76.92510993226908,0.005522125389969368,0.1380531347492342,8.628320921827137e-05,0.4282349590783008,64
IPPO,0,2048,31,32,-395.96235467564014,-6.186911791806877,0.7801724137931034,928,724,209,0,3.708563535911602,6.0,724,5194.860830762255,5168.5727904322985,26.28804032995892,81.16970048066024,0.005436871624828172,0.1359217906207043,8.495111913794019e-05,0.4300555517990938,64
IPPO,0,2112,32,33,-380.83097471866694,-5.950483979979171,0.782051282051282,936,732,207,0,3.860655737704918,6.0,732,5575.794842408736,5546.959768658475,28.835073750261486,87.1217944126365,0.005304059435363195,0.13260148588407988,8.287592867754992e-05,0.4320477607125802,64
IPPO,0,2176,33,34,-253.53871734330488,-3.9615424584891388,0.7375415282392026,903,666,227,0,3.7672672672672673,6.0,666,4671.789435307483,4645.553662113568,26.235773193914074,72.99670992667942,0.0038510787942442268,0.09627696985610568,6.0173106160066043e-05,0.4336406482515428,64
IPPO,0,2240,34,35,-403.87518248205237,-6.310549726282068,0.774054054054054,925,716,196,0,3.833798882681564,6.0,716,5815.200007750361,5787.5369741641125,27.663033586249956,90.86250012109939,0.005510137022322181,0.1377534255580545,8.609589097378407e-05,0.4349656740392447,64
IPPO,0,2304,35,36,-433.15456830544383,-6.76804012977256,0.7903743315508022,935,739,221,0,3.8633288227334237,6.0,739,5339.241057245223,5311.755128091743,27.485929153480598,83.4256415194566,0.005829380098847789,0.1457345024711947,9.10840640444967e-05,0.43523785351733735,64
IPPO,0,2368,36,37,-511.8852366576707,-7.998206822776105,0.7442094662638469,993,739,247,0,3.7415426251691475,6.0,739,5985.776443496818,5956.9012447062405,28.875198790574373,93.52775692963777,0.006583329089315561,0.164583227232889,0.00010286451702055564,0.4366783987319833,64
IPPO,0,2432,37,38,-361.6816273905297,-5.651275427977026,0.787746170678337,914,720,208,0,3.970833333333333,6.0,720,5233.0618528019495,5204.848609253382,28.2132435485658,81.76659145003046,0.0050837651214877865,0.12709412803719466,7.943383002324666e-05,0.43798240972659747,64
IPPO,0,2496,38,39,-441.4685079668343,-6.897945436981786,0.7749712973593571,871,675,191,0,3.668148148148148,6.0,675,5169.786652855827,5143.490723488807,26.29592936701744,80.7779164508723,0.005791308179008563,0.14478270447521407,9.04891902970088e-05,0.43862346696048893,64
IPPO,0,2560,39,40,-461.96218306361027,-7.2181591103689104,0.782791185729276,953,746,193,0,3.695710455764075,6.0,746,5845.203270379562,5818.276582755428,26.926687624138626,91.33130109968066,0.006166427960257061,0.1541606990064265,9.635043687901658e-05,0.43909606704277326,64
IPPO,0,2624,40,41,-551.6867314802239,-8.620105179378498,0.8031914893617021,940,755,186,0,3.667549668874172,6.0,755,6418.390213941624,6392.574421890911,25.815792050713505,100.28734709283788,0.007091981690700527,0.17729954226751318,0.00011081221391719573,0.4395780086752792,64
IPPO,0,2688,41,42,-456.08594222691545,-7.126342847295554,0.8035714285714286,896,720,179,0,3.6791666666666667,6.0,720,5192.8625356267075,5167.621295002018,25.241240624689862,81.1384771191673,0.006063840967697337,0.15159602419243343,9.47475151202709e-05,0.43960028355830055,64
IPPO,0,2752,42,43,-303.34036883223536,-4.739693263003677,0.7783842794759825,916,713,203,0,3.7251051893408134,6.0,713,4498.8046111224685,4472.14899997948,26.655611142990487,70.29382204878857,0.004490229532253485,0.11225573830633713,7.015983644146071e-05,0.4386578531344579,64
IPPO,0,2816,43,44,-289.28416710022367,-4.520065110940995,0.7817982456140351,912,713,204,0,3.7938288920056102,6.0,713,4514.756208942614,4488.148330250358,26.60787869225327,70.54306576472834,0.004348383591195203,0.10870958977988007,6.794349361242505e-05,0.437626054895073,64
IPPO,0,2880,44,45,-471.4560099312062,-7.366500155175097,0.7793667007150153,979,763,222,0,3.7326343381389253,6.0,763,5978.447761162915,5951.488513888503,26.9592472744119,93.41324626817055,0.006267688794064734,0.15669221985161835,9.793263740726146e-05,0.43672842545485446,64
IPPO,0,2944,45,46,-467.96722195762504,-7.311987843087891,0.7832618025751072,932,730,198,0,3.76027397260274,6.0,730,5912.0307982584645,5885.235406974252,26.795391284209117,92.37548122278851,0.006183613891326464,0.1545903472831616,9.6618967051976e-05,0.4355127902715248,64
IPPO,0,3008,46,47,-480.7939642848107,-7.512405691950168,0.8329694323144105,916,763,160,0,3.512450851900393,6.0,763,6092.628009273073,6068.922314429769,23.7056948433031,95.19731264489177,0.006435776019516143,0.16089440048790357,0.00010055900030493973,0.4349174174543762,64
IPPO,0,3072,47,48,-435.9281007241908,-6.8113765738154814,0.7963752665245203,938,747,173,0,3.5903614457831323,6.0,747,5645.801124290848,5621.6814604850815,24.119663805764574,88.2156425670445,0.005931385479896759,0.14828463699741895,9.267789812338685e-05,0.43504178832760904,64
IPPO,0,3136,48,49,-619.9242463359544,-9.686316348999288,0.8119747899159664,952,773,185,0,3.5329883570504528,6.0,773,6668.528608073791,6643.433554580756,25.095053493035085,104.19575950115298,0.007820950784337989,0.19552376960844972,0.00012220235600528107,0.43516881661969364,64
IPPO,0,3200,49,50,-330.21839988120416,-5.159662498143815,0.798216276477146,897,716,191,0,3.6620111731843576,6.0,716,4592.858262567899,4569.072918000999,23.78534456689871,71.76341035262342,0.00477937840131603,0.11948446003290075,7.467778752056297e-05,0.43475442938283887,64
IPPO,0,3264,50,51,-505.6460231751381,-7.900719112111533,0.7722457627118644,944,729,192,0,3.567901234567901,6.0,729,5829.411003022884,5805.387831630176,24.023171392708857,91.08454692223256,0.006561996434395633,0.16404991085989082,0.00010253119428743176,0.43309961654414597,64
IPPO,0,3328,51,52,-630.4306201007923,-9.85047843907488,0.7867965367965368,924,727,203,0,3.5281980742778543,6.0,727,6403.505459517551,6380.000999235926,23.504460281626454,100.05477280496173,0.0077909255901835745,0.19477313975458938,0.00012173321234661835,0.4328329507338222,64
IPPO,0,3392,52,53,-425.00696235685155,-6.640733786825805,0.7864806866952789,932,733,206,0,3.7148703956343794,6.0,733,5078.293385970848,5052.146033398006,26.147352572839303,79.3483341557945,0.005749912472348517,0.14374781180871293,8.984238238044558e-05,0.43178931341287896,64
IPPO,0,3456,53,54,-474.52596135027716,-7.414468146098081,0.7841726618705036,973,763,200,0,3.747051114023591,6.0,763,5693.462025116774,5666.777431343769,26.684593773006384,88.9603441424496,0.006322219371780646,0.15805548429451616,9.878467768407259e-05,0.42976592046367346,64
IPPO,0,3520,54,55,-493.1893848971206,-7.706084139017509,0.7871396895787139,902,710,196,0,3.6577464788732392,6.0,710,5705.138858836686,5679.7782410114305,25.36061782525844,89.14279466932322,0.006387331916174893,0.15968329790437233,9.980206119023271e-05,0.4276647171313006,64
IPPO,0,3584,55,56,-458.7841820515597,-7.16850284455562,0.7544596012591815,953,719,236,0,3.655076495132128,6.0,719,6236.585742918643,6210.471322056612,26.11442086203097,97.44665223310379,0.006015407378280814,0.15038518445702034,9.399074028563772e-05,0.42509666983458794,64
IPPO,0,3648,56,57,-500.5457854166845,-7.8210278971356955,0.7797131147540983,976,761,224,0,3.647831800262812,6.0,761,6014.647286495305,5986.836854348884,27.810432146420748,93.97886385148914,0.006548890251031763,0.16372225627579406,0.0001023264101723713,0.42371295395313957,64
IPPO,0,3712,57,58,-407.7981777715472,-6.371846527680425,0.7843986998916577,923,724,200,0,3.6671270718232045,6.0,724,5521.035254815527,5495.296228820036,25.739025995491254,86.26617585649261,0.005565193308136057,0.13912983270340143,8.695614543962589e-05,0.4225461941068732,64
IPPO,0,3776,58,59,-362.79708380217176,-5.668704434408934,0.7878440366972477,872,687,175,0,3.614264919941776,6.0,687,4963.990070943713,4940.155993332791,23.834077610923263,77.56234485849552,0.005056863929181441,0.12642159822953603,7.901349889346002e-05,0.42060021689863614,64
IPPO,0,3840,59,60,-419.83334136751915,-6.559895958867487,0.7914438502673797,935,740,201,0,3.764864864864865,6.0,740,5476.102735731703,5450.025674166044,26.077061565657953,85.56410524580787,0.005720001575924272,0.14300003939810682,8.937502462381676e-05,0.4197769677405292,64
IPPO,0,3904,60,61,-465.89292192887865,-7.279576905138729,0.8027426160337553,948,761,194,0,3.7148488830486204,6.0,761,6030.797773937683,6004.382977255695,26.414796681989934,94.2312152177763,0.006241196241730537,0.15602990604326342,9.751869127703964e-05,0.4188158293337737,64
IPPO,0,3968,61,62,-433.3279978718143,-6.770749966747099,0.7766666666666666,900,699,195,0,3.6824034334763946,6.0,699,5411.623379218103,5385.882185514663,25.741193703439233,84.55661530028286,0.00576566737869641,0.14414168446741024,9.00885527921314e-05,0.4180761175877453,64
IPPO,0,4032,62,63,-328.3342614470152,-5.130222835109612,0.7922077922077922,924,732,189,0,3.7008196721311477,6.0,732,4767.807798953482,4742.319859752684,25.487939200798213,74.49699685864816,0.004801660566756201,0.12004151416890503,7.502594635556564e-05,0.41684731172491096,64
IPPO,0,4096,63,64,-338.1693541127444,-5.283896158011631,0.7730263157894737,912,705,207,0,3.767375886524823,6.0,705,4936.231167343111,4909.430558878903,26.800608464209926,77.12861198973611,0.004812861192965874,0.12032152982414684,7.520095614009178e-05,0.416570939576307,64
IPPO,0,4160,64,65,-296.60342640049583,-4.634428537507747,0.7866666666666666,900,708,193,0,3.75,6.0,708,5031.662030498669,5005.494092019254,26.167938479414527,78.6197192265417,0.004422085875718245,0.11055214689295613,6.909509180809758e-05,0.41579613724520975,64
IPPO,0,4224,65,66,-381.9387943526425,-5.967793661760039,0.7921348314606742,890,705,196,0,3.594326241134752,6.0,705,5282.655369407921,5258.466082399205,24.189287008716924,82.54149014699877,0.005265739222498838,0.13164348056247097,8.227717535154435e-05,0.41477189655136815,64
IPPO,0,4288,66,67,-363.80605943188004,-5.684469678623126,0.7620578778135049,933,711,208,0,3.7679324894514767,6.0,711,5318.090046308132,5291.044098673894,27.04594763423608,83.09515697356456,0.005082095823627027,0.12705239559067566,7.94077472441723e-05,0.41403790395868234,64
IPPO,0,4352,67,68,-429.2788418677857,-6.707481904184151,0.7856388595564942,947,744,199,0,3.693548387096774,6.0,744,6057.973637421707,6031.276470989819,26.697166431887975,94.65583808471418,0.005828268141683736,0.1457067035420934,9.106668971380838e-05,0.41236582328127147,64
IPPO,0,4416,68,69,-296.47953062570207,-4.632492666026595,0.8183831672203765,903,739,177,0,3.648173207036536,6.0,739,4707.209234944991,4682.985004751578,24.224230193411955,73.55014429601549,0.004516251858280034,0.11290629645700084,7.056643528562553e-05,0.41041332845513046,64
IPPO,0,4480,69,70,-460.6518130428978,-7.197684578795278,0.7962037962037962,1001,797,193,0,3.461731493099122,6.0,797,6663.343945134159,6638.408238690301,24.93570644385645,104.11474914272124,0.0062766892309843,0.15691723077460748,9.807326923412968e-05,0.40769481754571146,64
IPPO,0,4544,70,71,-395.9745780251136,-6.1871027816424,0.7737373737373737,990,766,220,0,3.617493472584856,6.0,766,6512.811635000644,6485.61854492814,27.19309007250478,101.76268179688506,0.0055235632206490646,0.13808908051622662,8.630567532264163e-05,0.4058425626136303,64
IPPO,0,4608,71,72,-371.7401736272746,-5.808440212926166,0.7924921793534933,959,760,212,0,3.718421052631579,6.0,760,5752.453818492874,5726.206400601396,26.247417891479795,89.88209091395116,0.005275933918427687,0.1318983479606922,8.243646747543261e-05,0.4037692408333549,64
IPPO,0,4672,72,73,-354.46089048803714,-5.53845141387558,0.7946808510638298,940,747,177,0,3.7349397590361444,6.0,747,5745.255161186502,5719.201221623222,26.053939563281148,89.76961189353909,0.005115921866065644,0.12789804665164112,7.99362791572757e-05,0.4015161411631655,64
IPPO,0,4736,73,74,-245.46577869395998,-3.8354027920931246,0.770345596432553,897,691,216,0,3.638205499276411,6.0,691,5056.15422832724,5030.802534399023,25.35169392821729,79.00240981761313,0.0038443325458729053,0.09610831364682264,6.0067696029264145e-05,0.40002122641614596,64
IPPO,0,4800,74,75,-382.6796173126705,-5.979369020510476,0.7730569948186529,965,746,218,0,3.8056300268096517,6.0,746,5750.026734381346,5720.916615969173,29.110118412174124,89.84416772470853,0.005343362192773667,0.13358405481934166,8.349003426208854e-05,0.3993257129820278,64
IPPO,0,4864,75,76,-298.5286135814976,-4.6645095872109,0.7649527806925498,953,729,224,0,3.8230452674897117,6.0,729,5574.380970485034,5545.468973756334,28.911996728701617,87.09970266382865,0.004456092573176983,0.11140231432942459,6.962644645589036e-05,0.39864930725134695,64
IPPO,0,4928,76,77,-274.5019351765327,-4.289092737133323,0.7912772585669782,963,762,206,0,3.8346456692913384,6.0,762,5607.912445156955,5578.068172047215,29.844273109738435,87.62363195557742,0.0043180607699708695,0.10795151924927174,6.746969953079484e-05,0.39822153033066715,64
IPPO,0,4992,77,78,-332.4876492292573,-5.195119519207145,0.7885032537960954,922,727,193,0,3.7290233837689133,6.0,727,5604.031930625913,5576.755500354584,27.2764302713295,87.5629989160299,0.0048293591368432105,0.12073397842108026,7.545873651317516e-05,0.39761708619254177,64
IPPO,0,5056,78,79,-285.28189356386184,-4.457529586935341,0.7457983193277311,952,710,228,0,3.6901408450704225,6.0,710,5747.803545626814,5720.17735506434,27.626190562469468,89.80943040041898,0.004273937098519328,0.1068484274629832,6.67802671643645e-05,0.39793281820095794,64
IPPO,0,5120,79,80,-407.2931955458196,-6.363956180403431,0.7611940298507462,938,714,232,0,3.753501400560224,6.0,714,6019.620909395613,5992.115832937811,27.505076457802453,94.05657670930646,0.005498197042879304,0.1374549260719826,8.590932879498913e-05,0.39865418021771476,64
IPPO,0,5184,80,81,-324.5371253281863,-5.070892583252911,0.7906724511930586,922,729,192,0,3.6872427983539096,6.0,729,5774.285147345442,5749.620269361355,24.664877984086804,90.22320542727253,0.00475562137655632,0.118890534413908,7.43065840086925e-05,0.3985990341564202,64
IPPO,0,5248,81,82,-308.7841394238302,-4.824752178497347,0.7876200640341515,937,738,210,0,3.6463414634146343,6.0,738,5333.470343111102,5308.10898496259,25.361358148513318,83.33547411111097,0.004595332226980793,0.11488330567451983,7.18020660465749e-05,0.39888915877974496,64
IPPO,0,5312,82,83,-255.51479211987498,-3.9924186268730466,0.7989949748743719,995,795,201,0,3.5257861635220125,6.0,795,5183.423145175111,5157.964024759618,25.459120415492503,80.99098664336111,0.004211655127520435,0.10529137818801088,6.58071113675068e-05,0.3996147618543916,64
IPPO,0,5376,83,84,-162.35447010716362,-2.5367885954244316,0.7732300884955752,904,699,201,0,3.676680972818312,6.0,699,4200.997263023319,4175.212605491506,25.784657531811227,65.64058223473936,0.0030520865646482824,0.07630216411620706,4.768885257262941e-05,0.40015263543154606,64
IPPO,0,5440,84,85,-242.77837855293365,-3.793412164889588,0.7957219251336899,935,744,193,0,3.5591397849462365,6.0,744,4823.4371403518935,4799.754172041442,23.682968310450818,75.36620531799834,0.003971723730719397,0.09929309326798492,6.205818329249058e-05,0.4014879873705856,64
IPPO,0,5504,85,86,-292.34871650802825,-4.567948695437941,0.805464480874317,915,737,169,0,3.5237449118046134,6.0,737,5664.881259407305,5641.395676263489,23.485583143817074,88.51376967823914,0.004479609041006311,0.11199022602515778,6.999389126572361e-05,0.40314242692038627,64
IPPO,0,5568,86,87,-302.5635465753138,-4.727555415239278,0.82281284606866,903,743,171,0,3.3956931359353972,6.0,743,6010.686203361523,5988.416921298749,22.26928206277778,93.9169719275238,0.004594865888229417,0.11487164720573542,7.179477950358464e-05,0.4060498223110216,64
IPPO,0,5632,87,88,-287.8055160068227,-4.496961187606605,0.8155650319829424,938,765,176,0,3.4418300653594773,6.0,765,6060.7721407020335,6039.081541959222,21.690598742815038,94.69956469846927,0.00449261551513776,0.112315387878444,7.01971174240275e-05,0.4097995678232317,64
IPPO,0,5696,88,89,-278.09798619094823,-4.345281034233566,0.7955271565495208,939,747,190,0,3.497991967871486,6.0,747,5945.305124614038,5922.018149086233,23.286975527807,92.89539257209434,0.0043393181777468945,0.10848295444367236,6.780184652729523e-05,0.4126517788744758,64
IPPO,0,5760,89,90,-247.770455148415,-3.8714133616939845,0.8235942668136714,907,747,171,0,3.464524765729585,6.0,747,5515.216738663367,5494.035121511501,21.18161715186635,86.17526154161511,0.004056449449903918,0.10141123624759796,6.338202265474872e-05,0.41458672921650475,64
IPPO,0,5824,90,91,-275.40423225985484,-4.303191129060232,0.7805953693495039,907,708,180,0,3.459039548022599,6.0,708,5189.41398661948,5166.678786351684,22.735200267797474,81.08459354092938,0.004227117340361026,0.10567793350902564,6.604870844314103e-05,0.41582474040341033,64
IPPO,0,5888,91,92,-260.84134529190555,-4.075646020186024,0.7610619469026548,904,688,198,0,3.6642441860465116,6.0,688,5036.401927184822,5010.864216124061,25.537711060758124,78.69378011226284,0.0040120919136487,0.1003022978412175,6.268893615076094e-05,0.4160518522192615,64
IPPO,0,5952,92,93,-294.65549029281556,-4.603992035825243,0.8202866593164277,907,744,182,0,3.6330645161290325,6.0,744,6196.843344762992,6173.947801842632,22.895542920360946,96.82567726192175,0.0045055207181224,0.11263801795306,7.03987612206625e-05,0.41603928815512686,64
IPPO,0,6016,93,94,-290.8075099127386,-4.543867342386541,0.830102622576967,877,728,162,0,3.3763736263736264,6.0,728,5500.452703638459,5478.761772862321,21.69093077614019,85.94457349435092,0.004452276519979183,0.11130691299947956,6.956682062467473e-05,0.4156970527713448,64
IPPO,0,6080,94,95,-289.72389922566947,-4.5269359254010855,0.802771855010661,938,753,182,0,3.4316069057104914,6.0,753,6257.036833440909,6234.165711161096,22.871122279812166,97.7662005225142,0.00447468312819776,0.111867078204944,6.991692387809e-05,0.41462744488767933,64
IPPO,0,6144,95,96,-344.4244120544355,-5.381631438350555,0.7823275862068966,928,726,194,0,3.3650137741046833,6.0,726,5796.930103313937,5775.470042802917,21.460060511020178,90.57703286428027,0.004945167489044189,0.12362918722610473,7.726824201631546e-05,0.4138435069143912,64
IPPO,0,6208,96,97,-309.9162075924464,-4.842440743631975,0.793836344314559,941,747,189,0,3.5890227576974567,6.0,747,5738.223036298879,5713.554492032505,24.668544266375047,89.65973494216999,0.004654034884816846,0.11635087212042115,7.271929507526322e-05,0.41248588974014877,64
IPPO,0,6272,97,98,-343.9532538294885,-5.374269591085758,0.8044943820224719,890,716,175,0,3.474860335195531,6.0,716,5757.812205309457,5734.401344678307,23.410860631147223,89.96581570796026,0.004938993471316068,0.12347483678290169,7.717177298931356e-05,0.41082032865130647,64
IPPO,0,6336,98,99,-301.9794362311927,-4.718428691112386,0.7801578354002254,887,692,205,0,3.6560693641618496,6.0,692,4863.35569947439,4839.132868010571,24.222831463818338,75.98993280428735,0.004425078766898913,0.11062696917247283,6.914185573279552e-05,0.40942307229907116,64
IPPO,0,6400,99,100,-336.5206614584132,-5.258135335287706,0.7925696594427245,969,768,203,0,3.6432291666666665,6.0,768,6012.153577098717,5985.9533487751205,26.200228323594246,93.93989964216745,0.004955050016516356,0.1238762504129089,7.742265650806806e-05,0.4068719265577008,64
IPPO,0,6464,100,101,-337.56777141050316,-5.274496428289112,0.7644628099173554,968,740,217,0,3.7675675675675677,6.0,740,5331.1742245499145,5303.5264443531805,27.647780196734168,83.29959725859241,0.004881576078712306,0.12203940196780766,7.627462622987978e-05,0.4060884199028012,64
IPPO,0,6528,101,102,-376.2626433019195,-5.879103801592493,0.8042328042328042,945,760,195,0,3.8118421052631577,6.0,760,6496.696646747253,6469.388112817286,27.308533929971233,101.51088510542583,0.0053412263850628975,0.13353065962657243,8.345666226660777e-05,0.406320181297946,64
IPPO,0,6592,102,103,-291.55585653838335,-4.55556025841224,0.8055248618784531,905,729,169,0,3.626886145404664,6.0,729,4887.881249955298,4863.613877004218,24.267372951079395,76.37314453055153,0.00445152725588977,0.11128818139724424,6.955511337327765e-05,0.4055369346193357,64
IPPO,0,6656,103,104,-303.109595085137,-4.736087423205266,0.7714592274678111,932,719,214,0,3.803894297635605,6.0,719,5077.241170153327,5050.9277288489775,26.31344130435063,79.33189328364574,0.00449031848427957,0.11225796210698924,7.016122631686828e-05,0.40502823708745844,64
IPPO,0,6720,104,105,-347.5668723164089,-5.430732379943889,0.7347956131605184,1003,737,258,0,3.7937584803256446,6.0,737,5370.969878227668,5342.352429670503,28.61744855716515,83.92140434730732,0.004923632372313699,0.12309080930784247,7.693175581740154e-05,0.40484070145761686,64
IPPO,0,6784,105,106,-342.20210474345606,-5.346907886616501,0.8048780487804879,943,759,188,0,3.739130434782609,6.0,759,5726.657693559715,5700.14068361648,26.517009943233422,89.47902646187055,0.005010763456990072,0.12526908642475182,7.829317901546988e-05,0.40414173778767026,64
IPPO,0,6848,106,107,-347.23211045185224,-5.425501725810191,0.7931034482758621,870,690,184,0,3.7884057971014493,6.0,690,5195.079634009931,5171.146256436092,23.93337757383972,81.17311928140518,0.004898162595373919,0.12245406488434797,7.653379055271748e-05,0.4031411993321072,64
IPPO,0,6912,107,108,-283.34077012963814,-4.427199533275596,0.8103070175438597,912,739,181,0,3.602165087956698,6.0,739,5183.561049402643,5159.690501762115,23.870547640528173,80.9931413969163,0.004379755189825598,0.10949387974563994,6.843367484102497e-05,0.4028357438151353,64
IPPO,0,6976,108,109,-395.4780006670253,-6.17934376042227,0.7593360995850622,964,732,220,0,3.528688524590164,6.0,732,5373.559225638871,5349.310854881766,24.248370757107402,83.96186290060736,0.005435667285533229,0.13589168213833072,8.49323013364567e-05,0.40231872051652673,64
IPPO,0,7040,109,110,-384.1656923773967,-6.002588943396823,0.8061855670103093,970,782,194,0,3.690537084398977,6.0,782,5883.785828498303,5856.05272106892,27.733107429385512,91.93415357028599,0.005474129156607657,0.13685322891519142,8.553326807199464e-05,0.40358850546993463,64
IPPO,0,7104,110,111,-366.40040085951813,-5.725006263429971,0.7585492227979275,965,732,228,0,3.819672131147541,6.0,732,5850.098682858483,5820.470524422898,29.628158435582524,91.4077919196638,0.005136155982084739,0.12840389955211848,8.025243722007405e-05,0.4045622480121227,64
IPPO,0,7168,111,112,-391.9767736950447,-6.124637088985073,0.7792207792207793,1001,780,230,0,3.8807692307692307,6.0,780,6316.930227535046,6285.979509330243,30.95071820480567,98.70203480523509,0.005504586887296418,0.13761467218241047,8.600917011400654e-05,0.4056814170623516,64
IPPO,0,7232,112,113,-412.6447427933981,-6.4475741061468455,0.7569367369589345,901,682,215,0,3.687683284457478,6.0,682,5058.025404183584,5031.184613722498,26.84079046108627,79.0316469403685,0.005496940812366411,0.13742352030916027,8.588970019322517e-05,0.406004182846851,64
IPPO,0,7296,113,114,-369.52090266219966,-5.77376410409687,0.7563829787234042,940,711,217,0,3.9156118143459917,6.0,711,5396.25856844745,5366.702755157768,29.555813289684192,84.3165401319914,0.005130757557496982,0.12826893893742455,8.016808683589035e-05,0.4059391369047184,64
IPPO,0,7360,114,115,-378.0712422580924,-5.907363160282694,0.7869884575026233,953,750,208,0,3.8333333333333335,6.0,750,5502.625915337539,5473.136678036872,29.489237300667096,85.97852992714904,0.005318598091787262,0.13296495229468155,8.310309518417596e-05,0.4067472175182706,64
IPPO,0,7424,115,116,-368.4597048102426,-5.757182887660041,0.7691489361702127,940,723,207,0,3.8035961272475793,6.0,723,5816.057935296916,5787.666680902495,28.391254394417746,90.87590523901432,0.005160061388495385,0.12900153471238462,8.062595919524039e-05,0.408128534370912,64
IPPO,0,7488,116,117,-321.6168006494056,-5.025262510146963,0.79337899543379,876,695,196,0,3.762589928057554,6.0,695,4478.596830788292,4451.761156788921,26.835673999372226,69.97807548106707,0.00463579982209391,0.11589499555234775,7.243437222021734e-05,0.4081605799999857,64
IPPO,0,7552,117,118,-390.6163372324535,-6.1033802692570855,0.8083067092651757,939,759,182,0,3.6258234519104082,6.0,759,5860.1999826831525,5834.702843353252,25.497139329896694,91.56562472942426,0.005497832768084195,0.13744581920210486,8.590363700131554e-05,0.40801221101622176,64
IPPO,0,7616,118,119,-381.5396114081195,-5.961556428251868,0.7698072805139187,934,719,211,0,3.687065368567455,6.0,719,4965.503386322298,4938.733574876899,26.76981144539659,77.5859904112859,0.0052777820658093,0.1319445516452325,8.246534477827031e-05,0.4084272153370077,64
IPPO,0,7680,119,120,-420.80854185281754,-6.575133466450274,0.7977401129943503,885,706,188,0,3.729461756373938,6.0,706,5407.932067332548,5382.507647377755,25.4244199547886,84.49893855207107,0.005668722167385595,0.14171805418463987,8.857378386539992e-05,0.40921779318120666,64
IPPO,0,7744,120,121,-384.62000957169977,-6.009687649557809,0.758985200845666,946,718,216,0,3.767409470752089,6.0,718,5504.140586365556,5476.3271259786015,27.81346038695272,86.00219666196182,0.0052971426028838725,0.13242856507209683,8.276785317006051e-05,0.40977453001352887,64
IPPO,0,7808,121,122,-262.3181086810158,-4.098720448140872,0.7895310796074155,917,724,187,0,3.7845303867403315,6.0,724,5166.335366650172,5139.123587169834,27.21177948033568,80.72399010390893,0.004127339834547027,0.10318349586367567,6.44896849147973e-05,0.4114753794718712,64
IPPO,0,7872,122,123,-471.2881459921879,-7.363877281127936,0.7790948275862069,928,723,209,0,3.6168741355463347,6.0,723,5901.402099516635,5875.9137350456285,25.488364471006893,92.20940780494742,0.006184576070619864,0.1546144017654966,9.663400110343537e-05,0.413931661366044,64
IPPO,0,7936,123,124,-535.6397350242132,-8.369370859753332,0.803680981595092,978,786,196,0,3.704834605597964,6.0,786,6798.311598661946,6769.6867409240795,28.624857737864676,106.2236187290929,0.006994069884614505,0.17485174711536264,0.00010928234194710164,0.416363074195762,64
IPPO,0,8000,124,125,-330.7245531568252,-5.167571143075394,0.7885714285714286,875,690,190,0,3.7115942028985507,6.0,690,4421.109089750524,4396.131341347642,24.97774840288319,69.07982952735193,0.004724974219712157,0.11812435549280392,7.382772218300246e-05,0.4171673626371647,64
IPPO,0,8064,125,126,-414.80032015314634,-6.481255002392912,0.7809224318658281,954,745,207,0,3.595973154362416,6.0,745,5202.222214476401,5175.986672192339,26.235542284060596,81.28472210119376,0.005675062694047399,0.14187656735118498,8.867285459449061e-05,0.4172200539199076,64
IPPO,0,8128,126,127,-485.5864240123851,-7.5872878751935176,0.8162859980139027,1007,822,186,0,3.7554744525547443,6.0,822,6621.006530956563,6592.664905770051,28.34162518651289,103.4532270461963,0.006592240354353133,0.16480600885882832,0.0001030037555367677,0.4175423081180788,64
IPPO,0,8192,127,128,-511.3845453530622,-7.990383521141597,0.7900207900207901,962,760,205,0,3.5789473684210527,6.0,760,6108.151470438095,6081.797832478449,26.35363795964654,95.43986672559524,0.006676830694061683,0.16692076735154207,0.0001043254795947138,0.4175479516529591,64
IPPO,0,8256,128,129,-497.4213122516978,-7.7722080039327786,0.7784615384615384,975,759,201,0,3.616600790513834,6.0,759,5719.5149148040455,5692.608819782337,26.906095021705358,89.36742054381321,0.006540756486987175,0.1635189121746794,0.00010219932010917462,0.41740015261296937,64
IPPO,0,8320,129,130,-636.7821124627137,-9.949720507229902,0.8068669527896996,932,752,191,0,3.4281914893617023,6.0,752,6334.24097088366,6310.286714730891,23.954256152769997,98.97251517005719,0.007928501240905696,0.19821253102264239,0.0001238828318891515,0.4166436193015701,64
IPPO,0,8384,130,131,-440.669057457077,-6.885454022766828,0.828039430449069,913,756,174,0,3.675925925925926,6.0,756,5698.065099417079,5673.951202559999,24.113896857078252,89.03226717839186,0.006000858702277773,0.15002146755694432,9.37634172230902e-05,0.4156402588379797,64
IPPO,0,8448,131,132,-568.7908278687893,-8.887356685449832,0.7892004153686397,963,760,178,0,3.5605263157894735,6.0,760,6257.229806964431,6231.15792958836,26.071877376068567,97.76921573381924,0.007286304484200353,0.18215761210500883,0.00011384850756563051,0.41519882035409583,64
IPPO,0,8512,132,133,-541.8555225314543,-8.466492539553974,0.8056155507559395,926,746,183,0,3.71313672922252,6.0,746,6291.67468104308,6265.143864720807,26.530816322271626,98.30741689129813,0.006977534903522688,0.1744383725880672,0.000109023982867542,0.4143108303801707,64
IPPO,0,8576,133,134,-588.2941777962716,-9.192096528066743,0.7968253968253968,945,753,199,0,3.596281540504648,6.0,753,6357.903147103478,6332.6730427706825,25.230104332793058,99.34223667349184,0.007437606779046302,0.18594016947615755,0.00011621260592259846,0.41359166877629105,64
IPPO,0,8640,134,135,-467.4492680596695,-7.303894813432336,0.7875706214689265,885,697,179,0,3.581061692969871,6.0,697,5345.732804233897,5321.533627242215,24.19917699168262,83.52707506615464,0.006121983768529345,0.15304959421323364,9.565599638327102e-05,0.4130791197021414,64
IPPO,0,8704,135,136,-514.8103770606358,-8.043912141572434,0.8054110301768991,961,774,186,0,3.558139534883721,6.0,774,6295.735169893996,6269.7353879195625,25.999781974430253,98.37086202959368,0.006768625616858335,0.16921564042145837,0.00010575977526341148,0.4132692769941666,64
IPPO,0,8768,136,137,-512.2809026266079,-8.004389103540749,0.8042986425339367,884,711,192,0,3.59774964838256,6.0,711,5708.414487364925,5685.281573486422,23.132913878501707,89.19397636507695,0.006585436855565236,0.16463592138913088,0.00010289745086820681,0.41358241046125394,64
IPPO,0,8832,137,138,-550.6622161847941,-8.604097127887409,0.8052910052910053,945,761,167,0,3.674113009198423,6.0,761,5891.33820854986,5865.2383685222685,26.099840027591117,92.05215950859156,0.007118775024747485,0.17796937561868714,0.00011123085976167946,0.41272570487348026,64
IPPO,0,8896,138,139,-473.2699347971221,-7.394842731205033,0.7915766738660908,926,733,194,0,3.540245566166439,6.0,733,5731.765196644618,5705.309623833555,26.455572811065874,89.55883119757216,0.006246237677621574,0.15615594194053936,9.75974637128371e-05,0.4128454818294434,64
IPPO,0,8960,139,140,-374.75013696199215,-5.855470890031127,0.7793478260869565,920,717,206,0,3.9344490934449095,6.0,717,5048.321324859005,5020.2507408275815,28.070584031424904,78.88002070092195,0.005207552225828012,0.13018880564570032,8.13680035285627e-05,0.41311369248694185,64
IPPO,0,9024,140,141,-423.9491576153326,-6.624205587739572,0.8031746031746032,945,759,183,0,3.7259552042160737,6.0,759,5582.526029732271,5553.730869752022,28.795159980246122,87.22696921456674,0.005829699780590691,0.14574249451476728,9.108905907172954e-05,0.412354162155274,64
IPPO,0,9088,141,142,-528.6289578706607,-8.259827466729073,0.787746170678337,914,720,210,0,3.816666666666667,6.0,720,6146.1383454339675,6117.872356080395,28.265989353570102,96.03341164740574,0.006749274701366418,0.16873186753416045,0.00010545741720885028,0.41215676777931326,64
IPPO,0,9152,142,143,-573.479666236901,-8.960619784951579,0.7390396659707724,958,708,230,0,3.8389830508474576,6.0,708,6277.835522462388,6248.628162535396,29.20735992699643,98.09118003847482,0.007143402461156098,0.17858506152890244,0.00011161566345556403,0.4142581194052292,64
IPPO,0,9216,143,144,-391.21943711278425,-6.112803704887254,0.7828638497652582,852,667,204,0,3.7976011994003,6.0,667,4958.759304886138,4932.061956078285,26.69734880785276,77.48061413884591,0.005256456492767698,0.13141141231919246,8.213213269949528e-05,0.4163274837771147,64
IPPO,0,9280,144,145,-380.8701034074692,-5.951095365741706,0.7623762376237624,909,693,206,0,3.883116883116883,6.0,693,5236.791501826538,5207.489453368498,29.302048458039557,81.82486721603965,0.005213430924813368,0.1303357731203342,8.145985820020888e-05,0.41716586459727967,64
IPPO,0,9344,145,146,-267.54979259111457,-4.180465509236165,0.7590643274853801,855,649,203,0,3.9491525423728815,6.0,649,4651.133675388892,4624.40615416579,26.727521223104258,72.67396367795143,0.003977765106999144,0.09944412767497861,6.215257979686163e-05,0.4180143665684932,64
IPPO,0,9408,146,147,-342.93680571930634,-5.3583875893641615,0.7926421404682275,897,711,192,0,3.7819971870604783,6.0,711,5151.868397286258,5124.809668518018,27.058728768239565,80.49794370759778,0.004895241014487815,0.12238102536219539,7.648814085137211e-05,0.4181358734783709,64
IPPO,0,9472,147,148,-371.7311888006907,-5.808299825010792,0.7664543524416136,942,722,213,0,3.7340720221606647,6.0,722,5468.978666363229,5441.15874571373,27.819920649500695,85.45279166192546,0.005183613040020842,0.12959032600052103,8.099395375032565e-05,0.4178990105995182,64
IPPO,0,9536,148,149,-384.13603984209567,-6.002125622532745,0.8006718924972005,893,715,194,0,3.8475524475524474,6.0,715,4897.073439920681,4869.97302039437,27.100419526313413,76.51677249876064,0.005312919108672017,0.13282297771680043,8.301436107300026e-05,0.41770575706976,64
IPPO,0,9600,149,150,-292.8480919559371,-4.575751436811517,0.7621621621621621,925,705,196,0,3.802836879432624,6.0,705,4356.290587308951,4329.328291435802,26.96229587315022,68.06704042670236,0.004373659565915039,0.10934148914787598,6.833843071742248e-05,0.4161874740030934,64
IPPO,0,9664,150,151,-345.85736936822116,-5.404021396378456,0.7854922279792746,965,758,207,0,3.753298153034301,6.0,758,5252.481137732689,5224.168508727391,28.312629005293847,82.07001777707326,0.0050181298118649005,0.12545324529662252,7.840827831038907e-05,0.4140683014490115,64
IPPO,0,9728,151,152,-315.292954851462,-4.926452419554094,0.7837281153450052,971,761,218,0,3.838370565045992,6.0,761,5594.053397729694,5564.396852251424,29.656545478270893,87.40708433952646,0.004705610567032103,0.11764026417580259,7.352516510987662e-05,0.4124452959391427,64
IPPO,0,9792,152,153,-403.058253534639,-6.297785211478734,0.7754237288135594,944,732,210,0,3.978142076502732,6.0,732,5449.3863815427585,5418.24313388366,31.14324765909921,85.1466622116056,0.005524956480840388,0.13812391202100968,8.632744501313106e-05,0.41033228032795116,64
IPPO,0,9856,153,154,-301.03806290239686,-4.703719732849951,0.7611788617886179,984,749,225,0,3.94392523364486,6.0,749,5134.634471263746,5103.709637873815,30.924833389931596,80.22866361349602,0.0045293928046250456,0.11323482011562613,7.077176257226634e-05,0.40797727139082096,64
IPPO,0,9920,154,155,-398.2079981014262,-6.221999970334784,0.7669801462904912,957,734,228,0,3.8392370572207084,6.0,734,5611.892635481565,5583.675908692396,28.216726789168938,87.68582242939945,0.005457998433469955,0.13644996083674887,8.528122552296804e-05,0.40600435782238453,64
IPPO,0,9984,155,156,-409.1956482611522,-6.393682004080503,0.7991718426501035,966,772,198,0,3.8795336787564767,6.0,772,6136.666705014098,6107.112447876159,29.55425713794229,95.88541726584528,0.00569238752841262,0.1423096882103155,8.894355513144719e-05,0.40551318436440653,64
IPPO,0,10048,156,157,-311.2011101381012,-4.862517345907832,0.8106312292358804,903,732,187,0,3.66120218579235,6.0,732,5698.402759630283,5673.432426595087,24.97033303519506,89.03754311922317,0.004634767124175034,0.11586917810437584,7.24182363152349e-05,0.40522195951428414,64
IPPO,0,10112,157,158,-327.98470006830405,-5.124760938567251,0.7997870074547391,939,751,187,0,3.613848202396804,6.0,751,5171.462326734355,5146.022936478909,25.439390255445392,80.8040988552243,0.004847374455586693,0.12118436138966733,7.574022586854208e-05,0.40505647944762835,64
IPPO,0,10176,158,159,-363.4964295292091,-5.679631711393892,0.7782515991471215,938,730,208,0,3.6575342465753424,6.0,730,5475.830939724056,5449.879775852388,25.95116387166929,85.55985843318838,0.005128768263093243,0.12821920657733107,8.013700411083192e-05,0.40415178793539247,64
IPPO,0,10240,159,160,-275.7937120739104,-4.30927675115485,0.7819314641744548,963,753,196,0,3.803452855245684,6.0,753,4892.323958350946,4864.761802367217,27.56215598372589,76.44256184923353,0.004317122488617641,0.10792806221544102,6.745503888465064e-05,0.4035802169729197,64
IPPO,0,10304,160,161,-260.27319125891535,-4.066768613420552,0.8156996587030717,879,717,172,0,3.668061366806137,6.0,717,4714.843561753972,4690.581969541855,24.261592212117275,73.66943065240581,0.004107078170678892,0.1026769542669723,6.417309641685769e-05,0.40194739388386375,64
IPPO,0,10368,161,162,-290.8436867428046,-4.544432605356322,0.8136511375947996,923,751,169,0,3.484687083888149,6.0,751,5362.520490818843,5339.260347032718,23.260143786126385,83.78938266904443,0.004497266689102421,0.11243166722756051,7.026979201722532e-05,0.4003329869372995,64
IPPO,0,10432,162,163,-390.57091424668045,-6.102670535104382,0.8017524644030668,913,732,174,0,3.5054644808743167,6.0,732,6190.108602207283,6166.886789608384,23.221812598901877,96.7204469094888,0.0054430123683930996,0.1360753092098275,8.504706825614218e-05,0.39995816648983273,64
IPPO,0,10496,163,164,-379.3627751501924,-5.9275433617217566,0.8094736842105263,950,769,190,0,3.400520156046814,6.0,769,6258.847726606963,6235.500388282913,23.347338324050405,97.7944957282338,0.005399181479943553,0.13497953699858883,8.436221062411802e-05,0.39981998483112735,64
IPPO,0,10560,164,165,-500.0255058797219,-7.8128985293706545,0.7863436123348018,908,714,196,0,3.466386554621849,6.0,714,6298.112525071665,6275.7582072383475,22.354317833319975,98.40800820424477,0.0064681142892276606,0.16170285723069153,0.0001010642857691822,0.39972004276197737,64
IPPO,0,10624,165,166,-341.03145022461274,-5.328616409759574,0.7844243792325056,886,695,182,0,3.5611510791366907,6.0,695,5150.733024847671,5126.891369781013,23.841655066658877,80.48020351324486,0.0048494273467671505,0.12123568366917876,7.577230229323673e-05,0.40027509717047544,64
IPPO,0,10688,166,167,-441.94342514548345,-6.905366017898179,0.7942681678607983,977,776,207,0,3.713917525773196,6.0,776,6280.359479194031,6253.547744169837,26.811735024196924,98.13061686240674,0.006021611801341864,0.1505402950335466,9.408768439596663e-05,0.4011227440665579,64
IPPO,0,10752,167,168,-528.0910130032818,-8.251422078176278,0.7944111776447106,1002,796,205,0,3.6319095477386933,6.0,796,7105.492759502158,7080.000496818252,25.492262683906905,111.02332436722122,0.006932143722758007,0.17330359306895018,0.00010831474566809386,0.4035116969749527,64
IPPO,0,10816,168,169,-276.7270633759024,-4.323860365248475,0.8128587830080367,871,708,161,0,3.5903954802259888,6.0,708,4587.508755709708,4564.506287125453,23.002468584254196,71.67982430796418,0.004264863652799155,0.10662159131997886,6.66384945749868e-05,0.4044893497431957,64
IPPO,0,10880,169,170,-371.1554940525565,-5.799304594571195,0.8018200202224469,989,793,195,0,3.651954602774275,6.0,793,6082.146645161848,6055.650203115994,26.496442045852785,95.03354133065388,0.0053696555309458195,0.13424138827364548,8.390086767102843e-05,0.4048041793007914,64
IPPO,0,10944,170,171,-282.2514610700798,-4.410179079219997,0.8038793103448276,928,746,186,0,3.6206434316353886,6.0,746,5566.24234323088,5541.367607928596,24.874735302285824,86.9725366129825,0.00438177265078617,0.10954431626965425,6.84651976685339e-05,0.4060863485089721,64
IPPO,0,11008,171,172,-258.4453426036613,-4.038208478182208,0.8265524625267666,934,772,156,0,3.599740932642487,6.0,772,5377.917295956059,5353.605592474523,24.311703481538313,84.02995774931343,0.004240547449935718,0.10601368624839294,6.625855390524559e-05,0.4068039271286403,64
IPPO,0,11072,172,173,-311.9564240183573,-4.874319125286833,0.7966101694915254,944,752,200,0,3.595744680851064,6.0,752,5827.996893498272,5802.05702405097,25.93986944730145,91.0624514609105,0.004674587796646488,0.1168646949161622,7.304043432260138e-05,0.4069902181376406,64
IPPO,0,11136,173,174,-249.28277743925418,-3.8950433974883465,0.7814854682454252,929,726,194,0,3.6170798898071626,6.0,726,5221.2083853244385,5196.386432994967,24.821952329469443,81.58138102069435,0.0039927954458386684,0.09981988614596671,6.23874288412292e-05,0.4080438925131097,64
IPPO,0,11200,174,175,-239.0150114913617,-3.7346095545525264,0.7718550106609808,938,724,214,0,3.781767955801105,6.0,724,5440.703882827031,5412.6342536500915,28.069629176938026,85.01099816917235,0.0038612901381117424,0.09653225345279356,6.0332658407995975e-05,0.40909539335106204,64
IPPO,0,11264,175,176,-322.52050423365654,-5.039382878650883,0.7895299145299145,936,739,198,0,3.746955345060893,6.0,739,6176.318326534306,6150.55990481735,25.75842171695582,96.50497385209853,0.004751612622879201,0.11879031557198003,7.424394723248752e-05,0.4102497045136384,64
IPPO,0,11328,176,177,-262.72704491565287,-4.105110076807076,0.7953156822810591,982,781,194,0,3.6952624839948784,6.0,781,5826.697317591698,5798.616525078503,28.08079251319562,91.04214558737029,0.004259569324677473,0.10648923311693682,6.655577069808551e-05,0.41083356535397975,64
IPPO,0,11392,177,178,-275.6230600226495,-4.306610312853898,0.8125,896,728,187,0,3.745879120879121,6.0,728,4926.859983241782,4900.8726886027525,25.987294639033205,76.98218723815285,0.0042693624077202895,0.10673406019300724,6.670878762062952e-05,0.41113961461304327,64
IPPO,0,11456,178,179,-259.8063722367431,-4.0594745661991105,0.7778947368421053,950,739,208,0,3.6535859269282813,6.0,739,5111.895035893059,5086.5581646532655,25.336871239793325,79.87335993582904,0.004111991050067835,0.10279977625169588,6.424986015730992e-05,0.41032924230480966,64
IPPO,0,11520,179,180,-169.81509661338882,-2.6533608845842003,0.7854710556186152,881,692,180,0,3.729768786127168,6.0,692,4232.76573820406,4208.410354610708,24.355383593352936,66.13696465943843,0.0031346409231917693,0.07836602307979423,4.8978764424871395e-05,0.40938198190576924,64
IPPO,0,11584,180,181,-258.9743071322605,-4.04647354894157,0.7629399585921325,966,737,221,0,3.735413839891452,6.0,737,5402.709916319781,5374.767307452672,27.94260886711141,84.41734244249658,0.004084132126315765,0.10210330315789412,6.381456447368383e-05,0.40793097739633255,64
IPPO,0,11648,181,182,-216.06192496537147,-3.3759675775839293,0.7968036529680366,876,698,190,0,3.7836676217765044,6.0,698,4447.59233304474,4422.281273636667,25.311059408073202,69.49363020382407,0.0035988602975666048,0.08997150743916511,5.62321921494782e-05,0.40664667110566033,64
IPPO,0,11712,182,183,-309.74253912815976,-4.839727173877496,0.8088235294117647,884,715,165,0,3.6895104895104893,6.0,715,5358.711758226395,5334.137543552843,24.574214673549463,83.72987122228743,0.004606327227967829,0.11515818069919573,7.197386293699733e-05,0.40486503204444,64
IPPO,0,11776,183,184,-285.00216826934343,-4.453158879208491,0.7941810344827587,928,737,194,0,3.6295793758480324,6.0,737,5578.609254709734,5553.528781933194,25.08047277654111,87.1657696048396,0.004377793939906924,0.1094448484976731,6.840303031104568e-05,0.4026772136097551,64
IPPO,0,11840,184,185,-161.8679458263133,-2.5291866535361454,0.7953020134228188,894,711,177,0,3.576652601969058,6.0,711,4346.99527000742,4323.618254065892,23.377015941527905,67.92180109386594,0.0031039865664534063,0.07759966416133515,4.8499790100834473e-05,0.40101427253280375,64
IPPO,0,11904,185,186,-175.62892203614547,-2.744201906814773,0.7988571428571428,875,699,176,0,3.7010014306151646,6.0,699,4691.800520723468,4667.61549724963,24.185023473839006,73.30938313630419,0.003214908233056819,0.08037270582642048,5.0232941141512795e-05,0.39863980468691934,64
IPPO,0,11968,186,187,-297.80719639487927,-4.653237443669989,0.8076525336091003,967,781,194,0,3.6606914212548016,6.0,781,6075.733984785853,6050.213180303652,25.52080448220041,94.93334351227895,0.004611317377618996,0.11528293444047491,7.205183402529682e-05,0.3971059931622165,64
IPPO,0,12032,187,188,-249.3298700318835,-3.8957792192481797,0.7879464285714286,896,706,200,0,3.65014164305949,6.0,706,4593.5649293072975,4570.365410882317,23.199518424980976,71.77445202042652,0.003939282813892428,0.0984820703473107,6.155129396706919e-05,0.39468845653435924,64
IPPO,0,12096,188,189,-202.14673483236814,-3.158542731755752,0.7797752808988764,890,694,176,0,3.6469740634005765,6.0,694,4657.80222275235,4633.2998081591695,24.502414593178987,72.77815973050546,0.0034674255495931172,0.08668563873982793,5.4178524212392457e-05,0.39254817621561955,64
IPPO,0,12160,189,190,-212.78954855450243,-3.3248366961641005,0.7605633802816901,923,702,218,0,3.680911680911681,6.0,702,4584.305269498217,4558.8032381942585,25.502031303958724,71.62976983590964,0.003546013038006499,0.08865032595016248,5.540645371885155e-05,0.39252098757611426,64
IPPO,0,12224,190,191,-277.3868233243587,-4.334169114443105,0.8002219755826859,901,721,198,0,3.7420249653259363,6.0,721,5031.355337615006,5005.230149532655,26.125188082351148,78.61492715023446,0.0042570579026890215,0.10642644756722554,6.651652972951596e-05,0.39223504570927126,64
IPPO,0,12288,191,192,-262.6633678204937,-4.104115122195214,0.7627118644067796,885,675,207,0,3.8651851851851853,6.0,675,4547.257218479976,4521.761249029835,25.495969450141104,71.05089403874962,0.00398869800030196,0.09971745000754899,6.232340625471812e-05,0.39214612074882715,64
IPPO,0,12352,192,193,-302.7543792658756,-4.730537176029307,0.7513227513227513,945,710,225,0,3.749295774647887,6.0,710,5171.919767295389,5144.572017440986,27.347749854400874,80.81124636399045,0.00445197476179368,0.111299369044842,6.956210565302625e-05,0.3929660732106595,64
IPPO,0,12416,193,194,-353.8397668679552,-5.5287463573118,0.7779017857142857,896,697,207,0,3.7675753228120517,6.0,697,5232.875703672191,5207.414422633549,25.46128103864284,81.76368286987798,0.00495220861546055,0.12380521538651376,7.73782596165711e-05,0.39545605662288347,64
IPPO,0,12480,194,195,-356.3812365900118,-5.568456821718934,0.7905181918412348,907,717,191,0,3.697350069735007,6.0,717,5462.530890128231,5438.122344897239,24.408545230992498,85.3520451582536,0.005045230109474533,0.12613075273686333,7.883172046053958e-05,0.39790496714713,64
IPPO,0,12544,195,196,-528.7189448131704,-8.261233512705788,0.7545454545454545,990,747,234,0,3.891566265060241,6.0,747,6674.492082701043,6646.342252472772,28.14983022826838,104.2889387922038,0.006785897335508895,0.16964743338772237,0.00010602964586732648,0.4011565346838355,64
IPPO,0,12608,196,197,-415.4391801620018,-6.491237190031278,0.8076109936575053,946,764,186,0,3.768324607329843,6.0,764,5859.922686390061,5833.454864186377,26.4678222036853,91.5612919748447,0.005751210881370818,0.14378027203427046,8.986267002141903e-05,0.4033856612380007,64
IPPO,0,12672,197,198,-573.2460553614328,-8.956969615022388,0.7770700636942676,942,732,207,0,3.7226775956284155,6.0,732,6115.57330124044,6091.014105619991,24.5591956204497,95.55583283188187,0.007229163377559726,0.18072908443899316,0.00011295567777437072,0.4040531358803938,64
IPPO,0,12736,198,199,-437.02327611866883,-6.8284886893542005,0.806998939554613,943,761,189,0,3.752956636005256,6.0,761,5777.122138842014,5750.964353763467,26.157785078544524,90.26753341940646,0.0059575362612294125,0.1489384065307353,9.308650408170957e-05,0.4034715958956276,64
IPPO,0,12800,199,200,-401.6196318658424,-6.275306747903787,0.783975659229209,986,773,204,0,3.7554980595084086,6.0,773,5540.87331371531,5513.1807381920735,27.69257552323891,86.57614552680172,0.005616199708478129,0.14040499271195322,8.775312044497077e-05,0.4043985179546334,64
IPPO,0,12864,200,201,-433.13747305999163,-6.767773016562369,0.7774049217002237,894,695,201,0,3.545323741007194,6.0,695,4809.38608520581,4787.049270590292,22.33681461552012,75.14665758134078,0.00574366418722616,0.143591604680654,8.974475292540875e-05,0.40500575804749617,64
IPPO,0,12928,201,202,-384.2374338629646,-6.003709904108822,0.7679372197309418,892,685,208,0,3.818978102189781,6.0,685,5045.758685458336,5019.609402761183,26.14928269715232,78.8399794602865,0.005222459100549876,0.13056147751374692,8.160092344609182e-05,0.4045116780563438,64
IPPO,0,12992,202,203,-355.86391147280324,-5.560373616762551,0.7838427947598253,916,718,203,0,3.7827298050139277,6.0,718,4993.903163115353,4967.907798805541,25.99536430981325,78.02973692367739,0.005027231009191225,0.12568077522978063,7.855048451861289e-05,0.4041496752378787,64
IPPO,0,13056,203,204,-460.7379591436214,-7.199030611619085,0.7634194831013916,1006,768,242,0,3.765625,6.0,768,6210.180454626186,6180.067378481721,30.11307614446474,97.03406960353415,0.006148103342507498,0.15370258356268746,9.606411472667966e-05,0.4056291294607549,64
IPPO,0,13120,204,205,-385.29343404369615,-6.020209906932752,0.7702127659574468,940,724,222,0,3.777624309392265,6.0,724,5172.915727636061,5145.985459016946,26.930268619113196,80.82680824431345,0.005313206656536829,0.13283016641342074,8.301885400838796e-05,0.4075850491633399,64
IPPO,0,13184,205,206,-491.998418504838,-7.687475289138094,0.7652173913043478,920,704,205,0,3.5880681818181817,6.0,704,5581.639739110102,5556.700909004836,24.938830105263946,87.21312092359534,0.006351838076722976,0.1587959519180744,9.92474699487965e-05,0.4097870746240424,64
IPPO,0,13248,206,207,-467.63250916449607,-7.306757955695251,0.8103638368246968,907,735,172,0,3.6231292517006803,6.0,735,6001.199867428946,5976.31139284561,24.888474583336425,93.76874792857728,0.006221642642256208,0.1555410660564052,9.721316628525325e-05,0.4122186468065129,64
IPPO,0,13312,207,208,-338.67871106459916,-5.291854860384362,0.7867247007616975,919,723,192,0,3.7662517289073305,6.0,723,4728.806713829933,4701.549800201893,27.256913628039875,73.8876049035927,0.004882377601636441,0.12205944004091103,7.62871500255694e-05,0.4140308170045661,64
IPPO,0,13376,208,209,-490.18607532722456,-7.659157426987884,0.7846309403437816,989,776,226,0,3.667525773195876,6.0,776,6252.097404503281,6223.86929254077,28.228111962511363,97.68902194536376,0.006482795594060612,0.1620698898515153,0.00010129368115719706,0.41513152150638155,64
IPPO,0,13440,209,210,-335.89057766811254,-5.2482902760642585,0.7690631808278867,918,706,201,0,3.7025495750708215,6.0,706,4696.336843322993,4670.751378812605,25.585464510387414,73.38026317692177,0.0048002051688691445,0.12000512922172861,7.500320576358038e-05,0.4159881270411507,64
IPPO,0,13504,210,211,-348.68113440082163,-5.448142725012838,0.8153503893214683,899,733,168,0,3.6439290586630286,6.0,733,5358.9924010525265,5333.723911100358,25.268489952168288,83.73425626644573,0.005034609553399412,0.1258652388349853,7.866577427186581e-05,0.41592446198790134,64
IPPO,0,13568,211,212,-435.06277898336896,-6.79785592161514,0.7853457172342622,969,761,212,0,3.7871222076215507,6.0,761,5904.587592711453,5876.94891934152,27.638673369932096,92.25918113611645,0.005909452194417327,0.14773630486043318,9.233519053777073e-05,0.4168090784930212,64
IPPO,0,13632,212,213,-370.73957160625434,-5.792805806347724,0.7808857808857809,858,670,195,0,3.5776119402985076,6.0,670,4389.243737675753,4365.823984031995,23.419753643758582,68.58193340118365,0.005070636076772139,0.12676590191930348,7.922868869956467e-05,0.41638654267349345,64
IPPO,0,13696,213,214,-480.78684718254806,-7.512294487227313,0.8131147540983606,915,744,163,0,3.685483870967742,6.0,744,5825.8483382327695,5799.658525954685,26.189812278084684,91.02888028488702,0.006385037076024114,0.15962592690060284,9.976620431287678e-05,0.41544003626715775,64
IPPO,0,13760,214,215,-395.8531939205016,-6.185206155007838,0.7910447761194029,938,742,195,0,3.661725067385445,6.0,742,5323.600007909275,5297.256391227991,26.343616681285443,83.18125012358242,0.005494000939082051,0.13735002347705128,8.584376467315704e-05,0.4142461942354822,64
IPPO,0,13824,215,216,-573.4507199338628,-8.960167498966607,0.814935064935065,924,753,179,0,3.5763612217795484,6.0,753,6205.082679256542,6181.551607671648,23.531071584894896,96.95441686338347,0.007314318572999099,0.18285796432497747,0.00011428622770311092,0.4135021666558896,64
IPPO,0,13888,216,217,-443.3111067579923,-6.92673604309363,0.7895855472901169,941,743,174,0,3.594885598923284,6.0,743,5514.806940780185,5490.576974327059,24.229966453124707,86.16885844969039,0.005997018561988804,0.1499254640497201,9.370341503107507e-05,0.4125630656333692,64
IPPO,0,13952,217,218,-498.4714667600941,-7.78861666812647,0.8175824175824176,910,744,173,0,3.538978494623656,6.0,744,5839.965446165231,5816.157039324895,23.80840684033579,91.24946009633173,0.006548135018381241,0.16370337545953104,0.00010231460966220689,0.411727244417065,64
IPPO,0,14016,218,219,-378.59310037581156,-5.915517193372056,0.7993384785005513,907,725,184,0,3.5751724137931036,6.0,725,4936.992354016164,4913.432046939975,23.560307076187286,77.14050553150257,0.005292458869658816,0.1323114717414704,8.2694669838419e-05,0.4100194149928373,64
IPPO,0,14080,219,220,-536.6233945388939,-8.384740539670217,0.8152400835073069,958,781,187,0,3.5467349551856593,6.0,781,6380.599636750411,6355.072389486388,25.527247264020787,99.69686932422518,0.007002927916306388,0.1750731979076597,0.00010942074869228732,0.409663081333426,64
IPPO,0,14144,220,221,-477.08482114120557,-7.454450330331337,0.8041125541125541,924,743,175,0,3.594885598923284,6.0,743,6001.426491919038,5976.387272396808,25.039219522230855,93.77228893623497,0.006332007621576139,0.15830019053940347,9.893761908712718e-05,0.40955084302297656,64
IPPO,0,14208,221,222,-489.75730723269294,-7.652457925510827,0.7800429184549357,932,727,198,0,3.5240715268225586,6.0,727,5701.27854180891,5676.88794685164,24.390594957269833,89.08247721576421,0.00639082707507821,0.15977067687695526,9.985667304809703e-05,0.40928033757242277,64
IPPO,0,14272,222,223,-372.3934658540255,-5.818647903969149,0.8081896551724138,928,750,188,0,3.532,6.0,750,5214.128401589619,5190.333907862537,23.794493727081786,81.4707562748378,0.005286495555757293,0.13216238889393234,8.26014930587077e-05,0.40868102110027793,64
IPPO,0,14336,223,224,-573.92792237614,-8.967623787127188,0.8022199798183652,991,795,190,0,3.39874213836478,6.0,795,7232.745052847696,7208.63948563587,24.105567211827125,113.01164145074524,0.007405561607665717,0.18513904019164293,0.00011571190011977683,0.4087952682581597,64
IPPO,0,14400,224,225,-504.41622066315864,-7.881503447861854,0.8245810055865922,895,738,169,0,3.426829268292683,6.0,738,5689.349078776741,5668.226890423433,21.122188353308836,88.89607935588658,0.006596537276486201,0.16491343191215502,0.00010307089494509689,0.4082991723070406,64
IPPO,0,14464,225,226,-406.77733308762055,-6.355895829494071,0.8312570781426953,883,734,132,0,3.5149863760217985,6.0,734,5303.216463765081,5280.876491702936,22.339972062147478,82.8627572463294,0.005659787336058161,0.14149468340145402,8.843417712590876e-05,0.40819854133871614,64
IPPO,0,14528,226,227,-457.6112678117831,-7.150176059559111,0.8373101952277657,922,772,162,0,3.6826424870466323,6.0,772,5871.551294858752,5847.404147050744,24.147147808008203,91.742988982168,0.0062235417093320835,0.15558854273330208,9.72428392083138e-05,0.41013503249496447,64
IPPO,0,14592,227,228,-455.2768267265343,-7.113700417602098,0.7877094972067039,895,705,185,0,3.632624113475177,6.0,705,5418.993379524593,5394.60366225908,24.389717265512747,84.67177155507177,0.006011745934435976,0.1502936483608994,9.393353022556213e-05,0.4116138187274925,64
IPPO,0,14656,228,229,-464.9774664475456,-7.2652729132429,0.7953539823008849,904,719,171,0,3.752433936022253,6.0,719,5669.845278136248,5643.112981976075,26.73229616017519,88.59133247087888,0.006159092245219782,0.15397730613049454,9.623581633155909e-05,0.41264183927350406,64
IPPO,0,14720,229,230,-516.9203014973114,-8.07687971089549,0.8272632674297606,961,795,190,0,3.6138364779874212,6.0,795,6844.839024701436,6819.5902613213075,25.248763380130644,106.95060976095994,0.006837244457130919,0.17093111142827297,0.00010683194464267061,0.4143955845021818,64
IPPO,0,14784,230,231,-444.9480428453454,-6.952313169458522,0.7778981581798483,923,718,210,0,3.551532033426184,6.0,718,5946.429551549663,5920.877510838683,25.55204071098235,92.91296174296349,0.005909417159590131,0.14773542898975328,9.23346431185958e-05,0.4154282819928161,64
IPPO,0,14848,231,232,-386.04974790041047,-6.0320273109439135,0.7724358974358975,936,723,198,0,3.6182572614107884,6.0,723,5318.778438719844,5294.306797408591,24.47164131125584,83.10591310499757,0.005346393061515389,0.13365982653788472,8.353739158617795e-05,0.41582726874283843,64
IPPO,0,14912,232,233,-362.47116241738274,-5.663611912771605,0.8070907194994786,959,774,181,0,3.6382428940568476,6.0,774,5380.858016960377,5354.541826234934,26.316190725440883,84.0759065150059,0.005253353368958796,0.1313338342239699,8.208364638998119e-05,0.4157725238936456,64
IPPO,0,14976,233,234,-400.4669832736658,-6.257296613651028,0.7928118393234672,946,750,207,0,3.6293333333333333,6.0,750,5456.346544466218,5430.169571182788,26.176973283430833,85.25541475728465,0.005542933388313211,0.1385733347078303,8.660833419239393e-05,0.4154544902212504,64
IPPO,0,15040,234,235,-445.86901253492005,-6.966703320858126,0.7985386221294363,958,765,187,0,3.6601307189542482,6.0,765,5945.535603524306,5919.19653789563,26.339065628674007,92.89899380506728,0.006056996161405942,0.15142490403514855,9.464056502196784e-05,0.414653390439765,64
IPPO,0,15104,235,236,-339.9179545879239,-5.3112180404363105,0.806157354618016,877,707,183,0,3.649222065063649,6.0,707,4953.8457858405745,4929.2455164289895,24.600269411584364,77.40384040375898,0.004866164990958329,0.12165412477395823,7.60338279837239e-05,0.413283907608764,64
IPPO,0,15168,236,237,-435.1255907021474,-6.798837354721053,0.7717842323651453,964,744,212,0,3.685483870967742,6.0,744,6160.662268843275,6133.951897052438,26.710371790839034,96.26034795067618,0.00586929140909626,0.1467322852274065,9.170767826712906e-05,0.4121812595846681,64
IPPO,0,15232,237,238,-455.13418222630787,-7.1114715972860605,0.7904451682953312,921,728,182,0,3.712912087912088,6.0,728,6187.77097481179,6161.188145467737,26.582829344057103,96.68392148143423,0.006067774039439341,0.15169435098598352,9.480896936623971e-05,0.41085435042333496,64
IPPO,0,15296,238,239,-338.2130907725814,-5.284579543321584,0.7844827586206896,928,728,202,0,3.7005494505494507,6.0,728,4965.116162270376,4939.399034303871,25.71712796650386,77.57994003547462,0.004873880294422114,0.12184700736055284,7.615437960034553e-05,0.41001531349371734,64
IPPO,0,15360,239,240,-434.7718206728796,-6.7933096980137435,0.7756410256410257,936,726,215,0,3.8057851239669422,6.0,726,5478.306328266759,5449.246678270379,29.05964999637911,85.59853637916811,0.005822726598367768,0.1455681649591942,9.098010309949637e-05,0.4092210678803907,64
IPPO,0,15424,240,241,-374.8717471480824,-5.857371049188788,0.7751091703056768,916,710,206,0,3.771830985915493,6.0,710,4987.2359851926985,4960.419026344074,26.816958848625987,77.92556226863591,0.005192980646601308,0.1298245161650327,8.114032260314544e-05,0.4084742400363547,64
IPPO,0,15488,241,242,-371.32718782377486,-5.801987309746482,0.7619047619047619,966,736,235,0,3.8614130434782608,6.0,736,5106.5982113057225,5077.512495293623,29.08571601210307,79.79059705165191,0.0051850958099607545,0.12962739524901887,8.101712203063679e-05,0.40755882613262506,64
IPPO,0,15552,242,243,-305.9974927277136,-4.781210823870525,0.794577685088634,959,762,190,0,3.8031496062992125,6.0,762,5346.419181663583,5317.291751440316,29.127430223265716,83.53779971349348,0.004650026729151535,0.11625066822878838,7.265666764299273e-05,0.40681546416620507,64
IPPO,0,15616,243,244,-401.9058126655769,-6.279778322899639,0.7755775577557755,909,705,210,0,3.726241134751773,6.0,705,5524.92782367118,5498.325041315881,26.602782355294025,86.32699724486218,0.005448929539790483,0.1362232384947621,8.51395240592263e-05,0.40630839725181134,64
IPPO,0,15680,244,245,-364.4685172987888,-5.694820582793575,0.7628541448058762,953,727,213,0,3.7964236588720772,6.0,727,5503.468362975422,5475.380856302647,28.087506672772093,85.99169317149097,0.005121536144502888,0.1280384036125722,8.002400225785763e-05,0.4053105967851074,64
IPPO,0,15744,245,246,-374.24135730048346,-5.847521207820054,0.779128672745694,987,769,226,0,3.9310793237971393,6.0,769,6209.629754587221,6179.631442535754,29.998312051467035,97.02546491542533,0.005304867143724519,0.13262167859311297,8.288854912069561e-05,0.4045178841116287,64
IPPO,0,15808,246,247,-347.23037959723126,-5.4254746812067385,0.7796420581655481,894,697,205,0,3.793400286944046,6.0,697,4955.102974831305,4928.558272142878,26.54470268842724,77.42348398173914,0.004890742855549207,0.12226857138873018,7.641785711795636e-05,0.4029205286993893,64
IPPO,0,15872,247,248,-213.54959357159356,-3.3367123995561494,0.7873015873015873,945,744,200,0,3.745967741935484,6.0,744,4589.668254564403,4563.677740380961,25.99051418344165,71.71356647756879,0.003670184359427646,0.09175460898569116,5.734663061605697e-05,0.40134523524954097,64
IPPO,0,15936,248,249,-288.4897593166385,-4.507652489322477,0.7560706401766004,906,685,213,0,3.5226277372262773,6.0,685,4824.4240396159885,4800.747187937988,23.676851677999622,75.38162561899982,0.004262904925276863,0.10657262313192156,6.660788945745098e-05,0.3994409065120511,64
IPPO,0,16000,249,250,-328.3627982545503,-5.130668722727348,0.815068493150685,876,714,161,0,3.65266106442577,6.0,714,5240.44911728669,5216.50308015476,23.946037131927802,81.88201745760453,0.004794444907129075,0.11986112267822688,7.49132016738918e-05,0.39944058313179165,64
IPPO,0,16064,250,251,-326.21120648157194,-5.0970501012745615,0.8024553571428571,896,719,175,0,3.6091794158553547,6.0,719,5745.867530516016,5722.223079606774,23.644450909240543,89.77918016431275,0.0047664611699828165,0.11916152924957041,7.447595578098151e-05,0.39972171376911747,64
IPPO,0,16128,251,252,-368.49629684686346,-5.7577546382322415,0.7915343915343915,945,748,205,0,3.6697860962566846,6.0,748,5734.6923780950765,5708.94352185177,25.748856243303894,89.60456840773557,0.005226683945004226,0.13066709862510564,8.166693664069103e-05,0.400757740740211,64
IPPO,0,16192,252,253,-371.9819159596163,-5.8122174368690045,0.7818371607515657,958,749,208,0,3.7222963951935912,6.0,749,6199.964487406899,6174.439099767234,25.52538763966163,96.8744451157328,0.005254134722893263,0.13135336807233158,8.209585504520724e-05,0.40205637424584334,64
IPPO,0,16256,253,254,-367.85608335282006,-5.7477513023878135,0.7846938775510204,980,769,205,0,3.5253576072821846,6.0,769,6474.9356757514715,6450.1293887039465,24.806287047525224,101.17086993361674,0.0052674650482899005,0.13168662620724753,8.23041413795297e-05,0.4035586128246928,64
IPPO,0,16320,254,255,-364.29285000728316,-5.692075781363799,0.7888402625820569,914,721,193,0,3.5658807212205272,6.0,721,6058.619738738503,6034.959030409107,23.660708329397547,94.6659334177891,0.005128967272401833,0.12822418181004583,8.014011363127864e-05,0.40484047545392593,64
IPPO,0,16384,255,256,-342.78425379066135,-5.356003965479084,0.8002195389681669,911,729,184,0,3.5596707818930042,6.0,729,6871.278989145595,6848.265982781862,23.013006363730824,107.36373420539992,0.004946676489988933,0.12366691224972332,7.729182015607707e-05,0.40682413828595093,64
IPPO,0,16448,256,257,-231.657440894832,-3.61964751398175,0.8054298642533937,884,712,185,0,3.592696629213483,6.0,712,4929.763056687333,4906.588566991482,23.174489695852667,77.02754776073958,0.0037932976598458812,0.09483244149614703,5.9270275935091894e-05,0.40822762937356905,64
IPPO,0,16512,257,258,-295.9638504358801,-4.624435163060626,0.8036876355748374,922,741,175,0,3.6855600539811064,6.0,741,5366.884364205602,5341.964509586111,24.919854619493048,83.85756819071253,0.004520290304946603,0.11300725762366508,7.062953601479068e-05,0.40936480761044924,64
IPPO,0,16576,258,259,-250.70439622826353,-3.9172561910666177,0.7970557308096741,951,758,193,0,3.6147757255936677,6.0,758,5147.7025633573085,5122.784470869949,24.918092487359292,80.43285255245794,0.004084369147322489,0.10210922868306223,6.38182679269139e-05,0.41004658440896913,64
IPPO,0,16640,259,260,-291.47720260633514,-4.554331290723987,0.7917547568710359,946,749,193,0,3.590120160213618,6.0,749,5988.696200566485,5964.405224808044,24.2909757584406,93.57337813385132,0.004471861917499787,0.11179654793749468,6.987284246093417e-05,0.41179928371201036,64
IPPO,0,16704,260,261,-289.30239507261075,-4.520349923009543,0.7916230366492146,955,756,201,0,3.7314814814814814,6.0,756,5656.133063087926,5630.003349279343,26.129713808581958,88.37707911074884,0.00445519736723513,0.11137993418087824,6.96124588630489e-05,0.41272102499620833,64
IPPO,0,16768,261,262,-310.90369201192203,-4.857870187686282,0.7600827300930714,967,735,222,0,3.7170068027210883,6.0,735,5622.914819458577,5596.630570068848,26.28424938972837,87.85804405404026,0.00459566610593005,0.11489165264825126,7.180728290515704e-05,0.4125869132451663,64
IPPO,0,16832,262,263,-226.82673756479159,-3.5441677744498685,0.8047464940668824,927,746,184,0,3.6621983914209117,6.0,746,4982.713498491132,4957.313508844557,25.399989646573275,77.85489841392393,0.0038286642248910687,0.09571660562227671,5.982287851392295e-05,0.4112698275112288,64
IPPO,0,16896,263,264,-309.417626338176,-4.834650411534,0.7904255319148936,940,743,198,0,3.695827725437416,6.0,743,5397.683510008157,5371.11580172258,26.56770828557826,84.33880484387745,0.004630038105658923,0.11575095264147307,7.234434540092067e-05,0.4097926298785349,64
IPPO,0,16960,264,265,-220.2429860028319,-3.4412966562942486,0.7735849056603774,901,697,202,0,3.6814921090387376,6.0,697,4907.11432661267,4881.617890224832,25.49643638783894,76.67366135332297,0.0036249321439207425,0.09062330359801857,5.66395647487616e-05,0.4083195139877387,64
IPPO,0,17024,265,266,-285.4424062480278,-4.460037597625434,0.7538619979402678,971,732,235,0,3.7759562841530054,6.0,732,5394.942408717873,5366.588660004136,28.353748713738867,84.29597513621677,0.004319397442333292,0.10798493605833231,6.74905850364577e-05,0.40631177705889987,64
IPPO,0,17088,266,267,-272.6275266866347,-4.259805104478668,0.7936694021101993,853,677,184,0,3.7666174298375186,6.0,677,5260.761152994423,5235.472359938054,25.288793056366217,82.19939301553786,0.004122934190519618,0.10307335476299045,6.442084672686904e-05,0.40427129041422283,64
IPPO,0,17152,267,268,-200.22017316062173,-3.1284402056347145,0.7870894677236693,883,695,193,0,3.7798561151079135,6.0,695,4696.110129341845,4670.579082171295,25.531047170550494,73.37672077096633,0.0034323807760466753,0.08580951940116688,5.36309496257293e-05,0.4018672186152548,64
IPPO,0,17216,268,269,-241.07621434072973,-3.766815849073902,0.7929969104016478,971,770,200,0,3.6974025974025975,6.0,770,5383.28741930426,5355.803428043282,27.483991260978307,84.11386592662906,0.00400823444671157,0.10020586116778925,6.262866322986828e-05,0.400571649244479,64
IPPO,0,17280,269,270,-275.75277092771444,-4.308637045745538,0.7987152034261242,934,746,186,0,3.7050938337801607,6.0,746,5920.727436573129,5894.842861908352,25.884574664776732,92.51136619645514,0.004315766480685803,0.10789416201714508,6.743385126071567e-05,0.3985120919353223,64
IPPO,0,17344,270,271,-237.4676142178481,-3.7104314721538767,0.7596899224806202,903,686,219,0,3.717201166180758,6.0,686,4997.233821362902,4972.428017684976,24.805803677925237,78.08177845879534,0.00375004406662968,0.093751101665742,5.859443854108875e-05,0.3968510277492362,64
IPPO,0,17408,271,272,-254.45185013784806,-3.975810158403876,0.7555321390937829,949,717,227,0,3.8493723849372383,6.0,717,5322.542266419625,5294.94258380871,27.599682610915405,83.16472291280664,0.003983835332711984,0.09959588331779959,6.224742707362474e-05,0.3965354526525638,64
IPPO,0,17472,272,273,-259.3155373739754,-4.051805271468366,0.8063112078346029,919,741,186,0,3.7719298245614037,6.0,741,5400.288476752824,5373.311685214432,26.976791538392817,84.37950744926287,0.004139485644015802,0.10348714110039504,6.46794631877469e-05,0.39565778478652436,64
IPPO,0,17536,273,274,-269.5859608869182,-4.212280638858097,0.7900207900207901,962,760,194,0,3.793421052631579,6.0,760,5632.0712937533435,5605.419431811115,26.651861942228987,88.00111396489599,0.004279829502969801,0.10699573757424502,6.687233598390314e-05,0.3947340365771062,64
IPPO,0,17600,274,275,-245.2088009570458,-3.831387514953841,0.7819799777530589,899,703,202,0,3.660028449502134,6.0,703,5365.20953260469,5340.883985859549,24.325546745142034,83.83139894694828,0.003886962383690772,0.09717405959226931,6.0733787245168315e-05,0.3951114189115796,64
IPPO,0,17664,275,276,-330.4341780556184,-5.163034032119038,0.7661538461538462,975,747,217,0,3.7295850066934406,6.0,747,5653.208097270141,5627.287614530936,25.920482739206946,88.33137651984595,0.004827791208541025,0.12069478021352563,7.543423763345352e-05,0.39539607603192745,64
IPPO,0,17728,276,277,-277.965371272026,-4.343208926125406,0.7790055248618785,905,705,212,0,3.65531914893617,6.0,705,4647.39435159079,4621.846664356801,25.54768723398787,72.6155367436061,0.0042066850677721914,0.10516712669430478,6.572945418394049e-05,0.39544682101623474,64
IPPO,0,17792,277,278,-350.017432296809,-5.46902237963764,0.7943336831059811,953,757,182,0,3.7476882430647294,6.0,757,5607.916667572628,5580.707539253711,27.209128318918886,87.62369793082232,0.005086305775350396,0.1271576443837599,7.947352773984994e-05,0.39676375359054195,64
IPPO,0,17856,278,279,-301.80322306137333,-4.715675360333958,0.7861080485115767,907,713,199,0,3.691444600280505,6.0,713,5008.6739229776085,4983.929798179865,24.744124797743037,78.26053004652513,0.004479791723359648,0.1119947930839912,6.99967456774945e-05,0.39905658598231986,64
IPPO,0,17920,279,280,-291.8377846602699,-4.559965385316717,0.8147321428571429,896,730,160,0,3.6506849315068495,6.0,730,5132.7001014259295,5107.470223902662,25.229877523268982,80.19843908478015,0.004469492769048927,0.11173731922622318,6.983582451638949e-05,0.40105615760407637,64
IPPO,0,17984,280,281,-420.1851524754587,-6.5653930074290425,0.7575757575757576,990,750,231,0,3.7533333333333334,6.0,750,6111.410724624036,6084.003959629501,27.40676499453169,95.49079257225057,0.005709700914735966,0.14274252286839914,8.921407679274946e-05,0.40346723959925324,64
IPPO,0,18048,281,282,-454.31473969285605,-7.098667807700876,0.781183932346723,946,739,231,0,3.891745602165088,6.0,739,5655.800540173998,5627.296349613808,28.50419056019342,88.37188344021872,0.006026225636693278,0.15065564091733194,9.415977557333246e-05,0.40607618541375334,64
IPPO,0,18112,282,283,-543.7942284840935,-8.496784820063962,0.7589473684210526,950,721,219,0,3.807212205270458,6.0,721,6557.531429638744,6528.314341023552,29.21708861519004,102.46142858810538,0.006890168101989227,0.17225420254973067,0.00010765887659358168,0.4065870919169907,64
IPPO,0,18176,283,284,-379.2926244097689,-5.926447256402639,0.7505422993492408,922,692,231,0,3.856936416184971,6.0,692,5196.118758194124,5168.433617044943,27.68514114918049,81.18935559678319,0.005164875125358476,0.12912187813396192,8.07011738337262e-05,0.40742837314526326,64
IPPO,0,18240,284,285,-304.8010931515383,-4.762517080492786,0.7917570498915402,922,730,200,0,3.7958904109589042,6.0,730,4536.6511090883205,4509.146638719111,27.50447036920745,70.88517357950501,0.00454779744574294,0.1136949361435735,7.105933508973344e-05,0.40755473213690385,64
IPPO,0,18304,285,286,-232.3711650034044,-3.6307994531781937,0.7914691943127962,844,668,182,0,3.80688622754491,6.0,668,4076.9206645482154,4051.293442623378,25.627221924837535,63.701885383565866,0.0036991543118940645,0.09247885779735161,5.779928612334476e-05,0.40684487364328614,64
IPPO,0,18368,286,287,-366.66336751711094,-5.7291151174548585,0.7689075630252101,952,732,206,0,3.808743169398907,6.0,732,4956.50414211828,4928.5055389682975,27.998603149986703,77.44537722059812,0.005162865047718432,0.12907162619296078,8.06697663706005e-05,0.40593730987648075,64
IPPO,0,18432,287,288,-458.73541574214966,-7.167740870971088,0.7694736842105263,950,731,218,0,3.953488372093023,6.0,731,5805.107859643926,5775.677362970521,29.43049667340538,90.70481030693634,0.006066293766531907,0.15165734416329768,9.478584010206105e-05,0.40564360416159284,64
IPPO,0,18496,288,289,-379.23078123688964,-5.925480956826401,0.7542735042735043,936,706,234,0,3.876770538243626,6.0,706,4918.64747028431,4890.549494942907,28.097975341404222,76.85386672319234,0.0051941009620193315,0.12985252405048328,8.115782753155205e-05,0.40647100665383284,64
IPPO,0,18560,289,290,-346.7843948865931,-5.418506170103017,0.7749737118822292,951,737,214,0,3.858887381275441,6.0,737,5068.901164524527,5040.073121852566,28.82804267195931,79.20158069569574,0.004966253062243717,0.12415632655609292,7.759770409755807e-05,0.40778861888352375,64
IPPO,0,18624,290,291,-376.87029231574,-5.888598317433438,0.7769058295964125,892,693,198,0,3.8239538239538238,6.0,693,5090.721104839893,5063.813563874222,26.907540965667874,79.54251726312333,0.005181937245562365,0.12954843113905912,8.096776946191195e-05,0.40925771272078004,64
IPPO,0,18688,291,292,-380.5238915519337,-5.945685805498964,0.7784810126582279,948,738,203,0,3.6422764227642275,6.0,738,5804.484744621765,5778.306990500414,26.17775412135298,90.69507413471507,0.005318399724729297,0.13295999311823242,8.309999569889527e-05,0.4113713713229489,64
IPPO,0,18752,292,293,-261.76493575758775,-4.090077121212309,0.7872832369942196,865,681,185,0,3.8325991189427313,6.0,681,3963.9283669286247,3939.1220449184084,24.80632201021677,61.93638073325976,0.004017200821565315,0.10043002053913289,6.276876283695805e-05,0.4121193934313879,64
IPPO,0,18816,293,294,-422.9025549712027,-6.607852421425042,0.7965179542981502,919,732,195,0,3.6311475409836067,6.0,732,5477.071043630782,5450.7181772931435,26.352866337637526,85.57923505673097,0.005739742887999347,0.14349357219998365,8.968348262498979e-05,0.41213809582149064,64
IPPO,0,18880,294,295,-397.27731147395605,-6.207457991780563,0.7804347826086957,920,718,188,0,3.586350974930362,6.0,718,5331.434759668256,5307.158818159478,24.275941508778914,83.3036681198165,0.005458676827889616,0.1364669206972404,8.529182543577525e-05,0.412460612527488,64
IPPO,0,18944,295,296,-412.45149718663015,-6.444554643541096,0.7773279352226721,988,768,232,0,3.8333333333333335,6.0,768,5712.391322392323,5683.17007733219,29.22124506013061,89.25611441238004,0.005676372308638176,0.1419093077159544,8.86933173224715e-05,0.4122096952123261,64
IPPO,0,19008,296,297,-487.97574192980335,-7.624620967653177,0.7698833510074231,943,726,224,0,3.753443526170799,6.0,726,5898.652300006356,5871.243883220315,27.40841678603842,92.16644218759932,0.00634020002493055,0.15850500062326375,9.906562538953984e-05,0.41180781293194524,64
IPPO,0,19072,297,298,-392.8133442079687,-6.137708503249511,0.805672268907563,952,767,187,0,3.804432855280313,6.0,767,5204.7652668557,5177.249617366904,27.515649488798744,81.32445729462032,0.005532222928504916,0.1383055732126229,8.644098325788931e-05,0.4110568697338276,64
IPPO,0,19136,298,299,-331.4594449716939,-5.179053827682718,0.7828447339847991,921,721,187,0,3.604715672676838,6.0,721,4969.46676688395,4944.889364027124,24.577402856825362,77.64791823256172,0.00481013679897678,0.1202534199744195,7.515838748401219e-05,0.41056942929379936,64
IPPO,0,19200,299,300,-364.28453573176324,-5.691945870808801,0.8037974683544303,948,762,196,0,3.8031496062992125,6.0,762,5110.687336701311,5083.6764439559265,27.01089274538466,79.85448963595799,0.005226448002618805,0.13066120006547013,8.166325004091883e-05,0.41002322490098997,64
IPPO,0,19264,300,301,-446.9771282102453,-6.984017628285083,0.8066298342541437,905,730,175,0,3.628767123287671,6.0,730,5399.655051666816,5374.86083855123,24.794213115587223,84.369610182294,0.006002318095464011,0.15005795238660027,9.378622024162518e-05,0.40852611876597855,64
IPPO,0,19328,301,302,-417.5942340617879,-6.524909907215436,0.7674661105318039,959,736,220,0,3.8519021739130435,6.0,736,5597.001830739848,5569.18405727006,27.81777346978617,87.45315360531012,0.005665723076542114,0.14164307691355285,8.852692307097053e-05,0.4074210203979793,64
IPPO,0,19392,302,303,-427.82998790217806,-6.684843560971532,0.7640086206896551,928,709,221,0,3.826516220028209,6.0,709,4891.524998024787,4863.47272924839,28.052268776395074,76.4300780941373,0.0057031454062354825,0.14257863515588706,8.911164697242941e-05,0.40623397672917516,64
IPPO,0,19456,303,304,-372.3708193031053,-5.81829405161102,0.7568710359408034,946,716,220,0,3.775139664804469,6.0,716,5164.287542720386,5135.079231286006,29.208311434380057,80.69199285500603,0.005164775171205164,0.1291193792801291,8.069961205008068e-05,0.4052320320611225,64
IPPO,0,19520,304,305,-354.05646021531584,-5.53213219086431,0.8228822882288229,909,748,179,0,3.8689839572192515,6.0,748,4960.288773201898,4932.017439222696,28.271333979204677,77.50451208127966,0.00510893479136375,0.12772336978409374,7.982710611505859e-05,0.4051196094074099,64
IPPO,0,19584,305,306,-255.92021969027147,-3.9987534326604917,0.7747957992998833,857,664,188,0,3.8237951807228914,6.0,664,3803.572346173107,3778.251428539295,25.320917633813853,59.43081790895479,0.003917298730320369,0.09793246825800922,6.120779266125576e-05,0.40419158753760154,64
IPPO,0,19648,306,307,-446.0975994535272,-6.970274991461363,0.7929240374609782,961,762,196,0,3.7335958005249346,6.0,762,5575.310324622221,5547.582595963445,27.727728658775913,87.1142238222222,0.006040064222260683,0.1510016055565171,9.437600347282318e-05,0.403440640523607,64
IPPO,0,19712,307,308,-521.1095274575662,-8.142336366524471,0.7827027027027027,925,724,201,0,3.798342541436464,6.0,724,6265.110940805949,6238.079283864659,27.03165694129317,97.89235845009296,0.00669702780482689,0.16742569512067226,0.00010464105945042016,0.4035048710122236,64
IPPO,0,19776,308,309,-494.1313198075136,-7.7208018719924,0.7727771679473107,911,704,206,0,3.671875,6.0,704,5956.69253259609,5931.23842632778,25.45410626830896,93.07332082181391,0.00637192072798125,0.15929801819953124,9.956126137470703e-05,0.4044925554914661,64
IPPO,0,19840,309,310,-462.11023870081567,-7.220472479700245,0.7878787878787878,891,702,182,0,3.6495726495726495,6.0,702,5480.960359268563,5455.9863209698215,24.974038298740076,85.64000561357129,0.006075131665932932,0.1518782916483233,9.492393228020207e-05,0.40477670792564097,64
IPPO,0,19904,310,311,-421.4995742909522,-6.585930848296128,0.7898789878987899,909,718,194,0,3.639275766016713,6.0,718,5436.833924042704,5412.446888958793,24.387035083911567,84.95053006316725,0.005693501043061653,0.14233752607654132,8.896095379783833e-05,0.40618073965382817,64
IPPO,0,19968,311,312,-394.371687763331,-6.162057621302047,0.7893013100436681,916,723,199,0,3.496542185338866,6.0,723,4910.149072615606,4886.551288730254,23.597783885353774,76.72107925961885,0.005429207427843844,0.1357301856960961,8.483136606006006e-05,0.4091599522082587,64
IPPO,0,20032,312,313,-525.0102576301194,-8.203285275470616,0.7668341708542713,995,763,235,0,3.656618610747051,6.0,763,5496.303715748165,5468.81860035836,27.48511538980281,85.87974555856508,0.006785717834477504,0.1696429458619376,0.000106026841163711,0.410082728440469,64
IPPO,0,20096,313,314,-402.91661198183874,-6.29557206221623,0.7676438653637351,921,707,213,0,3.685997171145686,6.0,707,5126.023404313218,5100.397371030073,25.626033283146832,80.09411569239403,0.00545779699196977,0.13644492479924425,8.527807799952766e-05,0.4108369799365442,64
IPPO,0,20160,314,315,-450.91156640906553,-7.045493225141649,0.7555066079295154,908,686,201,0,3.8644314868804663,6.0,686,5199.389234674958,5172.005670646294,27.38356402866671,81.24045679179622,0.005902989697156824,0.1475747424289206,9.223421401807537e-05,0.4115172595599047,64
IPPO,0,20224,315,316,-465.13938238236506,-7.267802849724454,0.7958287596048299,911,725,197,0,3.8593103448275863,6.0,725,5524.686473041983,5497.085298378494,27.60117466348657,86.32322614128098,0.006141675507459354,0.15354188768648386,9.596367980405241e-05,0.41183862627631695,64
IPPO,0,20288,316,317,-504.18861570763096,-7.877947120431734,0.7758985200845666,946,734,201,0,3.82425068119891,6.0,734,5496.809931903704,5466.756672063631,30.053259840073473,85.88765518599537,0.006548892581207421,0.16372231453018554,0.00010232644658136596,0.41201288537302594,64
IPPO,0,20352,317,318,-421.28412970778334,-6.582564526684115,0.8202614379084967,918,753,183,0,3.853917662682603,6.0,753,5251.602248951338,5223.123367518389,28.478881432947343,82.05628513986466,0.005787961621554518,0.14469904053886296,9.043690033678935e-05,0.41109845191135236,64
IPPO,0,20416,318,319,-307.34213791757946,-4.802220904962179,0.761478163493841,893,680,219,0,3.6941176470588237,6.0,680,4076.0081733375296,4050.3007034955235,25.707469842005025,63.6876277083989,0.004430486797581037,0.11076216993952592,6.92263562122037e-05,0.40957714296266323,64
IPPO,0,20480,319,320,-240.94019178819582,-3.7646904966905597,0.7783018867924528,848,660,181,0,3.6303030303030304,6.0,660,3722.810855078141,3699.4528279383712,23.358027139770208,58.16891961059595,0.0037660481604303644,0.0941512040107591,5.8844502506724444e-05,0.40705308982839045,64
IPPO,0,20544,320,321,-254.2353951645166,-3.972428049445572,0.7885714285714286,875,690,193,0,3.56231884057971,6.0,690,4085.277255291561,4061.6094395076243,23.667815783936142,63.83245711393064,0.003956714761335802,0.09891786903339504,6.18236681458719e-05,0.40385797891574976,64
IPPO,0,20608,321,322,-241.3921229584891,-3.771751921226392,0.7765843179377014,931,723,205,0,3.619640387275242,6.0,723,4688.407915740047,4662.906404852619,25.50151088742815,73.25637368343824,0.0038935539204708676,0.09733884801177169,6.0836780007357306e-05,0.4014918269798404,64
IPPO,0,20672,322,323,-299.8402238082416,-4.685003497003775,0.777535441657579,917,713,201,0,3.5287517531556802,6.0,713,4605.072135973474,4579.920942344833,25.15119362864186,71.95425212458554,0.004458897234561774,0.11147243086404436,6.967026929002772e-05,0.3988694174097218,64
IPPO,0,20736,323,324,-323.18796671848804,-5.049811979976376,0.7955271565495208,939,747,190,0,3.5917001338688084,6.0,747,5634.204396836669,5608.197228809694,26.00716802697875,88.03444370057295,0.004786011191850033,0.11965027979625083,7.478142487265677e-05,0.3977476359521621,64
IPPO,0,20800,324,325,-329.19333363486095,-5.143645838044702,0.7865853658536586,984,774,203,0,3.8165374677002584,6.0,774,5580.830295457337,5551.089204106823,29.74109135051276,87.2004733665209,0.004892779050118156,0.1223194762529539,7.644967265809619e-05,0.3975839688483279,64
IPPO,0,20864,325,326,-302.98914694244763,-4.734205420975744,0.7741203178206584,881,682,219,0,3.7521994134897363,6.0,682,4820.380896944635,4794.501236410636,25.879660533999253,75.31845151475993,0.004393440185835623,0.10983600464589058,6.864750290368161e-05,0.3973471097922326,64
IPPO,0,20928,326,327,-290.0736400245182,-4.532400625383097,0.7880085653104925,934,736,179,0,3.657608695652174,6.0,736,5304.134274004343,5277.745964167131,26.38830983721203,82.87709803131786,0.004442730481139401,0.11106826202848502,6.941766376780314e-05,0.3964822691504325,64
IPPO,0,20992,327,328,-371.0338860049076,-5.797404468826681,0.816628701594533,878,717,168,0,3.608089260808926,6.0,717,5864.979921285437,5841.698306287533,23.281614997904555,91.64031127008495,0.005221072482096536,0.1305268120524134,8.157925753275837e-05,0.39553339398086906,64
IPPO,0,21056,328,329,-255.87512395289417,-3.9980488117639714,0.7930258717660292,889,705,180,0,3.598581560283688,6.0,705,4610.595507374734,4586.159557321303,24.43595005342904,72.04055480273021,0.004023696983413352,0.1005924245853338,6.287026536583362e-05,0.39484472857176445,64
IPPO,0,21120,329,330,-363.8814245224591,-5.685647258163423,0.8228388473852721,937,771,175,0,3.6588845654993514,6.0,771,6189.6013389622885,6164.310341989554,25.290996972736103,96.71252092128576,0.005269059784332663,0.13172649460831656,8.232905913019785e-05,0.39385628414007945,64
IPPO,0,21184,330,331,-402.09714400945063,-6.282767875147666,0.7773237997957099,979,761,201,0,3.5886990801576872,6.0,761,6432.820264035329,6406.4747646324295,26.345499402897733,100.51281662555202,0.005594517664819176,0.13986294162047938,8.741433851279962e-05,0.3935768494332771,64
IPPO,0,21248,331,332,-279.93696226920645,-4.374015035456351,0.7958963282937365,926,737,185,0,3.7421981004070557,6.0,737,5490.376959450163,5464.522330661565,25.854628788594653,85.7871399914088,0.004335108764339106,0.10837771910847764,6.773607444279853e-05,0.3945674664307865,64
IPPO,0,21312,332,333,-280.9577041968927,-4.389964128076448,0.7911255411255411,924,731,209,0,3.7756497948016414,6.0,731,5076.021360633025,5049.847138064756,26.174222568266515,79.31283375989102,0.00430047331400675,0.10751183285016876,6.719489553135547e-05,0.3947452357051652,64
IPPO,0,21376,333,334,-213.41623439864304,-3.3346286624787975,0.7787418655097614,922,718,211,0,3.9122562674094707,6.0,718,4994.971736987102,4967.082974333297,27.888762653805085,78.04643339042347,0.0035945933510638044,0.08986483377659511,5.6165521110371944e-05,0.3944094747002683,64
IPPO,0,21440,334,335,-192.65152437727374,-3.0101800683949023,0.7822318526543879,923,722,195,0,3.721606648199446,6.0,722,4735.893953848423,4709.756334617374,26.137619231052092,73.9983430288816,0.0034161107001907894,0.08540276750476973,5.3376729690481085e-05,0.3931817210679377,64
IPPO,0,21504,335,336,-225.3499819557082,-3.5210934680579404,0.773542600896861,892,690,198,0,3.5869565217391304,6.0,690,4717.922090936066,4692.777737389381,25.14435354668433,73.71753267087603,0.0036631359911421827,0.09157839977855457,5.7236499861596605e-05,0.3923698911394368,64
IPPO,0,21568,336,337,-216.72265195729648,-3.3862914368327575,0.7863157894736842,950,747,195,0,3.7336010709504683,6.0,747,4728.336828420726,4701.6803409662825,26.65648745444259,73.88026294407385,0.003716429417848268,0.0929107354462067,5.806920965387919e-05,0.3923170385546408,64
IPPO,0,21632,337,338,-203.52384921386687,-3.18006014396667,0.7852494577006508,922,724,204,0,3.707182320441989,6.0,724,5225.8879492922,5199.822591752429,26.065357539770694,81.65449920769062,0.003519547276565178,0.08798868191412945,5.4992926196330905e-05,0.39240837326518285,64
IPPO,0,21696,338,339,-162.51779929244825,-2.539340613944504,0.7748132337246532,937,726,206,0,3.7258953168044076,6.0,726,4475.896786184822,4449.931787902502,25.964998282321037,69.93588728413785,0.0031116082000031513,0.07779020500007879,4.861887812504924e-05,0.39206629192059606,64
IPPO,0,21760,339,340,-226.09329735864372,-3.532707771228808,0.7790055248618785,905,705,205,0,3.649645390070922,6.0,705,5134.5976149008775,5109.963988253293,24.633626647585338,80.22808773282621,0.0036975153291999804,0.0924378832299995,5.7773677018749694e-05,0.39268405069019907,64
IPPO,0,21824,340,341,-231.58456978685047,-3.6185089029195385,0.7848518111964874,911,715,207,0,3.629370629370629,6.0,715,5070.377058389828,5045.184659927695,25.19239846213346,79.22464153734106,0.0037728625439848963,0.0943215635996224,5.8950977249764004e-05,0.39378649492975404,64
IPPO,0,21888,341,342,-236.73146527069667,-3.6989291448546355,0.7636566332218506,897,685,205,0,3.6963503649635037,6.0,685,4620.022225530184,4594.767254076052,25.25497145413193,72.18784727390913,0.0037568726191660844,0.09392181547915211,5.870113467447007e-05,0.3950908125343126,64
IPPO,0,21952,342,343,-202.70607882467573,-3.1672824816355583,0.7600827300930714,967,735,220,0,3.7551020408163267,6.0,735,5188.932108910464,5158.59197802182,30.34013088864297,81.077064201726,0.0035184942751506263,0.08796235687876566,5.4976473049228536e-05,0.39678648463064375,64
IPPO,0,22016,343,344,-145.90684395811553,-2.279794436845555,0.808235294117647,850,687,175,0,3.7088791848617175,6.0,687,4039.483795701235,4013.487354710442,25.996440990793186,63.1169343078318,0.0028903457864967396,0.07225864466241849,4.5161652914011556e-05,0.39718861763966024,64
IPPO,0,22080,344,345,-210.76466271928697,-3.293197854988859,0.786504424778761,904,711,199,0,3.817158931082982,6.0,711,4499.386114992564,4472.595807022766,26.790307969796793,70.30290804675882,0.003566826990140412,0.0891706747535103,5.5731671720943936e-05,0.3974553012105919,64
IPPO,0,22144,345,346,-230.2601133072457,-3.597814270425714,0.7762008733624454,916,711,192,0,3.70182841068917,6.0,711,5255.11778675029,5228.426615388501,26.691171361789532,82.11121541797328,0.0037710652388020173,0.09427663097005043,5.892289435628152e-05,0.3971644258765622,64
IPPO,0,22208,346,347,-215.5495079927016,-3.3679610623859624,0.7582089552238805,1005,762,234,0,3.79002624671916,6.0,762,5422.464035010931,5392.7523588197155,29.711676191217325,84.7260005470458,0.0036956564311213112,0.09239141077803278,5.774463173627049e-05,0.3976653311687929,64
IPPO,0,22272,347,348,-214.82854225847348,-3.356695972788648,0.8105726872246696,908,736,190,0,3.71875,6.0,736,5108.458753221368,5083.045087867101,25.4136653542676,79.81966801908388,0.0036784883572588156,0.09196220893147039,5.747638058216899e-05,0.3975414613635182,64
IPPO,0,22336,348,349,-176.30735008474971,-2.7548023450742143,0.7717514124293785,885,683,193,0,3.723279648609078,6.0,683,4592.984399818042,4567.668429529302,25.315970288740495,71.76538124715691,0.003163029201490122,0.07907573003725304,4.9422331273283153e-05,0.396346144079604,64
IPPO,0,22400,349,350,-224.28719433464602,-3.504487411478844,0.7651282051282051,975,746,225,0,3.871313672922252,6.0,746,5443.803270378177,5414.45060407922,29.352666298956347,85.05942609965902,0.0037545451101261467,0.09386362775315367,5.866476734572104e-05,0.3952365514889804,64
IPPO,0,22464,350,351,-188.98543634830386,-2.952897442942248,0.763617677286742,973,743,234,0,3.9502018842530284,6.0,743,5478.796746517624,5449.319891483245,29.47685503438099,85.60619916433788,0.0033829013836218016,0.08457253459054503,5.285783411909065e-05,0.3943678733392876,64
IPPO,0,22528,351,352,-143.10557821529085,-2.2360246596139195,0.7792642140468228,897,699,197,0,3.8984263233190273,6.0,699,4098.522790249139,4071.2400741214155,27.282716127723546,64.0394185976428,0.0028658582112425237,0.07164645528106309,4.477903455066443e-05,0.3921200730059188,64
IPPO,0,22592,352,353,-191.17310028538958,-2.987079691959212,0.777306468716861,943,733,213,0,3.8171896316507503,6.0,733,5446.623187708844,5418.759801860859,27.863385847984894,85.10348730795069,0.0034062475120895043,0.0851561878022376,5.3222617376398505e-05,0.39059492282610575,64
IPPO,0,22656,353,354,-208.0584073054768,-3.250912614148075,0.7609921082299888,887,675,213,0,3.911111111111111,6.0,675,4505.42852054424,4478.7259401699,26.70258037433951,70.39732063350375,0.003435279568760341,0.08588198921900853,5.367624326188033e-05,0.38925504762416135,64
IPPO,0,22720,354,355,-201.8517197954428,-3.1539331218037936,0.748712667353244,971,727,246,0,3.778541953232462,6.0,727,5233.971619969702,5205.650586372783,28.321033596919882,81.7808065620266,0.003458550614830647,0.08646376537076617,5.4039853356728856e-05,0.3871525423464989,64
IPPO,0,22784,355,356,-219.6500378589031,-3.432031841545361,0.7576443941109853,883,669,225,0,3.883408071748879,6.0,669,4922.0996280517065,4894.8141047101,27.285523341608165,76.90780668830791,0.0035231821393751817,0.08807955348437954,5.5049720927737214e-05,0.38483909022166773,64
IPPO,0,22848,356,357,-208.54637713264833,-3.25853714269763,0.746448087431694,915,683,215,0,3.800878477306003,6.0,683,4828.260394302715,4800.400842302881,27.859551999833325,75.44156866097993,0.003458400406484294,0.08646001016210735,5.4037506351317095e-05,0.3824603223903459,64
IPPO,0,22912,357,358,-221.66495713496124,-3.4635149552337694,0.7226890756302521,952,688,256,0,3.9927325581395348,6.0,688,4925.606835393924,4894.018422068486,31.58841332543942,76.96260680303006,0.0035507196236933126,0.08876799059233281,5.547999412020801e-05,0.3820116562759881,64
IPPO,0,22976,358,359,-253.93233813133924,-3.9676927833021756,0.7458926615553122,913,681,250,0,3.9412628487518355,6.0,681,4989.738661549796,4960.518985257752,29.21967629204263,77.96466658671557,0.0038639695912284612,0.09659923978071153,6.037452486294471e-05,0.38249378839275117,64
IPPO,0,23040,359,360,-217.32603097135228,-3.3957192339273794,0.7624190064794817,926,706,217,0,3.7521246458923514,6.0,706,5175.962287866624,5147.7387077169815,28.223580149641982,80.874410747916,0.0035974742743017287,0.08993685685754321,5.621053553596451e-05,0.3830340378664801,64
IPPO,0,23104,360,361,-269.174600721335,-4.20585313627086,0.7642706131078224,946,723,228,0,3.8464730290456433,6.0,723,5510.383625107252,5481.316768718238,29.066856389013672,86.0997441423008,0.0041428026921297165,0.10357006730324292,6.473129206452682e-05,0.38349210878964113,64
IPPO,0,23168,361,362,-257.53568440517927,-4.023995068830926,0.7333333333333333,945,693,236,0,3.86002886002886,6.0,693,5175.279141091911,5147.094789938264,28.184351153648148,80.8637365795611,0.003943682915373322,0.09859207288433304,6.162004555270815e-05,0.3863087363368153,64
IPPO,0,23232,362,363,-300.59687595773175,-4.696826186839559,0.7518959913326111,923,694,228,0,3.861671469740634,6.0,694,5498.934116803495,5472.164238229489,26.769878574007645,85.92084557505461,0.004387894868327155,0.10969737170817886,6.85608573176118e-05,0.38916633371481435,64
IPPO,0,23296,363,364,-278.3889185031562,-4.349826851611816,0.7824709609292503,947,741,215,0,3.865047233468286,6.0,741,5429.0336868476825,5400.437954194035,28.595732653648668,84.82865135699504,0.0042938472141492165,0.10734618035373042,6.709136272108151e-05,0.3911026618473924,64
IPPO,0,23360,364,365,-372.97622034030536,-5.827753442817271,0.7717976318622174,929,717,206,0,3.698744769874477,6.0,717,6060.696587735649,6033.364229214089,27.33235852156327,94.69838418336951,0.005190939592451739,0.12977348981129347,8.110843113205842e-05,0.3936559863065988,64
IPPO,0,23424,365,366,-272.4086318949172,-4.256384873358082,0.7881619937694704,963,759,203,0,3.844532279314888,6.0,759,4941.829705571094,4914.05728867473,27.77241689636201,77.21608914954834,0.004291387356915791,0.10728468392289478,6.705292745180923e-05,0.39549893687357573,64
IPPO,0,23488,366,367,-222.93991203434058,-3.4834361255365716,0.7717750826901875,907,700,217,0,3.7585714285714285,6.0,700,4497.557896221007,4470.797710197521,26.760186023485108,70.27434212845323,0.003639266825622359,0.09098167064055898,5.686354415034936e-05,0.39703156561682085,64
IPPO,0,23552,367,368,-257.65558624375564,-4.025868535058682,0.7290322580645161,930,678,249,0,3.9041297935103243,6.0,678,4432.137557284943,4401.913841407809,30.223715877135177,69.25214933257723,0.0038937182558865294,0.09734295639716324,6.083934774822702e-05,0.39857350126245095,64
IPPO,0,23616,368,369,-312.8921480202456,-4.8889398128163375,0.7810526315789473,950,742,214,0,4.006738544474394,6.0,742,5040.441624334119,5010.163774195811,30.277850138311273,78.75690038022061,0.004641016499306996,0.11602541248267491,7.251588280167182e-05,0.4006403617119102,64
IPPO,0,23680,369,370,-317.5493310468638,-4.961708297607247,0.7661748013620885,881,675,214,0,3.8162962962962963,6.0,675,5428.611044687848,5402.1606185382525,26.45042614959851,84.82204757324763,0.004528845467213668,0.1132211366803417,7.076321042521356e-05,0.40306625817458674,64
IPPO,0,23744,370,371,-445.4133062325276,-6.959582909883244,0.7408184679958028,953,706,218,0,3.7974504249291785,6.0,706,5663.654689800991,5635.180376769701,28.47431303129073,88.49460452814048,0.005874730071787248,0.1468682517946812,9.179265737167575e-05,0.40463386009029945,64
IPPO,0,23808,371,372,-429.5380796495514,-6.71153249452424,0.7929864253393665,884,701,196,0,3.797432239657632,6.0,701,5545.642063448869,5518.484023004023,27.158040444843117,86.65065724138857,0.005730004427711691,0.14325011069279228,8.953131918299517e-05,0.40499390849264477,64
IPPO,0,23872,372,373,-432.60697779665566,-6.759484028072745,0.7554858934169278,957,723,231,0,3.9349930843706775,6.0,723,6308.102274974885,6277.824029854444,30.27824512043998,98.56409804648258,0.005772180736719328,0.1443045184179832,9.01903240112395e-05,0.40671394206392714,64
IPPO,0,23936,373,374,-300.985679430177,-4.702901241096516,0.7389006342494715,946,699,249,0,3.917024320457797,6.0,699,4591.956961431723,4561.966122992036,29.990838439688154,71.74932752237068,0.004377150228884161,0.10942875572210403,6.839297232631502e-05,0.4087306274348154,64
IPPO,0,24000,374,375,-422.5032554163775,-6.601613365880898,0.7678185745140389,926,711,223,0,3.831223628691983,6.0,711,5661.892757620843,5634.298545247364,27.594212373479355,88.46707433782568,0.005650835249944061,0.14127088124860152,8.829430078037595e-05,0.4113223787602851,64
IPPO,0,24064,375,376,-411.8047183784309,-6.434448724662983,0.7551462621885157,923,697,208,0,3.7948350071736012,6.0,697,6094.469152781687,6066.706432358815,27.76272042286823,95.22608051221385,0.0055289772877796265,0.13822443219449065,8.639027012155666e-05,0.4137773029816387,64
IPPO,0,24128,376,377,-366.8356681894317,-5.7318073154598705,0.7679558011049724,905,695,231,0,3.7482014388489207,6.0,695,5195.585244447866,5168.850107443488,26.73513700437688,81.1810194444979,0.005046335476638866,0.12615838691597164,7.884899182248229e-05,0.4156254902075754,64
IPPO,0,24192,377,378,-486.9733112045489,-7.608957987571077,0.7667364016736402,956,733,209,0,3.77762619372442,6.0,733,6401.607049030658,6373.3406432302145,28.266405800447245,100.02511014110404,0.006365563984975332,0.1591390996243833,9.946193726523956e-05,0.41682731069406725,64
IPPO,0,24256,378,379,-263.2109225534749,-4.112670664898046,0.7181425485961123,926,665,256,0,3.866165413533835,6.0,665,4187.5724288071015,4160.117693667118,27.454735139981338,65.43081920011096,0.003912596696626919,0.09781491741567298,6.113432338479561e-05,0.4170909231834755,64
IPPO,0,24320,379,380,-375.169021284535,-5.8620159575708595,0.7764449291166848,917,712,211,0,3.7219101123595504,6.0,712,5130.012586834838,5103.49228485552,26.520301979319335,80.15644666929434,0.005193284560246781,0.1298321140061695,8.114507125385595e-05,0.41662893374171894,64
IPPO,0,24384,380,381,-337.19858471713894,-5.268727886205296,0.7808370044052864,908,709,213,0,3.8095909732016926,6.0,709,4933.296772140636,4906.9993715521505,26.29740058848465,77.08276206469743,0.004807114101741017,0.12017785254352542,7.511115783970339e-05,0.4160316641283449,64
IPPO,0,24448,381,382,-398.34127342269096,-6.224082397229546,0.7943336831059811,953,757,193,0,3.586525759577279,6.0,757,5514.420233900511,5488.776893017484,25.643340883026447,86.16281615469549,0.005557218856308035,0.13893047140770087,8.683154462981305e-05,0.41565240396043707,64
IPPO,0,24512,382,383,-314.8755254924765,-4.919930085819946,0.7420454545454546,880,653,222,0,3.8300153139356814,6.0,653,4520.900850663924,4495.004669967018,25.896180696905923,70.63907579162381,0.00443846577431123,0.11096164435778075,6.935102772361296e-05,0.41545157566681234,64
IPPO,0,24576,383,384,-252.30761315273267,-3.942306455511448,0.7458563535911602,905,675,230,0,3.8325925925925928,6.0,675,4413.873493401094,4385.927826825306,27.945666575787982,68.96677333439209,0.0038588733506642755,0.09647183376660688,6.0294896104129304e-05,0.41558621333039936,64
IPPO,0,24640,384,385,-370.3807801363161,-5.787199689629939,0.7857142857142857,966,759,212,0,3.7602108036890645,6.0,759,5195.944192533066,5168.341442805554,27.602749727507494,81.18662800832915,0.005258263593115225,0.13145658982788064,8.21603686424254e-05,0.4157308626733482,64
IPPO,0,24704,385,386,-428.39624834614983,-6.693691380408591,0.7466517857142857,896,669,221,0,3.783258594917788,6.0,669,5394.155879498071,5367.493025253933,26.662854244138778,84.28368561715736,0.005612403874514213,0.14031009686285534,8.769381053928458e-05,0.4153848509162059,64
IPPO,0,24768,386,387,-507.9935141972808,-7.937398659332512,0.7577374599786553,937,710,215,0,3.832394366197183,6.0,710,5434.168816482805,5407.923259241438,26.245557241366885,84.90888775754382,0.006511970945281685,0.16279927363204214,0.00010174954602002633,0.4146839346817647,64
IPPO,0,24832,387,388,-511.0550137396872,-7.985234589682612,0.8055878928987195,859,692,197,0,3.708092485549133,6.0,692,5441.813829659429,5417.250554189548,24.563275469878594,85.02834108842858,0.006523607150459121,0.16309017876147802,0.00010193136172592376,0.4134975602045282,64
IPPO,0,24896,388,389,-345.3386826754589,-5.395916916804046,0.780327868852459,915,714,175,0,3.570028011204482,6.0,714,5054.506735254505,5030.098970850612,24.40776440389135,78.97666773835164,0.004945732346575125,0.12364330866437813,7.727706791523633e-05,0.41205048460334304,64
IPPO,0,24960,389,390,-629.6649312302833,-9.838514550473176,0.7970557308096741,951,758,204,0,3.5514511873350925,6.0,758,6961.484314952018,6936.82301211561,24.661302836412144,108.77319242112529,0.00786186985028056,0.196546746257014,0.00012284171641063375,0.41227131678914575,64
IPPO,0,25024,390,391,-509.6113576748106,-7.962677463668916,0.8023012552301255,956,767,193,0,3.775749674054759,6.0,767,5524.948195789097,5497.271996531531,27.67619925756294,86.32731555920464,0.00669074482042557,0.16726862051063923,0.00010454288781914953,0.4114310880977614,64
IPPO,0,25088,391,392,-437.0466137893093,-6.828853340457957,0.8041349292709467,919,739,194,0,3.7388362652232745,6.0,739,5386.295699012354,5359.941502174477,26.354196837876245,84.16087029706803,0.00589757164340378,0.1474392910850945,9.214955692818406e-05,0.4107369392794172,64
IPPO,0,25152,392,393,-503.5947258672868,-7.868667591676356,0.7732067510548524,948,733,195,0,3.757162346521146,6.0,733,5706.48600174306,5679.982628833437,26.5033729096241,89.16384377723531,0.006549762998351533,0.16374407495878832,0.0001023400468492427,0.4100111556147756,64
IPPO,0,25216,393,394,-441.0642258964409,-6.891628529631889,0.801906779661017,944,757,187,0,3.706737120211361,6.0,757,5263.982972351009,5237.212355972083,26.77061637892702,82.24973394298452,0.005987622355972672,0.1496905588993168,9.3556599312073e-05,0.4094778015400924,64
IPPO,0,25280,394,395,-580.4003620963226,-9.068755657755041,0.762,1000,762,237,0,3.8503937007874014,6.0,762,6422.926736238398,6393.472101341248,29.454634897147812,100.35823025372497,0.007332878666205782,0.18332196665514455,0.00011457622915946534,0.409161595044345,64
IPPO,0,25344,395,396,-487.9040833624342,-7.623501302538035,0.7940267765190525,971,771,200,0,3.688715953307393,6.0,771,5819.814352429958,5794.077174352829,25.737178077129393,90.93459925671809,0.0064778029881353075,0.16194507470338268,0.00010121567168961418,0.41129045127071984,64
IPPO,0,25408,396,397,-632.5761137616032,-9.88400177752505,0.7680157946692991,1013,778,235,0,3.7429305912596402,6.0,778,6780.221025493995,6753.221146829824,26.99987866416954,105.94095352334367,0.007895791042640992,0.19739477606602482,0.0001233717350412655,0.4146621547679433,64
IPPO,0,25472,397,398,-586.422530578706,-9.16285204029228,0.7980561555075594,926,739,186,0,3.7144790257104194,6.0,739,6224.568000445624,6198.36944779541,26.198552650216406,97.25887500696288,0.007401452374113186,0.18503630935282964,0.00011564769334551853,0.4175103607485694,64
IPPO,0,25536,398,399,-385.9502700859036,-6.0304729700922435,0.7946524064171123,935,743,189,0,3.7954239569313595,6.0,743,5423.190110433831,5396.733123252874,26.4569871809576,84.73734547552861,0.005403912362063971,0.13509780905159927,8.443613065724955e-05,0.4191588540523282,64
IPPO,0,25600,399,400,-451.5656584279913,-7.055713412937364,0.7825136612021858,915,716,208,0,3.702513966480447,6.0,716,4961.563634566731,4936.78440589212,24.779228674610717,77.52443179010517,0.005971480214527971,0.14928700536319928,9.330437835199955e-05,0.42024753138846466,64
IPPO,0,25664,400,401,-451.4223809664228,-7.053474702600356,0.7882483370288248,902,711,198,0,3.6990154711673697,6.0,711,5479.0907926458885,5455.3745786420295,23.716214003855953,85.61079363509201,0.005966833254895176,0.14917083137237938,9.323176960773712e-05,0.42016062359521744,64
IPPO,0,25728,401,402,-412.13619816900905,-6.439628096390766,0.7892518440463646,949,749,196,0,3.6275033377837116,6.0,749,5453.0111955899365,5426.680787552956,26.330408036982718,85.20329993109276,0.005671941195189052,0.1417985298797263,8.862408117482894e-05,0.4196684496632546,64
IPPO,0,25792,402,403,-460.29191237759653,-7.192061130899946,0.7422680412371134,970,720,240,0,3.859722222222222,6.0,720,5487.958619494558,5459.522977024316,28.435642470243423,85.74935342960246,0.006029057947079418,0.15072644867698545,9.420403042311591e-05,0.41876052045331047,64
IPPO,0,25856,403,404,-357.9235670847963,-5.592555735699942,0.7706725468577729,907,699,207,0,3.8741058655221745,6.0,699,4970.133795723899,4943.753085442145,26.380710281755363,77.65834055818593,0.0049955286843923,0.12488821710980749,7.805513569362968e-05,0.417341997545124,64
IPPO,0,25920,404,405,-427.3368589561795,-6.677138421190305,0.7958740499457112,921,733,203,0,3.727148703956344,6.0,733,5462.650949031329,5436.244390144804,26.406558886524437,85.35392107861452,0.005775968633143852,0.1443992158285963,9.024950989287268e-05,0.4154973884787737,64
IPPO,0,25984,405,406,-367.010154914846,-5.734533670544469,0.783677482792527,1017,797,200,0,3.8306148055207028,6.0,797,5592.974708291846,5562.001059809303,30.973648482542238,87.39022981706009,0.0053315034706690155,0.1332875867667254,8.330474172920337e-05,0.41324416871007646,64
IPPO,0,26048,406,407,-246.0439898344472,-3.8444373411632373,0.7719101123595505,890,687,215,0,3.7467248908296944,6.0,687,3993.172915800831,3966.891841356934,26.281074443897424,62.393326809387986,0.00384224207951081,0.09605605198777024,6.0035032492356404e-05,0.41096623242639385,64
IPPO,0,26112,407,408,-342.5769241890696,-5.352764440454212,0.7532188841201717,932,702,213,0,3.745014245014245,6.0,702,5299.919989525976,5272.188468493934,27.731521032041336,82.81124983634338,0.004843265164887796,0.1210816291221949,7.567601820137182e-05,0.40874765449099293,64
IPPO,0,26176,408,409,-312.84012349543207,-4.888126929616126,0.7950377562028047,927,737,207,0,3.7720488466757125,6.0,737,5013.003864098902,4985.32559505216,27.678269046744106,78.32818537654535,0.004637573503236258,0.11593933758090645,7.246208598806653e-05,0.40794621683134447,64
IPPO,0,26240,409,410,-186.41500550821507,-2.9127344610658605,0.778149386845039,897,698,194,0,3.871060171919771,6.0,698,4519.256223792722,4491.530440687822,27.7257831049009,70.61337849676129,0.0032968165434949944,0.08242041358737486,5.151275849210929e-05,0.40694360486475867,64
IPPO,0,26304,410,411,-268.43732636202776,-4.194333224406684,0.7709251101321586,908,700,216,0,3.9114285714285715,6.0,700,4659.34560951165,4631.379875087225,27.965734424423573,72.80227514861953,0.004094126266449729,0.10235315666124321,6.397072291327701e-05,0.4061894293937012,64
IPPO,0,26368,411,412,-268.65081218589876,-4.197668940404668,0.7316258351893096,898,657,228,0,3.7427701674277016,6.0,657,4638.486965075363,4611.054882558328,27.43208251703256,72.47635882930254,0.003978313175885429,0.09945782939713574,6.216114337320983e-05,0.40455876221853093,64
IPPO,0,26432,412,413,-305.7899634824182,-4.777968179412785,0.7978260869565217,920,734,200,0,3.8760217983651226,6.0,734,5657.135324807956,5630.555215415363,26.58010939259532,88.39273945012431,0.00456813914193759,0.11420347854843975,7.137717409277484e-05,0.4035557374520303,64
IPPO,0,26496,413,414,-294.50139324310277,-4.601584269423481,0.7923250564334086,886,702,182,0,3.725071225071225,6.0,702,4912.407260003617,4888.063724509303,24.343535494313212,76.75636343755652,0.0044035321943675055,0.11008830485918764,6.880519053699227e-05,0.4022417962522313,64
IPPO,0,26560,414,415,-317.0255998360353,-4.953524997438052,0.7828335056876939,967,757,201,0,3.7199471598414795,6.0,757,5804.027190960957,5778.016252657172,26.010938303785267,90.68792485876496,0.00473486277491147,0.11837156937278676,7.398223085799172e-05,0.40108408105725507,64
IPPO,0,26624,415,416,-229.26948606506733,-3.582335719766677,0.7866948257655755,947,745,207,0,3.65503355704698,6.0,745,4866.877040475566,4841.5394683005015,25.337572175066,76.04495375743072,0.0038227500045288207,0.09556875011322051,5.973046882076282e-05,0.3995369029955816,64
IPPO,0,26688,416,417,-232.57796894422614,-3.6340307647535335,0.7422360248447205,966,717,231,0,3.676429567642957,6.0,717,4789.251091818087,4763.126617232231,26.12447458585891,74.83204830965761,0.003759382794849105,0.09398456987122762,5.874035616951726e-05,0.39801453066441017,64
IPPO,0,26752,417,418,-269.31507506161824,-4.208048047837785,0.8096740273396424,951,770,205,0,3.605194805194805,6.0,770,5433.456572285538,5408.487695699973,24.968876585563216,84.89775894196153,0.004285190254749783,0.10712975636874458,6.695609773046536e-05,0.39668825595551105,64
IPPO,0,26816,418,419,-120.55930256620488,-1.8837391025969512,0.788782816229117,838,661,175,0,3.7397881996974283,6.0,661,4023.421122348029,3999.6091587553988,23.81196359262947,62.86595503668795,0.002573331525351948,0.0643332881337987,4.020830508362419e-05,0.3956003291481236,64
IPPO,0,26880,419,420,-187.80137164494596,-2.9343964319522806,0.783695652173913,920,721,179,0,3.6976421636615813,6.0,721,5042.512496854542,5017.356415125676,25.156081728867328,78.78925776335223,0.003384798727463711,0.08461996818659277,5.288748011662048e-05,0.3938871963329611,64
IPPO,0,26944,420,421,-254.20123477729342,-3.9718942933952097,0.8048245614035088,912,734,197,0,3.5517711171662127,6.0,734,5474.86081633781,5450.505558474865,24.35525786294522,85.54470025527829,0.004058351642815916,0.1014587910703979,6.341174441899869e-05,0.3934751504984764,64
IPPO,0,27008,421,422,-217.18086536093676,-3.393451021264637,0.7854030501089324,918,721,200,0,3.5991678224687935,6.0,721,4850.124919811985,4826.078742225694,24.0461775862917,75.78320187206226,0.0036530516547292617,0.09132629136823155,5.7078932105144715e-05,0.3927614647702434,64
IPPO,0,27072,422,423,-254.26788295686305,-3.972935671200985,0.7329255861365953,981,719,248,0,3.7941585535465925,6.0,719,5446.593577836997,5418.473527544822,28.120050292172515,85.10302465370307,0.0039614960655849785,0.09903740163962446,6.189837602476529e-05,0.39264835167472056,64
IPPO,0,27136,423,424,-144.04153641528853,-2.2506490064888833,0.7762008733624454,916,711,209,0,3.7454289732770745,6.0,711,4773.738565548938,4746.526309780706,27.212255768231156,74.58966508670215,0.0028881294245148574,0.07220323561287144,4.512702225804465e-05,0.3922421450377632,64
IPPO,0,27200,424,425,-176.47547407672857,-2.757429282448884,0.7670940170940171,936,718,220,0,3.937325905292479,6.0,718,5382.166903675356,5352.201271966936,29.965631708418165,84.09635786992743,0.0032152949182687493,0.08038237295671873,5.023898309794921e-05,0.3915135639956274,64
IPPO,0,27264,425,426,-197.9814626072414,-3.093460353238147,0.7378238341968912,965,712,247,0,3.859550561797753,6.0,712,5298.434704923795,5270.310082659742,28.124622264052856,82.7880422644343,0.0033822610288374343,0.08455652572093586,5.284782857558491e-05,0.39156396552723743,64
IPPO,0,27328,426,427,-190.95286447033163,-2.9836385073489318,0.7452431289640592,946,705,247,0,3.74468085106383,6.0,705,5698.112890595579,5669.743407004408,28.369483591175104,89.03301391555593,0.003296805505857267,0.08242013764643168,5.1512586029019796e-05,0.3922434313486919,64
IPPO,0,27392,427,428,-110.24968331129212,-1.7226513017389393,0.7528735632183908,870,655,227,0,3.851908396946565,6.0,655,4509.311779944606,4482.926766891876,26.385013052732187,70.45799656163447,0.0023939085371270656,0.059847713428176644,3.74048208926104e-05,0.39200342622985584,64
IPPO,0,27456,428,429,-167.60169113247903,-2.618776423944985,0.7758816837315131,879,682,191,0,3.56891495601173,6.0,682,5199.341593645657,5174.619678794327,24.72191485133089,81.23971240071339,0.0030780659723324507,0.07695164930831126,4.809478081769454e-05,0.3922690168667562,64
IPPO,0,27520,429,430,-163.12436701573557,-2.5488182346208683,0.7223360655737705,976,705,258,0,3.876595744680851,6.0,705,5082.73701823502,5052.576603342679,30.16041489234226,79.41776590992218,0.0030046631121917137,0.07511657780479285,4.6947861127995526e-05,0.392292493745923,64
IPPO,0,27584,430,431,-161.4693640376803,-2.5229588130887546,0.7691453940066593,901,693,214,0,3.665223665223665,6.0,693,4794.074210638246,4768.023268910131,26.050941728115568,74.90740954122259,0.0030143610193600523,0.07535902548400131,4.709939092750082e-05,0.39179086551160647,64
IPPO,0,27648,431,432,-132.473209426163,-2.069893897283797,0.7729166666666667,960,742,200,0,3.8059299191374665,6.0,742,4657.186801175741,4628.452040448285,28.734760727456678,72.76854376837095,0.002860738811716908,0.0715184702929227,4.4699043933076686e-05,0.3907421933138412,64
IPPO,0,27712,432,433,-208.14334305369817,-3.252239735214034,0.7702265372168284,927,714,239,0,3.753501400560224,6.0,714,5808.3298210098965,5781.551865875906,26.77795513399083,90.75515345327963,0.0034998045829056084,0.08749511457264021,5.468444660790013e-05,0.3900194985149896,64
IPPO,0,27776,433,434,-162.88374352187523,-2.5450584925293005,0.7527839643652561,898,676,213,0,3.724852071005917,6.0,676,4563.368778722557,4536.4929558966915,26.875822825863814,71.30263716753996,0.0029878576532073277,0.07469644133018319,4.6685275831364495e-05,0.3883833057742313,64
IPPO,0,27840,434,435,-165.26122706672288,-2.582206672917545,0.7668845315904139,918,704,214,0,3.6732954545454546,6.0,704,4911.592743008194,4884.411315233433,27.181427774760465,76.74363660950303,0.0030794797209181156,0.0769869930229529,4.8116870639345556e-05,0.3866584416127805,64
IPPO,0,27904,435,436,-155.31144225833503,-2.426741285286485,0.7644444444444445,900,688,214,0,3.7994186046511627,6.0,688,4588.1249460260315,4560.441796515784,27.68314951024734,71.68945228165674,0.002939926896956594,0.07349817242391485,4.593635776494678e-05,0.3845585725119029,64
IPPO,0,27968,436,437,-193.67167659209298,-3.026119946751453,0.7627118644067796,944,720,217,0,3.861111111111111,6.0,720,5322.133188206039,5293.998814868689,28.134373337349906,83.15833106571937,0.003396390176188917,0.08490975440472293,5.306859650295183e-05,0.3831583421185153,64
IPPO,0,28032,437,438,-172.68484497125277,-2.6982007026758246,0.7948139797068771,887,705,186,0,3.893617021276596,6.0,705,4912.237183289394,4884.427446496579,27.80973679281302,76.75370598889678,0.003186076342696258,0.07965190856740645,4.978244285462903e-05,0.38193937091348795,64
IPPO,0,28096,438,439,-183.24281114386764,-2.863168924122932,0.7486398258977149,919,688,229,0,3.875,6.0,688,4655.1106944892745,4625.602031155895,29.508663333381296,72.73610460139491,0.0032005205763094113,0.08001301440773528,5.000813400483455e-05,0.38030493520223285,64
IPPO,0,28160,439,440,-197.1929974514428,-3.081140585178794,0.7786016949152542,944,735,200,0,3.8680272108843536,6.0,735,5095.059192295782,5066.740225707868,28.318966587914126,79.61029987962159,0.0034874605655587647,0.08718651413896912,5.44915713368557e-05,0.37873278853769454,64
IPPO,0,28224,440,441,-239.31967338730686,-3.7393698966766697,0.757607555089192,953,722,236,0,3.793628808864266,6.0,722,5676.184036459931,5647.221169932691,28.962866527235917,88.69037556968642,0.003832620993198436,0.0958155248299609,5.988470301872556e-05,0.3789049524416986,64
IPPO,0,28288,441,442,-275.19367596776317,-4.2999011869962995,0.8302702702702702,925,768,182,0,3.7591145833333335,6.0,768,5263.705559613981,5236.140691044246,27.564868569735346,82.24539936896845,0.004366722666223348,0.1091680666555837,6.823004165973981e-05,0.38071541093857986,64
IPPO,0,28352,442,443,-187.12030519347422,-2.9237547686480347,0.7568181818181818,880,666,201,0,3.684684684684685,6.0,666,4538.564371163345,4512.137122629784,26.427248533563567,70.91506829942726,0.003219199548452411,0.08047998871131028,5.029999294456892e-05,0.38121008140460055,64
IPPO,0,28416,443,444,-278.65809207344114,-4.354032688647518,0.794577685088634,959,762,195,0,3.783464566929134,6.0,762,5771.697963378199,5742.401375523179,29.296587855021816,90.18278067778436,0.0043702737222161055,0.10925684305540263,6.828552690962665e-05,0.38169471266876676,64
IPPO,0,28480,444,445,-253.33437761745114,-3.958349650272674,0.7838452787258248,879,689,194,0,3.72133526850508,6.0,689,5088.279094119926,5061.601881556459,26.677212563467066,79.50436084562385,0.003944931217943445,0.09862328044858612,6.163955028036633e-05,0.38386697644297446,64
IPPO,0,28544,445,446,-271.5948065236994,-4.243668851932803,0.7940234791889007,937,744,194,0,3.754032258064516,6.0,744,5431.865086802269,5404.767912313605,27.097174488661242,84.87289198128545,0.004259158215191273,0.10647895537978182,6.654934711236364e-05,0.3872603194804686,64
IPPO,0,28608,446,447,-218.8085653923973,-3.418883834256208,0.7535441657579062,917,691,216,0,3.646888567293777,6.0,691,5047.844990074202,5020.979607811767,26.86538226243235,78.8725779699094,0.003577005686905761,0.08942514217264402,5.5890713857902513e-05,0.3901297091948801,64
IPPO,0,28672,447,448,-198.12973737690166,-3.0957771465140884,0.7949308755760369,868,690,184,0,3.7159420289855074,6.0,690,4273.045212680539,4246.965492809727,26.079719870812447,66.76633144813343,0.003409191911861705,0.08522979779654262,5.326862362283914e-05,0.3925940953209755,64
IPPO,0,28736,448,449,-273.3018621762646,-4.270341596504134,0.7591006423982869,934,709,214,0,3.669957686882934,6.0,709,5145.614035536582,5118.410142212679,27.20389332390761,80.4002193052591,0.004165437053231755,0.10413592633079388,6.508495395674617e-05,0.3939999192089579,64
IPPO,0,28800,449,450,-283.430596949215,-4.428603077331484,0.7729211087420043,938,725,215,0,3.7117241379310344,6.0,725,5511.250732506454,5484.199021309611,27.051711196843193,86.11329269541335,0.004306450736374551,0.10766126840936377,6.728829275585235e-05,0.39587134760784304,64
IPPO,0,28864,450,451,-292.05132902949373,-4.5633020160858395,0.7917098445595855,965,764,214,0,3.676701570680628,6.0,764,5369.81526690329,5342.416527903595,27.398738999697287,83.9033635453639,0.004486851043788949,0.11217127609472373,7.010704755920233e-05,0.39672765113755193,64
IPPO,0,28928,451,452,-305.32982723986873,-4.770778550622949,0.8093126385809313,902,730,176,0,3.7164383561643834,6.0,730,4857.730461343897,4832.988777824907,24.741683518988413,75.9020384584984,0.004583385469719483,0.11458463674298706,7.161539796436692e-05,0.39769938223779844,64
IPPO,0,28992,452,453,-341.00778622052803,-5.3282466596957505,0.7535211267605634,994,749,243,0,3.6141522029372495,6.0,749,5576.412038970137,5549.535836177163,26.87620279297452,87.13143810890838,0.004903572660018013,0.12258931650045031,7.661832281278145e-05,0.39921060790353424,64
IPPO,0,29056,453,454,-380.14623152379033,-5.939784867559224,0.7873392680514342,1011,796,207,0,3.680904522613065,6.0,796,6086.2954556914065,6058.194975443111,28.10048024829218,95.09836649517823,0.005452637115239477,0.13631592788098693,8.519745492561682e-05,0.4012990699592849,64
IPPO,0,29120,454,455,-382.2803070425886,-5.973129797540447,0.7720364741641338,987,762,223,0,3.6535433070866143,6.0,762,6350.601566316911,6322.3132585491585,28.288307767753516,99.22814947370173,0.005372677273049337,0.13431693182623342,8.394808239139589e-05,0.4032544092109187,64
IPPO,0,29184,455,456,-401.630581592774,-6.275477837387093,0.7925311203319502,964,764,206,0,3.8023560209424083,6.0,764,5989.828289141311,5960.706934884275,29.12135425703752,93.59106701783298,0.005590398419304703,0.13975996048261757,8.734997530163598e-05,0.4045561004823274,64
IPPO,0,29248,456,457,-270.20944838690895,-4.222022631045452,0.7631296891747053,933,712,226,0,3.797752808988764,6.0,712,4840.967781866725,4813.436233210621,27.53154865610608,75.64012159166758,0.004128188886278278,0.10320472215695695,6.450295134809809e-05,0.40509982430845626,64
IPPO,0,29312,457,458,-308.2561614513461,-4.816502522677283,0.7809419496166484,913,713,193,0,3.664796633941094,6.0,713,4781.952778080298,4755.8816674902055,26.07111059009227,74.71801215750466,0.004550626845457435,0.11376567113643588,7.110354446027243e-05,0.40531974275233495,64
IPPO,0,29376,458,459,-265.1047329322652,-4.142261452066644,0.793859649122807,912,724,202,0,3.697513812154696,6.0,724,4625.742323005622,4600.138552083219,25.603770922402614,72.27722379696284,0.004137394174406833,0.10343485436017082,6.464678397510676e-05,0.40612713267209055,64
IPPO,0,29440,459,460,-305.2453465930614,-4.769458540516585,0.7756202804746494,927,719,183,0,3.687065368567455,6.0,719,4858.655446624779,4831.182063215856,27.47338340892221,75.91649135351217,0.004547731179354673,0.11369327948386682,7.105829967741676e-05,0.4078977648434382,64
IPPO,0,29504,460,461,-332.38452157291727,-5.193508149576832,0.7833152762730228,923,723,211,0,3.715076071922545,6.0,723,5264.935189384219,5239.356597733547,25.578591650672553,82.26461233412842,0.0047967149621264155,0.11991787405316039,7.494867128322524e-05,0.41012510890125514,64
IPPO,0,29568,461,462,-322.0691394484613,-5.032330303882208,0.7817371937639198,898,702,187,0,3.547008547008547,6.0,702,4943.464022438763,4919.345785155374,24.118237283387625,77.24162535060567,0.0046692839958250585,0.11673209989562647,7.295756243476654e-05,0.411236359398373,64
IPPO,0,29632,462,463,-367.2315947803508,-5.737993668442981,0.7803347280334728,956,746,206,0,3.517426273458445,6.0,746,5277.79035726963,5253.1355360157595,24.654821253871756,82.46547433233796,0.005201908616025955,0.13004771540064888,8.127982212540555e-05,0.41194731721169464,64
IPPO,0,29696,463,464,-404.875366516314,-6.326177601817406,0.8165429480381761,943,770,174,0,3.4974025974025973,6.0,770,5467.595775417316,5443.940612268218,23.655163149097717,85.43118399089556,0.005679088111479927,0.14197720278699819,8.873575174187387e-05,0.41231805026639157,64
IPPO,0,29760,464,465,-397.58773743034544,-6.2123083973491475,0.8193688792165397,919,753,179,0,3.549800796812749,6.0,753,5979.405792382938,5954.9503870942635,24.45540528867499,93.4282155059834,0.005557158338607876,0.1389289584651969,8.683059904074806e-05,0.4131879354161912,64
IPPO,0,29824,465,466,-338.7455281574347,-5.292898877459917,0.7677777777777778,900,691,220,0,3.5701881331403764,6.0,691,4668.019475262295,4643.197172864132,24.822302398160843,72.93780430097335,0.00476967363861802,0.1192418409654505,7.452615060340656e-05,0.412790532392693,64
IPPO,0,29888,466,467,-349.4481733079829,-5.460127707937233,0.7985386221294363,958,765,189,0,3.552941176470588,6.0,765,4998.990408233461,4973.8745636604535,25.115844573008193,78.10922512864782,0.005091486897431589,0.12728717243578974,7.955448277236858e-05,0.41321645262054146,64
IPPO,0,29952,467,468,-368.3569944128317,-5.755578037700495,0.7671232876712328,949,728,203,0,3.409340659340659,6.0,728,5248.716304353591,5224.814656302161,23.901648051433387,82.01119225552486,0.00517356179192672,0.129339044798168,8.0836902998855e-05,0.4138599681373076,64
IPPO,0,30016,468,469,-356.15165047400967,-5.564869538656401,0.7805864509605662,989,772,214,0,3.5608808290155443,6.0,772,5379.094272232473,5352.37118965027,26.723082582203507,84.04834800363238,0.005145014602593299,0.12862536506483246,8.03908531655203e-05,0.41426428839228047,64
IPPO,0,30080,469,470,-282.5710477343066,-4.415172620848541,0.8082959641255605,892,721,182,0,3.49375866851595,6.0,721,4427.139159548987,4405.504986151482,21.63417339750466,69.17404936795292,0.004326763673139819,0.10816909182849548,6.760568239280967e-05,0.41434085275476795,64
IPPO,0,30144,470,471,-313.915856417491,-4.904935256523297,0.8100436681222707,916,742,179,0,3.6913746630727764,6.0,742,4937.924880556963,4912.34882242574,25.57605813122264,77.15507625870255,0.004695259817361225,0.11738149543403062,7.336343464626914e-05,0.41270225695371177,64
IPPO,0,30208,471,472,-471.27681200661505,-7.36370018760336,0.7719298245614035,969,748,218,0,3.6029411764705883,6.0,748,6449.348363233417,6423.4023533626705,25.94600987074629,100.77106817552215,0.006235185591804282,0.15587963979510705,9.74247748719419e-05,0.4120181583048446,64
IPPO,0,30272,472,473,-447.2776835504951,-6.988713805476486,0.7752928647497338,939,728,206,0,3.5755494505494507,6.0,728,5756.407467240601,5731.229412140988,25.178055099616262,89.9438666756344,0.00595885647318667,0.14897141182966675,9.310713239354171e-05,0.41237667778413395,64
IPPO,0,30336,473,474,-323.6967039032338,-5.057760998488028,0.785876993166287,878,690,197,0,3.5652173913043477,6.0,690,4514.059342964483,4490.486804079986,23.57253888449671,70.53217723382005,0.004645818624215451,0.11614546560538629,7.259091600336643e-05,0.41189081324677823,64
IPPO,0,30400,474,475,-363.5352614112235,-5.680238459550367,0.7659115426105717,927,710,214,0,3.6338028169014085,6.0,710,4774.073399119629,4749.348573868103,24.724825251526294,74.59489686124421,0.005069074274408919,0.12672685686022298,7.920428553763936e-05,0.4108965463015034,64
IPPO,0,30464,475,476,-323.13872833233194,-5.0490426301926865,0.7655719139297849,883,676,202,0,3.6479289940828403,6.0,676,4296.09870244625,4271.197311323723,24.901391122527663,67.12654222572266,0.004599391149738032,0.11498477874345081,7.186548671465675e-05,0.40893076574395804,64
IPPO,0,30528,476,477,-274.6789323699321,-4.291858318280189,0.7725225225225225,888,686,215,0,3.558309037900875,6.0,686,4050.4411429816128,4026.0266831560657,24.41445982554408,63.2881428590877,0.004124527086408838,0.10311317716022095,6.444573572513809e-05,0.40658106040012676,64
IPPO,0,30592,477,478,-370.08128499543136,-5.782520078053615,0.7827586206896552,870,681,192,0,3.513950073421439,6.0,681,5071.423080843585,5047.972189146925,23.45089169665835,79.24098563818102,0.005093610352945646,0.12734025882364114,7.958766176477572e-05,0.40454739530594336,64
IPPO,0,30656,478,479,-343.634968274721,-5.369296379292516,0.779317697228145,938,731,183,0,3.4774281805745555,6.0,731,4918.770167441505,4894.347926673424,24.422240768082972,76.85578386627351,0.004959704703804532,0.12399261759511329,7.749538599694581e-05,0.4042623063992222,64
IPPO,0,30720,479,480,-387.5128422928504,-6.054888160825787,0.8085808580858086,909,735,192,0,3.6244897959183673,6.0,735,5466.147980810701,5441.4263415682135,24.721639242486937,85.4085622001672,0.005396192056683745,0.13490480141709363,8.431550088568351e-05,0.40510559392905443,64
IPPO,0,30784,480,481,-358.6600930268197,-5.604063953544058,0.7767195767195767,945,734,206,0,3.4455040871934606,6.0,734,5092.2009308441375,5068.501839374724,23.69909146941263,79.56563954443965,0.0050871987464481605,0.127179968661204,7.948748041325251e-05,0.407288654354822,64
IPPO,0,30848,481,482,-407.31582692551797,-6.364309795711218,0.7927107061503417,878,696,185,0,3.531609195402299,6.0,696,4973.053323875631,4949.67803183371,23.37529204192223,77.70395818555673,0.005510501851644692,0.1377625462911173,8.610159143194832e-05,0.4096053602066065,64
IPPO,0,30912,482,483,-415.33239875255754,-6.4895687305087115,0.7993456924754635,917,733,184,0,3.470668485675307,6.0,733,5149.777371922966,5125.585517788305,24.19185413466231,80.46527143629635,0.0056778314248330025,0.14194578562082505,8.871611601301566e-05,0.4110975973847536,64
IPPO,0,30976,483,484,-421.1590298775645,-6.580609841836945,0.7749725576289791,911,706,205,0,3.454674220963173,6.0,706,5028.106386046011,5004.503031705809,23.603354340201342,78.56416228196892,0.005648112735610183,0.1412028183902546,8.825176149390911e-05,0.41248831869212965,64
IPPO,0,31040,484,485,-436.0412668918094,-6.813144795184522,0.778856526429342,927,722,195,0,3.4390581717451525,6.0,722,5905.575005700719,5882.673177325311,22.901828375407483,92.27460946407373,0.005845598704354135,0.1461399676088534,9.133747975553337e-05,0.4139054573818177,64
IPPO,0,31104,485,486,-298.4997984019626,-4.664059350030666,0.797281993204983,883,704,195,0,3.6463068181818183,6.0,704,4425.332212113715,4400.970939072527,24.361273041189662,69.1458158142768,0.00442772991027647,0.11069324775691174,6.918327984806984e-05,0.41400236868214735,64
IPPO,0,31168,486,487,-351.999025502712,-5.499984773479875,0.7553793884484711,883,667,215,0,3.7136431784107944,6.0,667,4849.35592670907,4824.083009218307,25.272917490763277,75.77118635482923,0.004851988955877156,0.12129972389692889,7.581232743558056e-05,0.41266298666033363,64
IPPO,0,31232,487,488,-496.0726026115394,-7.7511344158053035,0.787434554973822,955,752,198,0,3.640957446808511,6.0,752,5964.372306557379,5937.470561391412,26.90174516596851,93.19331728995904,0.006514293609767483,0.16285734024418708,0.00010178583765261692,0.41137947993997515,64
IPPO,0,31296,488,489,-467.8591563956558,-7.310299318682122,0.7723076923076924,975,753,213,0,3.588313413014608,6.0,753,6435.637139462636,6410.183554498309,25.453584964326076,100.55683030410368,0.006217484335514469,0.15543710838786173,9.714819274241358e-05,0.41053353209368176,64
IPPO,0,31360,489,490,-465.5431244190555,-7.274111319047742,0.7766599597585513,994,772,226,0,3.7072538860103625,6.0,772,5803.5613116475,5776.310611937389,27.250699710110855,90.68064549449218,0.006225191629926653,0.15562979074816632,9.726861921760395e-05,0.409366740728746,64
IPPO,0,31424,490,491,-386.62655358806353,-6.041039899813493,0.8049837486457205,923,743,187,0,3.624495289367429,6.0,743,5450.005577720714,5425.78321887821,24.22235884250339,85.15633715188616,0.005410621418572725,0.13526553546431813,8.454095966519883e-05,0.4080926078234041,64
IPPO,0,31488,491,492,-326.8334744240225,-5.106773037875351,0.8166849615806806,911,744,174,0,3.6048387096774195,6.0,744,5502.15259317157,5478.7272224983,23.42537067327073,85.97113426830578,0.00483453069150403,0.12086326728760076,7.553954205475047e-05,0.40730319117366287,64
IPPO,0,31552,492,493,-414.04971488318154,-6.4695267950497115,0.7803590285110876,947,739,195,0,3.5426251691474966,6.0,739,6167.865901182441,6143.81958057797,24.046320604473095,96.37290470597564,0.005667094245733357,0.14167735614333393,8.854834758958371e-05,0.40676685988313405,64
IPPO,0,31616,493,494,-305.38142340934763,-4.771584740771057,0.7780126849894292,946,736,211,0,3.4972826086956523,6.0,736,4958.509800275818,4933.822689210481,24.687111065338776,77.47671562930965,0.004554887531489584,0.11387218828723959,7.117011767952475e-05,0.4054494746280422,64
IPPO,0,31680,494,495,-256.61869319933646,-4.009667081239632,0.7834602829162133,919,720,191,0,3.588888888888889,6.0,720,4923.744853044618,4899.945133148712,23.7997198959073,76.93351332882216,0.004054195074813257,0.10135487687033143,6.334679804395714e-05,0.4046642869968695,64
IPPO,0,31744,495,496,-411.4025730877406,-6.428165204495947,0.8345323741007195,973,812,164,0,3.688423645320197,6.0,812,6374.036238687191,6349.538508900889,24.497729786300862,99.59431622948736,0.005853188512656438,0.14632971281641094,9.145607051025684e-05,0.4044991497165,64
IPPO,0,31808,496,497,-380.7447854471036,-5.949137272610994,0.7821052631578947,950,743,210,0,3.5504710632570657,6.0,743,5310.988549421579,5287.3495298888665,23.63901953271613,82.98419608471217,0.005330776491256268,0.1332694122814067,8.329338267587919e-05,0.40426860982783763,64
IPPO,0,31872,497,498,-347.48205573994255,-5.429407120936602,0.7831449126413155,973,762,210,0,3.6325459317585302,6.0,762,5265.244922330102,5239.893234415289,25.35168791481459,82.26945191140784,0.005038636744989263,0.12596591862473158,7.872869914045723e-05,0.40284597102059816,64
IPPO,0,31936,498,499,-310.88430720821646,-4.857567300128382,0.8112773302646721,869,705,177,0,3.479432624113475,6.0,705,4978.915537302073,4956.964939126226,21.95059817584616,77.79555527034489,0.0045776086984011585,0.11444021746002896,7.15251359125181e-05,0.40139275044148637,64
IPPO,0,32000,499,500,-253.76402287782614,-3.9650628574660334,0.7594291539245668,981,745,223,0,3.5691275167785235,6.0,745,5185.763414675331,5160.820747762164,24.942666913169028,81.02755335430204,0.004046112712378116,0.1011528178094529,6.322051113090806e-05,0.3999271299424493,64
MADDPG,0,64,0,57,-84.65212392656939,-1.3226894363526467,0.7215469613259669,905,653,190,0,3.889739663093415,6.0,653,3743.796330599187,3715.728301295823,28.068029303364536,58.4968176656123,0.002181041164341822,0.05452602910854555,3.407876819284097e-05,0.3599799508454731,64
MADDPG,0,128,1,121,-178.40925007475803,-2.7876445324180943,0.7225186766275347,937,677,264,0,4.267355982274742,6.0,677,5538.662377681737,5503.413180294803,35.2491973869329,86.54159965127714,0.003084543539179143,0.07711358847947858,4.819599279967411e-05,0.35702815984117253,64
MADDPG,0,192,2,185,-226.6726762465645,-3.54176056635257,0.7119628339140535,861,613,247,0,4.719412724306689,7.0,613,6151.208240442073,6114.648258703815,36.55998173825662,96.11262875690738,0.003440748612087972,0.0860187153021993,5.376169706387456e-05,0.355794356926835,64
MADDPG,0,256,3,249,-186.01720675923684,-2.9065188556130757,0.7285559174809989,921,671,247,0,4.502235469448584,6.0,671,5350.104212771598,5314.063732935848,36.04047983574649,83.59537832455622,0.003166885098446131,0.07917212746115328,4.9482579663220796e-05,0.354033779576045,64
MADDPG,0,320,4,313,-249.3841206667139,-3.8966268854174047,0.6868686868686869,891,612,271,0,4.7026143790849675,6.0,612,6613.341512720885,6576.312971462324,37.028541258562164,103.33346113626382,0.0036340925515087196,0.09085231378771799,5.678269611732374e-05,0.3520066854054533,64
MADDPG,0,384,5,377,-328.4916225673848,-5.132681602615388,0.6598407281001137,879,580,312,0,5.029310344827586,7.0,580,7544.549755903901,7507.897715423682,36.652040480219384,117.88358993599846,0.004300889036026001,0.10752222590065003,6.720139118790627e-05,0.35259223449589683,64
MADDPG,0,448,6,441,-238.395041236412,-3.7249225193189375,0.6987315010570825,946,661,278,0,4.8245083207261725,7.0,661,6606.821779928766,6566.1660483804535,40.65573154831103,103.23159031138697,0.0036331627678272862,0.09082906919568215,5.676816824730135e-05,0.3524969511149262,64
MADDPG,0,512,7,505,-219.2277932354971,-3.4254342693046422,0.6796690307328606,846,575,285,0,4.789565217391305,6.2999999999999545,575,5628.007096546192,5591.938879942907,36.06821660328798,87.93761088353425,0.003227072203451883,0.08067680508629707,5.042300317893567e-05,0.35520460045261953,64
MADDPG,0,576,8,569,-247.93047631497785,-3.873913692421529,0.6854304635761589,906,621,282,0,4.7729468599033815,7.0,621,5922.915915423709,5883.577828024598,39.33808739910921,92.54556117849545,0.0036267267347079345,0.09066816836769837,5.666760522981148e-05,0.35712686733102006,64
MADDPG,0,640,9,633,-328.2362689505208,-5.128691702351888,0.6677631578947368,912,609,309,0,4.922824302134647,7.0,609,6344.905145347612,6305.722712378612,39.18243296900148,99.13914289605644,0.004368914411531913,0.10922286028829783,6.826428768018615e-05,0.36127465513039436,64
MADDPG,0,704,10,697,-180.65632328193362,-2.822755051280213,0.6850220264317181,908,622,265,0,4.778135048231511,6.949999999999932,622,4542.918523063524,4506.1550079116505,36.763515151874444,70.98310192286756,0.002977099915129753,0.07442749787824383,4.6517186173902394e-05,0.36413774240169244,64
MADDPG,0,768,11,761,-566.9716357665502,-8.858931808852347,0.66,900,594,310,0,4.962962962962963,7.0,594,8631.895494544791,8593.66866871843,38.22682582635931,134.87336710226236,0.006723198931267009,0.16807997328167523,0.00010504998330104702,0.3685242525900999,64
MADDPG,0,832,12,825,-345.98771755090945,-5.40605808673296,0.6817691477885652,927,632,301,0,4.734177215189874,6.449999999999932,632,6276.467527164695,6238.228690961745,38.238836202952015,98.06980511194836,0.004607019057903493,0.11517547644758733,7.198467277974208e-05,0.3738760709381609,64
MADDPG,0,896,13,889,-510.4949602691132,-7.976483754204894,0.6749482401656315,966,652,317,0,4.871165644171779,7.0,652,7192.824584562313,7150.800808343529,42.02377621878359,112.38788413378614,0.006284671930553832,0.1571167982638458,9.819799891490363e-05,0.3782621070293779,64
MADDPG,0,960,14,953,-523.2109140877094,-8.17517053262046,0.6587982832618026,932,614,320,0,4.908794788273616,7.0,614,7946.8661319796,7908.027144291031,38.83898768857268,124.16978331218125,0.006315235847582507,0.1578808961895627,9.867556011847668e-05,0.3855465607109543,64
MADDPG,0,1024,15,1017,-654.9353032111798,-10.233364112674684,0.6751322751322751,945,638,298,0,4.967084639498433,7.0,638,9006.979682755506,8967.825097679372,39.15458507613261,140.73405754305477,0.0077207339967611715,0.19301834991902928,0.0001206364686993933,0.39339134520172314,64
MADDPG,0,1088,16,1081,-374.28763491293796,-5.848244295514656,0.6938775510204082,980,680,285,0,4.663235294117647,6.0,680,5992.663108529386,5953.40738437639,39.25572415299617,93.63536107077165,0.005023223761528073,0.12558059403820182,7.848787127387614e-05,0.3997679800132693,64
MADDPG,0,1152,17,1145,-358.536270484954,-5.602129226327406,0.6932314410480349,916,635,302,0,4.6976377952755906,6.0,635,5392.486405913789,5353.460272970009,39.02613294377791,84.25760009240295,0.004736355482130026,0.11840888705325066,7.400555440828166e-05,0.4039829631012854,64
MADDPG,0,1216,18,1209,-912.7627498672946,-14.261917966676478,0.6430131004366813,916,589,335,0,5.062818336162988,7.0,589,7839.172236579062,7798.492466632012,40.67976994704808,122.48706619654784,0.010134538521620978,0.25336346304052443,0.00015835216440032777,0.4084757294216225,64
MADDPG,0,1280,19,1273,-469.6288005120426,-7.337950008000665,0.7070484581497798,908,642,259,0,4.769470404984424,7.0,642,6421.438166617067,6382.602517379918,38.83564923714925,100.33497135339167,0.005915847688560242,0.14789619221400604,9.243512013375378e-05,0.41274685448290227,64
MADDPG,0,1344,20,1337,-160.47834352704677,-2.507474117610106,0.7467811158798283,932,696,242,0,4.278735632183908,6.0,696,4301.725584694392,4269.16569822409,32.55988647029782,67.21446226084987,0.002976109698259411,0.07440274245648527,4.65017140353033e-05,0.4152222822730349,64
MADDPG,0,1408,21,1401,-313.72171751633346,-4.90190183619271,0.7476923076923077,975,729,244,0,4.1193415637860085,6.0,729,5845.891477991844,5812.548552580412,33.342925411429945,91.34205434362256,0.004582939890569004,0.11457349726422511,7.160843579014069e-05,0.41822777789713533,64
MADDPG,0,1472,22,1465,-339.64833840730546,-5.307005287614148,0.6985854189336235,919,642,261,0,4.484423676012461,6.0,642,5881.880339707305,5845.707624646656,36.17271506065175,91.90438030792664,0.004616735824109387,0.11541839560273467,7.213649725170917e-05,0.420330975024502,64
MADDPG,0,1536,23,1529,-630.2330490340587,-9.847391391157167,0.6530612244897959,931,608,313,0,5.172697368421052,7.0,608,7805.124416857087,7767.128532620711,37.99588423637859,121.95506901339199,0.007382764902255553,0.18456912255638883,0.00011535570159774302,0.4248315031522656,64
MADDPG,0,1600,24,1593,-351.19295009760356,-5.487389845275056,0.6965811965811965,936,652,303,0,4.780674846625767,7.0,652,5694.831767488069,5657.2876074830165,37.54416000505068,88.98174636700108,0.0047044668564762875,0.11761167141190719,7.350729463244199e-05,0.4278848617679636,64
MADDPG,0,1664,25,1657,-517.1193797201543,-8.07999030812741,0.6966413867822319,923,643,269,0,4.906687402799378,7.0,643,6569.958580487074,6530.124149704866,39.83443078220851,102.65560282011053,0.006391713000146642,0.15979282500366604,9.987051562729128e-05,0.4296197212675913,64
MADDPG,0,1728,26,1721,-450.99014127842656,-7.046720957475415,0.6848167539267016,955,654,300,0,4.646788990825688,6.0,654,6289.136393084295,6249.356454209367,39.77993887492759,98.26775614194212,0.005711700399964635,0.14279250999911589,8.924531874944743e-05,0.4315686810089663,64
MADDPG,0,1792,27,1785,-412.81863118661965,-6.450291112290932,0.7311475409836066,915,669,257,0,4.623318385650224,6.0,669,6028.946530775427,5991.344545975202,37.601984800222674,94.20228954336605,0.00541715008905811,0.13542875222645273,8.464297014153297e-05,0.43278302661987444,64
MADDPG,0,1856,28,1849,-299.7111340862257,-4.682986470097276,0.767515923566879,942,723,230,0,4.091286307053942,6.0,723,4937.9642202365585,4905.6814034753925,32.282816761162664,77.15569094119623,0.0044469775069767795,0.1111744376744195,6.948402354651218e-05,0.43462144861925256,64
MADDPG,0,1920,29,1913,-339.9749584699662,-5.312108726093222,0.725576289791438,911,661,245,0,4.1346444780635405,6.0,661,4810.779694342503,4779.053894076729,31.725800265774392,75.1684327241016,0.004686721740440032,0.1171680435110008,7.32300271943755e-05,0.4362660505668683,64
MADDPG,0,1984,30,1977,-478.12313897149164,-7.470674046429557,0.6871508379888268,895,615,267,0,4.547967479674797,6.0,615,5666.960477842107,5632.596268550701,34.36420929140677,88.54625746628292,0.005929002816386384,0.1482250704096596,9.264066900603725e-05,0.4394100231901829,64
MADDPG,0,2048,31,2041,-604.8321024896384,-9.4505016014006,0.6961206896551724,928,646,293,0,4.557275541795666,7.0,646,6566.191570280952,6528.596152547405,37.59541773354773,102.59674328563987,0.007237295724929219,0.18093239312323045,0.00011308274570201904,0.44298390501652557,64
MADDPG,0,2112,32,2105,-393.3122118632642,-6.1455033103635035,0.7574786324786325,936,709,226,0,4.077574047954866,6.0,709,5488.858281607881,5457.817228895625,31.041052712255567,85.76341065012313,0.0053535196293057795,0.1338379907326445,8.36487442079028e-05,0.44678173834425394,64
MADDPG,0,2176,33,2169,-379.1760302907765,-5.924625473293383,0.7209302325581395,903,651,249,0,3.953917050691244,6.0,651,5141.247974661639,5112.740123402127,28.507851259511014,80.33199960408811,0.005042038111147532,0.1260509527786883,7.878184548668018e-05,0.4494581788239488,64
MADDPG,0,2240,34,2233,-478.08347390999495,-7.470054279843671,0.7275675675675676,925,673,246,0,4.182763744427935,6.0,673,6549.46662173618,6517.893193298735,31.573428437443333,102.33541596462781,0.0060931148504316844,0.1523278712607921,9.520491953799507e-05,0.45267560160789055,64
MADDPG,0,2304,35,2297,-458.055722644843,-7.157120666325672,0.7957219251336899,935,744,208,0,3.786290322580645,6.0,744,6295.543353583514,6269.13646863412,26.40688494939043,98.3678648997424,0.006104877442331111,0.15262193605827779,9.538871003642361e-05,0.4563623878276406,64
MADDPG,0,2368,36,2361,-461.2398528748042,-7.206872701168816,0.7583081570996979,993,753,231,0,3.751660026560425,6.0,753,6515.892013902689,6488.603924513941,27.28808938874801,101.81081271722951,0.0061307850031089425,0.15326962507772357,9.579351567357723e-05,0.45972142428243706,64
MADDPG,0,2432,37,2425,-468.33161835006945,-7.317681536719835,0.787746170678337,914,720,204,0,3.7666666666666666,6.0,720,5907.350469617508,5882.2497903510075,25.100679266501768,92.30235108777356,0.006154337370184494,0.15385843425461235,9.616152140913272e-05,0.4620039439215634,64
MADDPG,0,2496,38,2489,-468.32711282904677,-7.317611137953856,0.7531572904707233,871,656,214,0,3.9588414634146343,6.0,656,5798.987210828191,5771.563606828055,27.423604000133615,90.60917516919048,0.005989565392710378,0.14973913481775944,9.358695926109965e-05,0.4623859718080289,64
MADDPG,0,2560,39,2553,-597.9418889692979,-9.34284201514528,0.7649527806925498,953,729,209,0,3.681755829903978,6.0,729,6658.074665107954,6630.777813350267,27.29685175768588,104.03241664231179,0.007465823401423717,0.18664558503559292,0.00011665349064724558,0.46168586435528025,64
MADDPG,0,2624,40,2617,-368.59138935968735,-5.759240458745115,0.7553191489361702,940,710,228,0,4.336619718309859,6.0,710,5257.884178192112,5222.073207205724,35.81097098639277,82.15444028425175,0.005103077534851581,0.12757693837128953,7.973558648205595e-05,0.46022429255917324,64
MADDPG,0,2688,41,2681,-295.4287473826464,-4.61607417785385,0.7645089285714286,896,685,225,0,3.9810218978102188,6.0,685,4548.094211501106,4519.87706020484,28.21715129626572,71.06397205470478,0.004318104627527251,0.10795261568818128,6.74703848051133e-05,0.4590290120992006,64
MADDPG,0,2752,42,2745,-368.2734742090884,-5.754273034517007,0.7554585152838428,916,692,220,0,3.8598265895953756,6.0,692,5177.553321750779,5148.545531490566,29.0077902602128,80.89927065235592,0.00507008058704735,0.12675201467618374,7.922000917261485e-05,0.45688810536184676,64
MADDPG,0,2816,43,2809,-496.02800593126074,-7.750437592675949,0.7620614035087719,912,695,218,0,3.9079136690647482,6.0,695,6187.522010219515,6158.654913422515,28.867096797001356,96.68003140967993,0.00635631235548285,0.15890780888707126,9.931738055441953e-05,0.4558130413157948,64
MADDPG,0,2880,44,2873,-549.8383695300677,-8.591224523907307,0.7538304392236976,979,738,253,0,4.162601626016261,6.0,738,6511.2922663083245,6476.897378466216,34.39488784210779,101.73894166106757,0.0069540978219591225,0.17385244554897805,0.00010865777846811129,0.45586035773836003,64
MADDPG,0,2944,45,2937,-531.811215416217,-8.30955024087839,0.7896995708154506,932,736,191,0,3.7051630434782608,6.0,736,6237.712261326356,6211.069856988972,26.642404337384555,97.46425408322432,0.006840812243128762,0.17102030607821905,0.0001068876912988869,0.4558806570798605,64
MADDPG,0,3008,46,3001,-445.10302224548536,-6.954734722585709,0.7685589519650655,916,704,212,0,3.7357954545454546,6.0,704,5748.775556535691,5721.683028432529,27.092528103161065,89.82461807087017,0.005875311407529321,0.14688278518823303,9.180174074264565e-05,0.45469702757530206,64
MADDPG,0,3072,47,3065,-586.828490916115,-9.169195170564297,0.7377398720682303,938,692,229,0,4.031791907514451,6.0,692,6365.107163149876,6332.803164394823,32.30399875505131,99.45479942421682,0.007244423672399843,0.18111059180999609,0.00011319411988124755,0.453563338855656,64
MADDPG,0,3136,48,3129,-542.1451163729796,-8.471017443327806,0.7605042016806722,952,724,240,0,4.201657458563536,7.0,724,6951.1829333083715,6919.889371515559,31.293561792810372,108.6122333329433,0.00685893724903848,0.17147343122596198,0.00010717089451622625,0.45395487694825876,64
MADDPG,0,3200,49,3193,-478.4359802573932,-7.475562191521769,0.8216276477146043,897,737,177,0,3.5156037991858886,6.0,737,5896.572553162421,5874.716031627192,21.85652153523197,92.13394614316283,0.006328406560152343,0.15821016400380858,9.888135250238036e-05,0.4536078376457476,64
MADDPG,0,3264,50,3257,-776.439101714968,-12.131860964296376,0.8294491525423728,944,783,135,0,2.9284802043422733,5.0,783,7666.608086455431,7653.75788900302,12.850197452411345,119.7907513508661,0.009464952640935316,0.2366238160233829,0.0001478898850146143,0.4530265641794553,64
MADDPG,0,3328,51,3321,-704.1802573352006,-11.00281652086251,0.8268398268398268,924,764,173,0,3.488219895287958,6.0,764,6817.3754206951435,6794.645913332059,22.729507363085975,106.52149094836162,0.008653383200813453,0.21633458002033634,0.0001352091125127102,0.45390152595323546,64
MADDPG,0,3392,52,3385,-560.3670786191877,-8.755735603424808,0.6984978540772532,932,651,264,0,4.28878648233487,6.0,651,6594.135438887226,6559.400880991428,34.73455789579527,103.0333662326129,0.006837612267257855,0.17094030668144636,0.00010683769167590398,0.4544930206974914,64
MADDPG,0,3456,53,3449,-725.3782103357613,-11.33403453649627,0.6783144912641316,973,660,302,0,4.775757575757575,7.0,660,8468.992294026119,8431.029348511169,37.96294551494668,132.3280045941581,0.008468077101897497,0.2117019275474374,0.00013231370471714838,0.45614631992361415,64
MADDPG,0,3520,54,3513,-738.2629548036659,-11.53535866880728,0.6906873614190687,902,623,289,0,4.635634028892456,7.0,623,8490.22766092564,8453.610947540736,36.61671338490161,132.65980720196313,0.008519910726461546,0.21299776816153865,0.00013312360510096165,0.45941816199814955,64
MADDPG,0,3584,55,3577,-864.9395876734768,-13.514681057398075,0.657922350472193,953,627,323,0,4.725677830940989,7.0,627,8966.078280805352,8929.572031895887,36.506248909469726,140.09497313758362,0.009758378970991874,0.24395947427479683,0.00015247467142174802,0.4608391234414213,64
MADDPG,0,3648,56,3641,-815.6797514849503,-12.744996116952349,0.7448770491803278,976,727,268,0,4.188445667125172,7.0,727,7641.932964757895,7608.706123528112,33.22684122978274,119.40520257434211,0.009569816310393766,0.23924540775984415,0.0001495283798499026,0.46267855447663697,64
MADDPG,0,3712,57,3705,-521.5896524450736,-8.149838319454275,0.7757313109425785,923,716,199,0,3.6885474860335195,6.0,716,5662.222146835385,5635.4752909258195,26.746855909564534,88.47222104430288,0.00668221361759512,0.16705534043987802,0.00010440958777492375,0.4614299178452608,64
MADDPG,0,3776,58,3769,-555.120380636896,-8.6737559474515,0.7580275229357798,872,661,211,0,4.057488653555219,6.0,661,5051.462214587627,5022.823433380244,28.638781207381264,78.92909710293168,0.006869917371787676,0.1717479342946919,0.00010734245893418244,0.4589351832776666,64
MADDPG,0,3840,59,3833,-587.3155241868486,-9.17680506541951,0.718716577540107,935,672,262,0,4.433035714285714,6.0,672,5828.615806831922,5791.488921454338,37.12688537758316,91.07212198174878,0.007158589320610434,0.17896473301526084,0.00011185295813453803,0.45683932055978305,64
MADDPG,0,3904,60,3897,-634.0684307928339,-9.907319231138029,0.7025316455696202,948,666,282,0,4.5825825825825826,7.0,666,6129.326386189698,6092.005116883015,37.321269306682666,95.77072478421402,0.007587332493291659,0.18968331233229146,0.00011855207020768217,0.45452568272826166,64
MADDPG,0,3968,61,3961,-493.34585525720274,-7.708528988393793,0.7211111111111111,900,649,255,0,4.4576271186440675,6.0,649,5009.136774702366,4974.052911049014,35.083863653352786,78.26776210472447,0.006171253388434562,0.15428133471086405,9.642583419429003e-05,0.45054715294825115,64
MADDPG,0,4032,62,4025,-674.6158930885716,-10.540873329508932,0.6991341991341992,924,646,272,0,4.561919504643963,7.0,646,6139.865489310072,6101.993888207732,37.87160110233711,95.93539827046988,0.00795962836817947,0.19899070920448675,0.0001243691932528042,0.44721463938850664,64
MADDPG,0,4096,63,4089,-485.5642527616903,-7.586941449401411,0.7203947368421053,912,657,255,0,4.3942161339421615,6.0,657,5173.368819282432,5138.093037635279,35.27578164715536,80.833887801288,0.006113393310989506,0.15283483277473764,9.552177048421103e-05,0.44431834565136163,64
MADDPG,0,4160,64,4153,-387.7332267123351,-6.058331667380236,0.7177777777777777,900,646,257,0,4.390092879256966,6.0,646,4776.0950628496275,4741.061213210238,35.033849639389445,74.62648535702543,0.005107358738752405,0.1276839684688101,7.980248029300633e-05,0.43999923509550376,64
MADDPG,0,4224,65,4217,-250.83747754448916,-3.919335586632643,0.7280898876404495,890,648,248,0,4.197530864197531,6.0,648,4559.727872454813,4526.1551404405545,33.57273201425952,71.24574800710646,0.003756589591422352,0.0939147397855588,5.869671236597425e-05,0.43570235966061427,64
MADDPG,0,4288,66,4281,-549.4049236655776,-8.58445193227465,0.6377277599142551,933,595,322,0,4.959663865546219,7.0,595,7395.301808372548,7357.34781045561,37.953997916937986,115.55159075582107,0.0065292478823505105,0.16323119705876277,0.00010201949816172673,0.43234089724697866,64
MADDPG,0,4352,67,4345,-1030.7453855767499,-16.105396649636717,0.6409714889123548,947,607,330,0,5.182866556836903,8.0,607,10160.657127383494,10120.152403141845,40.504724241649214,158.7602676153671,0.011365433284419975,0.28413583211049936,0.0001775848950690621,0.43182337476039345,64
MADDPG,0,4416,68,4409,-921.341504152223,-14.395961002378485,0.646733111849391,903,584,333,0,5.261986301369863,8.0,584,8980.857390247862,8942.256759042653,38.600631205209005,140.32589672262284,0.010217487946510992,0.2554371986627748,0.00015964824916423425,0.4327504452448751,64
MADDPG,0,4480,69,4473,-821.3037813673911,-12.832871583865487,0.6413586413586414,1001,642,355,0,4.91588785046729,7.0,642,8241.554572761463,8199.759714176089,41.794858585374115,128.77429019939785,0.00932152019920565,0.23303800498014124,0.00014564875311258828,0.43238859164030974,64
MADDPG,0,4544,70,4537,-385.20712833527494,-6.018861380238671,0.6747474747474748,990,668,321,0,4.505988023952096,6.0,668,6508.152832856246,6470.761896228322,37.390936627924454,101.68988801337885,0.005058795194607385,0.12646987986518463,7.90436749157404e-05,0.43204594533188045,64
MADDPG,0,4608,71,4601,-721.8909417081131,-11.279545964189268,0.6746611053180396,959,647,319,0,4.894899536321484,7.0,647,6725.152456330054,6684.97951615028,40.172940179775274,105.08050713015709,0.00838187209542325,0.20954680238558124,0.00013096675149098827,0.4305788400879348,64
MADDPG,0,4672,72,4665,-562.7166932157984,-8.79244833149685,0.7106382978723405,940,668,260,0,4.589820359281437,6.0,668,6544.3171817118855,6504.924126024788,39.39305568709743,102.25495596424821,0.006911089331196247,0.17277723327990618,0.00010798577079994136,0.42914517181966755,64
MADDPG,0,4736,73,4729,-615.4639763034013,-9.616624629740645,0.6677814938684504,897,599,309,0,4.565943238731219,7.0,599,6341.886011697794,6305.631103537732,36.254908160063394,99.09196893277803,0.007206827643879243,0.18017069109698108,0.00011260668193561317,0.4266521605883265,64
MADDPG,0,4800,74,4793,-747.5683863769967,-11.680756037140574,0.672538860103627,965,649,309,0,4.633281972265023,6.0,649,7450.19785216228,7411.05108305826,39.14676910402574,116.40934144003562,0.008651507119807719,0.21628767799519297,0.0001351797987469956,0.42407798632190974,64
MADDPG,0,4864,75,4857,-554.3387719907633,-8.661543312355677,0.7261280167890871,953,692,270,0,4.358381502890174,7.0,692,6788.0383699930535,6750.730258448358,37.30811154469675,106.06309953114146,0.006870360896892457,0.17175902242231142,0.00010734938901394464,0.42248362867094347,64
MADDPG,0,4928,76,4921,-656.2076822137478,-10.25324503458981,0.7133956386292835,963,687,285,0,4.443959243085881,6.0,687,7439.932385304044,7400.058222022241,39.874163281800634,116.24894352037569,0.007858489857571175,0.19646224643927937,0.00012278890402454961,0.4219174189814649,64
MADDPG,0,4992,77,4985,-590.1838629532199,-9.22162285864406,0.7169197396963124,922,661,255,0,4.3419062027231465,6.0,661,6927.5408201035325,6891.736770381592,35.8040497219357,108.2428253141177,0.007172277894542722,0.17930694736356806,0.00011206684210223004,0.4228925167956209,64
MADDPG,0,5056,78,5049,-502.4835519940779,-7.851305499907467,0.6638655462184874,952,632,299,0,4.522151898734177,6.0,632,6420.140637624606,6380.66851650754,39.47212111706943,100.31469746288447,0.00617687564284846,0.15442189107121151,9.651368191950719e-05,0.42351887967681257,64
MADDPG,0,5120,79,5113,-640.5735892679652,-10.008962332311956,0.6727078891257996,938,631,317,0,4.702060221870047,7.0,631,7859.218767037925,7819.640497433704,39.57826960422658,122.80029323496758,0.007533511192920658,0.18833777982301647,0.00011771111238938529,0.42588889786588546,64
MADDPG,0,5184,80,5177,-489.1371525809918,-7.642768009077997,0.7169197396963124,922,661,259,0,4.599092284417549,7.0,661,6346.205839931952,6308.554626980263,37.6512129516894,99.15946624893675,0.006155443225703678,0.15388608064259196,9.617880040161997e-05,0.4264269349201977,64
MADDPG,0,5248,81,5241,-560.6165738368398,-8.759633966200623,0.6819637139807898,937,639,306,0,4.755868544600939,7.0,639,6404.986932924559,6366.683981439054,38.30295148550321,100.07792082694624,0.006764566198972022,0.16911415497430055,0.00010569634685893784,0.42668861566110217,64
MADDPG,0,5312,82,5305,-397.3482455403152,-6.208566336567425,0.7065326633165829,995,703,288,0,4.661450924608819,7.0,703,6146.526672025987,6106.42213546903,40.10453655695449,96.03947925040605,0.005308168262884279,0.13270420657210696,8.294012910756686e-05,0.42681428277280714,64
MADDPG,0,5376,83,5369,-528.0146472288577,-8.250228862950902,0.6814159292035398,904,616,293,0,4.7353896103896105,7.0,616,5709.1798082315445,5671.40355789345,37.77625033809453,89.20593450361788,0.006401361516086039,0.16003403790215098,0.00010002127368884436,0.4269198141828696,64
MADDPG,0,5440,84,5433,-421.0302127667484,-6.578597074480443,0.6641711229946524,935,621,312,0,4.8341384863123995,7.0,621,5542.844011166953,5503.301756706676,39.54225446027283,86.60693767448365,0.005329390196073606,0.13323475490184014,8.327172181365009e-05,0.4257394910884698,64
MADDPG,0,5504,85,5497,-448.6881522439574,-7.010752378811834,0.6852459016393443,915,627,282,0,4.850079744816587,7.0,627,6218.078162105808,6178.874159372226,39.20400273358322,97.15747128290324,0.0056492715860818115,0.14123178965204528,8.82698685325283e-05,0.4246143507409965,64
MADDPG,0,5568,86,5561,-333.15697219464926,-5.205577690541395,0.6843853820598007,903,618,295,0,4.726537216828479,7.0,618,5477.966116176116,5438.921933947141,39.04418222897887,85.59322056525181,0.004452392958164409,0.11130982395411024,6.95686399713189e-05,0.42321646504853294,64
MADDPG,0,5632,87,5625,-348.4198528765612,-5.444060201196269,0.673773987206823,938,632,308,0,4.792721518987341,7.0,632,6257.8910630946275,6217.801125624337,40.08993747029083,97.77954786085355,0.004637471587975524,0.1159367896993881,7.246049356211756e-05,0.42189287429091804,64
MADDPG,0,5696,88,5689,-348.95494725582034,-5.452421050872193,0.6379126730564431,939,599,330,0,4.896494156928214,7.0,599,6839.093677866236,6799.244164733802,39.84951313243459,106.86083871665994,0.004536804253995996,0.11342010634989991,7.088756646868744e-05,0.4208856494038661,64
MADDPG,0,5760,89,5753,-690.1051897921284,-10.782893590502006,0.6637265711135611,907,602,329,0,5.0215946843853825,7.0,602,6801.170993617789,6762.9777929087495,38.19320070904247,106.26829677527795,0.007951154534152566,0.19877886335381414,0.00012423678959613385,0.4202318260454575,64
MADDPG,0,5824,90,5817,-329.95579579764205,-5.155559309338157,0.6527012127894156,907,592,284,0,4.66554054054054,6.0,592,5328.131337203524,5290.612506017622,37.51883118590279,83.25205214380506,0.004370645047488084,0.1092661261872021,6.829132886700131e-05,0.41920998239121754,64
MADDPG,0,5888,91,5881,-305.6354575984815,-4.775554024976273,0.665929203539823,904,602,290,0,4.764119601328904,7.0,602,5756.239787772742,5718.163461880868,38.076325891874404,89.94124668394909,0.004153637654641335,0.10384094136603338,6.490058835377086e-05,0.4181947188240402,64
MADDPG,0,5952,92,5945,-356.1281180219601,-5.564501844093127,0.7067254685777288,907,641,284,0,4.868954758190328,7.0,641,6117.458782840916,6078.972449154602,38.48633368631234,95.58529348188931,0.004758138756644185,0.11895346891610463,7.434591807256539e-05,0.41705699837253524,64
MADDPG,0,6016,93,6009,-332.61949753902115,-5.1971796490472055,0.7126567844925884,877,625,269,0,4.7072,7.0,625,5664.688327759751,5628.1911999096565,36.49712785009632,88.5107551212461,0.004495006027863278,0.11237515069658195,7.023446918536372e-05,0.41704257531031697,64
MADDPG,0,6080,94,6073,-397.9027283354985,-6.217230130242164,0.6865671641791045,938,644,291,0,4.787267080745342,7.0,644,7190.649174096082,7152.074289844211,38.57488425187035,112.35389334525128,0.005176681878287739,0.12941704695719347,8.088565434824593e-05,0.41723462804412476,64
MADDPG,0,6144,95,6137,-373.0014095279791,-5.828147023874673,0.6594827586206896,928,612,307,0,4.766339869281046,7.0,612,6331.446738264497,6292.230884123048,39.21585414144362,98.92885528538277,0.004824803160339794,0.12062007900849486,7.538754938030929e-05,0.41800001663865843,64
MADDPG,0,6208,96,6201,-360.71976350660515,-5.636246304790705,0.6928799149840595,941,652,281,0,4.846625766871166,7.0,652,7043.771125582114,7005.53632412851,38.2348014536045,110.05892383722053,0.0048284711124056325,0.12071177781014081,7.544486113133801e-05,0.418097233730672,64
MADDPG,0,6272,97,6265,-385.92121513678603,-6.030018986512282,0.6775280898876405,890,603,295,0,4.807628524046435,7.0,603,6410.188512624266,6373.702031507959,36.48648111630482,100.15919550975416,0.004955041072498723,0.12387602681246807,7.742251675779254e-05,0.4181491139854984,64
MADDPG,0,6336,98,6329,-244.52328400167127,-3.8206763125261136,0.6956031567080045,887,617,280,0,4.66612641815235,7.0,617,5209.330169868807,5175.396484453707,33.93368541509887,81.39578390420012,0.0035854112826077707,0.08963528206519426,5.602205129074642e-05,0.41718780137538086,64
MADDPG,0,6400,99,6393,-405.7350799598795,-6.339610624373117,0.6553147574819401,969,635,336,0,4.72755905511811,7.0,635,6728.708499129674,6690.1142631792945,38.59423595037742,105.13607029890116,0.005182215735165133,0.12955539337912833,8.09721208619552e-05,0.4150683351748876,64
MADDPG,0,6464,100,6457,-426.44720103352444,-6.663237516148819,0.6807851239669421,968,659,301,0,4.742033383915023,7.0,659,6930.687538822029,6892.086103215663,38.60143560636489,108.2919927940942,0.005479009798596343,0.13697524496490857,8.560952810306785e-05,0.41476100448691067,64
MADDPG,0,6528,101,6521,-471.30729706482015,-7.364176516637815,0.7037037037037037,945,665,285,0,4.91578947368421,7.0,665,7717.668826159653,7677.366203878025,40.302622281624885,120.58857540874457,0.005962092222376661,0.1490523055594165,9.315769097463533e-05,0.4151270074895067,64
MADDPG,0,6592,102,6585,-380.1018646257098,-5.939091634776716,0.687292817679558,905,622,273,0,4.884244372990354,7.0,622,5973.536598505351,5934.322191874388,39.214406630962905,93.33650935164611,0.004959331435784494,0.12398328589461236,7.748955368413273e-05,0.41514696671111134,64
MADDPG,0,6656,103,6649,-379.8093441328606,-5.934521002075947,0.7124463519313304,932,664,270,0,4.759036144578313,7.0,664,6549.542619482471,6512.565170327732,36.97744915474211,102.33660342941361,0.0050600748648120895,0.12650187162030224,7.90636697626889e-05,0.4154677485597963,64
MADDPG,0,6720,104,6713,-490.9305638586419,-7.67079006029128,0.6640079760717846,1003,666,328,0,4.753753753753754,7.0,666,6683.385270224328,6643.32548174517,40.05978847915857,104.42789484725513,0.006113557196899564,0.1528389299224891,9.552433120155569e-05,0.4156698124723097,64
MADDPG,0,6784,105,6777,-463.6475630929724,-7.244493173327694,0.7242841993637328,943,683,272,0,4.538799414348462,7.0,683,7622.116274326766,7586.106484071682,36.0097902550861,119.09556678635572,0.005946441120129341,0.14866102800323353,9.291314250202095e-05,0.41548739033272486,64
MADDPG,0,6848,106,6841,-255.32386980705027,-3.9894354657351605,0.7367816091954023,870,641,234,0,4.271450858034322,7.0,641,5903.161702531366,5873.746077189889,29.415625341477927,92.2369016020526,0.003806010730774421,0.09515026826936052,5.9468917668350326e-05,0.4168279653155998,64
MADDPG,0,6912,107,6905,-303.4912738990529,-4.742051154672701,0.7357456140350878,912,671,240,0,4.2324888226527575,7.0,671,5792.354988598963,5761.375410447359,30.979578151601846,90.5055466968588,0.00435364721137909,0.10884118028447726,6.802573767779828e-05,0.41742801888065906,64
MADDPG,0,6976,108,6969,-384.5563894784098,-6.008693585600153,0.6815352697095436,964,657,302,0,4.403348554033485,7.0,657,7029.8334204414905,6994.925724659833,34.90769578165594,109.84114719439829,0.005054823518033775,0.12637058795084435,7.898161746927773e-05,0.41868585802672303,64
MADDPG,0,7040,109,7033,-411.031039134122,-6.422359986470656,0.7268041237113402,970,705,269,0,4.392907801418439,7.0,705,7149.216945412675,7113.990181342938,35.226764069737904,111.70651477207305,0.005471823535484418,0.13679558838711045,8.549724274194403e-05,0.42092184680064026,64
MADDPG,0,7104,110,7097,-496.5458108733634,-7.758528294896303,0.7139896373056995,965,689,276,0,4.609579100145138,7.0,689,7132.830615471317,7094.777055653647,38.05355981766983,111.45047836673933,0.0062776020355857585,0.15694005088964397,9.808753180602748e-05,0.422243683661711,64
MADDPG,0,7168,111,7161,-483.9913894984219,-7.562365460912842,0.7072927072927073,1001,708,297,0,4.6158192090395485,7.0,708,8217.217928481316,8177.58894365305,39.628984828268045,128.39403013252056,0.0061794599237528815,0.15448649809382203,9.655406130863877e-05,0.42363431357473935,64
MADDPG,0,7232,112,7225,-303.69896034923744,-4.745296255456835,0.6881243063263041,901,620,281,0,4.337096774193548,7.0,620,6478.086957565002,6444.251409482296,33.835548082702275,101.22010871195316,0.004182020248645842,0.10455050621614603,6.534406638509127e-05,0.42565876450518425,64
MADDPG,0,7296,113,7289,-413.7550840942838,-6.464923188973184,0.7063829787234043,940,664,265,0,4.171686746987952,7.0,664,7198.152751755609,7166.291904983245,31.86084677236285,112.47113674618139,0.005405971040349888,0.1351492760087472,8.4468297505467e-05,0.4299940145325462,64
MADDPG,0,7360,114,7353,-488.0779594214577,-7.626218115960277,0.7565582371458552,953,721,239,0,4.30374479889043,7.0,721,7315.6308031239605,7282.7900609138715,32.84074221009053,114.30673129881188,0.006316623024446596,0.1579155756111649,9.869723475697807e-05,0.43338768930663596,64
MADDPG,0,7424,115,7417,-339.60061967905705,-5.306259682485266,0.7117021276595744,940,669,263,0,4.36322869955157,7.0,669,5932.473747384343,5897.729235987066,34.74451139727829,92.69490230288037,0.004677877105376541,0.11694692763441353,7.309182977150846e-05,0.43579415999559373,64
MADDPG,0,7488,116,7481,-278.41036594243957,-4.350161967850618,0.7340182648401826,876,643,244,0,4.3530326594090205,6.0,643,5758.295131471266,5726.880756660524,31.41437481074198,89.97336142923854,0.004030314747064079,0.10075786867660198,6.297366792287624e-05,0.4377665828749853,64
MADDPG,0,7552,117,7545,-411.50205850453835,-6.429719664133412,0.7231096911608094,939,679,258,0,4.403534609720177,7.0,679,7088.856451710135,7055.412635403662,33.44381630647086,110.76338205797086,0.005430638247500597,0.1357659561875149,8.485372261719683e-05,0.4403788789351484,64
MADDPG,0,7616,118,7609,-455.9118240356478,-7.123622250556997,0.6723768736616702,934,628,298,0,4.753184713375796,7.0,628,6362.583422620006,6324.660309527733,37.9231130922728,99.41536597843759,0.0057007714297866476,0.14251928574466619,8.907455359041637e-05,0.4436902865637167,64
MADDPG,0,7680,119,7673,-471.33174213450883,-7.3645584708517005,0.7016949152542373,885,621,277,0,4.689210950080516,7.0,621,6407.8157784395835,6372.587712592347,35.22806584723705,100.12212153811849,0.005864807740794838,0.14662019351987096,9.163762094991935e-05,0.4461030484432119,64
MADDPG,0,7744,120,7737,-491.84245822679463,-7.685038409793666,0.6976744186046512,946,660,282,0,4.359090909090909,7.0,660,7203.399317025007,7170.17932024409,33.21999678091441,112.55311432851573,0.006157354177296431,0.15393385443241078,9.620865902025674e-05,0.44811158721832794,64
MADDPG,0,7808,121,7801,-531.1330956408729,-8.298954619388638,0.7088331515812432,917,650,252,0,4.550769230769231,7.0,650,7125.913163885423,7088.86419133966,37.04897254576159,111.34239318570974,0.0065647415792220555,0.16411853948055138,0.00010257408717534462,0.450639617272809,64
MADDPG,0,7872,122,7865,-574.8096363973807,-8.981400568709073,0.6605603448275862,928,613,315,0,4.725938009787928,7.0,613,7055.911997325433,7017.894730509402,38.01726681603211,110.24862495820989,0.006829995606297052,0.17074989015742628,0.00010671868134839143,0.4522046869252546,64
MADDPG,0,7936,123,7929,-489.68433585634796,-7.651317747755437,0.7034764826175869,978,688,294,0,4.670058139534884,7.0,688,7372.741577550371,7333.177580802162,39.56399674820979,115.19908714922455,0.006185942785740044,0.1546485696435011,9.665535602718819e-05,0.45368047522121807,64
MADDPG,0,8000,124,7993,-393.19345747881914,-6.143647773106549,0.7062857142857143,875,618,262,0,4.6877022653721685,7.0,618,6563.348046464029,6530.693910328238,32.65413613579119,102.55231322600045,0.005097576743343994,0.12743941858359986,7.964963661474991e-05,0.4548790921821673,64
MADDPG,0,8064,125,8057,-455.564959246364,-7.118202488224438,0.6750524109014675,954,644,307,0,4.663043478260869,7.0,644,6795.241596058503,6758.1577328719295,37.08386318657736,106.17564993841411,0.005721368113017612,0.1430342028254403,8.939637676590019e-05,0.4556908740697677,64
MADDPG,0,8128,126,8121,-599.5690632349243,-9.368266613045693,0.6901688182720953,1007,695,316,0,5.044604316546763,7.0,695,8263.565148211335,8221.856672275675,41.70847593565701,129.11820544080211,0.007275748321647339,0.1818937080411835,0.00011368356752573968,0.4573432093654967,64
MADDPG,0,8192,127,8185,-435.4497118529622,-6.803901747702534,0.6288981288981289,962,605,360,0,4.986776859504133,8.0,605,6994.28534938317,6957.328292623342,36.95705675982607,109.28570858411203,0.005382774958214099,0.13456937395535248,8.41058587220953e-05,0.4590265052074829,64
MADDPG,0,8256,128,8249,-497.2165049061033,-7.769007889157864,0.6594871794871795,975,643,311,0,4.919129082426127,7.0,643,7118.730161345085,7081.003217368239,37.726943976849306,111.23015877101696,0.006137740839460715,0.1534435209865179,9.590220061657368e-05,0.4599095737519169,64
MADDPG,0,8320,129,8313,-492.78508418898855,-7.699766940452946,0.6845493562231759,932,638,309,0,4.890282131661442,7.0,638,6995.0064643893875,6958.506681999655,36.499782389728836,109.29697600608418,0.006078400369801793,0.15196000924504482,9.497500577815301e-05,0.4601928989251811,64
MADDPG,0,8384,130,8377,-582.1855946728549,-9.096649916763358,0.7185104052573932,913,656,275,0,4.913109756097561,7.0,656,7269.48116775271,7232.338716554227,37.14245119848234,113.58564324613609,0.007057146453841312,0.1764286613460328,0.0001102679133412705,0.45960585439925006,64
MADDPG,0,8448,131,8441,-550.8659349511602,-8.607280233611878,0.6573208722741433,963,633,300,0,4.868878357030016,7.0,633,8045.975824534172,8007.496185352741,38.479639181430926,125.71837225834643,0.00666305372766641,0.16657634319166026,0.00010411021449478766,0.4586694555956327,64
MADDPG,0,8512,132,8505,-382.48244102243257,-5.976288140975509,0.6673866090712743,926,618,312,0,4.794498381877022,7.0,618,7794.653915164303,7759.028493466976,35.62542169732944,121.79146742444223,0.004931396071896583,0.12328490179741457,7.70530636233841e-05,0.4585455944477877,64
MADDPG,0,8576,133,8569,-482.59253635331174,-7.540508380520496,0.6751322751322751,945,638,316,0,4.7884012539184955,7.0,638,6895.892999808583,6859.464888769788,36.42811103879462,107.74832812200911,0.005970133706539301,0.14925334266348253,9.328333916467658e-05,0.45733860971083695,64
MADDPG,0,8640,134,8633,-324.9342113161588,-5.077097051814981,0.7016949152542373,885,621,264,0,4.542673107890499,7.0,621,6070.744871067034,6039.255490733008,31.489380334026066,94.85538861042241,0.004419013939552469,0.11047534848881173,6.904709280550733e-05,0.4566857827121126,64
MADDPG,0,8704,135,8697,-385.65498777764384,-6.025859184025685,0.72840790842872,961,700,249,0,4.1414285714285715,7.0,700,7381.239099392448,7351.817535559554,29.421563832890605,115.331860928007,0.00522881548030084,0.130720387007521,8.170024187970063e-05,0.4565051453845388,64
MADDPG,0,8768,136,8761,-463.9847203600752,-7.249761255626175,0.745475113122172,884,659,256,0,3.8528072837632776,7.0,659,6743.956426836183,6719.025519980531,24.930906855648754,105.37431916931536,0.005913612684732662,0.14784031711831655,9.240019819894784e-05,0.4566752578747264,64
MADDPG,0,8832,137,8825,-533.5545269938015,-8.336789484278148,0.6645502645502646,945,628,284,0,4.660828025477707,7.0,628,8236.658027124628,8200.068136476879,36.58989064774558,128.6977816738223,0.0064976087564186285,0.1624402189104657,0.00010152513681904107,0.45736959599709476,64
MADDPG,0,8896,138,8889,-596.3847579704068,-9.318511843287606,0.67170626349892,926,622,317,0,4.665594855305466,7.0,622,8198.426667758136,8163.431239661208,34.99542809692577,128.10041668372088,0.007064000259627426,0.17660000649068566,0.00011037500405667854,0.4592338848515805,64
MADDPG,0,8960,139,8953,-487.7893581774881,-7.621708721523252,0.5815217391304348,920,535,382,0,4.912149532710281,8.0,535,7107.37836025827,7071.657519440208,35.72084081806301,111.05278687903547,0.005725315225407405,0.14313288063518514,8.945805039699071e-05,0.4606255452455581,64
MADDPG,0,9024,140,9017,-621.4900464089594,-9.71078197513999,0.6391534391534391,945,604,333,0,5.043046357615894,8.0,604,7960.3700816128985,7923.459781576628,36.91030003627398,124.38078252520154,0.0072594725073784755,0.18148681268446187,0.00011342925792778868,0.4623323440617466,64
MADDPG,0,9088,141,9081,-562.0081715566394,-8.78137768057249,0.563457330415755,914,515,419,0,4.7223300970873785,8.0,515,6906.027300609282,6872.179477638336,33.84782297094765,107.90667657202003,0.006383227548165332,0.1595806887041333,9.973793044008331e-05,0.46344087592124,64
MADDPG,0,9152,142,9145,-584.672993208138,-9.135515518877156,0.6315240083507306,958,605,336,0,4.730578512396694,7.0,605,7555.895679119098,7520.5595864623065,35.33609265678884,118.0608699862359,0.006891496267804278,0.17228740669510695,0.00010767962918444185,0.4641067820921514,64
MADDPG,0,9216,143,9209,-719.7369792636468,-11.245890300994482,0.6936619718309859,852,591,280,0,4.884940778341794,7.0,591,7357.077320686775,7322.484047170163,34.59327351661192,114.95433313573086,0.00826994359419768,0.20674858985494202,0.00012921786865933876,0.46507998766953085,64
MADDPG,0,9280,144,9273,-576.5590559936893,-9.008735249901395,0.6600660066006601,909,600,301,0,4.866666666666666,7.0,600,6524.241066947408,6485.223843441556,39.017223505853686,101.94126667105326,0.006839069528048786,0.17097673820121964,0.00010686046137576228,0.46456686495416366,64
MADDPG,0,9344,145,9337,-525.7836039678616,-8.215368811997838,0.695906432748538,855,595,261,0,4.7478991596638656,7.0,595,5681.368668054897,5647.991448129678,33.37721992521951,88.77138543835777,0.006366525772924626,0.15916314432311565,9.947696520194728e-05,0.4644396639990386,64
MADDPG,0,9408,146,9401,-568.2139964296306,-8.878343694212978,0.6800445930880713,897,610,293,0,4.781967213114754,7.0,610,7221.612402868611,7185.744039059746,35.86836380886536,112.83769379482204,0.0067856783615838166,0.16964195903959542,0.00010602622439974713,0.46502068016594755,64
MADDPG,0,9472,147,9465,-495.27898022045696,-7.73873406594464,0.6581740976645435,942,620,301,0,4.674193548387096,7.0,620,7256.760721866397,7218.771169242847,37.989552623548406,113.38688627916245,0.006074758409915903,0.15186896024789756,9.491810015493598e-05,0.4651952120607665,64
MADDPG,0,9536,148,9529,-618.6800519551726,-9.666875811799573,0.7054871220604704,893,630,294,0,4.933333333333334,7.0,630,8561.522519661092,8523.72579553203,37.79672412906049,133.77378936970456,0.007340324411309755,0.18350811028274389,0.00011469256892671492,0.4654353101297839,64
MADDPG,0,9600,149,9593,-520.4391397761515,-8.131861559002367,0.6843243243243243,925,633,268,0,4.60347551342812,7.0,633,6727.683815569664,6691.290184508985,36.39363106067979,105.120059618276,0.006393649092888602,0.15984122732221503,9.99007670763844e-05,0.4645453005699186,64
MADDPG,0,9664,150,9657,-465.63402015805946,-7.275531564969679,0.7378238341968912,965,712,253,0,4.334269662921348,7.0,712,7866.700819388564,7833.461987257302,33.23883213126567,122.91720030294631,0.006059427393733805,0.15148568484334513,9.46785530270907e-05,0.4636308230170105,64
MADDPG,0,9728,151,9721,-422.331548440492,-6.598930444382687,0.7621009268795057,971,740,250,0,4.128378378378378,7.0,740,8091.650201687524,8061.242924783613,30.40727690391381,126.43203440136756,0.005691387001970197,0.1422846750492549,8.892792190578432e-05,0.4644528835194124,64
MADDPG,0,9792,152,9785,-429.6784590843107,-6.713725923192355,0.8103813559322034,944,765,177,0,3.671895424836601,6.0,765,7807.452069627907,7784.606114387475,22.84595524043208,121.99143858793605,0.005913339791471395,0.14783349478678487,9.239593424174054e-05,0.46468552812995656,64
MADDPG,0,9856,153,9849,-530.3541307469472,-8.28678329292105,0.8262195121951219,984,813,167,0,3.2964329643296435,6.0,813,9136.307105693468,9119.041984577987,17.265121115484554,142.75479852646043,0.0070429087142857396,0.17607271785714348,0.00011004544866071468,0.46560065012680285,64
MADDPG,0,9920,154,9913,-498.622090964628,-7.7909701713223125,0.845350052246604,957,809,148,0,3.03955500618047,5.0,809,8744.697748474038,8732.070101474943,12.627646999101426,136.63590231990685,0.006739486218438568,0.16848715546096418,0.00010530447216310262,0.4676688237155865,64
MADDPG,0,9984,155,9977,-421.77452652775935,-6.59022697699624,0.8457556935817805,966,817,161,0,3.3843329253365972,6.0,817,9194.084005610319,9177.288677138793,16.795328471522836,143.65756258766123,0.005975040360216317,0.14937600900540793,9.336000562837995e-05,0.46880266489110534,64
MADDPG,0,10048,156,10041,-657.2051736422229,-10.268830838159733,0.8903654485049833,903,804,108,0,2.7786069651741294,5.0,804,9326.878439572387,9319.674705628082,7.203733944303701,145.73247561831855,0.008358648492386479,0.20896621230966198,0.00013060388269353873,0.4695481214108972,64
MADDPG,0,10112,157,10105,-585.199643078196,-9.143744423096813,0.8029818956336529,939,754,178,0,3.4615384615384617,6.0,754,8519.494386509605,8499.088834100463,20.405552409139805,133.11709978921257,0.007438571750542459,0.18596429376356147,0.00011622768360222592,0.4707149972692704,64
MADDPG,0,10176,158,10169,-387.7413101717997,-6.05845797143437,0.7643923240938166,938,717,217,0,3.5202231520223153,6.0,717,7346.123868416292,7323.492824398828,22.63104401746522,114.78318544400456,0.005333047192660993,0.1333261798165248,8.332886238532801e-05,0.47075416072988074,64
MADDPG,0,10240,159,10233,-388.43899976671696,-6.0693593713549525,0.7902388369678089,963,761,189,0,3.6202365308804203,6.0,761,7504.305369617438,7480.996152682095,23.309216935343674,117.25477140027247,0.005474808121219888,0.13687020303049718,8.554387689406075e-05,0.47080187739449697,64
MADDPG,0,10304,160,10297,-484.4345931484522,-7.569290517944566,0.7098976109215017,879,624,242,0,4.482371794871795,6.0,624,6555.70226557167,6523.504925524861,32.197340046809245,102.43284789955734,0.0060446097675374835,0.15111524418843708,9.444702761777318e-05,0.47101784004895864,64
MADDPG,0,10368,161,10361,-691.0879414653457,-10.798249085396026,0.6652221018418202,923,614,317,0,5.037459283387622,7.0,614,6458.607894321774,6420.487341312365,38.120553009407494,100.91574834877773,0.008001609389368572,0.20004023473421428,0.00012502514670888394,0.469838629391151,64
MADDPG,0,10432,162,10425,-900.9763707640252,-14.077755793187894,0.6549835706462213,913,598,307,0,5.016722408026756,7.0,598,8740.175775797814,8700.647976047889,39.52779974992468,136.56524649684084,0.01007580899617194,0.2518952249042985,0.00015743451556518657,0.46923401525642805,64
MADDPG,0,10496,163,10489,-668.852411705009,-10.450818932890765,0.6273684210526316,950,596,361,0,5.052013422818792,7.0,596,7902.159656404792,7863.0147287030295,39.144927701765,123.47124463132488,0.0076883496636746184,0.19220874159186546,0.00012013046349491591,0.4694744451968492,64
MADDPG,0,10560,164,10553,-997.0902647015748,-15.579535385962107,0.6068281938325991,908,551,362,0,5.136116152450091,8.0,551,8757.846458743592,8719.992208933054,37.854249810537276,136.84135091786862,0.010865350772277257,0.27163376930693145,0.00016977110581683214,0.4703181323249922,64
MADDPG,0,10624,165,10617,-893.8608197907935,-13.966575309231148,0.6207674943566591,886,550,326,0,5.04,7.0,550,8181.626464807247,8144.315286916327,37.31117789091972,127.83791351261324,0.009866700708195095,0.24666751770487738,0.00015416719856554837,0.469940052569754,64
MADDPG,0,10688,166,10681,-640.5339430897635,-10.008342860777555,0.6141248720573184,977,600,377,0,5.195,8.0,600,7493.354023440663,7453.790647740464,39.563375700198606,117.08365661626036,0.00740179722040753,0.18504493051018825,0.00011565308156886765,0.47026517201266943,64
MADDPG,0,10752,167,10745,-739.0015883761245,-11.546899818376945,0.5968063872255489,1002,598,411,0,5.1638795986622075,8.0,598,7840.630908514993,7798.644575747177,41.986332767817316,122.50985794554677,0.008355721096494103,0.20889302741235258,0.00013055814213272035,0.4712175049927269,64
MADDPG,0,10816,168,10809,-645.2587666211379,-10.082168228455279,0.6601607347876005,871,575,298,0,4.9165217391304346,7.0,575,7013.473393354723,6973.863630016028,39.60976333869149,109.58552177116755,0.007468867500809577,0.1867216875202394,0.00011670105470014964,0.4723802776857199,64
MADDPG,0,10880,169,10873,-752.8064627951996,-11.762600981174995,0.6481294236602629,989,641,344,0,4.965678627145086,7.0,641,7687.785416943439,7643.940678028471,43.84473891496855,120.12164713974123,0.008656155916115509,0.21640389790288772,0.00013525243618930482,0.47254585015381345,64
MADDPG,0,10944,170,10937,-809.5309141195014,-12.64892053311721,0.6293103448275862,928,584,345,0,5.152397260273973,8.0,584,8569.709382331186,8528.048136498744,41.66124583244109,133.90170909892478,0.009075891483604418,0.22689728709011045,0.00014181080443131903,0.4729212434927098,64
MADDPG,0,11008,171,11001,-933.7399917359369,-14.589687370874014,0.5770877944325482,934,539,390,0,5.192949907235621,9.0,539,6966.728349626124,6922.804540464453,43.92380916167374,108.85513046290819,0.010201514965909568,0.2550378741477392,0.000159398671342337,0.472159500196407,64
MADDPG,0,11072,172,11065,-847.6699647640711,-13.24484319943861,0.6853813559322034,944,647,306,0,4.726429675425039,7.0,647,7800.762865835862,7759.87206444393,40.89080139193304,121.88691977868534,0.00966117485581684,0.24152937139542102,0.00015095585712213814,0.47081820724748596,64
MADDPG,0,11136,173,11129,-463.85195878756076,-7.247686856055637,0.6846071044133477,929,636,284,0,4.672955974842767,7.0,636,6073.582709539396,6036.100796343374,37.481913196023754,94.89972983655306,0.0058193522158584456,0.14548380539646114,9.092737837278821e-05,0.4700005977160334,64
MADDPG,0,11200,174,11193,-538.0260057687709,-8.406656340137046,0.6684434968017058,938,627,308,0,4.684210526315789,7.0,627,7362.229488650044,7322.149486061003,40.08000258903937,115.03483576015694,0.0065176757665443,0.1629418941636075,0.00010183868385225469,0.46990518238951623,64
MADDPG,0,11264,175,11257,-723.818377017527,-11.30966214089886,0.6730769230769231,936,630,311,0,4.666666666666667,7.0,630,7842.429288157078,7805.2067971928245,37.222490964258625,122.53795762745435,0.0083687396403722,0.209218491009305,0.00013076155688081562,0.47045326483661154,64
MADDPG,0,11328,176,11321,-758.7707554221217,-11.855793053470652,0.654786150712831,982,643,331,0,4.9673405909797825,7.0,643,7764.883132024008,7723.771610825996,41.111521198011246,121.32629893787512,0.008730830451977693,0.21827076129944234,0.00013641922581215146,0.47000221549219173,64
MADDPG,0,11392,177,11385,-807.8701857792247,-12.622971652800386,0.7087053571428571,896,635,283,0,4.962204724409449,7.0,635,7915.195466901764,7877.443803539728,37.751663362035536,123.67492917034006,0.009254165570422681,0.23135413926056703,0.0001445963370378544,0.46995589621313716,64
MADDPG,0,11456,178,11449,-574.9080574503092,-8.982938397661082,0.6536842105263158,950,621,323,0,4.797101449275362,7.0,621,6866.476756392819,6830.091176437205,36.385579955612705,107.2886993186378,0.006850179224170718,0.17125448060426796,0.00010703405037766747,0.4696210269787767,64
MADDPG,0,11520,179,11513,-581.9922262526129,-9.093628535197077,0.7003405221339387,881,617,262,0,4.755267423014587,7.0,617,6476.533074902252,6442.113146383225,34.41992851902738,101.19582929534769,0.006979514969545555,0.17448787423863887,0.0001090549213991493,0.467722889664449,64
MADDPG,0,11584,180,11577,-682.5817440511148,-10.665339750798669,0.7142857142857143,966,690,267,0,4.272463768115942,6.0,690,7429.93974351134,7396.119658762259,33.82008474908343,116.09280849236468,0.008150710641477675,0.20376776603694188,0.00012735485377308867,0.4661156222521411,64
MADDPG,0,11648,181,11641,-404.8321306752407,-6.325502041800636,0.7876712328767124,876,690,201,0,3.873913043478261,6.0,690,6060.997410163764,6036.2895376045535,24.707872559210852,94.7030845338088,0.005455714024870601,0.136392850621765,8.524553163860314e-05,0.46551142288630465,64
MADDPG,0,11712,182,11705,-501.5833185600617,-7.837239352500964,0.7861990950226244,884,695,182,0,3.8028776978417267,6.0,695,7311.91021628588,7287.551876050566,24.35834023531643,114.24859712946687,0.006457080034928456,0.1614270008732114,0.00010089187554575713,0.46475149382457875,64
MADDPG,0,11776,183,11769,-514.9983484633824,-8.04684919474035,0.75,928,696,237,0,4.126436781609195,6.0,696,7279.979672315413,7250.4005100154045,29.57916230001205,113.74968237992833,0.0065241252417602095,0.16310313104400523,0.00010193945690250327,0.46461130276299845,64
MADDPG,0,11840,184,11833,-378.79306724637456,-5.9186416757246025,0.6834451901565995,894,611,274,0,4.409165302782324,7.0,611,5906.9075513294965,5874.623816065633,32.28373526386263,92.29543048952338,0.0049231385991844855,0.12307846497961214,7.692404061225759e-05,0.4639018730595188,64
MADDPG,0,11904,185,11897,-547.217007235851,-8.550265738060173,0.7154285714285714,875,626,249,0,4.354632587859425,6.75,626,7262.623507197925,7230.532157291092,32.091349906834985,113.47849229996758,0.006672336249712671,0.16680840624281676,0.00010425525390176048,0.46336977771647236,64
MADDPG,0,11968,186,11961,-633.902479271886,-9.904726238623219,0.7114788004136504,967,688,282,0,4.473837209302325,7.0,688,7718.188582439596,7682.0028971839965,36.18568525559728,120.59669660061869,0.007645683498973866,0.19114208747434666,0.00011946380467146666,0.4638312793839151,64
MADDPG,0,12032,187,12025,-533.6631221138468,-8.338486283028857,0.6930803571428571,896,621,290,0,4.650563607085346,7.0,621,6373.265984102278,6339.644173351913,33.621810750363764,99.58228100159809,0.0064716213542644705,0.16179053385661177,0.00010111908366038235,0.4634813282934864,64
MADDPG,0,12096,188,12089,-763.08774976859,-11.923246090134219,0.6606741573033708,890,588,277,0,4.790816326530612,7.0,588,7396.007355469428,7361.351926190375,34.65542927905283,115.56261492920981,0.008701856986516227,0.2175464246629057,0.00013596651541431605,0.46305356753897375,64
MADDPG,0,12160,189,12153,-749.4133674715077,-11.709583866742308,0.6132177681473456,923,566,360,0,5.0159010600706715,8.0,566,6925.36379782149,6887.81566004051,37.54813778098046,108.20880934096078,0.00842703200841881,0.21067580021047025,0.0001316723751315439,0.4645621996820897,64
MADDPG,0,12224,190,12217,-606.6931729762223,-9.479580827753473,0.6781354051054383,901,611,306,0,4.846153846153846,7.0,611,6830.30263096352,6793.13891349518,37.16371746834198,106.723478608805,0.0071623815516700115,0.1790595387917503,0.00011191221174484393,0.4655556094595281,64
MADDPG,0,12288,191,12281,-560.1629611322126,-8.752546267690821,0.6700564971751413,885,593,287,0,4.858347386172007,7.0,593,6303.015603028988,6267.410019302864,35.60558372612568,98.48461879732794,0.006669518574414665,0.16673796436036664,0.00010421122772522915,0.4678220492544985,64
MADDPG,0,12352,192,12345,-731.4215635692974,-11.428461930770272,0.6497354497354497,945,614,317,0,4.8387622149837135,7.0,614,7441.45372509674,7403.18961773949,38.26410735725158,116.27271445463656,0.008407350303691991,0.21018375759229976,0.00013136484849518736,0.4704688942137934,64
MADDPG,0,12416,193,12409,-691.3939063537056,-10.80302978677665,0.6930803571428571,896,621,288,0,4.6215780998389695,7.0,621,6868.446482592273,6833.706205826173,34.74027676609868,107.31947629050427,0.008047429109940989,0.20118572774852472,0.00012574107984282795,0.4725829163680294,64
MADDPG,0,12480,194,12473,-717.1919264843465,-11.206123851317914,0.7067254685777288,907,641,275,0,4.513260530421217,7.0,641,6568.367157311375,6535.294141410786,33.07301590059073,102.63073683299024,0.008377112416618086,0.20942781041545216,0.0001308923815096576,0.4733176996985258,64
MADDPG,0,12544,195,12537,-625.3411746576621,-9.77095585402597,0.7080808080808081,990,701,280,0,4.479315263908702,7.0,701,7230.697521064258,7192.42492261172,38.272598452536855,112.97964876662903,0.007587297908960309,0.18968244772400772,0.00011855152982750482,0.47424526528302696,64
MADDPG,0,12608,196,12601,-649.9216716695349,-10.155026119836483,0.7103594080338267,946,672,271,0,4.541666666666667,7.0,672,8059.900029753816,8021.844849180453,38.05518057336028,125.93593796490337,0.007776039659345939,0.19440099148364848,0.0001215006196772803,0.4761912173311027,64
MADDPG,0,12672,197,12665,-545.0498743999171,-8.516404287498705,0.6666666666666666,942,628,306,0,4.851910828025478,7.0,628,6550.112585793757,6510.340832531088,39.77175326266978,102.34550915302745,0.006579646523473224,0.1644911630868306,0.00010280697692926912,0.4775220238134198,64
MADDPG,0,12736,198,12729,-590.9609051958312,-9.233764143684862,0.6755037115588547,943,637,311,0,4.833594976452119,7.0,637,7440.476700672755,7400.550011673713,39.92668899904017,116.2574484480118,0.0070597314248385555,0.1764932856209639,0.00011030830351310243,0.47838388216997596,64
MADDPG,0,12800,199,12793,-582.6868092072103,-9.104481393862661,0.7008113590263692,986,691,293,0,4.78726483357453,7.0,691,7151.390297378368,7111.249624021251,40.140673357114714,111.740473396537,0.007124366829898442,0.17810917074746105,0.00011131823171716315,0.4794724072697839,64
MADDPG,0,12864,200,12857,-461.22600010800016,-7.206656251687503,0.6935123042505593,894,620,276,0,4.412903225806452,6.0,620,5914.625709120556,5882.301608867369,32.32410025318801,92.41602670500869,0.0057581023989891865,0.14395255997472967,8.997034998420604e-05,0.4816870517066175,64
MADDPG,0,12928,201,12921,-403.1741052893383,-6.299595395145911,0.7432735426008968,892,663,234,0,4.173453996983409,6.0,663,5904.597023539566,5874.4962903692995,30.100733170267773,92.25932849280572,0.005332517540457923,0.1333129385114481,8.332058656965505e-05,0.48235767794376705,64
MADDPG,0,12992,202,12985,-498.7857068480969,-7.793526669501514,0.7172489082969432,916,657,270,0,4.315068493150685,6.0,657,5970.323120105151,5938.979731633008,31.343388472142074,93.28629875164299,0.006235362213583911,0.1558840553395978,9.742753458724861e-05,0.48263354773033224,64
MADDPG,0,13056,203,13049,-592.1789489585449,-9.252796077477264,0.7485089463220675,1006,753,256,0,3.853917662682603,6.0,753,8429.232948595361,8401.045839220946,28.187109374415407,131.70676482180252,0.007412367230737831,0.18530918076844577,0.00011581823798027861,0.4835294038482444,64
MADDPG,0,13120,204,13113,-444.74843448436104,-6.949194288818141,0.7574468085106383,940,712,218,0,3.821629213483146,6.0,712,6427.504090660383,6399.7176362354885,27.78645442489694,100.42975141656848,0.005884983627707812,0.1471245906926953,9.195286918293456e-05,0.48457828320466734,64
MADDPG,0,13184,205,13177,-429.40815743205104,-6.7095024598757975,0.7032608695652174,920,647,269,0,4.403400309119011,7.0,647,5535.828065870344,5504.553328981643,31.274736888700385,86.49731352922413,0.005511483977589362,0.13778709943973405,8.611693714983378e-05,0.4837761469083555,64
MADDPG,0,13248,206,13241,-603.7114410361436,-9.432991266189743,0.6846747519294377,907,621,276,0,4.584541062801932,7.0,621,6683.59393246551,6650.318821781161,33.27511068435437,104.4311551947736,0.007182855613020813,0.17957139032552033,0.0001122321189534502,0.48285714701280125,64
MADDPG,0,13312,207,13305,-713.6888157288695,-11.151387745763586,0.70620239390642,919,649,282,0,4.7919876733436055,7.0,649,6805.83342616742,6771.9069424351,33.926483732322,106.34114728386594,0.008351766734424596,0.2087941683606149,0.0001304963552253843,0.4822542324566002,64
MADDPG,0,13376,208,13369,-615.9503935998407,-9.624224899997511,0.6926188068756319,989,685,312,0,4.556204379562044,7.0,685,7827.520525117747,7790.116094695903,37.404430421841724,122.30500820496479,0.0074234210967413705,0.18558552741853426,0.00011599095463658391,0.48139965474701774,64
MADDPG,0,13440,209,13433,-461.5901707236444,-7.212346417556944,0.6840958605664488,918,628,281,0,4.42515923566879,7.0,628,5964.44883928768,5931.861408772611,32.587430515068576,93.19451311387,0.00577771456694652,0.144442864173663,9.027679010853937e-05,0.4812696238559508,64
MADDPG,0,13504,210,13497,-557.172352368902,-8.705818005764094,0.7119021134593994,899,640,253,0,4.56875,7.0,640,6672.622864870481,6638.784601542575,33.83826332790784,104.25973226360126,0.00679279836648863,0.16981995916221576,0.00010613747447638485,0.48039484136504496,64
MADDPG,0,13568,211,13561,-661.6600307611765,-10.338437980643382,0.6862745098039216,969,665,312,0,4.858646616541353,7.0,665,7154.774850870855,7117.187829453867,37.5870214169898,111.7933570448571,0.007822677267356205,0.19556693168390513,0.0001222293323024407,0.48035879080553223,64
MADDPG,0,13632,212,13625,-431.5493214897226,-6.742958148276916,0.6713286713286714,858,576,288,0,4.741319444444445,7.0,576,5204.373783204395,5171.520201075758,32.85358212863707,81.31834036256868,0.005341537868069269,0.1335384467017317,8.346152918858232e-05,0.4800053871407933,64
MADDPG,0,13696,213,13689,-626.0560831129011,-9.78212629863908,0.6797814207650273,915,622,282,0,4.882636655948553,7.0,622,7220.771100611815,7183.8974143064015,36.873686305416356,112.82454844705961,0.007404227559952847,0.18510568899882118,0.00011569105562426324,0.4802884304917062,64
MADDPG,0,13760,214,13753,-732.8384934878225,-11.450601460747226,0.6727078891257996,938,631,300,0,4.941362916006339,7.0,631,7374.891244276178,7334.94900621863,39.942238057545104,115.23267569181529,0.008472083080358784,0.2118020770089696,0.000132376298130606,0.4809699563054334,64
MADDPG,0,13824,215,13817,-742.7291453611638,-11.605142896268184,0.6731601731601732,924,622,317,0,4.927652733118971,7.0,622,7139.516420894648,7103.023440963004,36.492979931645934,111.55494407647888,0.008527429879214793,0.21318574698036982,0.00013324109186273113,0.48181490605185245,64
MADDPG,0,13888,216,13881,-706.2333335097377,-11.034895836089651,0.640807651434644,941,603,307,0,5.008291873963516,7.0,603,7163.247894526719,7123.629900756348,39.61799377037176,111.92574835197999,0.008133185934895476,0.2033296483723869,0.00012708103023274182,0.4813975093567944,64
MADDPG,0,13952,217,13945,-810.415683787377,-12.662745059177766,0.6593406593406593,910,600,322,0,4.97,7.0,600,7304.539119501545,7265.855146596126,38.68397290541589,114.13342374221165,0.009150704407154443,0.22876761017886107,0.00014297975636178817,0.48004704972143614,64
MADDPG,0,14016,218,14009,-628.7956443751348,-9.82493194336148,0.6604189636163176,907,599,305,0,4.794657762938231,7.0,599,6328.91135353544,6292.369506073102,36.54184746233705,98.88923989899125,0.007351468537055982,0.18378671342639955,0.00011486669589149972,0.4781899295300223,64
MADDPG,0,14080,219,14073,-777.9810675421901,-12.15595418034672,0.6774530271398748,958,649,322,0,4.90446841294299,7.0,649,7268.820386721567,7230.275560395544,38.54482632602761,113.57531854252449,0.008945858490114603,0.22364646225286505,0.00013977903890804067,0.47747478928231674,64
MADDPG,0,14144,220,14137,-679.4748105160199,-10.616793914312812,0.6742424242424242,924,623,292,0,4.826645264847512,7.0,623,6880.453188362761,6844.063205018605,36.38998334415398,107.50708106816813,0.0079232635820462,0.19808158955115499,0.00012380099346947186,0.4757858409008004,64
MADDPG,0,14208,221,14201,-694.1018880972586,-10.845342001519665,0.6405579399141631,932,597,329,0,4.909547738693467,7.0,597,6458.6124470621235,6421.7831611201,36.82928594202382,100.91581948534568,0.007967869689205485,0.1991967422301371,0.0001244979638938357,0.47472046329211665,64
MADDPG,0,14272,222,14265,-682.8683410264093,-10.669817828537646,0.6681034482758621,928,620,314,0,4.840322580645161,7.0,620,6264.343407792044,6228.171486945774,36.17192084627149,97.88036574675068,0.007927450407781509,0.19818626019453772,0.00012386641262158608,0.472352774940716,64
MADDPG,0,14336,223,14329,-843.9401212044855,-13.186564393820086,0.6831483350151363,991,677,315,0,4.834564254062038,7.0,677,7511.890655462551,7472.207210337655,39.68344512489801,117.37329149160236,0.009676343098524737,0.24190857746311845,0.00015119286091444902,0.4703530079787912,64
MADDPG,0,14400,224,14393,-853.32257472483,-13.333165230075469,0.6681564245810055,895,598,312,0,4.954849498327759,7.0,598,6749.6275766943045,6714.816281948454,34.81129474585172,105.46293088584851,0.009578022460600844,0.23945056151502112,0.0001496566009468882,0.46866379800041646,64
MADDPG,0,14464,225,14457,-740.871809898984,-11.576122029671625,0.6761041902604756,883,597,266,0,4.966499162479062,7.0,597,6213.271029448817,6178.2634757856395,35.00755366317539,97.08235983513777,0.008506077903660382,0.21265194759150954,0.00013290746724469346,0.46600605876071116,64
MADDPG,0,14528,226,14521,-753.7474535560341,-11.777303961813033,0.702819956616052,922,648,287,0,5.098765432098766,7.0,648,7198.13552512325,7158.352971155433,39.78255396781368,112.47086758005078,0.008741164408055968,0.2185291102013992,0.0001365806938758745,0.46388430682939374,64
MADDPG,0,14592,227,14585,-752.6014671879714,-11.759397924812053,0.6569832402234637,895,588,306,0,4.901360544217687,7.0,588,7066.383440689561,7029.364934704419,37.018505985143044,110.4122412607744,0.008555920932003495,0.21389802330008736,0.0001336862645625546,0.46208161862190433,64
MADDPG,0,14656,228,14649,-685.9569448517262,-10.718077263308222,0.6603982300884956,904,597,285,0,4.95142378559464,7.0,597,6867.564575762459,6829.949976680232,37.61459908222722,107.30569649628842,0.007941158794116807,0.19852896985292018,0.00012408060615807511,0.45953145452128785,64
MADDPG,0,14720,229,14713,-697.3056976666933,-10.895401526042082,0.7055150884495317,961,678,314,0,4.705014749262537,7.0,678,7854.908907548605,7816.7317082250265,38.17719932357894,122.73295168044696,0.008209892624712983,0.20524731561782456,0.00012827957226114035,0.457446659578157,64
MADDPG,0,14784,230,14777,-743.874735252597,-11.623042738321828,0.6738894907908992,923,622,307,0,4.659163987138264,7.0,622,7197.283818455479,7162.286966809635,34.996851645843385,112.45755966336687,0.008549764123523356,0.2137441030880839,0.00013359006443005244,0.4549011616497355,64
MADDPG,0,14848,231,14841,-557.8525352799161,-8.716445863748689,0.688034188034188,936,644,280,0,4.543478260869565,6.0,644,6274.884328300126,6244.019406994292,30.864921305837903,98.04506762968947,0.00677804522165582,0.16945113054139552,0.00010590695658837219,0.4524725052460791,64
MADDPG,0,14912,232,14905,-615.6378522926398,-9.619341442072496,0.7247132429614181,959,695,261,0,4.471942446043165,7.0,695,7255.723060444327,7224.676840665825,31.046219778500017,113.3706728194426,0.007503009656740336,0.1875752414185084,0.00011723452588656775,0.45098954671757474,64
MADDPG,0,14976,233,14969,-623.1295559904145,-9.736399312350226,0.7283298097251586,946,689,269,0,4.428156748911466,7.0,689,7354.604202767039,7322.961640062238,31.642562704803666,114.91569066823499,0.007549617041119697,0.18874042602799243,0.00011796276626749526,0.44938347577687376,64
MADDPG,0,15040,234,15033,-682.982344231743,-10.671599128620985,0.7379958246346555,958,707,246,0,4.144271570014144,7.0,707,7818.053089255467,7789.637107564868,28.415981690600752,122.15707951961667,0.00822055845024197,0.20551396125604923,0.00012844622578503078,0.44763133709839276,64
MADDPG,0,15104,235,15097,-607.9235399506088,-9.498805311728262,0.7639680729760547,877,670,216,0,3.873134328358209,6.0,670,7474.284143188361,7449.553651887318,24.730491301046836,116.78568973731814,0.0074176602586691846,0.1854415064667296,0.00011590094154170601,0.44647644597684943,64
MADDPG,0,15168,236,15161,-669.2642888871999,-10.457254513862498,0.7178423236514523,964,692,262,0,4.092485549132948,6.0,692,7250.887388997334,7222.655635874314,28.231753123018105,113.29511545308334,0.008030234883483285,0.20075587208708215,0.00012547242005442634,0.4457074169038365,64
MADDPG,0,15232,237,15225,-660.2317710659468,-10.316121422905418,0.7133550488599348,921,657,256,0,4.459665144596651,7.0,657,6890.744046435148,6857.486684929359,33.257361505787664,107.6678757255492,0.007861091655331887,0.19652729138329716,0.00012282955711456073,0.44357898080363584,64
MADDPG,0,15296,238,15289,-661.6756756676101,-10.338682432306408,0.7219827586206896,928,670,265,0,4.350746268656716,7.0,670,7069.259477404662,7038.002567232868,31.256910171788878,110.45717933444784,0.007897205582994742,0.19743013957486855,0.00012339383723429284,0.44266733809618997,64
MADDPG,0,15360,239,15353,-767.4867771651564,-11.991980893205568,0.6997863247863247,936,655,280,0,4.413740458015267,7.0,655,8169.021160986641,8135.697710032869,33.323450953776444,127.64095564041627,0.008902649406499185,0.22256623516247964,0.00013910389697654977,0.4422610950331402,64
MADDPG,0,15424,240,15417,-683.0060541273567,-10.671969595739949,0.712882096069869,916,653,257,0,4.413476263399693,6.399999999999977,653,7410.27453087958,7376.500704335764,33.773826543817954,115.78553954499344,0.008073580382787469,0.20183950956968671,0.0001261496934810542,0.44167137556322944,64
MADDPG,0,15488,241,15481,-837.9880109264278,-13.093562670725435,0.6925465838509317,966,669,314,0,4.530642750373692,7.0,669,8413.796580995002,8377.755064128816,36.04151686618329,131.4655715780469,0.009599060127722272,0.2399765031930568,0.0001499853144956605,0.4409479667975692,64
MADDPG,0,15552,242,15545,-918.7487419220558,-14.355449092532123,0.7142857142857143,959,685,260,0,4.232116788321168,7.0,685,7925.404568040558,7894.09263036721,31.311937673347423,123.83444637563372,0.010511261136186105,0.26278152840465263,0.0001642384552529079,0.440203509290742,64
MADDPG,0,15616,243,15609,-848.8829868305356,-13.26379666922712,0.7733773377337734,909,703,221,0,3.805120910384068,7.0,703,8565.386610126703,8542.579892982854,22.80671714384576,133.83416578322974,0.009908822030080656,0.2477205507520164,0.00015482534422001025,0.4395152876147821,64
MADDPG,0,15680,244,15673,-749.6712232754883,-11.713612863679504,0.7817418677859391,953,745,201,0,3.5664429530201343,6.0,745,9647.724420370769,9627.675583550306,20.048836820459204,150.74569406829326,0.009027973941969067,0.22569934854922669,0.00014106209284326667,0.44069264298829214,64
MADDPG,0,15744,245,15737,-766.0815026123639,-11.970023478318186,0.8044579533941236,987,794,201,0,3.556675062972292,6.0,794,10329.832540460522,10308.442398824622,21.390141635903735,161.40363344469566,0.00931557212266075,0.23288930306651878,0.00014555581441657423,0.4421742769815674,64
MADDPG,0,15808,246,15801,-816.5130009585292,-12.75801563997702,0.8557046979865772,894,765,143,0,2.977777777777778,5.0,765,9411.769486524345,9401.820291851565,9.9491946727732,147.0588982269429,0.009816611154939784,0.2454152788734946,0.00015338454929593413,0.4445964327539763,64
MADDPG,0,15872,247,15865,-823.7266332488045,-12.870728644512571,0.8867724867724868,945,838,109,0,2.6873508353221958,5.0,838,10025.73162318854,10020.229084835342,5.502538353198841,156.65205661232093,0.010103921305449426,0.25259803263623565,0.00015787377039764729,0.447476264760563,64
MADDPG,0,15936,248,15929,-652.9364509661998,-10.202132046346872,0.8322295805739515,906,754,132,0,2.843501326259947,5.0,754,8334.427462678856,8324.374214478257,10.05324820059807,130.22542910435712,0.008169233518440903,0.20423083796102257,0.0001276442737256391,0.4505362944685809,64
MADDPG,0,16000,249,15993,-494.3987481337997,-7.72498043959062,0.8356164383561644,876,732,134,0,3.3155737704918034,6.0,732,7196.734295389656,7182.1164550596295,14.61784033002592,112.44897336546337,0.006529155628493909,0.16322889071234772,0.00010201805669521733,0.45225524293144387,64
MADDPG,0,16064,250,16057,-772.9487442068573,-12.077324128232146,0.7354910714285714,896,659,235,0,4.261001517450683,7.0,659,7990.768479996509,7960.625112005607,30.143367990905343,124.85575749994545,0.009017091045659106,0.22542727614147767,0.00014089204758842354,0.4536677503713834,64
MADDPG,0,16128,251,16121,-706.4340715687033,-11.038032368260989,0.7047619047619048,945,666,289,0,4.633633633633633,7.0,666,7789.442233067373,7752.994933340703,36.44729972667377,121.71003489167771,0.008309055515307431,0.20772638788268577,0.00012982899242667862,0.4553180975073542,64
MADDPG,0,16192,252,16185,-643.4977496174685,-10.054652337772945,0.708768267223382,958,679,269,0,4.525773195876289,7.0,679,7683.196318679222,7649.269793009562,33.92652566965599,120.04994247936284,0.00773324754006309,0.19333118850157727,0.00012083199281348578,0.4562982104711415,64
MADDPG,0,16256,253,16249,-491.51333135688725,-7.679895802451363,0.6959183673469388,980,682,292,0,4.403225806451613,6.0,682,6847.328607388665,6811.045107393338,36.283499995324284,106.98950949044789,0.006191686262831735,0.15479215657079337,9.674509785674586e-05,0.4564749789770185,64
MADDPG,0,16320,254,16313,-474.08571960595503,-7.407589368843047,0.6892778993435449,914,630,284,0,4.652380952380953,7.0,630,6301.003163833686,6265.262139841152,35.7410239925357,98.45317443490134,0.005901872468167994,0.14754681170419984,9.22167573151249e-05,0.45539157565680877,64
MADDPG,0,16384,255,16377,-576.8562513753541,-9.013378927739907,0.7102085620197585,911,647,272,0,4.650695517774343,7.0,647,7211.2253274022305,7174.224433766316,37.00089363591148,112.67539574065985,0.006990287328036049,0.17475718320090122,0.00010922323950056327,0.455008242207103,64
MADDPG,0,16448,256,16441,-732.5702199706965,-11.446409687042133,0.7070135746606335,884,625,271,0,4.6832,7.0,625,7527.395091836497,7491.502004958348,35.89308687814642,117.61554830994527,0.008492586817125967,0.2123146704281492,0.00013269666901759324,0.4541676914136026,64
MADDPG,0,16512,257,16505,-551.5785449500625,-8.618414764844726,0.7017353579175705,922,647,270,0,4.680061823802164,7.0,647,6557.473519073892,6520.06768990071,37.40582917318158,102.46052373552956,0.006738678163099836,0.1684669540774959,0.00010529184629843494,0.45300203360092894,64
MADDPG,0,16576,258,16569,-624.1127710634253,-9.75176204786602,0.6645636172450052,951,632,313,0,4.738924050632911,7.0,632,6966.464837015849,6925.33494327155,41.12989374430059,108.85101307837265,0.007377408559423867,0.18443521398559667,0.00011527200874099792,0.45288741641103947,64
MADDPG,0,16640,259,16633,-727.2888989853466,-11.36388904664604,0.6501057082452432,946,615,332,0,4.765853658536585,7.0,615,6881.54925796571,6840.042811974962,41.50644599074873,107.52420715571422,0.008348681809723821,0.20871704524309553,0.0001304481532769347,0.45287652474747087,64
MADDPG,0,16704,260,16697,-923.2295529199055,-14.425461764373523,0.6837696335078534,955,653,303,0,4.839203675344564,7.0,653,8302.618941901477,8259.993687788085,42.62525411339171,129.72842096721058,0.010428618616363811,0.2607154654090953,0.00016294716588068455,0.45296658235086273,64
MADDPG,0,16768,261,16761,-926.7510962561666,-14.480485879002604,0.6297828335056876,967,609,349,0,4.858784893267652,7.0,609,7222.146298978843,7179.112987300741,43.03331167810331,112.84603592154443,0.010299927598399004,0.2574981899599751,0.00016093636872498444,0.45212212107815536,64
MADDPG,0,16832,262,16825,-810.0289535567358,-12.656702399323997,0.6774541531823085,927,628,302,0,4.74203821656051,7.0,628,6580.924724738188,6541.237432614571,39.687292123616885,102.82694882403419,0.009234843485882547,0.23087108714706367,0.0001442944294669148,0.4494284612390286,64
MADDPG,0,16896,263,16889,-923.2323145578705,-14.425504914966726,0.6861702127659575,940,645,299,0,4.657364341085271,7.0,645,7260.588673862955,7219.913464180223,40.67520968273158,113.44669802910867,0.010416383860693839,0.26040959651734596,0.00016275599782334123,0.4466433566804859,64
MADDPG,0,16960,264,16953,-747.1255430867865,-11.673836610731039,0.7036625971143174,901,634,259,0,4.392744479495268,6.0,634,7213.01412484847,7177.085029047301,35.92909580116838,112.70334570075734,0.00867212100724445,0.21680302518111125,0.00013550189073819452,0.4441484185773823,64
MADDPG,0,17024,265,17017,-756.4895302706807,-11.820148910479386,0.6776519052523172,971,658,308,0,4.642857142857143,7.0,658,7721.951601201309,7682.48735095547,39.464250245836645,120.65549376877046,0.008764794877755224,0.2191198719438806,0.00013694991996492537,0.4442968969487591,64
MADDPG,0,17088,266,17081,-765.6211718017967,-11.962830809403073,0.7268464243845252,853,620,247,0,4.340322580645161,7.0,620,7428.514152879559,7395.7193142502765,32.794838629281294,116.07053363874311,0.00883631850773521,0.22090796269338026,0.00013806747668336267,0.4437676299717843,64
MADDPG,0,17152,267,17145,-550.8158468777608,-8.606497607465013,0.7497168742921857,883,662,231,0,4.3459214501510575,7.0,662,6960.458162899375,6928.972849684439,31.485313214929967,108.75715879530273,0.0068131529943673205,0.17032882485918302,0.00010645551553698938,0.4415579401715185,64
MADDPG,0,17216,268,17209,-659.2256354773733,-10.300400554333958,0.772399588053553,971,750,221,0,3.985333333333333,6.0,750,8390.012647570997,8357.906299359089,32.10634821190418,131.09394761829682,0.008118187851376309,0.2029546962844077,0.00012684668517775482,0.43964978891197504,64
MADDPG,0,17280,269,17273,-398.9838046560671,-6.234121947751048,0.8094218415417559,934,756,177,0,3.712962962962963,6.0,756,7564.9567641209105,7539.332931523486,25.62383259742417,118.20244943938923,0.005583674680718463,0.13959186701796156,8.724491688622598e-05,0.43789989704711124,64
MADDPG,0,17344,270,17337,-263.0861926885565,-4.110721760758695,0.7873754152823921,903,711,196,0,3.549929676511955,6.0,711,7076.206485712653,7053.653267264688,22.5532184479662,110.56572633926021,0.0040930566357414355,0.10232641589353589,6.395400993345993e-05,0.4366943736459792,64
MADDPG,0,17408,271,17401,-436.99454091743576,-6.828039701834934,0.8408851422550052,949,798,147,0,3.192982456140351,6.0,798,9190.817887478579,9173.5286116657,17.289275812884203,143.6065294918528,0.0061003125321909225,0.15250781330477306,9.531738331548316e-05,0.4372194379464067,64
MADDPG,0,17472,272,17465,-606.8196184897995,-9.481556538903117,0.8661588683351469,919,796,128,0,3.008793969849246,5.0,796,10337.395236430013,10323.9765735515,13.418662878506954,161.52180056921895,0.007813424915120005,0.19533562287800013,0.00012208476429875008,0.44086784305013793,64
MADDPG,0,17536,273,17529,-590.3462176241475,-9.224159650377304,0.8222453222453222,962,791,171,0,3.2414664981036663,6.0,791,9630.089038724327,9612.150502606073,17.93853611825034,150.4701412300676,0.007585787528696333,0.18964468821740832,0.00011852793013588021,0.443449816798421,64
MADDPG,0,17600,274,17593,-461.9356199051342,-7.217744061017722,0.796440489432703,899,716,183,0,3.39804469273743,6.0,716,6860.428396696348,6839.789977410344,20.638419286000463,107.19419369838043,0.006107651530618097,0.15269128826545242,9.543205516590776e-05,0.44311085532211536,64
MADDPG,0,17664,275,17657,-579.026158054922,-9.047283719608156,0.8174358974358974,975,797,169,0,3.396486825595985,6.0,797,8785.110391072327,8762.66859501588,22.441796056445952,137.2673498605051,0.0074876517278043885,0.18719129319510971,0.00011699455824694357,0.4422073855258044,64
MADDPG,0,17728,276,17721,-423.6858260911448,-6.620091032674138,0.8232044198895028,905,745,168,0,3.438926174496644,6.0,745,7058.532080563195,7038.041885912354,20.490194650838145,110.28956375879993,0.005813389664911844,0.1453347416227961,9.083421351424756e-05,0.4429974431687269,64
MADDPG,0,17792,277,17785,-556.8796989533835,-8.701245296146617,0.7691500524658972,953,733,203,0,3.7366984993178716,6.0,733,7722.329564704256,7696.708243495527,25.621321208729036,120.661399448504,0.007078551061210218,0.17696377653025544,0.00011060236033140966,0.44486036140902885,64
MADDPG,0,17856,278,17849,-499.52562613513703,-7.805087908361516,0.7761852260198456,907,704,212,0,3.9488636363636362,6.0,704,6889.809158493709,6862.732440298067,27.076718195643654,107.6532681014642,0.006421126100247602,0.16052815250619004,0.00010033009531636878,0.446077213279048,64
MADDPG,0,17920,279,17913,-520.4227962804717,-8.131606191882371,0.7712053571428571,896,691,195,0,4.001447178002894,6.0,691,6323.251655622338,6294.2236533475325,29.028002274805992,98.80080711909903,0.006618275940936834,0.16545689852342085,0.00010341056157713804,0.4458292147421618,64
MADDPG,0,17984,280,17977,-631.9239529633264,-9.873811765051975,0.7212121212121212,990,714,265,0,3.9705882352941178,6.0,714,7561.273421994391,7530.911847098803,30.361574895591854,118.14489721866236,0.007701736734927719,0.19254341837319297,0.00012033963648324561,0.44585143930421733,64
MADDPG,0,18048,281,18041,-794.3640584265517,-12.41193841291487,0.758985200845666,946,718,256,0,4.0654596100278555,6.0,718,8138.266791035093,8107.3646723819675,30.902118653127346,127.16041860992333,0.009352429036103954,0.23381072590259885,0.00014613170368912428,0.44719760062537195,64
MADDPG,0,18112,282,18105,-764.630533465596,-11.947352085399938,0.7526315789473684,950,715,226,0,3.7664335664335664,6.0,715,8232.181610119773,8204.722737452836,27.45887266693788,128.62783765812145,0.009078025466893071,0.2269506366723268,0.00014184414792020424,0.44816309694884626,64
MADDPG,0,18176,283,18169,-682.7878998692313,-10.668560935456739,0.7993492407809111,922,737,192,0,3.5006784260515604,6.0,737,7688.63973567352,7665.949467399607,22.69026827391427,120.13499586989875,0.008358417821998325,0.20896044554995813,0.00013060027846872383,0.44867239922548763,64
MADDPG,0,18240,284,18233,-732.4107245298002,-11.443917570778128,0.7863340563991323,922,725,197,0,3.663448275862069,6.0,725,7758.06623786861,7733.754120545756,24.312117322854277,121.21978496669703,0.008813844142114826,0.22034610355287065,0.00013771631472054416,0.44940679129563627,64
MADDPG,0,18304,285,18297,-600.0425916177564,-9.375665494027444,0.7950236966824644,844,671,178,0,3.5797317436661698,6.0,671,6673.311431210064,6652.010727760582,21.30070344947787,104.27049111265725,0.0073842621686063935,0.18460655421515984,0.0001153790963844749,0.45105901014658123,64
MADDPG,0,18368,286,18361,-637.7496413584412,-9.964838146225643,0.7888655462184874,952,751,186,0,3.5912117177097205,6.0,751,7485.542277293125,7462.966021251895,22.576256041231876,116.96159808270508,0.007942811797797827,0.19857029494494569,0.00012410643434059105,0.45342200569069196,64
MADDPG,0,18432,287,18425,-708.9127110041923,-11.076761109440504,0.7736842105263158,950,735,215,0,3.7333333333333334,6.0,735,7639.060179553765,7613.672910092309,25.387269461455798,119.36031530552758,0.008580719698810177,0.21451799247025444,0.00013407374529390901,0.4557191935468794,64
MADDPG,0,18496,288,18489,-930.6985371012033,-14.542164642206302,0.719017094017094,936,673,271,0,4.218424962852898,7.0,673,7761.526064464953,7731.866384653076,29.65967981187619,121.2738447572649,0.010583007157210663,0.26457517893026655,0.0001653594868314166,0.45866023450027943,64
MADDPG,0,18560,289,18553,-798.0796740690064,-12.469994907328225,0.7613038906414301,951,724,230,0,3.9599447513812156,6.850000000000023,724,7120.182683583981,7092.57217805148,27.610505532499868,111.2528544309997,0.009431374798725954,0.23578436996814886,0.00014736523123009304,0.46167763326182365,64
MADDPG,0,18624,290,18617,-871.3814413473458,-13.615335021052278,0.7780269058295964,892,694,196,0,3.7564841498559076,6.0,694,7868.932534136433,7844.817811347668,24.114722788767406,122.95207084588176,0.010131639641635201,0.25329099104088004,0.00015830686940055002,0.46357743386309536,64
MADDPG,0,18688,291,18681,-559.6027746125285,-8.743793353320758,0.7310126582278481,948,693,239,0,3.832611832611833,6.0,693,7466.257366591592,7438.55453459387,27.702831997723717,116.66027135299362,0.006962284356375107,0.17405710890937767,0.00010878569306836105,0.4655240768500736,64
MADDPG,0,18752,292,18745,-827.8915073793046,-12.935804802801634,0.7028901734104046,865,608,258,0,4.4769736842105265,7.0,608,6455.007496398278,6425.890575908102,29.11692049017321,100.85949213122309,0.00942395118363309,0.23559877959082723,0.00014724923724426702,0.4660413982630009,64
MADDPG,0,18816,293,18809,-641.9358476735529,-10.030247619899264,0.7225244831338411,919,664,258,0,4.212349397590361,7.0,664,6950.425879799171,6918.502535853633,31.92334394553827,108.60040437186204,0.007692498358462344,0.1923124589615586,0.00012019528685097412,0.4663328508378787,64
MADDPG,0,18880,294,18873,-650.7663881070822,-10.16822481417316,0.7086956521739131,920,652,255,0,4.371165644171779,7.0,652,6572.143176059273,6540.068943725651,32.074232333622604,102.68973712592614,0.007755004411800204,0.19387511029500512,0.0001211719439343782,0.46613155788880933,64
MADDPG,0,18944,295,18937,-782.3030671646236,-12.223485424447244,0.7074898785425101,988,699,299,0,4.579399141630901,7.0,699,8104.072200605307,8067.122494114045,36.94970649126185,126.62612813445793,0.009133429522854624,0.22833573807136562,0.0001427098362946035,0.4669573223878325,64
MADDPG,0,19008,296,19001,-746.9947064477444,-11.671792288246007,0.7486744432661718,943,706,253,0,4.257790368271955,6.0,706,7182.9987082925045,7151.266732666795,31.73197562570831,112.23435481707038,0.008849205265924535,0.22123013164811337,0.00013826883228007086,0.4682864136363777,64
MADDPG,0,19072,297,19065,-771.7188294823212,-12.058106710661269,0.7258403361344538,952,691,255,0,4.273516642547033,7.0,691,7515.502659178828,7484.121756337509,31.38090284131838,117.42972904966919,0.009062230995698521,0.22655577489246304,0.0001415973593077894,0.46856316306475876,64
MADDPG,0,19136,298,19129,-566.6275129615622,-8.853554890024409,0.7014115092290988,921,646,268,0,4.377708978328173,7.0,646,5951.86084767727,5921.104649120969,30.756198556300202,92.99782574495734,0.006882024542696382,0.17205061356740955,0.00010753163347963097,0.46846553013252723,64
MADDPG,0,19200,299,19193,-713.7283183933273,-11.152004974895739,0.7352320675105485,948,697,256,0,4.370157819225251,7.0,697,6670.501386753913,6638.891058690714,31.610328063199947,104.22658416802989,0.008490811931935903,0.21227029829839755,0.00013266893643649848,0.4679046307026622,64
MADDPG,0,19264,300,19257,-796.288824794677,-12.442012887416828,0.7171270718232045,905,649,254,0,4.49768875192604,7.0,649,6881.163908400627,6849.740227584679,31.423680815946067,107.5181860687598,0.009206807008424236,0.2301701752106059,0.0001438563595066287,0.46640923723110095,64
MADDPG,0,19328,301,19321,-807.6078195339346,-12.618872180217728,0.6986444212721585,959,670,287,0,4.588059701492537,7.0,670,6798.825107895444,6765.643881644648,33.181226250792186,106.2316423108663,0.009329345472131623,0.23323363680329057,0.0001457710230020566,0.4654358952646651,64
MADDPG,0,19392,302,19385,-602.6900179533775,-9.417031530521523,0.6767241379310345,928,628,305,0,4.539808917197452,6.0,628,6011.441271294676,5974.385098020094,37.05617327458276,93.92876986397931,0.00715471483809372,0.178867870952343,0.00011179241934521437,0.463716618679629,64
MADDPG,0,19456,303,19449,-700.3592493803053,-10.94311327156727,0.6987315010570825,946,661,273,0,4.475037821482602,7.0,661,6019.068180395832,5984.0111782196345,35.057002176200854,94.04794031868488,0.008250572310021735,0.20626430775054339,0.0001289151923440896,0.46224992089668515,64
MADDPG,0,19520,304,19513,-716.0758526352425,-11.188685197425665,0.7348734873487349,909,668,258,0,4.655688622754491,7.0,668,6823.982170185701,6788.8714698362755,35.110700349429095,106.62472140915158,0.00843803205104685,0.21095080127617127,0.00013184425079760704,0.4616832465114206,64
MADDPG,0,19584,305,19577,-563.6876328778689,-8.8076192637167,0.7619603267211202,857,653,202,0,4.136294027565084,6.0,653,5761.8183182517905,5734.211184773982,27.607133477809775,90.02841122268423,0.006954465460677753,0.1738616365169438,0.00010866352282308989,0.4611886093305926,64
MADDPG,0,19648,306,19641,-726.7126713174132,-11.354885489334581,0.7315296566077003,961,703,252,0,4.3456614509246085,7.0,703,6936.099921646066,6902.855482759101,33.24443888696561,108.37656127571978,0.008637224259933558,0.21593060649833895,0.00013495662906146184,0.45887923010583875,64
MADDPG,0,19712,307,19705,-588.6309662068879,-9.197358846982624,0.7470270270270271,925,691,242,0,4.308248914616498,6.0,691,6451.606355228281,6420.867334659778,30.739020568503186,100.8063493004419,0.007240455620827292,0.1810113905206823,0.00011313211907542644,0.4555341939704117,64
MADDPG,0,19776,308,19769,-715.9914304740273,-11.187366101156677,0.7003293084522503,911,638,265,0,4.382445141065831,6.0,638,7178.3108245161075,7146.477092823491,31.83373169261602,112.16110663306418,0.008365243370483036,0.2091310842620759,0.00013070692766379744,0.45125154142699464,64
MADDPG,0,19840,309,19833,-505.23365788081026,-7.89427590438766,0.7104377104377104,891,633,251,0,4.285939968404423,6.0,633,6363.943237833202,6331.368912122641,32.5743257105608,99.43661309114378,0.006255937365896793,0.15639843414741983,9.77490213421374e-05,0.44723815608336787,64
MADDPG,0,19904,310,19897,-437.05147905443243,-6.828929360225507,0.6985698569856986,909,635,272,0,4.507086614173228,7.0,635,6189.52011804305,6156.149557383064,33.37056065998517,96.71125184442266,0.005557133581078134,0.13892833952695335,8.683021220434585e-05,0.4430714082737684,64
MADDPG,0,19968,311,19961,-537.2721287264886,-8.394877011351385,0.6954148471615721,916,637,285,0,4.637362637362638,6.0,637,5093.480755092099,5060.194130448396,33.28662464369812,79.58563679831404,0.006541840988950788,0.1635460247237697,0.00010221626545235606,0.43792477935957697,64
MADDPG,0,20032,312,20025,-542.2001157113611,-8.471876807990018,0.7095477386934673,995,706,300,0,4.556657223796034,7.0,706,6235.54370384485,6200.014731729953,35.52897211489831,97.43037037257578,0.006750402798420333,0.16876006996050832,0.00010547504372531771,0.4322176437306957,64
MADDPG,0,20096,313,20089,-323.86508466050645,-5.060391947820413,0.6818675352877307,921,628,288,0,4.484076433121019,7.0,628,6662.696830618841,6629.153756670843,33.54307394799815,104.10463797841939,0.004394232900123234,0.10985582250308086,6.865988906442554e-05,0.4296974436954165,64
MADDPG,0,20160,314,20153,-338.1271263132428,-5.283236348644419,0.683920704845815,908,621,268,0,4.568438003220612,7.0,621,6544.354912864476,6512.561911454759,31.793001409717796,102.25554551350744,0.004545240231687676,0.1136310057921919,7.101937862011994e-05,0.42825370088778386,64
MADDPG,0,20224,315,20217,-261.0671647227124,-4.079174448792381,0.6937431394072447,911,632,285,0,4.620253164556962,7.0,632,7495.598709439422,7459.9431246945105,35.65558474491383,117.11872983499097,0.00377971972563778,0.0944929931409445,5.905812071309031e-05,0.4284022869206461,64
MADDPG,0,20288,316,20281,-452.31564880733873,-7.067432012614668,0.6775898520084567,946,641,288,0,4.666146645865835,7.0,641,6616.63525132701,6580.00176503475,36.63348629225915,103.38492580198454,0.005704587493379162,0.14261468733447905,8.91341795840494e-05,0.4292282018685381,64
MADDPG,0,20352,317,20345,-475.8467319674129,-7.4351051869908265,0.7211328976034859,918,662,282,0,4.901812688821752,7.0,662,6737.566731678033,6701.158797601246,36.40793407678749,105.27448018246926,0.006003211913931608,0.1500802978482902,9.380018615518137e-05,0.4282496326290688,64
MADDPG,0,20416,318,20409,-329.4150894852202,-5.147110773206566,0.6741321388577828,893,602,297,0,4.840531561461794,7.0,602,5319.201194479254,5285.180792848138,34.02040163111904,83.11251866373834,0.00437336508548566,0.1093341271371415,6.833382946071344e-05,0.4270365878439133,64
MADDPG,0,20480,319,20473,-185.55186705348203,-2.8992479227106567,0.6792452830188679,848,576,262,0,4.852430555555555,7.0,576,5985.3167247625415,5952.115967934752,33.20075682779072,93.52057382441471,0.0029180733414822585,0.07295183353705646,4.559489596066029e-05,0.4253932764810623,64
MADDPG,0,20544,320,20537,-303.83390099163745,-4.747404702994335,0.7005714285714286,875,613,274,0,4.848287112561175,7.0,613,5800.320060305132,5765.173912605614,35.14614769951962,90.63000094226769,0.004180980064780572,0.1045245016195143,6.532781351219644e-05,0.42342204116202076,64
MADDPG,0,20608,321,20601,-348.58213827443217,-5.446595910538003,0.6680988184747583,931,622,303,0,4.972668810289389,7.0,622,6934.44425742848,6895.787357477956,38.65689995052663,108.35069152232,0.004613309392160969,0.11533273480402423,7.208295925251514e-05,0.42197554117924513,64
MADDPG,0,20672,322,20665,-335.44734210344075,-5.241364720366262,0.6543075245365322,917,600,314,0,4.915,7.0,600,6110.808952734613,6072.882077010178,37.92687572443124,95.48138988647833,0.004409955926053153,0.11024889815132882,6.890556134458051e-05,0.42085852656366673,64
MADDPG,0,20736,323,20729,-468.22226366251346,-7.315972869726773,0.6698615548455804,939,629,316,0,4.987281399046105,7.0,629,7743.365647178892,7703.602874460921,39.762772717970094,120.99008823717018,0.005809382634775913,0.14523456586939784,9.077160366837365e-05,0.41911964791055645,64
MADDPG,0,20800,324,20793,-632.544858903445,-9.883513420366327,0.625,984,615,350,0,5.173983739837398,7.0,615,8445.274786615813,8403.309674404254,41.96511221155956,131.95741854087208,0.00737675659722669,0.18441891493066725,0.00011526182183166703,0.41862019786598226,64
MADDPG,0,20864,325,20857,-474.4719340980525,-7.41362397028207,0.6390465380249716,881,563,333,0,5.024866785079929,7.0,563,6019.853609584915,5984.235934926563,35.617674658351085,94.0602126497643,0.005691051755680087,0.14227629389200216,8.892268368250136e-05,0.41854714942058696,64
MADDPG,0,20928,326,20921,-560.2865924059431,-8.754478006342861,0.6563169164882227,934,613,309,0,4.969004893964111,7.0,613,7735.218924579044,7696.067721600249,39.15120297879636,120.86279569654756,0.0067003542126857964,0.1675088553171449,0.00010469303457321557,0.4188944913166896,64
MADDPG,0,20992,327,20985,-602.702691156662,-9.417229549322844,0.664009111617312,878,583,301,0,5.216123499142367,8.0,583,7806.460370288729,7768.822963945047,37.637406343684205,121.97594328576139,0.007062234381345154,0.17655585953362884,0.00011034741220851803,0.42110819219675966,64
MADDPG,0,21056,328,21049,-734.6169577240966,-11.478389964439009,0.6591676040494938,889,586,296,0,4.991467576791809,7.0,586,8235.032256265817,8197.970882579823,37.061373685996024,128.67237900415338,0.008390717132682291,0.2097679283170573,0.0001311049551981608,0.4247471166363007,64
MADDPG,0,21120,329,21113,-819.389781316753,-12.802965333074265,0.6488794023479189,937,608,342,0,5.136513157894737,8.0,608,8715.272099508778,8674.547791383413,40.7243081253611,136.17612655482466,0.009241067461318869,0.23102668653297173,0.00014439167908310733,0.42875740497225245,64
MADDPG,0,21184,330,21177,-912.0426050676939,-14.250665704182717,0.6414708886618999,979,628,335,0,4.976114649681529,7.0,628,8523.744758199327,8482.280892452143,41.463865747185274,133.1835118468645,0.010217333609539348,0.2554333402384837,0.00015964583764905231,0.4345847330607776,64
MADDPG,0,21248,331,21241,-959.2261651818934,-14.987908830967084,0.6479481641468683,926,600,326,0,5.011666666666667,7.0,600,8225.082280220662,8184.505939668811,40.57634055184874,128.51691062844785,0.010638926177308645,0.26597315443271613,0.00016623322152044758,0.4397537818856597,64
MADDPG,0,21312,332,21305,-1033.1736715538573,-16.14333861802902,0.6417748917748918,924,593,341,0,5.021922428330523,7.0,593,8738.349399095052,8697.880053802235,40.46934529281641,136.5367093608602,0.011335255117012841,0.28338137792532103,0.00017711336120332564,0.44161994643351715,64
MADDPG,0,21376,333,21369,-1079.3748947314266,-16.86523273017854,0.6540130151843818,922,603,330,0,5.021558872305141,7.0,603,8890.185774503463,8850.078146123022,40.10762838043906,138.9091527266166,0.011836714642307067,0.29591786605767667,0.00018494866628604792,0.44342872772433184,64
MADDPG,0,21440,334,21433,-709.3379561733984,-11.08340556520935,0.6576381365113759,923,607,304,0,4.978583196046128,7.0,607,7234.659337507252,7195.074486699912,39.584850807339855,113.0415521485508,0.008180772999784392,0.20451932499460979,0.00012782457812163112,0.44365681242874766,64
MADDPG,0,21504,335,21497,-772.1670238031406,-12.065109746924072,0.6109865470852018,892,545,346,0,5.115596330275229,8.0,545,8183.317186410505,8147.341070412929,35.97611599757702,127.86433103766414,0.008610963582385263,0.21527408955963157,0.00013454630597476973,0.4439221025761295,64
MADDPG,0,21568,336,21561,-753.6855624587461,-11.776336913417907,0.6494736842105263,950,617,327,0,5.074554294975689,7.0,617,8029.322881218869,7989.384037658018,39.93884356084944,125.45817001904483,0.008622386075186768,0.2155596518796692,0.00013472478242479324,0.4442271541369811,64
MADDPG,0,21632,337,21625,-818.3406999971106,-12.786573437454853,0.6746203904555315,922,622,307,0,4.755627009646302,7.0,622,8404.546887667822,8365.792872459268,38.75401520855614,131.32104511980972,0.009298130411914353,0.23245326029785884,0.00014528328768616177,0.44498412715040836,64
MADDPG,0,21696,338,21689,-542.4701451578012,-8.476096018090644,0.655282817502668,937,614,317,0,4.928338762214984,7.0,614,7410.943124690245,7373.142384149174,37.800740541068116,115.79598632328508,0.006519532536563133,0.16298831341407832,0.00010186769588379895,0.4454518537723355,64
MADDPG,0,21760,339,21753,-359.5563729096427,-5.618068326713167,0.6828729281767956,905,618,298,0,4.621359223300971,7.0,618,5667.332153880141,5630.307666254035,37.02448762610475,88.5520649043772,0.004714447517648199,0.11786118794120497,7.36632424632531e-05,0.44443785823521453,64
MADDPG,0,21824,340,21817,-577.29718845653,-9.02026856963328,0.6915477497255763,911,630,286,0,4.819047619047619,7.0,630,7155.56412613769,7117.690374922457,37.87375121523402,111.80568947090141,0.006937242560359049,0.17343106400897623,0.00010839441500561014,0.44262653586135353,64
MADDPG,0,21888,341,21881,-546.2217382786386,-8.534714660603727,0.6744704570791528,897,605,288,0,4.634710743801653,7.0,605,6849.046501749704,6812.691177615695,36.35532413401069,107.01635158983912,0.006559514339159947,0.1639878584789987,0.00010249241154937418,0.4405566200136364,64
MADDPG,0,21952,342,21945,-516.7173139073598,-8.073708029802496,0.6690796277145812,967,647,315,0,4.4451313755795985,7.0,647,7401.907261721754,7363.251597745701,38.655663976057276,115.65480096440241,0.006333372515219947,0.15833431288049868,9.895894555031167e-05,0.4396280425223277,64
MADDPG,0,22016,343,22009,-417.08993990449034,-6.5170303110076615,0.7082352941176471,850,602,252,0,4.43687707641196,7.0,602,6393.261811264944,6361.140258580291,32.12155268465587,99.89471580101475,0.00531120748122574,0.1327801870306435,8.298761689415219e-05,0.43866648064839725,64
MADDPG,0,22080,344,22073,-567.6678988989489,-8.869810920296077,0.7278761061946902,904,658,257,0,4.51063829787234,7.0,658,7901.05429404662,7868.6031060162695,32.451188030346785,123.45397334447844,0.006947064180217245,0.17367660450543113,0.00010854787781589445,0.4394629729886741,64
MADDPG,0,22144,345,22137,-495.0993551348251,-7.735927423981642,0.6975982532751092,916,639,264,0,4.226917057902973,7.0,639,7211.147123161932,7179.396654030033,31.75046913189884,112.67417379940518,0.006164622933568849,0.1541155733392212,9.632223333701326e-05,0.4405124104902527,64
MADDPG,0,22208,346,22201,-588.1097135894584,-9.189214274835287,0.6597014925373135,1005,663,324,0,4.631975867269985,8.0,663,7731.109557824849,7693.95575439327,37.15380343157939,120.79858684101326,0.0070808333592385884,0.17702083398096471,0.00011063802123810294,0.4414286559528952,64
MADDPG,0,22272,347,22265,-633.2087108436597,-9.893886106932182,0.7257709251101322,908,659,276,0,4.48103186646434,7.0,659,8353.53459439404,8321.635776757357,31.8988176366837,130.52397803740686,0.007577414292452299,0.18943535731130748,0.00011839709831956717,0.4424277586586379,64
MADDPG,0,22336,348,22329,-497.6239637053951,-7.775374432896799,0.6870056497175141,885,608,267,0,4.282894736842105,7.0,608,6683.264533425468,6652.392065082385,30.872468343079895,104.42600833477293,0.006111960379059031,0.1527990094764758,9.549938092279736e-05,0.4419574422124022,64
MADDPG,0,22400,349,22393,-663.0791973584959,-10.360612458726498,0.7087179487179487,975,691,284,0,4.215629522431259,7.0,691,8550.605789755891,8518.950930906525,31.65485884936775,133.6032154649358,0.007945879159020276,0.1986469789755069,0.0001241543618596918,0.4419794046069738,64
MADDPG,0,22464,350,22457,-717.4755650233913,-11.210555703490488,0.7132579650565262,973,694,282,0,4.380403458213256,8.0,694,8877.497578617727,8845.874150639682,31.62342797804589,138.710899665902,0.008505363500476064,0.21263408751190158,0.0001328963046949385,0.4440764038179418,64
MADDPG,0,22528,351,22521,-547.0539944165915,-8.547718662759243,0.7279821627647715,897,653,238,0,4.151607963246555,7.0,653,6520.4224613535525,6492.545763295199,27.876698058353217,101.88160095864926,0.006745577291749331,0.1686394322937333,0.0001053996451835833,0.44516308362136076,64
MADDPG,0,22592,352,22585,-654.7704819821361,-10.230788780970876,0.7317073170731707,943,690,264,0,4.246376811594203,7.0,690,8338.484477023243,8308.514469329994,29.97000769324822,130.28881995348817,0.00788048450318676,0.197012112579669,0.00012313257036229312,0.4466854100989758,64
MADDPG,0,22656,353,22649,-780.5558252714133,-12.196184769865832,0.733934611048478,887,651,229,0,4.0153609831029184,7.0,651,8211.124964867035,8186.124254156831,25.00071071020385,128.29882757604742,0.009089226157431513,0.2272306539357878,0.0001420191587098674,0.44918982526376666,64
MADDPG,0,22720,354,22713,-786.0433826611452,-12.281927854080394,0.721936148300721,971,701,280,0,4.002853067047075,7.0,701,8049.347550870948,8021.437090847621,27.910460023325285,125.77105548235856,0.009201394321173229,0.2300348580293307,0.0001437717862683317,0.4520577542711761,64
MADDPG,0,22784,355,22777,-824.3642590603055,-12.880691547817273,0.7587768969422424,883,670,222,0,3.7701492537313435,6.0,670,8364.440967975857,8341.77943046966,22.66153750620016,130.69439012462277,0.009579950943619181,0.23949877359047952,0.0001496867334940497,0.45433596205246046,64
MADDPG,0,22848,356,22841,-913.578743507223,-14.274667867300359,0.7311475409836066,915,669,229,0,3.695067264573991,7.0,669,8646.235133767741,8623.837895365226,22.397238402516955,135.09742396512095,0.010456773626026254,0.26141934065065636,0.00016338708790666022,0.45656501442795794,64
MADDPG,0,22912,357,22905,-892.9335372250242,-13.952086519141004,0.7426470588235294,952,707,245,0,3.7666195190947667,7.0,707,8381.453662279311,8358.489269167958,22.96439311135469,130.96021347311424,0.010325135175374959,0.25812837938437394,0.00016133023711523373,0.4585588665290897,64
MADDPG,0,22976,358,22969,-780.2434047981244,-12.191303199970694,0.7272727272727273,913,664,251,0,3.9578313253012047,7.0,664,7353.039117288683,7326.866573305533,26.17254398314863,114.89123620763567,0.009081945880624748,0.2270486470156187,0.00014190540438476168,0.4605569979547648,64
MADDPG,0,23040,359,23033,-785.0552341172324,-12.266488033081757,0.7483801295896328,926,693,233,0,4.240981240981241,7.0,693,7559.506175443561,7530.158241874618,29.347933568944455,118.11728399130564,0.009225566866074054,0.23063917165185135,0.0001441494822824071,0.46326207756252846,64
MADDPG,0,23104,360,23097,-700.6179778141943,-10.947155903346786,0.7346723044397463,946,695,258,0,4.338129496402877,7.0,695,7688.7619883509915,7657.03435755994,31.727630791048455,120.13690606798424,0.008352928839104736,0.2088232209776184,0.0001305145131110115,0.46638654626011256,64
MADDPG,0,23168,361,23161,-616.3135117040287,-9.629898620375448,0.6412698412698413,945,606,323,0,4.726072607260726,7.0,606,6528.76002697888,6491.240479325902,37.519547652975916,102.011875421545,0.007225700947558691,0.18064252368896727,0.00011290157730560455,0.46957423587256886,64
MADDPG,0,23232,362,23225,-530.0416813285635,-8.281901270758805,0.6793066088840737,923,627,301,0,4.652312599681021,7.0,627,6860.022947195341,6824.736286704796,35.286660490543746,107.1878585499272,0.006431889386429847,0.16079723466074616,0.00010049827166296636,0.47336899853789577,64
MADDPG,0,23296,363,23289,-538.8244369454787,-8.419131827273105,0.6916578669482577,947,655,293,0,4.888549618320611,7.0,655,7486.167825624941,7447.715952956224,38.45187266871602,116.9713722753897,0.006600862567883355,0.16502156419708386,0.00010313847762317742,0.47666372200290036,64
MADDPG,0,23360,364,23353,-342.4064795931506,-5.350101243642978,0.6684607104413348,929,621,298,0,4.790660225442834,7.0,621,5970.653011321234,5932.302764438527,38.35024688270663,93.29145330189428,0.004543396989452975,0.11358492473632438,7.099057796020274e-05,0.47855459133946154,64
MADDPG,0,23424,365,23417,-432.5866001463004,-6.7591656272859435,0.6728971962616822,963,648,320,0,5.132716049382716,7.0,648,7517.163707138003,7477.134367025135,40.02934011286797,117.4556829240313,0.005493594527951721,0.13733986319879302,8.583741449924563e-05,0.48058400393559364,64
MADDPG,0,23488,366,23481,-533.9855085284834,-8.343523570757553,0.6438809261300992,907,584,331,0,5.053082191780822,7.0,584,8192.381146455522,8153.446869495517,38.93427696000584,128.00595541336753,0.006343615332117638,0.15859038330294095,9.911898956433809e-05,0.48441487093049523,64
MADDPG,0,23552,367,23545,-499.28963736355706,-7.801400583805579,0.6236559139784946,930,580,345,0,4.972413793103448,7.0,580,7045.710570257719,7005.757630453858,39.95293980386297,110.08922766027686,0.00596299483489711,0.14907487087242774,9.317179429526734e-05,0.4870901592504501,64
MADDPG,0,23616,368,23609,-785.2137930528377,-12.268965516450589,0.66,950,627,325,0,4.9585326953748,7.0,627,9289.235007750682,9247.499099314544,41.73590843613785,145.1442969961044,0.008958708934052713,0.22396772335131782,0.00013997982709457364,0.49065247269920426,64
MADDPG,0,23680,369,23673,-667.7539418643348,-10.433655341630232,0.637911464245176,881,562,327,0,5.074733096085409,7.0,562,7823.68859868578,7784.666653778312,39.021944907469965,122.2451343544653,0.007627186980115328,0.1906796745028832,0.000119174796564302,0.493151562762113,64
MADDPG,0,23744,370,23737,-668.6480132918591,-10.447625207685299,0.6002098635886673,953,572,352,0,5.101398601398602,7.0,572,7613.7093961423025,7571.3409663756875,42.36842976661751,118.96420931472348,0.007625091222051464,0.19062728055128658,0.00011914205034455412,0.49368631337300706,64
MADDPG,0,23808,371,23801,-774.9077794355427,-12.107934053680355,0.669683257918552,884,592,313,0,4.956081081081081,7.0,592,8317.977133190034,8278.335015746954,39.64211744307652,129.96839270609428,0.008785173764797644,0.2196293441199411,0.00013726834007496319,0.4932434968534175,64
MADDPG,0,23872,372,23865,-757.3393358935314,-11.833427123336428,0.6614420062695925,957,633,316,0,4.900473933649289,7.0,633,7950.935987220086,7909.313205092661,41.62278212742497,124.23337480031384,0.008703064661213466,0.21757661653033664,0.0001359853853314604,0.4916629288238813,64
MADDPG,0,23936,373,23929,-624.0993134459834,-9.75155177259349,0.6395348837209303,946,605,343,0,5.016528925619835,7.0,605,6849.972601299408,6808.680128854353,41.29247244505628,107.03082189530325,0.007280013483183335,0.18200033707958335,0.0001137502106747396,0.4906325806977927,64
MADDPG,0,24000,374,23993,-679.1574954937747,-10.61183586709023,0.661987041036717,926,613,319,0,4.99184339314845,7.0,613,7828.747219954954,7788.8577059810905,39.88951397386181,122.32417531179615,0.007869930500813712,0.1967482625203428,0.00012296766407521426,0.4899197633200447,64
MADDPG,0,24064,375,24057,-591.1901622998088,-9.237346285934512,0.6522210184182016,923,602,307,0,4.921926910299003,7.0,602,6949.276767859613,6909.774652878418,39.50211498119289,108.58244949780645,0.006977181845467477,0.17442954613668693,0.00010901846633542933,0.4886777138402302,64
MADDPG,0,24128,376,24121,-545.5124922572113,-8.523632691518927,0.6740331491712708,905,610,318,0,4.916393442622951,7.0,610,6279.926328621865,6242.768615535062,37.157713086802055,98.12384888471664,0.0065266912579717866,0.16316728144929465,0.00010197955090580916,0.4869988937997514,64
MADDPG,0,24192,377,24185,-666.0896001247197,-10.407650001948745,0.6736401673640168,956,644,295,0,4.877329192546584,7.0,644,7563.788153538832,7522.021095293639,41.76705824519197,118.18418989904426,0.007846234364818966,0.19615585912047415,0.00012259741195029634,0.4848972950319457,64
MADDPG,0,24256,378,24249,-452.2863124335166,-7.066973631773697,0.6393088552915767,926,592,332,0,4.983108108108108,7.0,592,5810.127337250094,5770.972995381924,39.154341868169354,90.78323964453271,0.005536088927334336,0.1384022231833584,8.6501389489599e-05,0.48260921300116977,64
MADDPG,0,24320,379,24313,-550.0100829393982,-8.593907545928097,0.6499454743729552,917,596,319,0,4.798657718120805,7.0,596,6386.930399548992,6348.874879679386,38.05551986960632,99.795787492953,0.006535098766362609,0.16337746915906523,0.00010211091822441577,0.47858323056464036,64
MADDPG,0,24384,380,24377,-577.5262341917563,-9.023847409246192,0.6629955947136564,908,602,321,0,4.941860465116279,7.0,602,6879.242868542,6841.226865977676,38.016002564321894,107.48816982096875,0.006822634879547835,0.17056587198869588,0.00010660366999293492,0.47513218089707226,64
MADDPG,0,24448,381,24441,-496.58640237235466,-7.7591625370680415,0.6852046169989506,953,653,302,0,4.837672281776417,7.0,653,6610.182051574758,6571.677951736959,38.50409983779755,103.28409455585559,0.006165131120009306,0.15412827800023265,9.633017375014541e-05,0.47194571756201087,64
MADDPG,0,24512,382,24505,-503.47721198285694,-7.86683143723214,0.6352272727272728,880,559,314,0,4.926654740608229,7.0,559,5988.081678493713,5952.284263475764,35.79741501795113,93.56377622646427,0.005992359612283667,0.1498089903070917,9.36306189419323e-05,0.4682975352471793,64
MADDPG,0,24576,383,24569,-391.0926795400052,-6.110823117812581,0.6662983425414365,905,603,303,0,4.960199004975125,7.0,603,6312.265082862704,6275.333782478235,36.93130038446949,98.62914191972975,0.00498341395698604,0.124585348924651,7.786584307790687e-05,0.46517376258430376,64
MADDPG,0,24640,384,24633,-465.32718474612733,-7.2707372616582395,0.6697722567287785,966,647,327,0,4.927357032457496,7.0,647,7119.386445204948,7081.288068359229,38.09837684571919,111.24041320632732,0.005805614673915453,0.1451403668478863,9.071272927992895e-05,0.4628869009475659,64
MADDPG,0,24704,385,24697,-308.9758305314766,-4.827747352054322,0.6350446428571429,896,569,310,0,4.917398945518453,7.0,569,6855.017621989137,6818.198357235165,36.819264753972035,107.10965034358027,0.0040835250057397856,0.10208812514349463,6.380507821468415e-05,0.46153465960881573,64
MADDPG,0,24768,386,24761,-333.282733097586,-5.207542704649781,0.663820704375667,937,622,310,0,4.985530546623794,7.0,622,6765.523240038177,6725.614297827893,39.908942210281964,105.71130062559652,0.004444333388260176,0.11110833470650439,6.944270919156525e-05,0.4604936080496771,64
MADDPG,0,24832,387,24825,-391.96109627692164,-6.124392129326901,0.6880093131548312,859,591,301,0,4.9847715736040605,7.0,591,6737.492313208136,6700.415671590592,37.07664161754398,105.27331739387712,0.00497275889577933,0.12431897239448325,7.769935774655203e-05,0.4591624532537746,64
MADDPG,0,24896,388,24889,-458.7432641876757,-7.167863502932433,0.6459016393442623,915,591,292,0,4.983079526226734,7.0,591,6984.948590732487,6946.716975035995,38.23161569648802,109.13982173019511,0.005649690586470487,0.14124226466176218,8.827641541360137e-05,0.4575694593089191,64
MADDPG,0,24960,389,24953,-738.7300351404879,-11.542656799070123,0.6656151419558359,951,633,333,0,5.061611374407583,7.0,633,9218.52442193385,9179.880534877186,38.64388705666431,144.0394440927164,0.008505520752312834,0.21263801880782085,0.00013289876175488804,0.45776272479733165,64
MADDPG,0,25024,390,25017,-653.1972381728438,-10.206206846450684,0.6799163179916318,956,650,306,0,5.135384615384615,7.0,650,8026.19389423115,7986.409565794918,39.78432843623227,125.40927959736172,0.007722854800692188,0.1930713700173047,0.00012066960626081544,0.4579600194731468,64
MADDPG,0,25088,391,25081,-573.5260358020887,-8.961344309407636,0.6822633297062024,919,627,307,0,4.968102073365231,7.0,627,7450.173427616022,7413.241364941993,36.93206267402906,116.40895980650035,0.006864907503021431,0.17162268757553578,0.00010726417973470986,0.4580187755434926,64
MADDPG,0,25152,392,25145,-555.1781848359449,-8.674659138061639,0.6719409282700421,948,637,293,0,4.941915227629513,7.0,637,7630.625128689257,7591.430814293333,39.19431439592283,119.22851763576963,0.006719369590745584,0.1679842397686396,0.00010499014985539975,0.4572057537186873,64
MADDPG,0,25216,393,25209,-587.9400929582682,-9.186563952472941,0.673728813559322,944,636,310,0,5.015723270440252,7.0,636,7544.221532883726,7503.946087528847,40.275445354879956,117.87846145130821,0.007028477636550959,0.17571194091377396,0.00010981996307110873,0.45754492098634925,64
MADDPG,0,25280,394,25273,-718.3303706445578,-11.223912041321215,0.639,1000,639,349,0,5.025039123630673,7.0,639,8147.124043625834,8103.05006225229,44.073981373545124,127.29881318165366,0.00829577008546038,0.20739425213650947,0.00012962140758531843,0.45780632600511323,64
MADDPG,0,25344,395,25337,-698.1427503227235,-10.908480473792554,0.6776519052523172,971,658,316,0,4.9832826747720365,7.0,658,8281.346015578067,8240.891801307203,40.45421427086623,129.3960314934073,0.00817376160433348,0.204344040108337,0.00012771502506771064,0.4583561121620573,64
MADDPG,0,25408,396,25401,-676.0278215531539,-10.56293471176803,0.6663376110562685,1013,675,347,0,5.001481481481481,7.0,675,8330.657981124868,8287.073201734469,43.584779390400314,130.16653095507607,0.00795707052009499,0.19892676300237475,0.00012432922687648422,0.45846339920791584,64
MADDPG,0,25472,397,25465,-584.4290558252217,-9.131703997269089,0.6695464362850972,926,620,300,0,5.014516129032258,7.0,620,6799.819778941514,6760.748981443071,39.07079749844445,106.24718404596116,0.00696264217085172,0.17406605427129299,0.00010879128391955812,0.45786698925957675,64
MADDPG,0,25536,398,25529,-554.0977106785433,-8.65777672935224,0.6759358288770053,935,632,299,0,5.045886075949367,7.0,632,6646.210966493645,6606.578299840543,39.63266665310007,103.8470463514632,0.006693351832060751,0.16733379580151878,0.00010458362237594924,0.4563087512604621,64
MADDPG,0,25600,399,25593,-558.7158985034107,-8.729935914115792,0.6786885245901639,915,621,304,0,4.8647342995169085,7.0,621,6311.084783602614,6271.934352661395,39.15043094121561,98.61069974379085,0.0067022147223921675,0.1675553680598042,0.00010472210503737762,0.4554905484477524,64
MADDPG,0,25664,400,25657,-694.11857600805,-10.845602750125781,0.6618625277161863,902,597,318,0,4.986599664991624,7.0,597,7103.329306562685,7064.681235500041,38.64807106264512,110.98952041504195,0.007983154218715349,0.19957885546788373,0.00012473678466742733,0.4541905682214372,64
MADDPG,0,25728,401,25721,-738.5180349979897,-11.53934429684359,0.6438356164383562,949,611,321,0,5.075286415711948,7.0,611,7307.822120996413,7267.241012450914,40.58110854550144,114.18472064056895,0.00846140689081585,0.21153517227039623,0.00013220948266899765,0.4520829957271526,64
MADDPG,0,25792,402,25785,-748.4937932713852,-11.695215519865394,0.6577319587628866,970,638,334,0,4.9890282131661445,7.0,638,7761.301585527339,7721.115257764988,40.18632776234841,121.27033727386467,0.008608991297715732,0.2152247824428933,0.00013451548902680831,0.4508542172812139,64
MADDPG,0,25856,403,25849,-777.5942333519948,-12.14990989612492,0.6868798235942668,907,623,286,0,4.932584269662922,7.0,623,7388.085123135017,7349.743105798422,38.34201733659334,115.43883004898464,0.008915732674264326,0.22289331685660815,0.0001393083230353801,0.4493698742121482,64
MADDPG,0,25920,404,25913,-647.1869209796091,-10.112295640306392,0.6948968512486428,921,640,288,0,4.928125,7.0,640,7455.174347898179,7414.728953858729,40.445394039450505,116.48709918590905,0.007653102828882243,0.19132757072205608,0.00011957973170128505,0.448100726661229,64
MADDPG,0,25984,405,25977,-715.7205013617236,-11.18313283377693,0.6696165191740413,1017,681,318,0,5.027900146842878,7.0,681,8091.898298103923,8048.580324936658,43.31797316726185,126.43591090787379,0.008403173726127262,0.21007934315318155,0.00013129958947073847,0.447271575463408,64
MADDPG,0,26048,406,26041,-735.3298751031178,-11.489529298486216,0.6404494382022472,890,570,337,0,5.152631578947369,7.0,570,6057.257110953314,6020.561901439729,36.695209513582334,94.64464235864553,0.008307582637425417,0.20768956593563542,0.00012980597870977214,0.4451961627707173,64
MADDPG,0,26112,407,26105,-923.3507900103968,-14.42735609391245,0.6266094420600858,932,584,322,0,4.972602739726027,7.0,584,7628.458992497438,7590.01001686896,38.44897562847482,119.19467175777247,0.010235626535579172,0.2558906633894793,0.00015993166461842457,0.44211434279256573,64
MADDPG,0,26176,408,26169,-876.6054926751824,-13.696960823049725,0.6699029126213593,927,621,327,0,5.066022544283414,7.0,621,7369.242110490272,7330.624859574201,38.617250916071534,115.1444079764105,0.009858647413118449,0.24646618532796122,0.00015404136582997577,0.4393073521212332,64
MADDPG,0,26240,409,26233,-754.3559019681189,-11.786810968251858,0.6722408026755853,897,603,284,0,4.935323383084577,7.0,603,6781.801883808822,6745.200261751371,36.60162205745111,105.96565443451284,0.008637370115032761,0.21593425287581902,0.0001349589080473869,0.4368255858733594,64
MADDPG,0,26304,410,26297,-645.8381810567864,-10.091221579012288,0.6905286343612335,908,627,298,0,5.035087719298246,7.0,627,6990.642663957726,6951.835832645799,38.80683131192736,109.22879162433946,0.007597203620628179,0.18993009051570447,0.0001187063065723153,0.4351812261072375,64
MADDPG,0,26368,411,26361,-437.7077557154944,-6.8391836830546,0.6414253897550112,898,576,304,0,4.722222222222222,7.0,576,6445.678445088762,6406.502504489708,39.17594059905533,100.7137257045119,0.00538407265233334,0.1346018163083335,8.412613519270844e-05,0.434388418247764,64
MADDPG,0,26432,412,26425,-433.905109292585,-6.779767332696641,0.7195652173913043,920,662,270,0,4.803625377643504,7.0,662,6504.331835722163,6463.806582126202,40.52525359596546,101.6301849331588,0.005596140827708346,0.13990352069270864,8.74397004329429e-05,0.4329516901874439,64
MADDPG,0,26496,413,26489,-397.27082473375094,-6.2073566364648585,0.6817155756207675,886,604,285,0,4.824503311258278,7.0,604,6499.669553208163,6460.439713434167,39.22983977399409,101.55733676887755,0.005074196683622599,0.12685491709056498,7.928432318160311e-05,0.43323180454345833,64
MADDPG,0,26560,414,26553,-411.0990421368721,-6.423422533388626,0.671147880041365,967,649,298,0,4.852080123266564,7.0,649,7684.680590346609,7640.750819192779,43.929771153827275,120.07313422416577,0.005308671312564131,0.13271678281410326,8.294798925881454e-05,0.43581696993239355,64
MADDPG,0,26624,415,26617,-450.6773236374589,-7.041833181835296,0.6853220696937699,947,649,309,0,4.909090909090909,7.0,649,7141.4451654002105,7099.0421193596885,42.40304604052274,111.58508070937829,0.005687966799118279,0.14219916997795698,8.887448123622312e-05,0.43850544681070813,64
MADDPG,0,26688,416,26681,-373.01489515116333,-5.828357736736927,0.6490683229813664,966,627,323,0,4.880382775119617,7.0,627,6464.5185436558495,6421.04777772455,43.47076593130305,101.00810224462265,0.004838913724452894,0.12097284311132234,7.560802694457646e-05,0.44069253633226046,64
MADDPG,0,26752,417,26745,-457.4125504587843,-7.147071100918505,0.6845425867507886,951,651,326,0,4.831029185867895,7.0,651,7649.083390059121,7605.603016212026,43.48037384709475,119.51692796967376,0.005734124936277114,0.14335312340692785,8.959570212932991e-05,0.44193493540153794,64
MADDPG,0,26816,418,26809,-412.9124537093019,-6.451757089207842,0.7040572792362768,838,590,245,0,4.835593220338983,7.0,590,6784.799855181784,6746.335998479453,38.4638567023336,106.01249773721537,0.005246062721361212,0.1311515680340303,8.196973002126894e-05,0.4431018517374705,64
MADDPG,0,26880,419,26873,-529.8474149766348,-8.278865859009919,0.6826086956521739,920,628,274,0,4.942675159235669,7.0,628,7132.095060804267,7088.778621673625,43.31643913064341,111.43898532506667,0.006469528003315595,0.16173820008288986,0.00010108637505180617,0.44384248451403996,64
MADDPG,0,26944,420,26937,-479.1311633687993,-7.486424427637489,0.6962719298245614,912,635,293,0,4.8771653543307085,7.0,635,6348.4055955808535,6307.032881679246,41.372713901606055,99.19383743095084,0.005954562502099323,0.14886406255248308,9.304003909530192e-05,0.44384153671427706,64
MADDPG,0,27008,421,27001,-485.6485839019854,-7.5882591234685215,0.6830065359477124,918,627,298,0,4.810207336523126,7.0,627,6495.531344649437,6456.172481850921,39.3588627985172,101.49267726014746,0.006001447018850616,0.1500361754712654,9.377260966954088e-05,0.44529625540825946,64
MADDPG,0,27072,422,27065,-520.123018673159,-8.126922166768109,0.6534148827726809,981,641,331,0,4.78003120124805,7.0,641,6511.44823005249,6469.09709306707,42.35113698541684,101.74137859457015,0.006331532546671333,0.15828831366678334,9.893019604173958e-05,0.44711005550833205,64
MADDPG,0,27136,423,27129,-483.5115125738645,-7.5548673839666325,0.6986899563318777,916,640,272,0,4.66875,7.0,640,6881.548148972469,6843.015658708771,38.53249026369683,107.52418982769483,0.006035155229132645,0.15087888072831612,9.429930045519757e-05,0.4481437020873942,64
MADDPG,0,27200,424,27193,-570.4689884390223,-8.913577944359723,0.6987179487179487,936,654,284,0,4.770642201834862,7.0,654,7361.506436661002,7321.474021785657,40.03241487534679,115.02353807282816,0.006923492073995305,0.17308730184988264,0.00010817956365617665,0.4495276168027811,64
MADDPG,0,27264,425,27257,-583.834040348579,-9.122406880446547,0.7295336787564767,965,704,262,0,4.0866477272727275,7.0,704,7738.4436676246105,7705.633743974938,32.80992364967183,120.91318230663454,0.007206979402276807,0.18017448505692019,0.00011260905316057511,0.4516275219425395,64
MADDPG,0,27328,426,27321,-551.7414687702972,-8.620960449535893,0.7082452431289641,946,670,280,0,4.1895522388059705,7.0,670,7022.012102208937,6989.286600681536,32.72550152740151,109.71893909701464,0.006779197935064715,0.16947994837661787,0.00010592496773538617,0.4532978986460901,64
MADDPG,0,27392,427,27385,-487.9812643712813,-7.624707255801271,0.7620689655172413,870,663,225,0,4.161387631975868,7.0,663,6816.085762906372,6786.974435170351,29.111327736019042,106.50134004541206,0.006189687684995877,0.15474219212489693,9.671387007806058e-05,0.45450625027425784,64
MADDPG,0,27456,428,27449,-466.7244800271627,-7.292570000424417,0.7849829351535836,879,690,180,0,3.7217391304347824,6.0,690,6866.695766414628,6843.212557794909,23.483208619718418,107.29212135022857,0.006099865330809048,0.1524966332702262,9.531039579389138e-05,0.45566232910453486,64
MADDPG,0,27520,429,27513,-453.4604696212135,-7.085319837831461,0.7889344262295082,976,770,195,0,3.307792207792208,6.0,770,8289.645587860416,8269.031228204938,20.614359655477234,129.525712310319,0.006138572224993674,0.15346430562484184,9.591519101552616e-05,0.45737818448896905,64
MADDPG,0,27584,430,27577,-337.1461763329174,-5.267909005201834,0.8235294117647058,901,742,170,0,3.4703504043126685,6.0,742,6800.85487702576,6779.544794671523,21.310082354239913,106.2633574535275,0.0049381917801494014,0.12345479450373503,7.71592465648344e-05,0.4594925906813553,64
MADDPG,0,27648,431,27641,-350.64247515436955,-5.478788674287024,0.8239583333333333,960,791,155,0,3.43109987357775,6.0,791,7374.462209369112,7353.936174988083,20.526034381029334,115.22597202139238,0.0052103443893215485,0.1302586097330387,8.14116310831492e-05,0.46199944914086316,64
MADDPG,0,27712,432,27705,-473.34026965256203,-7.395941713321282,0.7508090614886731,927,696,237,0,3.7313218390804597,6.0,696,7457.906369687418,7431.802447486979,26.103922200440245,116.52978702636591,0.00611442858250846,0.1528607145627115,9.553794660169468e-05,0.4641606805867618,64
MADDPG,0,27776,433,27769,-484.08426116438227,-7.563816580693473,0.7427616926503341,898,667,228,0,4.074962518740629,6.0,667,7819.459309449524,7789.833496528098,29.62581292142693,122.17905171014881,0.0061611299360506125,0.1540282484012653,9.626765525079082e-05,0.4670183526120536,64
MADDPG,0,27840,434,27833,-504.4260644113318,-7.88165725642706,0.7505446623093682,918,689,233,0,4.11611030478955,7.0,689,7853.379474149382,7823.695887201438,29.683586947945486,122.7090542835841,0.006412963428922413,0.16032408572306034,0.0001002025535769127,0.4694761732987431,64
MADDPG,0,27904,435,27897,-581.57701857847,-9.087140915288593,0.78,900,702,206,0,3.8447293447293447,7.0,702,8635.14776114222,8611.76652311755,23.381238024672886,134.92418376784718,0.007244786364109235,0.1811196591027309,0.0001131997869392068,0.4713005031992512,64
MADDPG,0,27968,436,27961,-536.2607175933216,-8.37907371239565,0.7457627118644068,944,704,228,0,3.8167613636363638,6.0,704,8323.563746354002,8297.40455655848,26.159189795526537,130.0556835367813,0.006772074120262063,0.16930185300655157,0.00010581365812909473,0.4731772948315397,64
MADDPG,0,28032,437,28025,-575.0762138279625,-8.985565841061915,0.8207440811724915,887,728,166,0,3.7005494505494507,6.0,728,8208.377321853968,8187.300688585903,21.07663326806888,128.25589565396825,0.007289982103194116,0.1822495525798529,0.00011390597036240806,0.4744013264746684,64
MADDPG,0,28096,438,28089,-499.48617443815203,-7.8044714755961255,0.7464635473340587,919,686,232,0,3.861516034985423,6.0,686,6656.0811542593865,6627.596276334272,28.484877925114745,104.00126803530291,0.0063534111633441704,0.15883527908360426,9.927204942725266e-05,0.47519984409801347,64
MADDPG,0,28160,439,28153,-628.4459040099385,-9.81946725015529,0.7436440677966102,944,702,229,0,4.183760683760684,7.0,702,8193.648393278743,8164.2409719555435,29.407421323199827,128.02575614498036,0.007691575504766821,0.19228938761917053,0.00012018086726198158,0.4756177235345531,64
MADDPG,0,28224,440,28217,-602.9678172964907,-9.421372145257667,0.7187827911857293,953,685,273,0,4.035036496350365,6.7999999999999545,685,7392.913966152599,7362.382085520886,30.53188063171295,115.51428072113436,0.007336778444450218,0.18341946111125546,0.00011463716319453466,0.47533236292007125,64
MADDPG,0,28288,441,28281,-683.13883384197,-10.674044278780782,0.8086486486486486,925,748,203,0,3.7553475935828877,6.0,748,8313.42526768751,8289.843318297717,23.581949389789177,129.89726980761733,0.00837515441855777,0.20937886046394424,0.00013086178778996514,0.47648532928279674,64
MADDPG,0,28352,442,28345,-512.3149475391809,-8.004921055299702,0.7465909090909091,880,657,211,0,3.8812785388127855,6.0,657,6398.341546696333,6372.432315398666,25.90923129767193,99.97408666713021,0.006435569491563321,0.16088923728908303,0.00010055577330567689,0.4761493677533976,64
MADDPG,0,28416,443,28409,-576.0414229648734,-9.000647233826147,0.7643378519290928,959,733,220,0,4.124147339699864,7.0,733,7275.354430841563,7246.326341768526,29.028089073038778,113.67741298189942,0.007242689742264686,0.18106724355661716,0.00011316702722288573,0.47553022501858533,64
MADDPG,0,28480,444,28473,-689.6898945978031,-10.776404603090674,0.8043230944254836,879,707,179,0,3.826025459688826,6.0,707,7605.967924612523,7580.391818263566,25.576106348955967,118.84324882207068,0.008364435408993879,0.20911088522484697,0.00013069430326552935,0.4756828909509917,64
MADDPG,0,28544,445,28537,-846.8288942463823,-13.231701472599724,0.7865528281750267,937,737,202,0,3.75033921302578,6.0,737,9117.564296347107,9094.434824644934,23.12947170217106,142.46194213042355,0.009978792459799863,0.24946981149499659,0.00015591863218437286,0.4746097271433116,64
MADDPG,0,28608,446,28601,-771.9817561848283,-12.062214940387943,0.7993456924754635,917,733,177,0,3.3942701227830834,6.0,733,8180.209889807504,8161.010358982898,19.199530824603908,127.81577952824225,0.009253232147228079,0.23133080368070197,0.00014458175230043873,0.4736364107726731,64
MADDPG,0,28672,447,28665,-685.6450021274787,-10.713203158241855,0.8617511520737328,868,748,133,0,3.2580213903743314,6.0,748,7374.182669548087,7357.465907677296,16.71676187078875,115.22160421168886,0.008480479197608306,0.21201197994020765,0.00013250748746262977,0.47249921514781024,64
MADDPG,0,28736,448,28729,-657.810054064029,-10.278282094750454,0.8179871520342612,934,764,157,0,3.337696335078534,6.0,764,8169.228632044571,8148.6507897179,20.57784232666974,127.64419737569642,0.008210054365053808,0.2052513591263452,0.00012828209945396575,0.47129176271985895,64
MADDPG,0,28800,449,28793,-497.7974882791795,-7.77808575436218,0.7590618336886994,938,712,206,0,3.8146067415730336,6.0,712,7392.70020926107,7367.224669285053,25.47553997602024,115.51094076970422,0.006430316611161356,0.1607579152790339,0.00010047369704939619,0.47134779290173034,64
MADDPG,0,28864,450,28857,-775.0463555332447,-12.110099305206948,0.7305699481865285,965,705,279,0,4.547517730496454,7.0,705,10116.33922018296,10084.411756349014,31.92746383394204,158.06780031535874,0.009101386228264464,0.2275346557066116,0.00014220915981663225,0.4733714882009824,64
MADDPG,0,28928,451,28921,-647.4751046713153,-10.116798510489302,0.7527716186252772,902,679,220,0,4.27540500736377,7.0,679,8479.716503390138,8450.98573756608,28.730765824057467,132.4955703654709,0.007831276929700103,0.19578192324250257,0.0001223637020265641,0.476831917243672,64
MADDPG,0,28992,452,28985,-703.1921221763363,-10.987376909005254,0.6941649899396378,994,690,304,0,4.420289855072464,7.0,690,8425.075132254497,8393.048023990003,32.0271082644962,131.6417989414765,0.008315437831751642,0.20788594579379105,0.0001299287161211194,0.47929591832173885,64
MADDPG,0,29056,453,29049,-776.6455715466996,-12.13508705541718,0.705242334322453,1011,713,299,0,4.6016830294530155,7.0,713,8874.191297900723,8839.11359244302,35.077705457709094,138.6592390296988,0.009108586169620769,0.22771465424051923,0.00014232165890032451,0.48171741566680426,64
MADDPG,0,29120,454,29113,-587.7410181196525,-9.18345340811957,0.7142857142857143,987,705,273,0,4.377304964539007,7.0,705,7646.930491876997,7614.282714001131,32.647777875861436,119.48328893557807,0.007235223669681985,0.18088059174204962,0.00011305036983878102,0.4817785526911128,64
MADDPG,0,29184,455,29177,-840.6809603451188,-13.135640005392482,0.7655601659751037,964,738,239,0,4.1287262872628725,7.0,738,8468.82690226359,8440.950600501106,27.87630176248154,132.3254203478686,0.00988235801085794,0.2470589502714485,0.00015441184391965532,0.4814118655672663,64
MADDPG,0,29248,456,29241,-752.6431002190714,-11.76004844092299,0.7470525187566989,933,697,241,0,4.116212338593974,7.0,697,7624.835459937898,7597.94277103278,26.892688905117357,119.13805406152966,0.00890851538365723,0.22271288459143074,0.00013919555286964422,0.48069960010967505,64
MADDPG,0,29312,457,29305,-563.6582023780115,-8.80715941215643,0.7962760131434831,913,727,184,0,3.6657496561210454,6.0,727,6741.8687577957235,6718.518789864186,23.349967931537755,105.34169934055818,0.007144322285829538,0.17860805714573844,0.00011163003571608653,0.4798474524068814,64
MADDPG,0,29376,458,29369,-662.9092396407925,-10.357956869387383,0.8070175438596491,912,736,186,0,3.707880434782609,6.0,736,7267.644737870943,7242.38419904941,25.260538821535196,113.55694902923348,0.008159552353460435,0.20398880883651088,0.0001274930055228193,0.47872651644175446,64
MADDPG,0,29440,459,29433,-573.6554760862746,-8.96336681384804,0.785329018338727,927,728,172,0,3.5851648351648353,6.0,728,6664.11223454459,6640.285794086197,23.826440458394238,104.12675366475922,0.00726701689003141,0.18167542225078526,0.00011354713890674078,0.4772690067970413,64
MADDPG,0,29504,460,29497,-466.77464533596435,-7.293353833374443,0.761646803900325,923,703,226,0,4.058321479374111,7.0,703,6096.0086447467565,6067.790430328797,28.218214417959516,95.25013507416807,0.006071855053242839,0.151796376331071,9.487273520691936e-05,0.47559063178148325,64
MADDPG,0,29568,461,29561,-640.1142333037742,-10.001784895371472,0.8396436525612472,898,754,146,0,3.40053050397878,6.0,754,7577.136886406023,7556.792108330208,20.344778075811696,118.39276385009411,0.00802577834266714,0.2006444585666785,0.00012540278660417407,0.47282698352751396,64
MADDPG,0,29632,462,29625,-569.9005380487042,-8.904695907011003,0.7824267782426778,956,748,202,0,3.7393048128342246,6.0,748,6912.1576393792,6887.653238589066,24.50440079013626,108.0024631153,0.0072432736373706395,0.181081840934266,0.00011317615058391624,0.47006234938912456,64
MADDPG,0,29696,463,29689,-671.557220907202,-10.493081576675031,0.823966065747614,943,777,170,0,3.5572715572715574,6.0,777,8326.196068645313,8304.992192721807,21.20387592350424,130.09681357258302,0.008365934352511283,0.20914835881278207,0.0001307177242579888,0.4674229878765729,64
MADDPG,0,29760,464,29753,-484.0386323130065,-7.563103629890726,0.7573449401523396,919,696,225,0,4.224137931034483,7.0,696,6808.092047961702,6777.1472230239015,30.94482493780231,106.37643824940159,0.006232043910465761,0.15580109776164403,9.737568610102752e-05,0.46538098511020537,64
MADDPG,0,29824,465,29817,-467.2728294843596,-7.301137960693119,0.6966666666666667,900,627,285,0,4.258373205741627,6.0,627,6521.7884057414785,6492.196533817181,29.591871924295607,101.9029438397106,0.005826304429986127,0.14565761074965317,9.103600671853323e-05,0.4623287357824664,64
MADDPG,0,29888,466,29881,-446.8775537968177,-6.982461778075277,0.7379958246346555,958,707,243,0,4.2135785007072135,7.0,707,6317.466085270955,6286.5084988594235,30.95758641153422,98.71040758235867,0.0058656434311818864,0.14664108577954715,9.165067861221698e-05,0.45912196317083387,64
MADDPG,0,29952,467,29945,-552.4575117495285,-8.632148621086383,0.7513171759747103,949,713,221,0,3.9228611500701263,6.0,713,7595.184961273495,7567.332116615669,27.852844657822168,118.67476501989836,0.0069568945589027625,0.17392236397256905,0.00010870147748285566,0.4580525349394575,64
MADDPG,0,30016,468,30009,-637.4582931500537,-9.960285830469589,0.7542972699696663,989,746,238,0,3.9691689008042896,6.0,746,8154.44719555563,8124.224256937993,30.222938617636192,127.41323743055672,0.007868197540293715,0.19670493850734286,0.0001229405865670893,0.457466968861553,64
MADDPG,0,30080,469,30073,-397.56997390578493,-6.21203084227789,0.7376681614349776,892,658,250,0,4.227963525835866,7.0,658,5963.022628159893,5932.567428414668,30.455199745226217,93.17222856499833,0.005244788344306707,0.13111970860766767,8.194981787979229e-05,0.4567554194247547,64
MADDPG,0,30144,470,30137,-353.06881889372096,-5.51670029521439,0.7445414847161572,916,682,242,0,4.281524926686217,7.0,682,7031.864909293825,6999.524624868637,32.34028442518592,109.87288920771601,0.0048726396410397515,0.12181599102599379,7.613499439124612e-05,0.4552988531425032,64
MADDPG,0,30208,471,30201,-375.20772248262506,-5.8626206637910165,0.7389060887512899,969,716,250,0,4.122905027932961,7.0,716,6736.625728936226,6704.757847424025,31.86788151219844,105.25977701462853,0.005163049869906268,0.1290762467476567,8.067265421728544e-05,0.45316964880381794,64
MADDPG,0,30272,472,30265,-422.5797000471632,-6.602807813236925,0.7486687965921193,939,703,233,0,3.9559032716927454,6.0,703,6827.09551294425,6797.675219900252,29.420293043999756,106.6733673897539,0.005620351666849824,0.14050879167124558,8.78179947945285e-05,0.450506256593814,64
MADDPG,0,30336,473,30329,-435.8449745245385,-6.810077726945914,0.765375854214123,878,672,216,0,4.023809523809524,6.0,672,7707.30600827981,7679.575611633379,27.73039664643365,120.42665637937203,0.005700411219072586,0.14251028047681466,8.906892529800916e-05,0.4481623902142897,64
MADDPG,0,30400,474,30393,-339.6930134535169,-5.307703335211202,0.7443365695792881,927,690,226,0,3.9304347826086956,6.0,690,6329.4470120020715,6300.335255845422,29.11175615664972,98.89760956253237,0.004771370774821117,0.11928426937052791,7.455266835657995e-05,0.44821264396981986,64
MADDPG,0,30464,475,30457,-425.68406857269525,-6.651313571448363,0.7349943374858438,883,649,229,0,4.066255778120185,6.0,649,6415.184696965722,6386.138805294545,29.045891671176133,100.2372608900894,0.005528040393222594,0.13820100983056485,8.637563114410303e-05,0.44808444203240155,64
MADDPG,0,30528,476,30521,-388.66108418764725,-6.072829440431988,0.7533783783783784,888,669,237,0,4.086696562032885,7.0,669,6513.300369945556,6484.851045236965,28.449324708588026,101.77031828039931,0.005201937185230218,0.13004842963075544,8.128026851922215e-05,0.4475398369655966,64
MADDPG,0,30592,477,30585,-422.3924895795335,-6.599882649680211,0.7494252873563219,870,652,215,0,3.996932515337423,6.0,652,6576.840759298609,6548.840759396416,27.999999902193156,102.76313686404076,0.005522999158694759,0.13807497896736898,8.629686185460562e-05,0.4468415947898541,64
MADDPG,0,30656,478,30649,-323.7790335648457,-5.059047399450714,0.7270788912579957,938,682,235,0,4.439882697947214,7.0,682,5953.450635198738,5919.504075855323,33.94655934341413,93.02266617498029,0.0045824483301549175,0.11456120825387293,7.160075515867059e-05,0.44547580812534404,64
MADDPG,0,30720,479,30713,-426.9207973672909,-6.67063745886392,0.7172717271727173,909,652,269,0,4.636503067484663,7.0,652,7286.86972056706,7251.917733469286,34.95198709777263,113.8573393838603,0.005504729661097813,0.1376182415274453,8.601140095465332e-05,0.44381635030000866,64
MADDPG,0,30784,480,30777,-446.19794505102567,-6.971842891422276,0.7015873015873015,945,663,283,0,4.508295625942685,6.0,663,6677.720859675339,6643.036618290878,34.68424138445869,104.33938843242717,0.0057045187456728754,0.14261296864182188,8.913310540113868e-05,0.44267336749001623,64
MADDPG,0,30848,481,30841,-346.0072514421943,-5.4063633037842855,0.7835990888382688,878,688,199,0,3.991279069767442,6.0,688,5921.555179583992,5893.063611775354,28.491567808638898,92.52429968099987,0.0048644419760911,0.1216110494022775,7.600690587642344e-05,0.4405494860877808,64
MADDPG,0,30912,482,30905,-330.74101570879577,-5.167828370449934,0.732824427480916,917,672,237,0,4.190476190476191,6.0,672,6005.461806582713,5973.077061015619,32.3847455670937,93.83534072785488,0.004625825500736342,0.11564563751840856,7.227852344900535e-05,0.4405061221475351,64
MADDPG,0,30976,483,30969,-388.5406833748772,-6.070948177732456,0.7310647639956093,911,666,245,0,4.147147147147147,6.0,666,6561.301667749878,6530.323005768859,30.978661981018856,102.52033855859185,0.005182504066901944,0.1295626016725486,8.097662604534288e-05,0.44111913157938465,64
MADDPG,0,31040,484,31033,-356.046306329357,-5.563223536396203,0.7022653721682848,927,651,265,0,4.2642089093702,6.0,651,6187.2270499840015,6153.734922266529,33.4921277174753,96.67542265600002,0.004799416139204939,0.11998540348012347,7.499087717507717e-05,0.4419715098402426,64
MADDPG,0,31104,485,31097,-365.3275647143214,-5.708243198661272,0.7440543601359003,883,657,239,0,4.223744292237443,6.0,657,6005.512018007251,5975.141641052219,30.370376955033077,93.8361252813633,0.004936586168413998,0.12341465421034994,7.713415888146872e-05,0.44237676562273864,64
MADDPG,0,31168,486,31161,-438.5578590293426,-6.852466547333478,0.7293318233295584,883,644,249,0,4.2313664596273295,6.0,644,6635.620281363897,6603.330805476412,32.28947588748393,103.6815668963109,0.0056236977752998595,0.1405924443824965,8.78702777390603e-05,0.4430693791020767,64
MADDPG,0,31232,487,31225,-541.6081073884386,-8.462626677944353,0.7507853403141361,955,717,224,0,4.032078103207811,6.0,717,7760.1691860615565,7728.316817330886,31.852368730671962,121.25264353221182,0.006857927903141558,0.17144819757853894,0.00010715512348658684,0.4441632433092392,64
MADDPG,0,31296,488,31289,-352.0406339114669,-5.50063490486667,0.7476923076923077,975,729,241,0,4.138545953360768,6.0,729,6731.659158658505,6697.717680966309,33.94147769219711,105.18217435403913,0.004970543377076117,0.12426358442690293,7.766474026681433e-05,0.44530861127849264,64
MADDPG,0,31360,489,31353,-548.7375217821707,-8.574023777846417,0.7434607645875252,994,739,256,0,4.204330175913396,7.0,739,7535.306955042016,7502.390557558632,32.91639748338498,117.7391711725315,0.006946073425451655,0.17365183563629139,0.00010853239727268211,0.44576626867774605,64
MADDPG,0,31424,490,31417,-397.5244182902064,-6.211319035784475,0.7269772481040087,923,671,256,0,4.305514157973175,6.0,671,6022.590446924752,5990.797337664484,31.793109260265364,94.10297573319924,0.005268717962238047,0.1317179490559512,8.232371815996949e-05,0.4456395419336099,64
MADDPG,0,31488,491,31481,-438.3417368318494,-6.849089637997647,0.7925356750823271,911,722,206,0,4.0069252077562325,6.0,722,6733.004565516071,6706.479793040715,26.52477247535238,105.20319633618861,0.005858853769556963,0.14647134423892408,9.154459014932755e-05,0.4459368676814075,64
MADDPG,0,31552,492,31545,-475.02247172183525,-7.422226120653676,0.7360084477296727,947,697,235,0,4.0832137733142035,6.0,697,7924.090661681463,7893.1763268939,30.91433478756185,123.81391658877286,0.006131822517411189,0.1532955629352797,9.580972683454983e-05,0.4462060406630153,64
MADDPG,0,31616,493,31609,-380.67276756920756,-5.948011993268868,0.7325581395348837,946,693,248,0,4.062049062049062,6.0,693,7388.584305608987,7358.46252073561,30.121784873376992,115.44662977514042,0.005163053665538895,0.12907634163847237,8.067271352404523e-05,0.44610075927107484,64
MADDPG,0,31680,494,31673,-567.9563818798875,-8.874318466873243,0.7519042437431991,919,691,228,0,4.065123010130246,7.0,691,7800.742678443271,7771.238565575465,29.504112867807414,121.88660435067611,0.007059274884363907,0.17648187210909766,0.00011030117006818604,0.44552269160138525,64
MADDPG,0,31744,495,31737,-554.0230946360614,-8.65661085368846,0.789311408016444,973,768,210,0,3.984375,6.0,768,8450.332637222376,8420.52661662722,29.806020595158667,132.03644745659963,0.007123344449953469,0.17808361124883673,0.00011130225703052295,0.4458310881569743,64
MADDPG,0,31808,496,31801,-425.9277455188087,-6.655121023731386,0.7873684210526316,950,748,202,0,3.8101604278074865,6.0,748,7678.010045391214,7650.539760312668,27.470285078547043,119.96890695923771,0.005804009977725883,0.14510024944314706,9.068765590196692e-05,0.44650815127319454,64
MADDPG,0,31872,497,31865,-433.00041683991213,-6.765631513123627,0.7738951695786228,973,753,212,0,3.7742363877822047,6.0,753,8514.129486725751,8488.08515803679,26.044328688959354,133.03327323008986,0.0058741186958146405,0.14685296739536602,9.178310462210376e-05,0.44735696292475696,64
MADDPG,0,31936,498,31929,-440.75814425272836,-6.886846003948881,0.7836593785960875,869,681,197,0,3.9647577092511015,6.0,681,6539.194722599695,6511.226229454463,27.968493145235325,102.17491754062023,0.005798684945118907,0.14496712362797268,9.060445226748292e-05,0.44752068458636796,64
MADDPG,0,32000,499,31993,-597.9336654934482,-9.342713523335128,0.6564729867482161,981,644,330,0,4.619565217391305,7.0,644,8097.866232629319,8059.581592172737,38.28464045658592,126.5291598848331,0.007121727170981958,0.17804317927454896,0.0001112769870465931,0.44753750603345077,64
QMIX,0,64,0,40,-86.59554303025098,-1.3530553598476716,0.7701657458563536,905,697,155,0,3.691535150645624,6.0,697,4039.8987503866515,4014.771633265394,25.127117121256756,63.12341797479143,0.002347811997406478,0.058695299935161954,3.668456245947622e-05,0.3600009336733655,64
QMIX,0,128,1,104,-143.5107063343903,-2.2423547864748485,0.7844183564567769,937,735,208,0,3.7346938775510203,6.0,735,5247.809851645968,5220.79121285654,27.01863878942676,81.99702893196825,0.002943726600669567,0.07359316501673917,4.599572813546198e-05,0.3573156036576819,64
QMIX,0,192,2,168,-123.39283176859323,-1.9280129963842692,0.778164924506388,861,670,180,0,3.746268656716418,6.0,670,4783.448377124398,4758.895545103488,24.552832020907694,74.74138089256871,0.002620572789290961,0.06551431973227402,4.0946449832671265e-05,0.3550375056302806,64
QMIX,0,256,3,232,-188.4277393389686,-2.9441834271713843,0.7958740499457112,921,733,186,0,3.6821282401091406,6.0,733,5741.707075444462,5716.018075847887,25.68899959657568,89.71417305381972,0.0034149900374004457,0.08537475093501114,5.3359219334381964e-05,0.3527279391317437,64
QMIX,0,320,4,296,-156.66282325877415,-2.447856613418346,0.8148148148148148,891,726,167,0,3.7052341597796143,6.0,726,5504.649202142898,5479.258913524238,25.390288618661085,86.01014378348277,0.003102380902615315,0.07755952256538287,4.84747016033643e-05,0.35076760804301854,64
QMIX,0,384,5,360,-109.61655665437704,-1.7127586977246412,0.8043230944254836,879,707,183,0,3.7001414427157,6.0,707,4774.161429344259,4750.122189668556,24.03923967570537,74.59627233350405,0.002566792508989259,0.06416981272473148,4.0106132952957175e-05,0.3489625863082477,64
QMIX,0,448,6,424,-181.96672619913224,-2.8432300968614412,0.8033826638477801,946,760,185,0,3.663157894736842,6.0,760,6142.359406568131,6116.314055430623,26.045351137507783,95.97436572762705,0.003414756137261372,0.0853689034315343,5.335556464470894e-05,0.34840194225754273,64
QMIX,0,512,7,488,-149.5339020541507,-2.3364672195961047,0.7860520094562647,846,665,186,0,3.700751879699248,6.0,665,4665.216061337714,4640.790904967201,24.425156370510678,72.89400095840178,0.00286174590357068,0.071543647589267,4.471477974329187e-05,0.3475892481701065,64
QMIX,0,576,8,552,-146.27839784461315,-2.2855999663220805,0.7891832229580574,906,715,191,0,3.6867132867132866,6.0,715,4994.150889594083,4967.769992928051,26.380896666031415,78.03360764990755,0.002942278769876965,0.07355696924692413,4.597310577932758e-05,0.34942604049367754,64
QMIX,0,640,9,616,-178.70218889729176,-2.792221701520184,0.7642543859649122,912,697,214,0,3.672883787661406,6.0,697,5073.797332249632,5047.544909584211,26.252422665421214,79.2780833164005,0.0031957201254950948,0.07989300313737736,4.9933126960860856e-05,0.35174440834967835,64
QMIX,0,704,10,680,-191.54946033934488,-2.9929603178022637,0.7720264317180616,908,701,202,0,3.5035663338088443,6.0,701,5014.275681167422,4990.299667121146,23.976014046276173,78.34805751824096,0.0033486448591731432,0.08371612147932858,5.232257592458036e-05,0.3558623187468055,64
QMIX,0,768,11,744,-206.34031047306468,-3.2240673511416356,0.7944444444444444,900,715,185,0,3.6573426573426575,6.0,715,5397.90797046534,5372.941547371351,24.966423093992177,84.34231203852094,0.003549979879594147,0.08874949698985368,5.546843561865855e-05,0.3598062480481688,64
QMIX,0,832,12,808,-309.71459834907495,-4.839290599204296,0.785329018338727,927,728,201,0,3.6607142857142856,6.0,728,6167.570551776304,6141.5864748743115,25.98407690199205,96.36828987150474,0.004593459108950284,0.1148364777237571,7.177279857734819e-05,0.3639013384278356,64
QMIX,0,896,13,872,-273.7297180073649,-4.277026843865077,0.8074534161490683,966,780,189,0,3.673076923076923,6.0,780,6254.358251910775,6227.318372479393,27.03987943138428,97.72434768610586,0.004375277139849022,0.10938192849622554,6.836370531014096e-05,0.3693088679657935,64
QMIX,0,960,14,936,-259.4760135014707,-4.054312710960479,0.7854077253218884,932,732,200,0,3.637978142076503,6.0,732,5483.715953633799,5459.014580651435,24.70137298236264,85.6830617755281,0.004101787847252658,0.10254469618131644,6.409043511332278e-05,0.37510278645688566,64
QMIX,0,1024,15,1000,-302.78614178058353,-4.731033465321618,0.7873015873015873,945,744,192,0,3.7836021505376345,6.0,744,5980.956795264945,5953.675768240716,27.281027024228433,93.45244992601476,0.004574578074995315,0.11436445187488287,7.14777824218018e-05,0.38053239075046685,64
QMIX,0,1088,16,1064,-344.9349109187086,-5.389607983104822,0.7775510204081633,980,762,206,0,3.7335958005249346,6.0,762,5740.816027171075,5713.431985210401,27.38404196067696,89.70025042454805,0.005020958709226372,0.1255239677306593,7.845247983166206e-05,0.3861537679352063,64
QMIX,0,1152,17,1128,-350.7116336373575,-5.479869275583711,0.8122270742358079,916,744,188,0,3.7298387096774195,6.0,744,5789.724473247319,5763.266813909414,26.457659337901998,90.46444489448936,0.005057086220733833,0.12642715551834582,7.901697219896614e-05,0.3910287914457265,64
QMIX,0,1216,18,1192,-295.59333167718324,-4.618645807455988,0.7936681222707423,916,727,196,0,3.6740027510316366,6.0,727,4971.667349513707,4946.38091093227,25.28643858143684,77.68230233615168,0.00445500748074633,0.11137518701865826,6.960949188666141e-05,0.3945322748526331,64
QMIX,0,1280,19,1256,-316.32141095913977,-4.942522046236559,0.8039647577092511,908,730,175,0,3.7356164383561645,6.0,730,5448.884378326491,5421.82943514653,27.054943179962013,85.13881841135142,0.004695340412243293,0.11738351030608234,7.336469394130146e-05,0.3979776813711746,64
QMIX,0,1344,20,1320,-254.67422398629546,-3.9792847497858665,0.7939914163090128,932,740,191,0,3.7391891891891893,6.0,740,4758.782086024611,4732.346698183447,26.435387841165547,74.35597009413455,0.004084625203219693,0.10211563008049233,6.382226880030771e-05,0.40221397386726326,64
QMIX,0,1408,21,1384,-475.9757794367681,-7.437121553699502,0.7856410256410257,975,766,209,0,3.7180156657963446,6.0,766,6267.681821545291,6240.12051371925,27.561307826041812,97.93252846164518,0.006334694271078443,0.15836735677696107,9.897959798560067e-05,0.40562814232528266,64
QMIX,0,1472,22,1448,-443.94248960132387,-6.9366014000206855,0.764961915125136,919,703,204,0,3.6301564722617354,6.0,703,5812.282478611735,5785.615237716527,26.667240895208973,90.81691372830836,0.005872417795482444,0.1468104448870611,9.175652805441319e-05,0.4087354761107168,64
QMIX,0,1536,23,1512,-394.29988524457247,-6.160935706946445,0.7937701396348013,931,739,189,0,3.7510148849797025,6.0,739,5728.438413451714,5702.6142999754065,25.824113476307144,89.50685021018303,0.00547967199162319,0.13699179979057974,8.561987486911234e-05,0.4121055781889166,64
QMIX,0,1600,24,1576,-342.3690925550111,-5.349517071172048,0.7980769230769231,936,747,204,0,3.7563587684069613,6.0,747,5013.88913631745,4987.629245225298,26.25989109215431,78.34201775496015,0.0049590529721369484,0.12397632430342372,7.748520268963982e-05,0.4135006002748579,64
QMIX,0,1664,25,1640,-391.9815994307891,-6.12471249110608,0.7822318526543879,923,722,191,0,3.673130193905817,6.0,722,5731.701496820746,5706.024327589872,25.67716923087341,89.55783588782415,0.005412771174088198,0.13531927935220495,8.45745495951281e-05,0.41575150212082707,64
QMIX,0,1728,26,1704,-394.7304723461406,-6.1676636304084465,0.7895287958115184,955,754,195,0,3.759946949602122,6.0,754,5584.937020703895,5557.55708546523,27.379935238667553,87.26464094849835,0.005511653311244081,0.13779133278110203,8.611958298818876e-05,0.419599445189931,64
QMIX,0,1792,27,1768,-340.3962739072755,-5.3186917798011795,0.8229508196721311,915,753,178,0,3.808764940239044,6.0,753,5726.400061139997,5700.145802686991,26.25425845300498,89.47500095531245,0.004986203136068767,0.12465507840171917,7.790942400107449e-05,0.42339200147783307,64
QMIX,0,1856,28,1832,-335.0087818525952,-5.2345122164468,0.7961783439490446,942,750,195,0,3.5946666666666665,6.0,750,4700.2559881293155,4674.72821596938,25.5277721599362,73.44149981452055,0.004905648121268427,0.12264120303171068,7.665075189481917e-05,0.4266120370630393,64
QMIX,0,1920,29,1896,-365.1104987462645,-5.704851542910383,0.7837541163556532,911,714,199,0,3.6904761904761907,6.0,714,4681.44290720928,4655.836358544073,25.60654866520563,73.147545425145,0.005113825325731408,0.1278456331432852,7.990352071455325e-05,0.42851494580034166,64
QMIX,0,1984,30,1960,-546.5202554871865,-8.53937899198729,0.7776536312849162,895,696,186,0,3.5991379310344827,6.0,696,5485.891174629643,5462.205676456011,23.685498173632563,85.71704960358817,0.0069003609863597035,0.1725090246589926,0.00010781814041187037,0.43110646685856,64
QMIX,0,2048,31,2024,-426.40315799428754,-6.662549343660743,0.7683189655172413,928,713,225,0,3.767180925666199,6.0,713,5455.267355529515,5428.659975783506,26.607379746008522,85.23855243014867,0.005693292562193578,0.14233231405483945,8.895769628427466e-05,0.43354737069580424,64
QMIX,0,2112,32,2088,-509.0126978336227,-7.953323403650355,0.7916666666666666,936,741,190,0,3.7638326585695006,6.0,741,5757.438347679772,5731.720281309519,25.718066370252863,89.95997418249644,0.006628895758114129,0.1657223939528532,0.00010357649622053326,0.4349592293195298,64
QMIX,0,2176,33,2152,-548.1288707672699,-8.564513605738592,0.778516057585825,903,703,193,0,3.6230440967283073,6.0,703,5607.512845192008,5583.088623253843,24.424221938167804,87.61738820612513,0.006921711665958778,0.17304279164896946,0.00010815174478060591,0.4358065946367283,64
QMIX,0,2240,34,2216,-379.98650290639375,-5.937289107912402,0.7697297297297298,925,712,200,0,3.7865168539325844,6.0,712,5413.635907786756,5386.699915470029,26.935992316730964,84.58806105916807,0.005255795845552039,0.13139489613880095,8.21218100867506e-05,0.4365099746573016,64
QMIX,0,2304,35,2280,-493.73094929798276,-7.714546082780981,0.7893048128342246,935,738,216,0,3.765582655826558,6.0,738,5511.262106981042,5484.496985769811,26.765121211229943,86.11347042157878,0.006436226883391475,0.16090567208478687,0.0001005660450529918,0.4371147444697752,64
QMIX,0,2368,36,2344,-552.9838995938121,-8.640373431153314,0.7653575025176234,993,760,235,0,3.7394736842105263,6.0,760,6357.837344375549,6329.744709217629,28.09263515792188,99.34120850586795,0.007058608484274203,0.1764652121068551,0.00011029075756678443,0.4392450811506539,64
QMIX,0,2432,37,2408,-396.92768885809346,-6.20199513840771,0.7789934354485777,914,712,209,0,3.792134831460674,6.0,712,5272.9722694742395,5246.049312918467,26.92295655577317,82.39019171053499,0.005416013291564198,0.13540033228910495,8.46252076806906e-05,0.4405700345979291,64
QMIX,0,2496,38,2472,-420.83662743837147,-6.575572303724554,0.7979334098737084,871,695,170,0,3.623021582733813,6.0,695,4843.364118469417,4818.203120492805,25.160997976611277,75.67756435108464,0.0056615911780807425,0.14153977945201857,8.84623621575116e-05,0.4406258031014375,64
QMIX,0,2560,39,2536,-550.3197328453788,-8.598745825709043,0.7838405036726128,953,747,190,0,3.6626506024096384,6.0,747,5806.78126056331,5780.523867217283,26.257393346025058,90.73095719630172,0.007055990581763203,0.17639976454408007,0.00011024985284005005,0.44041721007536044,64
QMIX,0,2624,40,2600,-460.5074786661562,-7.195429354158691,0.8042553191489362,940,756,193,0,3.7923280423280423,6.0,756,5984.337675369388,5956.237508587263,28.100166782128206,93.50527617764669,0.006176155523338166,0.15440388808345415,9.650243005215885e-05,0.4402320322844919,64
QMIX,0,2688,41,2664,-414.94170758113694,-6.483464180955265,0.7801339285714286,896,699,196,0,3.7067238912732474,6.0,699,5184.304741017866,5159.111118470895,25.193622546970314,81.00476157840416,0.005580551339417007,0.13951378348542517,8.719611467839074e-05,0.44001280065114745,64
QMIX,0,2752,42,2728,-440.9503329268679,-6.8898489519823105,0.7903930131004366,916,724,200,0,3.7320441988950277,6.0,724,5382.1152718603325,5355.710630655799,26.40464120453339,84.0955511228177,0.005897724237768562,0.14744310594421406,9.215194121513378e-05,0.4391667043596304,64
QMIX,0,2816,43,2792,-369.2139418612693,-5.768967841582333,0.7850877192982456,912,716,197,0,3.803072625698324,6.0,716,4821.7446492627005,4795.633309862398,26.111339400303038,75.3397601447297,0.005162947454975667,0.12907368637439168,8.067105398399479e-05,0.4381578791255593,64
QMIX,0,2880,44,2856,-529.8029836790773,-8.278171619985583,0.7916241062308478,979,775,206,0,3.6838709677419357,6.0,775,6116.629695396126,6089.110965486114,27.518729910010826,95.57233899056448,0.006895106515940059,0.17237766289850145,0.00010773603931156342,0.436984083793523,64
QMIX,0,2944,45,2920,-588.5219012487462,-9.19565470701166,0.7982832618025751,932,744,187,0,3.7620967741935485,6.0,744,6367.354538621145,6341.293589549313,26.060949071833,99.4899146659554,0.007436139613181067,0.1859034903295267,0.00011618968145595417,0.4357268745111856,64
QMIX,0,3008,46,2984,-407.25242084035904,-6.36331907563061,0.8067685589519651,916,739,170,0,3.6874154262516914,6.0,739,4921.240007341104,4894.75142565258,26.48858168852396,76.89437511470474,0.005631904807215745,0.14079762018039363,8.799851261274601e-05,0.43526904432553337,64
QMIX,0,3072,47,3048,-382.60504138376274,-5.978203771621293,0.7846481876332623,938,736,195,0,3.650815217391304,6.0,736,5383.823440300425,5356.971861510344,26.851578790084176,84.12224125469415,0.005345636583163512,0.1336409145790878,8.352557161192988e-05,0.4348825317135202,64
QMIX,0,3136,48,3112,-442.9239846448161,-6.920687260075251,0.7941176470588235,952,756,199,0,3.8095238095238093,6.0,756,5666.250836033082,5638.522981120578,27.727854912505652,88.53516931301691,0.005991684700493245,0.14979211751233112,9.362007344520695e-05,0.4346391798325155,64
QMIX,0,3200,49,3176,-383.6555542422311,-5.994618035034861,0.7948717948717948,897,713,195,0,3.7489481065918655,6.0,713,4973.833690680444,4948.398684211654,25.43500646879169,77.71615141688194,0.005302182440975434,0.13255456102438584,8.284660064024116e-05,0.4337407182984271,64
QMIX,0,3264,50,3240,-497.2359473861202,-7.769311677908128,0.7542372881355932,944,712,209,0,3.6292134831460676,6.0,712,5570.318973727781,5544.63178658625,25.687187141532068,87.03623396449657,0.0064156777438784795,0.160391943596962,0.00010024496474810124,0.4322212914721646,64
QMIX,0,3328,51,3304,-659.8860546807409,-10.310719604386577,0.7878787878787878,924,728,204,0,3.565934065934066,6.0,728,6180.639429660698,6155.357183578426,25.282246082273193,96.5724910884484,0.008086573003365311,0.2021643250841328,0.000126352703177583,0.4314801741837782,64
QMIX,0,3392,52,3368,-370.92941507543946,-5.795772110553742,0.7972103004291845,932,743,200,0,3.702557200538358,6.0,743,5184.888740751552,5159.025750888264,25.86298986328746,81.013886574243,0.005239610416886043,0.13099026042215106,8.186891276384442e-05,0.42885943329171383,64
QMIX,0,3456,53,3432,-555.2684993377787,-8.676070302152793,0.789311408016444,973,768,192,0,3.75,6.0,768,6259.932695632666,6232.490316795833,27.442378836833065,97.8114483692604,0.007149780940998558,0.17874452352496395,0.00011171532720310247,0.42663579370922844,64
QMIX,0,3520,54,3496,-453.7551341722425,-7.089923971441289,0.7960088691796009,902,718,186,0,3.7047353760445683,6.0,718,5565.036763845212,5539.5175434270495,25.519220418162035,86.95369943508143,0.006025842289044734,0.15064605722611835,9.415378576632397e-05,0.42452377217642734,64
QMIX,0,3584,55,3560,-528.9434290448816,-8.264741078826274,0.7670514165792235,953,731,221,0,3.735978112175103,6.0,731,5788.858991719476,5762.911629380812,25.94736233866562,90.45092174561681,0.0067631347708664805,0.169078369271662,0.00010567398079478876,0.422809651791881,64
QMIX,0,3648,56,3624,-441.4559771535656,-6.897749643024462,0.7827868852459017,976,764,221,0,3.8350785340314135,6.0,764,5448.485677101811,5418.9687272492665,29.516949852542098,85.1325887047158,0.005971227873915999,0.1492806968479,9.330043552993749e-05,0.42233743001727575,64
QMIX,0,3712,57,3688,-400.1014601682916,-6.251585315129557,0.7800650054171181,923,720,200,0,3.7,6.0,720,5335.980286378009,5309.299272523746,26.681013854263146,83.37469197465639,0.005479135008286367,0.13697837520715916,8.561148450447448e-05,0.4221177076912088,64
QMIX,0,3776,58,3752,-407.9927177251467,-6.374886214455417,0.7993119266055045,872,697,177,0,3.7360114777618363,6.0,697,4879.736291044021,4855.082395401774,24.653895642245157,76.24587954756282,0.005529587984903022,0.13823969962257554,8.639981226410972e-05,0.42086199395353074,64
QMIX,0,3840,59,3816,-481.0383088125835,-7.5162235751966175,0.788235294117647,935,737,202,0,3.7951153324287654,6.0,737,6100.805238318603,6073.781136573472,27.02410174513404,95.32508184872817,0.006324999598879669,0.15812498997199173,9.882811873249483e-05,0.4205134773895063,64
QMIX,0,3904,60,3880,-504.40985037289937,-7.881403912076553,0.8016877637130801,948,760,190,0,3.668421052631579,6.0,760,6134.348835201749,6109.381835243604,24.96699995814649,95.84920055002733,0.006627133718080848,0.1656783429520212,0.00010354896434501325,0.4199950358321955,64
QMIX,0,3968,61,3944,-418.360595294511,-6.536884301476734,0.7911111111111111,900,712,190,0,3.6657303370786516,6.0,712,5220.120805891685,5195.168705492829,24.95210039885568,81.56438759205759,0.005653798488039188,0.1413449622009797,8.834060137561231e-05,0.41939003450820156,64
QMIX,0,4032,62,4008,-376.07870805509083,-5.876229813360794,0.7824675324675324,924,723,191,0,3.6542185338865836,6.0,723,4977.7731319120085,4953.384184293417,24.38894761858982,77.77770518612513,0.005254884078275266,0.13137210195688165,8.210756372305103e-05,0.41823442350244433,64
QMIX,0,4096,63,4072,-374.7224854596774,-5.855038835307459,0.7796052631578947,912,711,205,0,3.7946554149085796,6.0,711,5204.666516613996,5177.971161157185,26.69535545681178,81.32291432209368,0.005196324552247705,0.1299081138061926,8.119257112887038e-05,0.4181275748263198,64
QMIX,0,4160,64,4136,-407.9824044939258,-6.374725070217591,0.7722222222222223,900,695,202,0,3.692086330935252,6.0,695,5386.4772982248105,5361.913890877117,24.56340734769502,84.16370778476266,0.00549517016296015,0.13737925407400375,8.586203379625235e-05,0.41740873025881275,64
QMIX,0,4224,65,4200,-376.89358788447555,-5.8889623106949305,0.7775280898876404,890,692,206,0,3.7716763005780347,6.0,692,4721.672312633805,4695.744327663295,25.927984970512497,73.7761298849032,0.005171131147472025,0.1292782786868006,8.079892417925039e-05,0.415905608931162,64
QMIX,0,4288,66,4264,-386.49187094084493,-6.038935483450702,0.7642015005359056,933,713,214,0,3.694249649368864,6.0,713,4811.609119750002,4786.160372728509,25.44874702149254,75.18139249609378,0.005306717402497038,0.13266793506242597,8.291745941401622e-05,0.4137022408514631,64
QMIX,0,4352,67,4328,-377.6380043564826,-5.900593818070041,0.7866948257655755,947,745,196,0,3.6577181208053693,6.0,745,5793.780625048627,5768.745704795484,25.034920253143707,90.5278222663848,0.005318698382699206,0.13296745956748016,8.310466222967509e-05,0.4112777760947962,64
QMIX,0,4416,68,4392,-331.6909603458564,-5.182671255404006,0.8305647840531561,903,750,162,0,3.6053333333333333,6.0,750,5264.980558468042,5240.9659023856775,24.014656082361224,82.26532122606315,0.004911659234479167,0.12279148086197916,7.674467553873698e-05,0.40945901171076043,64
QMIX,0,4480,69,4456,-514.969847399269,-8.046403865613579,0.7812187812187812,1001,782,213,0,3.5358056265984654,6.0,782,7045.924939649131,7018.84061684634,27.084322802791792,110.09257718201768,0.0067563603071961135,0.16890900767990283,0.00010556812979993927,0.40801018201775174,64
QMIX,0,4544,70,4520,-495.7230189437921,-7.745672170996752,0.7353535353535353,990,728,259,0,3.758241758241758,6.0,728,6292.617499424564,6265.322829794707,27.294669629855683,98.32214842850881,0.00638200074179165,0.15955001854479126,9.971876159049454e-05,0.4071961588401354,64
QMIX,0,4608,71,4584,-359.51669434118867,-5.617448349081073,0.7747653806047967,959,743,221,0,3.742934051144011,6.0,743,5153.33425853922,5126.697944618767,26.63631392045264,80.52084778967532,0.005100648431744421,0.12751621079361053,7.969763174600657e-05,0.40572398295464096,64
QMIX,0,4672,72,4648,-359.53870948433155,-5.61779233569268,0.8031914893617021,940,755,173,0,3.76158940397351,6.0,755,5992.518514235361,5965.9829286467275,26.535585588628997,93.63310178492752,0.005188973132498503,0.12972432831246258,8.107770519528911e-05,0.40399144278184523,64
QMIX,0,4736,73,4712,-384.4535614801035,-6.007086898126617,0.7792642140468228,897,699,204,0,3.748211731044349,6.0,699,5865.551599858763,5839.354497433943,26.197102424822287,91.64924374779318,0.005268651305286063,0.13171628263215157,8.232267664509473e-05,0.40247671140603236,64
QMIX,0,4800,74,4776,-427.2198099500232,-6.675309530469113,0.7709844559585493,965,744,230,0,3.8024193548387095,6.0,744,6214.933254789466,6186.975481152278,27.957773637186225,97.10833210608541,0.005769465784588531,0.14423664461471328,9.01479028841958e-05,0.4012175581352322,64
QMIX,0,4864,75,4840,-434.99400509157164,-6.796781329555807,0.7754459601259182,953,739,209,0,3.7726657645466846,6.0,739,6592.130085672235,6564.118858368712,28.011227303522105,103.00203258862867,0.005863343879408778,0.14658359698521944,9.161474811576215e-05,0.4011496074386973,64
QMIX,0,4928,76,4904,-360.0907942006854,-5.62641865938571,0.7985462097611631,963,769,205,0,3.811443433029909,6.0,769,5809.915305839814,5781.707053649498,28.208252190316944,90.7799266537471,0.005191148551788663,0.12977871379471656,8.111169612169786e-05,0.4014795643192628,64
QMIX,0,4992,77,4968,-430.103878511927,-6.7203731017488595,0.779826464208243,922,719,195,0,3.764951321279555,6.0,719,6473.152426255535,6447.060511894702,26.091914360835478,101.14300666024273,0.005781726832977847,0.14454317082444618,9.033948176527886e-05,0.4013959966154933,64
QMIX,0,5056,78,5032,-361.8464824453264,-5.653851288208225,0.7521008403361344,952,716,220,0,3.622905027932961,6.0,716,5861.642471276785,5836.019616122409,25.62285515437546,91.58816361369976,0.005063061884431863,0.12657654711079658,7.911034194424785e-05,0.40102523857347433,64
QMIX,0,5120,79,5096,-375.5381222754878,-5.867783160554497,0.7931769722814499,938,744,200,0,3.8198924731182795,6.0,744,5926.006405251538,5898.600460849048,27.405944402488085,92.59385008205528,0.005292986415439383,0.13232466038598456,8.270291274124036e-05,0.4015572790622911,64
QMIX,0,5184,80,5160,-303.80493239867485,-4.7469520687292945,0.789587852494577,922,728,189,0,3.6538461538461537,6.0,728,5612.173777896545,5586.398528742916,25.77524915363245,87.69021527963352,0.004546735826005769,0.11366839565014422,7.104274728134014e-05,0.40172477091713266,64
QMIX,0,5248,81,5224,-322.0729925966583,-5.032390509322786,0.7961579509071505,937,746,207,0,3.778820375335121,6.0,746,5181.973657128721,5155.636876081533,26.33678104718968,80.96833839263627,0.004755428178688262,0.11888570446720655,7.43035652920041e-05,0.401506778202224,64
QMIX,0,5312,82,5288,-225.15720990614096,-3.5180814047834525,0.771859296482412,995,768,219,0,3.8059895833333335,6.0,768,4926.814103249777,4896.999236083734,29.814867166042365,76.98147036327777,0.0038217277880989043,0.0955431947024726,5.971449668904538e-05,0.4007946189396712,64
QMIX,0,5376,83,5352,-304.6007465645765,-4.759386665071508,0.7798672566371682,904,705,201,0,3.730496453900709,6.0,705,5354.145184254702,5328.721203964815,25.423980289887766,83.65851850397972,0.0044879233486909914,0.11219808371727479,7.012380232329674e-05,0.40126355828470794,64
QMIX,0,5440,84,5416,-249.14482850851599,-3.8928879454455623,0.7754010695187166,935,725,210,0,3.708965517241379,6.0,725,4922.800323002651,4896.8005785127,25.999744489950317,76.91875504691642,0.003970361046058851,0.09925902615147127,6.203689134466954e-05,0.40161301091279533,64
QMIX,0,5504,85,5480,-284.5241464874469,-4.445689788866358,0.7956284153005464,915,728,183,0,3.7293956043956045,6.0,728,5735.902168959314,5709.262144858225,26.64002410108688,89.62347138998928,0.004364000606952772,0.10910001517381929,6.818750948363706e-05,0.4022608707488731,64
QMIX,0,5568,86,5544,-299.8261322360578,-4.684783316188403,0.7918050941306756,903,715,200,0,3.7832167832167833,6.0,715,5867.227390093568,5840.024788262214,27.202601831356034,91.675427970212,0.0044656901770122005,0.11164225442530501,6.977640901581563e-05,0.4037856328440933,64
QMIX,0,5632,87,5608,-299.7743808880706,-4.683974701376103,0.7739872068230277,938,726,214,0,3.8360881542699725,6.0,726,5617.251920052271,5589.043070973519,28.20884907875455,87.76956125081674,0.004474532998329492,0.1118633249582373,6.991457809889831e-05,0.40511415782343463,64
QMIX,0,5696,88,5672,-332.773051631704,-5.199578931745375,0.7795527156549521,939,732,202,0,3.6666666666666665,6.0,732,5872.233697107341,5844.787178111743,27.446518995599277,91.7536515173022,0.004831245663571918,0.12078114158929797,7.548821349331123e-05,0.40648863452976064,64
QMIX,0,5760,89,5736,-288.27095811523156,-4.504233720550493,0.804851157662624,907,730,192,0,3.7383561643835614,6.0,730,5153.866710094447,5128.1914997436315,25.675210350812833,80.52916734522573,0.004394977456874126,0.10987443642185314,6.867152276365822e-05,0.4088956522310334,64
QMIX,0,5824,90,5800,-297.7004553025085,-4.651569614101695,0.7783902976846747,907,706,179,0,3.6458923512747874,6.0,706,5542.220695736432,5517.429723507575,24.790972228858298,86.59719837088176,0.004445997113559119,0.11114992783897797,6.946870489936123e-05,0.41020869521897574,64
QMIX,0,5888,91,5864,-286.0483393328444,-4.469505302075694,0.8053097345132744,904,728,167,0,3.7032967032967035,6.0,728,5596.762648448241,5570.937618577333,25.825029870906878,87.44941638200376,0.0043981535924350005,0.10995383981087502,6.872114988179688e-05,0.410894217435427,64
QMIX,0,5952,92,5928,-275.7899515866799,-4.309217993541873,0.7861080485115767,907,713,199,0,3.9368863955119213,6.0,713,5775.953194688944,5747.550918392975,28.40227629596791,90.24926866701475,0.004223805104124315,0.10559512760310787,6.599695475194242e-05,0.41131550718939264,64
QMIX,0,6016,93,5992,-384.4067989787346,-6.006356234042729,0.8198403648802737,877,719,175,0,3.603616133518776,6.0,719,5949.519927971748,5925.320237866879,24.19969010487181,92.96124887455856,0.0053504385428929865,0.13376096357232467,8.360060223270291e-05,0.41126041740072655,64
QMIX,0,6080,94,6056,-302.6294744049298,-4.728585537577028,0.7814498933901919,938,733,203,0,3.7953615279672577,6.0,733,5893.990629884766,5866.618599137434,27.372030747329664,92.09360359194947,0.004532957893186828,0.1133239473296707,7.082746708104419e-05,0.4105886238571077,64
QMIX,0,6144,95,6120,-239.5491923683409,-3.7429561307553265,0.7780172413793104,928,722,199,0,3.6481994459833795,6.0,722,4927.430804996216,4901.353715639103,26.07708935711256,76.99110632806587,0.00388020685904301,0.09700517147607525,6.062823217254703e-05,0.40964573356428546,64
QMIX,0,6208,96,6184,-323.7424726119178,-5.058476134561215,0.7906482465462275,941,744,195,0,3.842741935483871,6.0,744,6337.247609046697,6308.9559617323885,28.291647314307095,99.01949389135464,0.004780711737941932,0.1195177934485483,7.46986209053427e-05,0.40818013360502914,64
QMIX,0,6272,97,6248,-234.79737244113463,-3.6687089443927285,0.7707865168539326,890,686,204,0,3.690962099125364,6.0,686,5283.691440508165,5258.056165900324,25.63527460783932,82.55767875794008,0.0037417495992933983,0.09354373998233495,5.846483748895935e-05,0.4070241435081354,64
QMIX,0,6336,98,6312,-193.62681196861013,-3.0254189370095332,0.7936865839909808,887,704,194,0,3.7230113636363638,6.0,704,4550.717261565566,4524.740059580122,25.977201985446072,71.10495721196197,0.0033855471917175355,0.08463867979293839,5.289917487058649e-05,0.4048776411377258,64
QMIX,0,6400,99,6376,-280.24568030761054,-4.378838754806415,0.7791537667698658,969,755,211,0,3.7655629139072846,6.0,755,6184.880628401736,6157.751481329237,27.12914707249953,96.63875981877713,0.004352072269550058,0.10880180673875145,6.800112921171965e-05,0.4024345319255399,64
QMIX,0,6464,100,6440,-316.359733694488,-4.943120838976375,0.7551652892561983,968,731,228,0,3.9069767441860463,6.0,731,5565.650396108103,5537.130569698406,28.51982640969632,86.96328743918912,0.0046353163059853,0.1158829076496325,7.242681728102031e-05,0.40139843732060315,64
QMIX,0,6528,101,6504,-291.69110488058925,-4.557673513759207,0.8211640211640212,945,776,182,0,3.823453608247423,6.0,776,6007.086537896437,5978.676450030517,28.410087865917937,93.86072715463183,0.004550757881924643,0.11376894704811606,7.110559190507254e-05,0.4003078050403099,64
QMIX,0,6592,102,6568,-297.4482868489404,-4.647629482014694,0.8011049723756906,905,725,171,0,3.740689655172414,6.0,725,5370.779465035395,5343.619980999339,27.159484036056792,83.91842914117805,0.004499620032134425,0.11249050080336062,7.030656300210039e-05,0.3992204164040192,64
QMIX,0,6656,103,6632,-347.6859793959261,-5.432593428061345,0.805793991416309,932,751,181,0,3.8495339547270304,6.0,751,5508.499260417707,5480.497243692711,28.00201672499646,86.07030094402667,0.00505259287379973,0.12631482184499326,7.894676365312079e-05,0.3985157320408227,64
QMIX,0,6720,104,6696,-373.10038944658925,-5.829693585102957,0.7467597208374875,1003,749,247,0,3.8638184245660883,6.0,749,6086.6760239754885,6056.986567840807,29.68945613468631,95.10431287461701,0.005222357302246599,0.13055893255616496,8.15993328476031e-05,0.399405634814474,64
QMIX,0,6784,105,6760,-369.57050939755754,-5.774539209336837,0.7963944856839873,943,751,199,0,3.841544607190413,6.0,751,5616.541729164788,5587.74632393381,28.795405230977504,87.75846451819982,0.0052505100101618825,0.13126275025404707,8.203921890877941e-05,0.4003433119128017,64
QMIX,0,6848,106,6824,-268.279954489809,-4.191874288903265,0.7942528735632184,870,691,187,0,3.8205499276410997,6.0,691,4648.23038171286,4622.552848362319,25.677533350540095,72.62859971426344,0.00410853103924749,0.10271327598118725,6.419579748824203e-05,0.40030453976344627,64
QMIX,0,6912,107,6888,-343.6361951873904,-5.369315549802975,0.7883771929824561,912,719,193,0,3.801112656467316,6.0,719,5049.130831364552,5022.6248984966805,26.50593286786872,78.89266924007113,0.0049203437319028775,0.12300859329757194,7.688037081098246e-05,0.40085776579980187,64
QMIX,0,6976,108,6952,-402.53729175115996,-6.289645183611874,0.774896265560166,964,747,208,0,3.7429718875502007,6.0,747,5853.778022919893,5825.960564913528,27.81745800636529,91.46528160812333,0.005557235851688654,0.13893089629221636,8.683181018263522e-05,0.40240636750042924,64
QMIX,0,7040,109,7016,-436.8826883798615,-6.826292005935336,0.7896907216494845,970,766,206,0,3.83289817232376,6.0,766,5975.745866411666,5946.78691425907,28.958952152596705,93.37102916268228,0.0059472430956640475,0.1486810773916012,9.292567336975074e-05,0.40416921888100893,64
QMIX,0,7104,110,7080,-406.51006872254885,-6.351719823789826,0.7751295336787565,965,748,219,0,3.9197860962566846,6.0,748,5608.226040960734,5579.13754865124,29.0884923094957,87.62853189001147,0.0055862515471221666,0.13965628867805416,8.728518042378385e-05,0.4053863754857694,64
QMIX,0,7168,111,7144,-559.404026453024,-8.7406879133285,0.7972027972027972,1001,798,207,0,3.68796992481203,6.0,798,7079.6177053042,7050.58621429811,29.031491006090775,110.61902664537813,0.007248906023694454,0.18122265059236134,0.00011326415662022584,0.40757068952369835,64
QMIX,0,7232,112,7208,-431.7776344728446,-6.746525538638197,0.7713651498335183,901,695,202,0,3.805755395683453,6.0,695,5416.877377440521,5389.219374874116,27.65800256640307,84.63870902250814,0.005732199442887882,0.14330498607219705,8.956561629512316e-05,0.4087777768056692,64
QMIX,0,7296,113,7272,-530.5881398963479,-8.290439685880436,0.7734042553191489,940,727,201,0,3.823933975240715,6.0,727,6323.983443978053,6296.488048833965,27.495395144089706,98.81224131215708,0.006798689414007555,0.16996723535018887,0.00010622952209386805,0.4098731624729005,64
QMIX,0,7360,114,7336,-545.1864883419053,-8.51853888034227,0.7712486883525709,953,735,221,0,3.834013605442177,6.0,735,6479.3414114254565,6450.751677684686,28.58973374077344,101.23970955352276,0.006938619048781773,0.17346547621954433,0.0001084159226372152,0.41207017345491226,64
QMIX,0,7424,115,7400,-479.84054355387747,-7.497508493029335,0.7797872340425532,940,733,206,0,3.7980900409276943,6.0,733,5961.3099564798,5932.950623380572,28.359333099228756,93.14546806999688,0.006296442293032262,0.15741105732580654,9.838191082862909e-05,0.41304573923024396,64
QMIX,0,7488,116,7464,-488.56179894345655,-7.633778108491509,0.7819634703196348,876,685,202,0,3.7766423357664234,6.0,685,5712.247100658939,5686.4585298945785,25.788570764358255,89.25386094779593,0.00627477600541596,0.15686940013539902,9.804337508462438e-05,0.4137432433245401,64
QMIX,0,7552,117,7528,-436.18960802944184,-6.815462625460029,0.805111821086262,939,756,186,0,3.82010582010582,6.0,756,6093.3043705398595,6066.869219271296,26.435151268562077,95.2078807896853,0.005940709630572272,0.1485177407643068,9.282358797769175e-05,0.4139460150573222,64
QMIX,0,7616,118,7592,-531.8199636233355,-8.309686931614618,0.8062098501070664,934,753,178,0,3.806108897742364,6.0,753,6304.603406132007,6277.576176548296,27.027229583715652,98.50942822081261,0.006901850963988457,0.17254627409971143,0.00010784142131231964,0.41519004201170656,64
QMIX,0,7680,119,7656,-389.75972739223346,-6.089995740503648,0.7977401129943503,885,706,185,0,3.828611898016997,6.0,706,5474.331467695972,5446.641968337809,27.689499358156503,85.53642918274956,0.005358785391208761,0.13396963478021903,8.373102173763689e-05,0.4179859288775335,64
QMIX,0,7744,120,7720,-454.17929767225337,-7.096551526128959,0.7431289640591966,946,703,231,0,3.809388335704125,6.0,703,5625.040767444926,5597.940588995124,27.1001784498033,87.89126199132697,0.0059381184203729604,0.14845296050932402,9.278310031832751e-05,0.41917957850496,64
QMIX,0,7808,121,7784,-536.3279768674438,-8.38012463855381,0.8015267175572519,917,735,173,0,3.7877551020408164,6.0,735,5923.292831970457,5895.260230786822,28.03260118363577,92.55145049953839,0.0069087284020226195,0.17271821005056548,0.00010794888128160343,0.4211220174018614,64
QMIX,0,7872,122,7848,-564.7852025655734,-8.824768790087084,0.7931034482758621,928,736,198,0,3.786684782608696,6.0,736,6173.749644080885,6146.114319455197,27.635324625687165,96.46483818876384,0.007161344105457626,0.17903360263644066,0.00011189600164777541,0.4233022041613149,64
QMIX,0,7936,123,7912,-515.1718335056302,-8.049559898525471,0.8128834355828221,978,795,188,0,3.850314465408805,6.0,795,5820.003314071948,5789.718232891094,30.285081180853155,90.93755178237419,0.006822681111033203,0.17056702777583008,0.0001066043923598938,0.42505230816464273,64
QMIX,0,8000,124,7976,-422.90922989894534,-6.607956717171021,0.7828571428571428,875,685,194,0,3.805839416058394,6.0,685,5266.314494214322,5240.254069159738,26.060425054584666,82.28616397209878,0.005628187651972369,0.14070469129930924,8.794043206206827e-05,0.4264371283704407,64
QMIX,0,8064,125,8040,-545.6384783827956,-8.525601224731181,0.749475890985325,954,715,241,0,3.841958041958042,6.0,715,5660.091184217101,5630.573091271273,29.518092945826318,88.4389247533922,0.00686836253767138,0.1717090634417845,0.00010731816465111531,0.4274088833189836,64
QMIX,0,8128,126,8104,-662.4707439114823,-10.35110537361691,0.7795431976166832,1007,785,217,0,3.881528662420382,6.0,785,6905.530010963419,6874.327788108627,31.202222854792225,107.89890642130342,0.008234116128973722,0.20585290322434305,0.0001286580645152144,0.4272355002813816,64
QMIX,0,8192,127,8168,-535.6107890404396,-8.368918578756869,0.7775467775467776,962,748,220,0,3.911764705882353,6.0,748,6134.193197856807,6104.480119913182,29.713077943629347,95.84676871651261,0.006873988073329138,0.17184970183322845,0.00010740606364576778,0.4268792642509627,64
QMIX,0,8256,128,8232,-495.61983770661146,-7.744059964165804,0.7743589743589744,975,755,205,0,3.7788079470198674,6.0,755,5763.993180433463,5734.244104499715,29.749075933747125,90.06239344427286,0.006509186350463947,0.16272965876159867,0.00010170603672599917,0.4261429170571727,64
QMIX,0,8320,129,8296,-550.6423682087845,-8.603787003262259,0.7821888412017167,932,729,212,0,3.8161865569272977,6.0,729,6095.311430432398,6066.86231861382,28.44911181857448,95.23924110050622,0.00698721862591448,0.174680465647862,0.00010917529102991375,0.42499914183209375,64
QMIX,0,8384,130,8360,-489.6171832054413,-7.65026848758502,0.7864184008762322,913,718,207,0,3.933147632311978,6.0,718,5587.174626511416,5558.49693734608,28.67768916533574,87.29960353924088,0.006358949708214053,0.15897374270535133,9.935858919084458e-05,0.42325549776238985,64
QMIX,0,8448,131,8424,-632.998787503065,-9.890606054735391,0.7684319833852544,963,740,200,0,3.858108108108108,6.0,740,6488.4931925042365,6459.1515119308,29.341680573438772,101.3827061328787,0.007854359322609635,0.19635898306524088,0.00012272436441577555,0.4219968806874247,64
QMIX,0,8512,132,8488,-472.73830961591636,-7.386536087748693,0.7807775377969762,926,723,207,0,3.8824343015214384,6.0,723,5611.18177562041,5581.833241046168,29.34853457424474,87.6747152440689,0.006201608972529647,0.1550402243132412,9.690014019577573e-05,0.42121520308532123,64
QMIX,0,8576,133,8552,-430.5848726959738,-6.72788863587459,0.7714285714285715,945,729,224,0,3.840877914951989,6.0,729,5558.573372661238,5528.938977706244,29.634394954992953,86.85270894783184,0.005774423191357126,0.14436057978392816,9.02253623649551e-05,0.4198703941736161,64
QMIX,0,8640,134,8616,-417.65520912460283,-6.525862642571919,0.792090395480226,885,701,179,0,3.7261055634807416,6.0,701,5239.665721847163,5213.1014765624905,26.564245284671173,81.86977690386192,0.005635513404173244,0.14088783510433112,8.805489694020694e-05,0.41845432307793895,64
QMIX,0,8704,135,8680,-458.295387794503,-7.160865434289109,0.7804370447450573,961,750,204,0,3.8493333333333335,6.0,750,5505.894843988841,5476.57210755242,29.322736436420556,86.02960693732564,0.00612549329680577,0.15313733242014427,9.571083276259016e-05,0.41859156078876314,64
QMIX,0,8768,136,8744,-536.4006891372898,-8.381260767770152,0.7918552036199095,884,700,205,0,3.7714285714285714,6.0,700,5466.01576235089,5440.415438987168,25.60032336371967,85.40649628673266,0.006784952991843951,0.16962382479609878,0.00010601489049756174,0.41821120389021527,64
QMIX,0,8832,137,8808,-450.1848931104965,-7.034138954851508,0.7682539682539683,945,726,199,0,3.891184573002755,6.0,726,5759.387644182461,5729.570703328321,29.816940854139098,89.99043194035096,0.00599368119890639,0.14984202997265975,9.365126873291235e-05,0.4179967958820826,64
QMIX,0,8896,138,8872,-550.5488851668856,-8.602326330732588,0.7807775377969762,926,723,213,0,3.784232365145228,6.0,723,6291.378844397971,6263.69400201417,27.684842383803407,98.3027944437183,0.006971897118846328,0.17429742797115821,0.00010893589248197388,0.41765661318911795,64
QMIX,0,8960,139,8936,-451.6677831408225,-7.057309111575352,0.7934782608695652,920,730,190,0,3.7904109589041095,6.0,730,5328.515468698859,5301.410276089661,27.105192609198657,83.25805419841967,0.006028903886796955,0.15072259716992387,9.420162323120242e-05,0.4172690631119311,64
QMIX,0,9024,140,9000,-600.337107637202,-9.380267306831282,0.7925925925925926,945,749,193,0,3.8584779706275034,6.0,749,6575.581142318005,6546.4454018340575,29.135740483945312,102.74345534871883,0.007556058344855164,0.18890145862137908,0.00011806341163836193,0.41807430659252653,64
QMIX,0,9088,141,9064,-407.1903642327853,-6.362349441137271,0.7833698030634574,914,716,213,0,3.835195530726257,6.0,716,5365.879027722704,5337.865437362118,28.013590360588072,83.84185980816726,0.005524813022152495,0.13812032555381237,8.632520347113274e-05,0.418905970950477,64
QMIX,0,9152,142,9128,-424.517993705862,-6.633093651654094,0.7390396659707724,958,708,226,0,3.8559322033898304,6.0,708,5243.802909581066,5213.539127229173,30.263782351895316,81.93442046220416,0.005659079317130097,0.14147698292825245,8.842311433015777e-05,0.4198690158599127,64
QMIX,0,9216,143,9192,-311.308024120893,-4.864187876888953,0.784037558685446,852,668,204,0,4.00748502994012,6.0,668,4218.216371430005,4190.169309187663,28.047062242341745,65.90963080359383,0.0044598677148833706,0.11149669287208426,6.968543304505266e-05,0.4217020794000015,64
QMIX,0,9280,144,9256,-385.7006559341914,-6.0265727489717404,0.7557755775577558,909,687,216,0,3.953420669577875,6.0,687,5564.674767826206,5535.073565096073,29.60120273013157,86.94804324728447,0.005235559931208857,0.13088899828022144,8.18056239251384e-05,0.4235118158882168,64
QMIX,0,9344,145,9320,-336.777218221027,-5.262144034703547,0.7672514619883041,855,656,199,0,3.9878048780487805,6.0,656,4284.624539099972,4258.069471851448,26.55506724852541,66.94725842343706,0.004694028273015691,0.11735070682539228,7.334419176587017e-05,0.424573460661123,64
QMIX,0,9408,146,9384,-362.8673838908686,-5.669802873294822,0.7681159420289855,897,689,212,0,3.918722786647315,6.0,689,4954.959435021148,4927.210212085353,27.749222935796467,77.42124117220544,0.005018537322423534,0.12546343306058835,7.841464566286772e-05,0.4250195062683845,64
QMIX,0,9472,147,9448,-405.79578607151495,-6.340559157367421,0.7537154989384289,942,710,220,0,3.7619718309859156,6.0,710,5937.272562940189,5907.591206515516,29.681356424670817,92.76988379594046,0.005486685046292461,0.13716712615731153,8.57294538483197e-05,0.42517067360852245,64
QMIX,0,9536,148,9512,-361.71520568118905,-5.651800088768579,0.7883538633818589,893,704,205,0,4.011363636363637,6.0,704,4755.915350076568,4726.625137306775,29.290212769794657,74.31117734494637,0.005049350772841389,0.12623376932103472,7.88961058256467e-05,0.4253926030523717,64
QMIX,0,9600,149,9576,-432.36234736183644,-6.755661677528694,0.772972972972973,925,715,189,0,3.8643356643356643,6.0,715,5224.699721358529,5196.576043523736,28.12367783479402,81.63593314622702,0.005802030356968138,0.14505075892420344,9.065672432762715e-05,0.42401746742598495,64
QMIX,0,9664,150,9640,-390.48227703723086,-6.101285578706732,0.8155440414507772,965,787,184,0,3.8170266836086406,6.0,787,5697.680442278114,5668.76154880202,28.918893476095644,89.02625691059554,0.005563968070957235,0.13909920177393087,8.693700110870679e-05,0.42321840814748046,64
QMIX,0,9728,151,9704,-504.2642676854357,-7.879129182584933,0.8105046343975283,971,787,194,0,3.681067344345616,6.0,787,6775.147854748856,6747.40179026311,27.7460644857424,105.86168523045087,0.006687674833362402,0.16719187083406004,0.00010449491927128753,0.422414526351217,64
QMIX,0,9792,152,9768,-392.6682794894631,-6.135441867022861,0.788135593220339,944,744,195,0,3.8051075268817205,6.0,744,6053.356039767971,6023.766239406163,29.589800361808074,94.58368812137455,0.005467285941876084,0.13668214854690208,8.542634284181381e-05,0.42213455845942044,64
QMIX,0,9856,153,9832,-420.8209362363912,-6.575327128693613,0.7936991869918699,984,781,187,0,3.81562099871959,6.0,781,6329.677042308295,6299.306429780293,30.370612528003402,98.90120378606711,0.0058467722933089146,0.14616930733272288,9.135581708295179e-05,0.420399736912084,64
QMIX,0,9920,154,9896,-392.8392804574816,-6.13811375714815,0.7722048066875653,957,739,226,0,3.855209742895805,6.0,739,5629.654000471525,5600.4856520195535,29.168348451971966,87.96334375736758,0.005418574729564973,0.13546436823912433,8.466523014945271e-05,0.419263835573771,64
QMIX,0,9984,155,9960,-421.1287717653866,-6.580137058834166,0.7908902691511387,966,764,209,0,3.980366492146597,6.0,764,6182.887992432203,6152.426515493157,30.46147693904221,96.60762488175317,0.005781464400412713,0.1445366100103178,9.033538125644863e-05,0.41820860014117983,64
QMIX,0,10048,156,10024,-287.37941092397386,-4.490303295687092,0.760797342192691,903,687,226,0,3.960698689956332,6.0,687,4381.584035553863,4352.124660411925,29.45937514193749,68.46225055552911,0.0042410211844755505,0.10602552961188877,6.626595600743048e-05,0.41565007603890647,64
QMIX,0,10112,157,10088,-370.6221669426235,-5.790971358478492,0.8083067092651757,939,759,183,0,3.8274044795783926,6.0,759,5652.7409965525385,5623.526121682684,29.21487486985092,88.32407807113341,0.005298433511728877,0.13246083779322193,8.27880236207637e-05,0.41338409079280325,64
QMIX,0,10176,158,10152,-329.7593385540674,-5.1524896649073035,0.7686567164179104,938,721,207,0,3.7586685159500695,6.0,721,5210.034558249743,5182.890922284463,27.14363596527901,81.40678997265223,0.004770154617960513,0.11925386544901283,7.453366590563302e-05,0.41146519773006224,64
QMIX,0,10240,159,10216,-391.77104386696783,-6.121422560421372,0.8255451713395638,963,795,161,0,3.69811320754717,6.0,795,6234.977385414018,6209.350546492518,25.626838921496997,97.42152164709402,0.005621247985170338,0.14053119962925845,8.783199976828653e-05,0.41087781870646267,64
QMIX,0,10304,160,10280,-260.1604618694274,-4.0650072167098035,0.800910125142207,879,704,182,0,3.909090909090909,6.0,704,4746.46724540891,4719.770039882093,26.697205526819545,74.16355070951421,0.0040639275085660575,0.10159818771415144,6.349886732134465e-05,0.41038264872310376,64
QMIX,0,10368,161,10344,-358.45282487444473,-5.600825388663199,0.761646803900325,923,703,218,0,3.7809388335704126,6.0,703,5660.7013854080415,5633.340222526686,27.361162881357405,88.44845914700065,0.004998445063901104,0.12496112659752759,7.810070412345475e-05,0.4094571478892951,64
QMIX,0,10432,162,10408,-491.04129310072915,-7.672520204698893,0.7579408543263965,913,692,212,0,4.0,6.0,692,5965.926689138219,5936.6858967820845,29.240792356132943,93.21760451778468,0.006303541718252764,0.1575885429563191,9.849283934769944e-05,0.4089061527373548,64
QMIX,0,10496,163,10472,-275.8624063397084,-4.310350099057944,0.7694736842105263,950,731,230,0,3.8522571819425444,6.0,731,4866.288507375245,4836.635311888352,29.65319548689208,76.0357579277382,0.004225858255281163,0.10564645638202907,6.602903523876818e-05,0.408450716761795,64
QMIX,0,10560,164,10536,-290.5964045076087,-4.540568820431386,0.7566079295154186,908,687,223,0,3.930131004366812,6.0,687,4816.547144357813,4788.1344202149285,28.412724142880396,75.25854913059082,0.004277330903940891,0.10693327259852228,6.683329537407642e-05,0.40789902044704973,64
QMIX,0,10624,165,10600,-307.03666074671594,-4.7974478241674365,0.7505643340857788,886,665,212,0,3.9744360902255638,6.0,665,5196.4279793003025,5167.771193464318,28.65678583598112,81.19418717656723,0.0044037785393838,0.110094463484595,6.880903967787188e-05,0.40734329521156143,64
QMIX,0,10688,166,10664,-363.6912316352218,-5.682675494300341,0.7737973387922211,977,756,227,0,3.914021164021164,6.0,756,5757.677678605832,5727.768583639691,29.909094966140398,89.96371372821612,0.0051703885000207285,0.1292597125005182,8.078732031282388e-05,0.40695058934729217,64
QMIX,0,10752,167,10728,-267.32613517824416,-4.176970862160065,0.7704590818363274,1002,772,225,0,3.819948186528497,6.0,772,6155.954315763069,6125.9391215043015,30.015194258762072,96.18678618379795,0.0042479505692533375,0.10619876423133344,6.63742276445834e-05,0.4079519710397614,64
QMIX,0,10816,168,10792,-216.88506012134698,-3.3888290643960466,0.8082663605051664,871,704,173,0,3.8295454545454546,6.0,704,4416.351952549862,4390.862970311103,25.488982238761604,69.0054992585916,0.00364111235243267,0.09102780881081675,5.689238050676047e-05,0.408322061092054,64
QMIX,0,10880,169,10856,-312.8191704922931,-4.88779953894208,0.7846309403437816,989,776,212,0,3.877577319587629,6.0,776,5965.14151158731,5935.080917235146,30.06059435216343,93.20533611855171,0.004726059434432829,0.11815148586082072,7.384467866301295e-05,0.4081164657164022,64
QMIX,0,10944,170,10920,-360.7388556044846,-5.636544618820072,0.78125,928,725,200,0,3.823448275862069,6.0,725,6310.8441459179485,6282.31757349929,28.52657241865743,98.60693977996795,0.005099152745687215,0.12747881864218039,7.967426165136274e-05,0.408101223079644,64
QMIX,0,11008,171,10984,-302.39010503163547,-4.724845391119304,0.8019271948608137,934,749,185,0,3.8811748998664886,6.0,749,5608.045117108129,5578.462370103792,29.582747004336543,87.62570495481451,0.004590759320975011,0.11476898302437528,7.173061439023455e-05,0.40793669643470787,64
QMIX,0,11072,172,11048,-306.5454608970021,-4.789772826515658,0.7976694915254238,944,753,200,0,3.859229747675963,6.0,753,6135.975861858555,6105.803554294688,30.172307563867424,95.87462284153992,0.004622466966514646,0.11556167416286614,7.222604635179134e-05,0.4085779845096701,64
QMIX,0,11136,173,11112,-231.81872159785146,-3.622167524966429,0.7642626480086114,929,710,201,0,3.843661971830986,6.0,710,5352.439458992109,5325.029877435873,27.409581556235363,83.63186654675171,0.0037735237415857706,0.09433809353964427,5.8961308462277666e-05,0.40897078607289317,64
QMIX,0,11200,174,11176,-273.94903671194663,-4.280453698624166,0.7729211087420043,938,725,217,0,3.9517241379310346,6.0,725,6120.205701601256,6089.313750037464,30.891951563790354,95.62821408751962,0.004211366373268998,0.10528415933172496,6.58025995823281e-05,0.41011529969661853,64
QMIX,0,11264,175,11240,-355.3779307336006,-5.552780167712509,0.8108974358974359,936,759,178,0,3.772068511198946,6.0,759,6486.585915311133,6460.397624111656,26.188291199477145,101.35290492673646,0.005152352298232482,0.12880880745581205,8.050550465988253e-05,0.41260258563158664,64
QMIX,0,11328,176,11304,-315.33773857619383,-4.927152165253029,0.7810590631364562,982,767,214,0,3.8591916558018253,6.0,767,6323.188512273036,6293.570364672269,29.61814760076768,98.7998205042662,0.004729135912653534,0.11822839781633836,7.389274863521147e-05,0.41356479995471485,64
QMIX,0,11392,177,11368,-205.47139426751767,-3.2104905354299635,0.7991071428571429,896,716,195,0,4.032122905027933,6.0,716,5112.421695557605,5083.884065309792,28.537630247814405,79.88158899308758,0.0035302033210373495,0.08825508302593374,5.5159426891208585e-05,0.41438246835157644,64
QMIX,0,11456,178,11432,-257.31341402309766,-4.020522094110901,0.7757894736842105,950,737,210,0,3.933514246947083,6.0,737,5309.221768867597,5280.319259634245,28.902509233348965,82.95659013855621,0.0040801181285842255,0.10200295321460563,6.375184575912852e-05,0.4140073057715284,64
QMIX,0,11520,179,11496,-215.95129264450165,-3.3742389475703383,0.7990919409761634,881,704,169,0,3.9318181818181817,6.0,704,5005.634770290898,4979.005656548559,26.6291137423354,78.21304328579528,0.0036374670487295084,0.09093667621823771,5.683542263639857e-05,0.4135801169040129,64
QMIX,0,11584,180,11560,-225.86330421569866,-3.5291141283702916,0.7556935817805382,966,730,225,0,3.9328767123287673,6.0,730,4963.595615749596,4934.021085598305,29.574530151294013,77.55618149608743,0.0037312042579442936,0.09328010644860735,5.830006653037959e-05,0.41253565164377504,64
QMIX,0,11648,181,11624,-221.66232909362344,-3.4634738920878663,0.7945205479452054,876,696,193,0,3.8922413793103448,6.0,696,4768.609756204522,4741.696502719135,26.913253485384157,74.50952744069565,0.003646492671362857,0.09116231678407143,5.697644799004464e-05,0.41112774197034685,64
QMIX,0,11712,182,11688,-268.33455190732036,-4.192727373551881,0.7918552036199095,884,700,179,0,3.9657142857142857,6.0,700,5897.12347782723,5868.470630166457,28.652847660772622,92.14255434105047,0.004139595781022979,0.10348989452557449,6.468118407848405e-05,0.4096466388437726,64
QMIX,0,11776,183,11752,-245.68228243593816,-3.838785663061534,0.7844827586206896,928,728,207,0,3.9368131868131866,6.0,728,5398.00175028636,5368.615238795557,29.386511490800064,84.34377734822438,0.003946061600625722,0.09865154001564304,6.16572125097769e-05,0.40811347853027363,64
QMIX,0,11840,184,11816,-188.7186943292231,-2.948729598894111,0.7628635346756152,894,682,198,0,3.941348973607038,6.0,682,4543.558141597253,4515.06825568813,28.489885909121007,70.99309596245708,0.0032788136430680357,0.0819703410767009,5.123146317293806e-05,0.4054369864211758,64
QMIX,0,11904,185,11880,-211.02707947319374,-3.297298116768652,0.7874285714285715,875,689,193,0,3.9738751814223514,6.0,689,5018.168705921115,4989.289382454845,28.87932346627135,78.40888603001743,0.0035225125328879675,0.08806281332219919,5.503925832637449e-05,0.40248997902538325,64
QMIX,0,11968,186,11944,-314.8445720234689,-4.919446437866702,0.7714581178903827,967,746,225,0,3.9195710455764075,6.0,746,6023.0791929667885,5992.300753790503,30.778439176283822,94.11061239010607,0.004657405063090438,0.11643512657726095,7.27719541107881e-05,0.4005916897462186,64
QMIX,0,12032,187,12008,-192.2112161695104,-3.0033002526486,0.7645089285714286,896,685,226,0,4.046715328467153,6.0,685,4253.927943945305,4226.113768885839,27.81417505946675,66.46762412414539,0.003286184821285171,0.08215462053212928,5.13466378325808e-05,0.39904572602727917,64
QMIX,0,12096,188,12072,-229.84554985575977,-3.5913367164962464,0.7595505617977528,890,676,193,0,3.960059171597633,6.0,676,4636.322211060467,4608.079104026798,28.243107033669567,72.4425345478198,0.00368101470027291,0.09202536750682275,5.7515854691764215e-05,0.3966288907608161,64
QMIX,0,12160,189,12136,-207.94209780956442,-3.249095278274444,0.7540628385698809,923,696,227,0,3.9827586206896552,6.0,696,4864.81384010069,4835.626346224265,29.187493876425233,76.01271625157328,0.0034701733979997664,0.08675433494999416,5.422145934374635e-05,0.3953243733295573,64
QMIX,0,12224,190,12200,-238.24193201574352,-3.7225301877459924,0.7769145394006659,901,700,221,0,4.057142857142857,6.0,700,4502.840987123119,4473.304876011704,29.536111111414435,70.35689042379873,0.0037860782045643234,0.09465195511410808,5.915747194631755e-05,0.39393436072254073,64
QMIX,0,12288,191,12264,-294.4438458720981,-4.600685091751533,0.7559322033898305,885,669,212,0,3.9641255605381165,6.0,669,4811.773514266057,4784.012113170381,27.761401095676568,75.18396116040714,0.004286200900607115,0.10715502251517789,6.697188907198618e-05,0.39355500515427655,64
QMIX,0,12352,192,12328,-316.2266019049608,-4.941040654765012,0.7386243386243386,945,698,229,0,3.979942693409742,6.0,698,5793.947687374543,5763.320923203565,30.626764170974525,90.53043261522724,0.0045519367130711285,0.11379841782677821,7.112401114173638e-05,0.39526309876821814,64
QMIX,0,12416,193,12392,-409.3612543740848,-6.396269599595075,0.7712053571428571,896,691,222,0,3.9059334298118666,6.0,691,5781.91187503851,5753.997826355466,27.91404868304339,90.34237304747671,0.0054762577271975435,0.13690644317993858,8.556652698746162e-05,0.3975970233127112,64
QMIX,0,12480,194,12456,-280.71847575245886,-4.38622618363217,0.7960308710033076,907,722,182,0,3.832409972299169,6.0,722,5196.011234987154,5169.793968401292,26.21726658586263,81.18767554667428,0.004309158475330239,0.10772896188325598,6.733060117703499e-05,0.39950229119546526,64
QMIX,0,12544,195,12520,-490.75409840261017,-7.668032787540784,0.7757575757575758,990,768,218,0,3.9921875,6.0,768,6550.809625259587,6519.711289741883,31.09833551770073,102.35640039468105,0.006475409729968886,0.16188524324922215,0.00010117827703076385,0.40121312760421673,64
QMIX,0,12608,196,12584,-388.0187226471726,-6.062792541362072,0.8456659619450317,946,800,147,0,3.805,6.0,800,6212.542019318753,6184.375957850717,28.166061468035437,97.07096905185551,0.005612841992614452,0.1403210498153613,8.770065613460081e-05,0.4035045021923916,64
QMIX,0,12672,197,12648,-365.69660058988376,-5.714009384216934,0.8014861995753716,942,755,180,0,3.9112582781456955,6.0,755,5617.254220229398,5588.384973663116,28.869246566282452,87.76959719108434,0.005244301189244503,0.13110752973111256,8.194220608194535e-05,0.40453543700569194,64
QMIX,0,12736,198,12712,-297.72775486882824,-4.651996169825441,0.7910922587486744,943,746,207,0,3.953083109919571,6.0,746,5523.047298623082,5491.885918815735,31.161379807347174,86.29761404098565,0.004509513639580468,0.1127378409895117,7.046115061844482e-05,0.40578014862496814,64
QMIX,0,12800,199,12776,-397.41679767026307,-6.20963746359786,0.7971602434077079,986,786,191,0,3.940203562340967,6.0,786,6531.019955309697,6499.343219082333,31.676736227366867,102.04718680171402,0.005622594113539094,0.14056485283847733,8.785303302404834e-05,0.4081134204226994,64
QMIX,0,12864,200,12840,-431.27186341555716,-6.738622865868081,0.7516778523489933,894,672,223,0,3.825892857142857,6.0,672,5009.540813063742,4981.864477173868,27.676335889875304,78.27407520412096,0.005647608982981067,0.14119022457452668,8.824389035907918e-05,0.40999242609478087,64
QMIX,0,12928,201,12904,-290.8873843158529,-4.5451153799352015,0.7679372197309418,892,685,211,0,3.9401459854014598,6.0,685,4770.2723467864525,4741.996980408229,28.275366378228618,74.53550541853832,0.004288742352932366,0.10721855882330916,6.701159926456822e-05,0.41022765608414813,64
QMIX,0,12992,202,12968,-299.56043701092415,-4.68063182829569,0.7663755458515283,916,702,216,0,3.905982905982906,6.0,702,4682.994189638145,4653.813494400433,29.18069523771049,73.17178421309602,0.0044101390185608625,0.11025347546402156,6.890842216501348e-05,0.4105724098831117,64
QMIX,0,13056,203,13032,-379.1292643118919,-5.923894754873311,0.7455268389662028,1006,750,258,0,3.956,6.0,750,6334.645372688567,6301.876451228731,32.76892145983588,98.97883394825885,0.005269318573955646,0.13173296434889115,8.233310271805697e-05,0.4107207473364488,64
QMIX,0,13120,204,13096,-278.4373366517451,-4.350583385183517,0.7563829787234042,940,711,228,0,3.990154711673699,6.0,711,5287.6165192295775,5256.993843636537,30.622675593039112,82.61900811296215,0.0042059496424159395,0.10514874106039848,6.571796316274905e-05,0.4129136440615071,64
QMIX,0,13184,205,13160,-318.653932757146,-4.978967699330406,0.7619565217391304,920,701,214,0,3.935805991440799,6.0,701,5055.284255874347,5025.90059113242,29.383664741926946,78.98881649803667,0.004601873133373246,0.11504682833433115,7.190426770895697e-05,0.4140889561013501,64
QMIX,0,13248,206,13224,-433.6651373716361,-6.776017771431814,0.7618522601984564,907,691,206,0,3.9247467438494934,6.0,691,5825.0923907370525,5795.783178461565,29.30921227548793,91.01706860526645,0.005734929014307293,0.14337322535768232,8.960826584855145e-05,0.4162189340467257,64
QMIX,0,13312,207,13288,-272.19492914702164,-4.253045767922213,0.7823721436343852,919,719,212,0,4.031988873435327,6.0,719,4419.3023795449,4389.873843554562,29.428535990339366,69.05159968038906,0.004184810575303421,0.10462026438258552,6.538766523911595e-05,0.4179702623088876,64
QMIX,0,13376,208,13352,-386.8089370030789,-6.0438896406731075,0.750252780586451,989,742,258,0,3.92722371967655,6.0,742,6119.346175401026,6086.899319633191,32.44685576783684,95.61478399064103,0.005328915219110604,0.1332228804777651,8.326430029860318e-05,0.4194145577150892,64
QMIX,0,13440,209,13416,-291.33236349028425,-4.552068179535691,0.7472766884531591,918,686,221,0,3.935860058309038,6.0,686,4802.071875941966,4774.739561355685,27.332314586281118,75.03237306159322,0.004284694403401167,0.10711736008502917,6.694835005314323e-05,0.42029699787053576,64
QMIX,0,13504,210,13480,-316.68067994960063,-4.94813562421251,0.7474972191323693,899,672,219,0,4.069940476190476,6.0,672,5171.575897904977,5140.834047219157,30.74185068582035,80.80587340476526,0.004505603162092084,0.1126400790523021,7.040004940768881e-05,0.4204182874460617,64
QMIX,0,13568,211,13544,-453.1344471798756,-7.080225737185557,0.7471620227038184,969,724,258,0,4.0345303867403315,6.0,724,5756.831826507322,5724.940630053065,31.891196454257578,89.95049728917691,0.005946664047319374,0.14866660118298436,9.291662573936522e-05,0.4212440920022983,64
QMIX,0,13632,212,13608,-306.84855488941855,-4.794508670147165,0.7680652680652681,858,659,204,0,3.8922610015174506,6.0,659,4756.9412767078775,4729.838974721264,27.102301986612048,74.32720744856059,0.004395997577420148,0.10989993943550369,6.868746214718981e-05,0.42079746465365797,64
QMIX,0,13696,213,13672,-330.2958747855413,-5.160873043524083,0.7825136612021858,915,716,185,0,3.9958100558659218,6.0,716,5311.2554117968475,5280.222564420837,31.03284737600854,82.98836580932574,0.004790909408619682,0.11977273521549205,7.485795950968253e-05,0.42057889945023474,64
QMIX,0,13760,214,13736,-310.01261763879756,-4.843947150606212,0.7846481876332623,938,736,203,0,4.036684782608695,6.0,736,5050.120683634602,5018.727589855808,31.393093778793467,78.90813568179065,0.004612042581688329,0.11530106454220822,7.206316533888014e-05,0.4201292217963726,64
QMIX,0,13824,215,13800,-309.91177614079356,-4.842371502199899,0.7738095238095238,924,715,224,0,3.9972027972027973,6.0,715,4753.859920822674,4725.067931247481,28.791989575191526,74.27906126285428,0.004534332199233115,0.11335830498082787,7.084894061301742e-05,0.41918451105943333,64
QMIX,0,13888,216,13864,-367.0502728799679,-5.7351605137494985,0.7300743889479278,941,687,227,0,4.04075691411936,6.0,687,5407.054163292518,5376.7797178686305,30.27444542388785,84.48522130144559,0.0050358159110336555,0.12589539777584138,7.868462360990087e-05,0.4190442724918175,64
QMIX,0,13952,217,13928,-407.78434708763234,-6.371630423244255,0.7527472527472527,910,685,226,0,4.039416058394161,6.0,685,4953.854551828982,4924.778907584861,29.075644244116948,77.40397737232784,0.00544050455873644,0.136012613968411,8.500788373025687e-05,0.41932733914828246,64
QMIX,0,14016,218,13992,-398.0319475006099,-6.219249179697029,0.7574421168687983,907,687,227,0,3.9315866084425037,6.0,687,4949.81246528018,4921.976971615676,27.83549366450344,77.34081977000281,0.005346606034955216,0.1336651508738804,8.354071929617525e-05,0.4184251794047141,64
QMIX,0,14080,219,14056,-458.77587699701314,-7.16837307807833,0.7734864300626305,958,741,224,0,3.970310391363023,6.0,741,5922.231231497739,5892.076219436064,30.155012061676686,92.53486299215217,0.006088430848004606,0.15221077120011517,9.513173200007197e-05,0.41743786137071937,64
QMIX,0,14144,220,14120,-564.982244158372,-8.827847564974563,0.7705627705627706,924,712,201,0,3.8286516853932584,6.0,712,5804.800436283959,5776.542860526409,28.257575757550736,90.70000681693686,0.0071038612497034154,0.1775965312425854,0.00011099783202661587,0.4180178883596708,64
QMIX,0,14208,221,14184,-421.11225875207316,-6.579879043001143,0.7457081545064378,932,695,234,0,3.9366906474820142,6.0,695,4786.091300820093,4756.108087207401,29.983213612694033,74.78267657531396,0.0055861692080410195,0.1396542302010255,8.728389387564093e-05,0.4188537473784194,64
QMIX,0,14272,222,14248,-425.7285180477976,-6.652008094496837,0.7575431034482759,928,703,227,0,3.997155049786629,6.0,703,4884.87464967161,4853.471732063357,31.402917608252555,76.32616640111891,0.0056584156053048245,0.1414603901326206,8.841274383288788e-05,0.41873980502596125,64
QMIX,0,14336,223,14312,-573.1440512773299,-8.95537580120828,0.7729566094853683,991,766,230,0,3.9673629242819843,6.0,766,5960.885213400768,5928.653908237887,32.23130516288558,93.138831459387,0.007278945229722381,0.18197363074305953,0.0001137335192144122,0.4191684904680736,64
QMIX,0,14400,224,14376,-441.1402662138519,-6.8928166595914355,0.7474860335195531,895,669,238,0,4.011958146487294,6.0,669,4846.776476646816,4817.265945801112,29.5105308457028,75.7308824476065,0.005716175078332742,0.14290437695831854,8.931523559894909e-05,0.419820726003574,64
QMIX,0,14464,225,14440,-475.66923216899295,-7.432331752640515,0.7474518686296716,883,660,205,0,4.072727272727272,6.0,660,4966.276901267964,4936.378012177316,29.8988890906464,77.59807658231193,0.006082341835431263,0.15205854588578158,9.503659117861348e-05,0.41965024695030717,64
QMIX,0,14528,226,14504,-473.839142335672,-7.403736598994875,0.7711496746203904,922,711,223,0,4.136427566807313,6.0,711,5168.926413453579,5137.025416442554,31.900997011023698,80.76447521021217,0.006166155559698038,0.15415388899245097,9.634618062028185e-05,0.42078070885235,64
QMIX,0,14592,227,14568,-366.3314780736075,-5.723929344900117,0.7486033519553073,895,670,226,0,4.020895522388059,6.0,670,4547.345544225403,4518.792981203121,28.55256302228151,71.05227412852192,0.004989915503756095,0.12474788759390237,7.796742974618899e-05,0.4233510732791682,64
QMIX,0,14656,228,14632,-586.0806542400395,-9.157510222500617,0.7610619469026548,904,688,203,0,4.09156976744186,6.0,688,5964.345279872298,5935.414326587982,28.930953284312434,93.19289499800466,0.00725598628095213,0.18139965702380326,0.00011337478563987704,0.425670271442108,64
QMIX,0,14720,229,14696,-525.0971914645802,-8.204643616634065,0.7533818938605619,961,724,253,0,4.023480662983426,6.0,724,6102.246418222817,6072.297108241085,29.949309981733045,95.34760028473151,0.006672187727586019,0.16680469318965047,0.00010425293324353154,0.4282378600008521,64
QMIX,0,14784,230,14760,-473.89281936579516,-7.404575302590549,0.7703141928494042,923,711,221,0,3.9563994374120957,6.0,711,5886.219269422428,5858.077254869729,28.142014552699585,91.97217608472543,0.006168609046985967,0.15421522617464917,9.638451635915573e-05,0.42964485897991833,64
QMIX,0,14848,231,14824,-384.3221744679704,-6.0050339760620375,0.7350427350427351,936,688,233,0,3.957848837209302,6.0,688,5481.187740488453,5454.28744058706,26.9002999013938,85.64355844513207,0.005205228714502676,0.13013071786256689,8.133169866410431e-05,0.4302409640458442,64
QMIX,0,14912,232,14888,-344.5051696498293,-5.382893275778583,0.7580813347236705,959,727,227,0,4.004126547455296,6.0,727,5319.974265791858,5289.655006515496,30.319259276362043,83.12459790299778,0.004907338897833166,0.12268347244582915,7.667717027864322e-05,0.430180269010536,64
QMIX,0,14976,233,14952,-341.45506998529345,-5.33523546852021,0.7441860465116279,946,704,255,0,4.107954545454546,6.0,704,5942.083627345815,5911.323011901697,30.760615444118166,92.84505667727836,0.004787018535381669,0.11967546338454173,7.479716461533858e-05,0.4298964043572636,64
QMIX,0,15040,234,15016,-521.6329506312305,-8.150514853612977,0.7661795407098121,958,734,214,0,3.944141689373297,6.0,734,5991.07950255999,5960.429809489992,30.649693069998754,93.61061722749984,0.006708550339117351,0.16771375847793377,0.00010482109904870861,0.42842540969446896,64
QMIX,0,15104,235,15080,-449.35171237456996,-7.021120505852656,0.7525655644241733,877,660,229,0,3.856060606060606,6.0,660,5734.557393784825,5707.540945588835,27.01644819598998,89.60245927788789,0.0057908676215623804,0.1447716905390595,9.04823065869122e-05,0.4266277135834774,64
QMIX,0,15168,236,15144,-347.3099349486563,-5.4267177335727546,0.7375518672199171,964,711,248,0,3.9465541490857947,6.0,711,4817.433313327626,4788.17722773382,29.25608559380567,75.27239552074415,0.004868280015382139,0.12170700038455348,7.606687524034592e-05,0.42404961842271327,64
QMIX,0,15232,237,15208,-466.76351775623766,-7.2931799649412135,0.8013029315960912,921,738,179,0,3.597560975609756,6.0,738,6578.594659829966,6553.283413746432,25.31124608353495,102.79054155984322,0.006213243190356764,0.15533107975891908,9.708192484932443e-05,0.42131296376348903,64
QMIX,0,15296,238,15272,-370.07620410882157,-5.782440689200337,0.8254310344827587,928,766,171,0,3.5678851174934727,6.0,766,6370.9537949484575,6348.019154138466,22.9346408099933,99.54615304606965,0.005323081558982027,0.13307703897455067,8.317314935909417e-05,0.41980913600721026,64
QMIX,0,15360,239,15336,-440.74687307842095,-6.886669891850327,0.8311965811965812,936,778,155,0,3.505141388174807,6.0,778,6319.830887079223,6296.171084716673,23.65980236255159,98.74735761061287,0.006076708733356112,0.1519177183339028,9.494857395868925e-05,0.4178573964727313,64
QMIX,0,15424,240,15400,-347.3694018284964,-5.427646903570256,0.7958515283842795,916,729,183,0,3.718792866941015,6.0,729,5291.472758158845,5265.347240047355,26.12551811148862,82.67926184623195,0.004992906641271842,0.12482266603179605,7.801416626987253e-05,0.41533319876342023,64
QMIX,0,15488,241,15464,-441.50720488152706,-6.89855007627386,0.8219461697722568,966,794,182,0,3.7329974811083124,6.0,794,7361.698452520869,7335.517761768458,26.180690752411767,115.02653832063858,0.006092782001644193,0.15231955004110484,9.519971877569052e-05,0.41351925252393085,64
QMIX,0,15552,242,15528,-371.18769257820713,-5.7998076965344865,0.7580813347236705,959,727,225,0,3.859697386519945,6.0,727,6086.353272471462,6057.074510749368,29.278761722096053,95.0992698823666,0.005175421144455867,0.12938552861139668,8.086595538212292e-05,0.41223156690897494,64
QMIX,0,15616,243,15592,-435.9570986939365,-6.811829667092757,0.7755775577557755,909,705,200,0,3.7886524822695034,6.0,705,6019.459497001514,5992.051336970459,27.408160031053782,94.05405464064866,0.0058019513942438655,0.14504878485609662,9.06554905350604e-05,0.4117762859428621,64
QMIX,0,15680,244,15656,-420.7544825648854,-6.574288790076334,0.7796432318992654,953,743,210,0,3.7348586810228803,6.0,743,6232.7088630025555,6204.725163852443,27.983699150112663,97.38607598441493,0.005725399513690828,0.1431349878422707,8.945936740141918e-05,0.4113369887211472,64
QMIX,0,15744,245,15720,-343.1016840237173,-5.360963812870583,0.8014184397163121,987,791,206,0,3.694058154235145,6.0,791,6579.9509426384575,6551.044569433563,28.906373204894447,102.8117334787259,0.005073090101113454,0.12682725252783636,7.926703282989772e-05,0.4111928200979347,64
QMIX,0,15808,246,15784,-294.93114308970894,-4.608299110776702,0.802013422818792,894,717,171,0,3.5509065550906556,6.0,717,5202.966450984855,5179.5643655641925,23.402085420660573,81.29635079663836,0.004454742805502675,0.11136857013756687,6.96053563359793e-05,0.4104502604119144,64
QMIX,0,15872,247,15848,-251.5326032488082,-3.930196925762628,0.7767195767195767,945,734,213,0,3.870572207084469,6.0,734,4787.996154351461,4758.5623164501185,29.433837901341978,74.81243991174158,0.004012514906431643,0.10031287266079109,6.269554541299443e-05,0.4087578589751104,64
QMIX,0,15936,248,15912,-268.796328127693,-4.199942626995203,0.7384105960264901,906,669,226,0,3.9312406576980568,6.0,669,4925.890803002191,4896.499816099205,29.390986902982288,76.96704379690924,0.004012521763723883,0.10031304409309709,6.269565255818568e-05,0.4073242742797375,64
QMIX,0,16000,249,15976,-232.72992888850646,-3.6364051388829135,0.7671232876712328,876,672,203,0,4.0,6.0,672,4764.168003786475,4733.428497164727,30.739506621749186,74.44012505916368,0.0036869854091412463,0.09217463522853116,5.7609147017831974e-05,0.4067633269978883,64
QMIX,0,16064,250,16040,-280.9441704544409,-4.389752663350639,0.7667410714285714,896,687,209,0,4.11353711790393,7.0,687,5128.438465838907,5096.992309112143,31.44615672676544,80.13185102873292,0.004197240203413386,0.10493100508533464,6.558187817833415e-05,0.4065371738106017,64
QMIX,0,16128,251,16104,-282.7753419985736,-4.418364718727712,0.7597883597883598,945,718,236,0,3.967966573816156,6.0,718,5831.378005240446,5800.2627632361555,31.11524200428583,91.11528133188197,0.004259324632637867,0.10648311581594666,6.655194738496667e-05,0.40684141949796737,64
QMIX,0,16192,252,16168,-298.1127612298708,-4.658011894216731,0.7526096033402923,958,721,230,0,4.054091539528433,6.0,721,5718.2764918063995,5686.171574292402,32.104917513994295,89.34807018447499,0.004425011385148264,0.1106252846287066,6.914080289294163e-05,0.407496965975301,64
QMIX,0,16256,253,16232,-259.49245441987085,-4.054569600310482,0.7520408163265306,980,737,231,0,3.9308005427408412,6.0,737,5040.923293697227,5009.313174103272,31.610119593951996,78.76442646401917,0.0040777463694411185,0.10194365923602797,6.371478702251748e-05,0.40808319439063157,64
QMIX,0,16320,254,16296,-267.59327969835795,-4.181144995286843,0.7658643326039387,914,700,225,0,4.0128571428571425,6.0,700,5484.784537987936,5455.097844242129,29.686693745806092,85.6997584060615,0.004074679084800315,0.10186697712000786,6.366686070000492e-05,0.4081756486714584,64
QMIX,0,16384,255,16360,-238.23279195478872,-3.722387374293574,0.7859495060373216,911,716,196,0,3.9427374301675977,6.0,716,5228.381471039845,5200.127892094737,28.253578945110792,81.69346048499757,0.0038565220480817047,0.09641305120204262,6.0258157001276635e-05,0.40898618773084305,64
QMIX,0,16448,256,16424,-177.30580111025515,-2.7704031423477367,0.8020361990950227,884,709,184,0,3.794076163610719,6.0,709,5103.72524430365,5077.909967918112,25.8152763855391,79.74570694224452,0.0032463750713127197,0.081159376782818,5.0724610489261246e-05,0.40962001317178576,64
QMIX,0,16512,257,16488,-269.5656197386454,-4.2119628084163345,0.7722342733188721,922,712,211,0,3.856741573033708,6.0,712,5579.7374458680315,5551.078820768009,28.65862510002388,87.18339759168799,0.004142189286244511,0.10355473215611277,6.472170759757048e-05,0.40995667064008945,64
QMIX,0,16576,258,16552,-279.719294138158,-4.370613970908718,0.7844374342797056,951,746,205,0,3.742627345844504,6.0,746,6437.051765311249,6410.267489103401,26.784276207845537,100.57893383298827,0.004333925621763661,0.10834814054409153,6.77175878400572e-05,0.4120244471782424,64
QMIX,0,16640,259,16616,-308.0061462790933,-4.812596035610833,0.8266384778012685,946,782,164,0,3.604859335038363,6.0,782,7264.701187927919,7240.495081007791,24.20610692013356,113.51095606137373,0.004751213130361194,0.11878032825902984,7.423770516189365e-05,0.4151940078440391,64
QMIX,0,16704,260,16680,-336.051315178388,-5.250801799662312,0.8240837696335078,955,787,173,0,3.687420584498094,6.0,787,5852.799978250994,5827.881094349346,24.918883901648694,91.44999966017178,0.005031280314107901,0.12578200785269752,7.861375490793595e-05,0.41655077473390967,64
QMIX,0,16768,261,16744,-263.88624574593325,-4.123222589780207,0.7238883143743536,967,700,248,0,3.9757142857142855,6.0,700,5350.665030380193,5319.748458993276,30.916571386916893,83.60414109969051,0.004014298382942969,0.10035745957357424,6.27234122334839e-05,0.4168819310817263,64
QMIX,0,16832,262,16808,-281.540759364123,-4.399074365064422,0.7874865156418555,927,730,207,0,3.767123287671233,6.0,730,5518.608407248422,5491.669539171102,26.938868077319487,86.22825636325659,0.004310355893901607,0.10775889734754018,6.734931084221261e-05,0.4167460126735849,64
QMIX,0,16896,263,16872,-326.54836580550204,-5.102318215710969,0.798936170212766,940,751,188,0,3.8348868175765647,6.0,751,6596.937974988105,6569.6299629271225,27.308012060985966,103.07715585918915,0.004832089489423968,0.1208022372355992,7.55013982722495e-05,0.41651610941386047,64
QMIX,0,16960,264,16936,-270.0562052535595,-4.219628207086867,0.753607103218646,901,679,213,0,3.8438880706921945,6.0,679,5523.6182784347575,5496.454603430502,27.16367500425819,86.30653560054309,0.004067353484290534,0.10168383710726335,6.35523981920396e-05,0.41678360206450826,64
QMIX,0,17024,265,17000,-307.1887468852914,-4.799824170082678,0.768280123583934,971,746,222,0,3.710455764075067,6.0,746,6419.561583596085,6392.537804160241,27.02377943584455,100.30564974368883,0.004586380838120995,0.11465952095302487,7.166220059564054e-05,0.41612852940118905,64
QMIX,0,17088,266,17064,-206.9298689770784,-3.23327920276685,0.8065650644783119,853,688,186,0,3.377906976744186,6.0,688,5592.619131741202,5572.507912846496,20.111218894708287,87.38467393345628,0.003490565218393099,0.08726413045982748,5.454008153739217e-05,0.41542360426290537,64
QMIX,0,17152,267,17128,-232.42543587720442,-3.631647435581319,0.7814269535673839,883,690,195,0,3.5188405797101447,6.0,690,5062.334465000294,5039.943086037879,22.391378962415533,79.09897601562959,0.003739103688755357,0.09347759221888392,5.8423495136802455e-05,0.4138234433240159,64
QMIX,0,17216,268,17192,-287.16735074205474,-4.486989855344605,0.7641606591143152,971,742,222,0,3.839622641509434,6.0,742,5988.626312892464,5958.846780010904,29.779532881561245,93.57228613894475,0.004375223446756815,0.10938058616892037,6.836286635557523e-05,0.4135396070777339,64
QMIX,0,17280,269,17256,-312.9306351690411,-4.889541174516268,0.7708779443254818,934,720,207,0,3.951388888888889,6.0,720,5707.610814301421,5677.097715976211,30.513098325209675,89.1814189734597,0.004599711452459193,0.11499278631147981,7.187049144467489e-05,0.4123819552899238,64
QMIX,0,17344,270,17320,-282.9610134843543,-4.421265835693036,0.7320044296788483,903,661,244,0,4.068078668683812,6.0,661,4482.74094854821,4451.166305560279,31.574642987930222,70.04282732106579,0.004113868493111521,0.10284671232778803,6.427919520486751e-05,0.41046073941981553,64
QMIX,0,17408,271,17384,-404.8676707073182,-6.326057354801847,0.7407797681770284,949,703,245,0,3.9758179231863444,6.0,703,5801.748675166313,5770.928555028736,30.820120137576545,90.65232304947364,0.0054310188192572394,0.135775470481431,8.485966905089437e-05,0.40783340313750643,64
QMIX,0,17472,272,17448,-414.7869476946326,-6.481046057728634,0.7714907508161044,919,709,216,0,3.947813822284908,6.0,709,5849.997510271223,5819.84408898149,30.153421289734105,91.40621109798786,0.005579348916026661,0.13948372290066652,8.717732681291658e-05,0.4065084484488373,64
QMIX,0,17536,273,17512,-387.3737869285129,-6.052715420758014,0.7474012474012474,962,719,239,0,4.00278164116829,6.0,719,6110.37784279395,6079.306876591473,31.070966202478374,95.47465379365546,0.005301770758124347,0.13254426895310867,8.284016809569292e-05,0.40528143763520985,64
QMIX,0,17600,274,17576,-205.8329650188225,-3.2161400784191017,0.7508342602892102,899,675,228,0,3.9925925925925925,6.0,675,4454.661426234408,4426.1253287485815,28.53609748582799,69.60408478491263,0.0034030785910393966,0.08507696477598492,5.317310298499057e-05,0.4046290559950332,64
QMIX,0,17664,275,17640,-422.69153126449805,-6.604555176007782,0.8164102564102564,975,796,168,0,3.763819095477387,6.0,796,6872.799723297963,6845.976134756896,26.82358854106825,107.38749567653068,0.005925007199538011,0.14812517998845026,9.257823749278142e-05,0.4046931704552108,64
QMIX,0,17728,276,17704,-467.90880924852706,-7.311075144508235,0.8143646408839779,905,737,170,0,3.5834464043419265,6.0,737,6410.693571951518,6386.4955454836,24.198026467918535,100.16708706174246,0.006234557613154778,0.15586394032886944,9.74149627055434e-05,0.40644856800582635,64
QMIX,0,17792,277,17768,-375.1484349473487,-5.861694296052323,0.7681007345225603,953,732,212,0,4.062841530054645,6.0,732,6194.009110352798,6161.336489289135,32.67262106366379,96.78139234926248,0.005243766985857209,0.13109417464643022,8.193385915401889e-05,0.4090098183540841,64
QMIX,0,17856,278,17832,-207.6775366708,-3.24496151048125,0.8202866593164277,907,744,177,0,3.889784946236559,6.0,744,5226.668211015216,5199.6529265732715,27.015284441947117,81.66669079711275,0.0036425522895930477,0.0910638072398262,5.691487952489137e-05,0.4112391491011562,64
QMIX,0,17920,279,17896,-301.5602352051413,-4.7118786750803325,0.7912946428571429,896,709,173,0,3.764456981664316,6.0,709,5743.361146799406,5716.9007582454,26.460388554006933,89.74001791874072,0.004502165603392057,0.11255414008480141,7.034633755300088e-05,0.4134831963441449,64
QMIX,0,17984,280,17960,-364.3191138357962,-5.692486153684316,0.7363636363636363,990,729,259,0,3.9108367626886147,6.0,729,5286.3898803908305,5255.29526645666,31.094613934167857,82.59984188110673,0.005067236500012309,0.12668091250030772,7.917557031269232e-05,0.4160187830260704,64
QMIX,0,18048,281,18024,-467.3086955427947,-7.301698367856167,0.8393234672304439,946,794,179,0,3.8249370277078087,6.0,794,6775.661079817223,6746.569935328924,29.09114448829996,105.86970437214411,0.006351658751283885,0.15879146878209713,9.924466798881071e-05,0.41885622094488256,64
QMIX,0,18112,282,18088,-400.1500865287822,-6.252345102012222,0.7526315789473684,950,715,226,0,3.820979020979021,6.0,715,6604.56069820939,6574.06529162551,30.495406583879866,103.19626090952171,0.0054323847422803415,0.13580961855700854,8.488101159813034e-05,0.42140465898921886,64
QMIX,0,18176,283,18152,-406.6663254316534,-6.354161334869584,0.7418655097613883,922,684,235,0,3.8669590643274856,6.0,684,5829.61425806889,5801.0501997383835,28.564058330507645,91.08772278232641,0.005416631868547598,0.13541579671368995,8.463487294605622e-05,0.4232442643219298,64
QMIX,0,18240,284,18216,-421.14033068851455,-6.58031766700804,0.7733188720173536,922,713,210,0,4.036465638148668,6.0,713,5756.090330732498,5726.903112553812,29.18721817868613,89.93891141769528,0.00565928389465763,0.14148209736644077,8.842631085402547e-05,0.4241879721888079,64
QMIX,0,18304,285,18280,-341.7313977678217,-5.339553090122214,0.7914691943127962,844,668,185,0,3.874251497005988,6.0,668,4827.177644500403,4800.688637622481,26.489006877921273,75.4246506953188,0.004789237945357748,0.11973094863394369,7.483184289621481e-05,0.42391065303027936,64
QMIX,0,18368,286,18344,-280.4217376957556,-4.381589651496181,0.7436974789915967,952,708,228,0,4.122881355932203,6.0,708,5169.182149955981,5137.395322739582,31.786827216398862,80.7684710930622,0.004222125173459491,0.10555312933648728,6.597070583530454e-05,0.42329527597779215,64
QMIX,0,18432,287,18408,-335.137251712507,-5.236519558007922,0.7589473684210526,950,721,231,0,4.108183079056865,6.0,721,5591.499059469738,5560.439863076905,31.059196392833233,87.36717280421466,0.004793942896588758,0.11984857241471895,7.490535775919934e-05,0.42282668827967934,64
QMIX,0,18496,288,18472,-351.3908466340471,-5.490481978656986,0.7596153846153846,936,711,228,0,3.978902953586498,6.0,711,6002.384887545366,5972.936137051144,29.448750494224495,93.78726386789634,0.004937025361465731,0.12342563403664328,7.714102127290204e-05,0.42297310747424277,64
QMIX,0,18560,289,18536,-336.2256386957214,-5.253525604620647,0.7581493165089379,951,721,233,0,4.076282940360611,6.0,721,5524.3669087614335,5493.613667059489,30.753241701944766,86.3182329493974,0.004800968040787885,0.12002420101969713,7.501512563731071e-05,0.42370696787132534,64
QMIX,0,18624,290,18600,-395.22330020072377,-6.175364065636309,0.7354260089686099,892,656,236,0,4.147865853658536,6.0,656,5674.256641968459,5643.516554204376,30.74008776408089,88.66026003075717,0.005232047957162072,0.1308011989290518,8.175074933065737e-05,0.42364484864296936,64
QMIX,0,18688,291,18664,-377.71044127390337,-5.90172564490474,0.7194092827004219,948,682,256,0,4.108504398826979,6.0,682,5288.698103021686,5257.147568837919,31.550534183767503,82.63590785971384,0.0050964829353512915,0.1274120733837823,7.963254586486393e-05,0.4258182069391968,64
QMIX,0,18752,292,18728,-212.15845987678,-3.3149759355746875,0.791907514450867,865,685,180,0,4.032116788321168,6.0,685,4016.1093991685857,3988.6544335778626,27.454965590722566,62.75170936200915,0.00353969529217378,0.0884923823043445,5.5307738940215316e-05,0.42656551828831407,64
QMIX,0,18816,293,18792,-390.5069569196612,-6.101671201869706,0.7845484221980413,919,721,201,0,3.9944521497919556,6.0,721,6074.822777822352,6044.214233722432,30.60854409992203,94.91910590347425,0.005383612305485441,0.13459030763713603,8.411894227321002e-05,0.42781874703079903,64
QMIX,0,18880,294,18856,-451.57143781504976,-7.0558037158601525,0.7391304347826086,920,680,229,0,4.1191176470588236,6.0,680,6067.945532169908,6037.9842156274235,29.961316542484376,94.81164894015481,0.005861741506866668,0.1465435376716667,9.158971104479168e-05,0.42893139648381556,64
QMIX,0,18944,295,18920,-457.9824498342039,-7.155975778659436,0.7672064777327935,988,758,245,0,4.03957783641161,6.0,758,6324.342494313433,6291.688805256269,32.653689057165096,98.8178514736474,0.006093462240984141,0.15233655602460353,9.52103475153772e-05,0.42994964083559073,64
QMIX,0,19008,296,18984,-330.24339743266904,-5.160053084885454,0.7497348886532343,943,707,243,0,4.072135785007072,6.0,707,5740.703166484367,5708.239549814702,32.46361666966669,89.69848697631824,0.004698824430270855,0.11747061075677138,7.341913172298211e-05,0.43030726794119967,64
QMIX,0,19072,297,19048,-374.47588820770875,-5.851185753245449,0.7815126050420168,952,744,209,0,4.045698924731183,6.0,744,6553.926998747789,6521.147768868178,32.77922987961075,102.4051093554342,0.005269745809242977,0.1317436452310744,8.233977826942151e-05,0.43089391711495434,64
QMIX,0,19136,298,19112,-424.13418620671115,-6.627096659479862,0.738327904451683,921,680,232,0,4.132352941176471,6.0,680,5500.320329874652,5469.527526409712,30.792803464941898,85.94250515429144,0.005583847107297867,0.13959617768244667,8.724761105152917e-05,0.431455514441142,64
QMIX,0,19200,299,19176,-375.50749369191476,-5.867304588936168,0.7584388185654009,948,719,230,0,4.118219749652295,6.0,719,5559.8801438620285,5528.22231950113,31.657824360895994,86.8731272478442,0.00519400958333329,0.12985023958333225,8.115639973958266e-05,0.43100110325891355,64
QMIX,0,19264,300,19240,-407.9586335619179,-6.374353649404967,0.7569060773480663,905,685,227,0,4.245255474452555,6.0,685,5569.894721761456,5538.379604189612,31.515117571841653,87.02960502752275,0.005440350517852036,0.13600876294630088,8.500547684143806e-05,0.43012399626946884,64
QMIX,0,19328,301,19304,-411.5533096955478,-6.430520463992934,0.7904066736183525,959,758,194,0,4.030343007915567,6.0,758,6051.201624383264,6021.003359646244,30.198264737021976,94.5500253809885,0.005689220824136992,0.1422305206034248,8.88940753771405e-05,0.4302750730542231,64
QMIX,0,19392,302,19368,-465.76120183097436,-7.277518778608974,0.7392241379310345,928,686,246,0,4.0466472303206995,6.0,686,5318.476398744756,5287.367064131746,31.1093346130118,83.10119373038681,0.0059992162460720715,0.14998040615180178,9.373775384487612e-05,0.4291926202495664,64
QMIX,0,19456,303,19432,-336.1372075004876,-5.252143867195119,0.7357293868921776,946,696,238,0,4.100574712643678,6.0,696,4989.339977455185,4956.094730626561,33.24524682862737,77.95843714773727,0.004735850501254006,0.11839626253135015,7.399766408209384e-05,0.4281928100018755,64
QMIX,0,19520,304,19496,-403.353084212495,-6.302391940820234,0.7920792079207921,909,720,209,0,4.163888888888889,6.0,720,5233.027728020741,5201.975387279058,31.052340741680116,81.76605825032408,0.005497226352779935,0.13743065881949837,8.589416176218648e-05,0.42757218466603986,64
QMIX,0,19584,305,19560,-302.49780086022446,-4.726528138441007,0.751458576429405,857,644,203,0,4.037267080745342,6.0,644,4960.458446808507,4932.090696263205,28.367750545301785,77.50716323138292,0.004318769263451902,0.10796923158629755,6.748076974143597e-05,0.42563568060586277,64
QMIX,0,19648,306,19624,-393.05174170704356,-6.141433464172556,0.7845993756503642,961,754,205,0,4.209549071618037,6.0,754,5929.979682134787,5897.533791912823,32.445890221965975,92.65593253335605,0.005482755109255416,0.1370688777313854,8.566804858211588e-05,0.4250770424511166,64
QMIX,0,19712,307,19688,-389.6098191165627,-6.087653423696292,0.8108108108108109,925,750,181,0,3.998666666666667,6.0,750,5806.2911490631905,5776.049562598461,30.241586464726122,90.72329920411235,0.005467595624145805,0.13668989060364511,8.54311816272782e-05,0.42577066082506154,64
QMIX,0,19776,308,19752,-453.0297877182594,-7.078590433097803,0.7650933040614709,911,697,208,0,3.965566714490674,6.0,697,5961.489897525414,5933.111637742864,28.378259782550987,93.14827964883459,0.0059423186944368295,0.14855796736092075,9.284872960057546e-05,0.4263084217711214,64
QMIX,0,19840,309,19816,-331.6989242019347,-5.1827956906552295,0.77665544332211,891,692,195,0,3.9147398843930636,6.0,692,5315.209535437238,5286.225105900687,28.98442953655393,83.05014899120684,0.004732856746942005,0.11832141867355013,7.395088667096883e-05,0.42639638648360534,64
QMIX,0,19904,310,19880,-390.87457549853866,-6.107415242164667,0.7557755775577558,909,687,219,0,4.167394468704512,6.0,687,5569.201809862139,5538.146466436034,31.055343426107846,87.01877827909593,0.005281834185889854,0.13204585464724636,8.252865915452897e-05,0.4266974326675903,64
QMIX,0,19968,311,19944,-268.33200236516996,-4.192687536955781,0.75,916,687,243,0,4.180494905385735,6.0,687,4459.873488138908,4429.056343474087,30.817144664820994,69.68552325217044,0.0040303447979916284,0.10075861994979071,6.29741374686192e-05,0.42642629240354224,64
QMIX,0,20032,312,20008,-427.0944611204934,-6.6733509550077095,0.8140703517587939,995,810,186,0,3.9962962962962965,6.0,810,6354.043679654283,6324.471005965199,29.57267368908326,99.28193249459817,0.005979718304973583,0.14949295762433956,9.343309851521223e-05,0.4269855620925016,64
QMIX,0,20096,313,20072,-491.37744229141265,-7.677772535803323,0.8230184581976113,921,758,164,0,3.7519788918205803,6.0,758,6798.968272328109,6773.0929936427,25.875278685408464,106.23387925512671,0.0065241491790866335,0.16310372947716584,0.00010193983092322865,0.4290049845507201,64
QMIX,0,20160,314,20136,-406.68025207909756,-6.354378938735899,0.7566079295154186,908,687,196,0,4.03056768558952,6.0,687,5368.457369914824,5340.584348328141,27.873021586684125,83.88214640491913,0.005468233289893331,0.13670583224733326,8.54411451545833e-05,0.4309707331466742,64
QMIX,0,20224,315,20200,-326.44171749927057,-5.100651835926103,0.7672886937431395,911,699,224,0,4.155937052932761,6.0,699,5073.011750385519,5042.674839442011,30.336910943508915,79.26580859977373,0.004661185201680541,0.11652963004201353,7.283101877625846e-05,0.43180083021961413,64
QMIX,0,20288,316,20264,-402.43590104332185,-6.288060953801904,0.7568710359408034,946,716,219,0,3.9483240223463687,6.0,716,5096.840755553929,5067.7222687742,29.118486779731775,79.63813680553014,0.0054655531385355855,0.13663882846338965,8.539926778961852e-05,0.43237829840884534,64
QMIX,0,20352,317,20328,-482.84979989281555,-7.544528123325243,0.8529411764705882,918,783,157,0,3.872286079182631,6.0,783,6207.91539414886,6182.919778987719,24.9956151611454,96.99867803357594,0.006509220509400478,0.16273051273501196,0.00010170657045938247,0.4327067950121844,64
QMIX,0,20416,318,20392,-421.6571310460441,-6.5883926725944395,0.8085106382978723,893,722,181,0,3.7673130193905817,6.0,722,5643.50517017627,5619.993700751077,23.51146942519562,88.17976828400423,0.0057205358184514695,0.14301339546128675,8.938337216330421e-05,0.43208913368599416,64
QMIX,0,20480,319,20456,-301.71902120654374,-4.714359706352246,0.7641509433962265,848,648,179,0,3.9583333333333335,6.0,648,5075.274890627849,5050.850040366343,24.42485026150606,79.30117016606015,0.0043477701785590355,0.10869425446397589,6.793390903998493e-05,0.4306548265901552,64
QMIX,0,20544,320,20520,-485.80034419847516,-7.590630378101174,0.7714285714285715,875,675,215,0,4.1718518518518515,6.0,675,5157.727871501838,5129.408621241658,28.319250260181096,80.58949799221622,0.006208438213068155,0.15521095532670387,9.700684707918993e-05,0.4281740837505447,64
QMIX,0,20608,321,20584,-406.8268537689894,-6.356669590140459,0.7755102040816326,931,722,202,0,3.9501385041551247,6.0,722,5552.126237964804,5523.405266248774,28.720971716031016,86.75197246820007,0.005547596398459682,0.13868990996149205,8.668119372593253e-05,0.425431438394551,64
QMIX,0,20672,322,20648,-420.1056332392451,-6.564150519363205,0.7840785169029444,917,719,199,0,3.9735744089012517,6.0,719,5321.077161113465,5292.785520118394,28.2916409950735,83.14183064239789,0.005675083125398965,0.1418770781349741,8.867317383435882e-05,0.4234339013171116,64
QMIX,0,20736,323,20712,-392.08830912702945,-6.126379830109835,0.7731629392971247,939,726,216,0,4.059228650137741,6.0,726,4994.215824156521,4961.76028866173,32.45553549478988,78.03462225244564,0.00539214791945755,0.13480369798643874,8.425231124152422e-05,0.42007467744044136,64
QMIX,0,20800,324,20776,-579.900987350768,-9.06095292735575,0.7642276422764228,984,752,219,0,3.964095744680851,6.0,752,6333.83762048107,6301.363523419542,32.47409706152907,98.96621282001672,0.00732514157181669,0.18312853929541725,0.00011445533705963578,0.4170190938724295,64
QMIX,0,20864,325,20840,-484.39527306105,-7.568676141578906,0.7185017026106697,881,633,260,0,4.091627172195893,6.0,633,4885.458207072015,4856.6652292765675,28.792977795449872,76.33528448550024,0.006038406444976288,0.1509601611244072,9.43501007027545e-05,0.4144094857331446,64
QMIX,0,20928,326,20904,-468.0506689689064,-7.313291702639162,0.7462526766595289,934,697,224,0,4.239598278335724,6.0,697,5367.664427020731,5334.409037939085,33.25538908164813,83.86975667219892,0.006072390761387999,0.15180976903469998,9.488110564668749e-05,0.41129264390787224,64
QMIX,0,20992,327,20968,-350.88917360770404,-5.482643337620376,0.7585421412300684,878,666,221,0,4.216216216216216,6.0,666,4735.843414508298,4705.486280153921,30.357134354376537,73.99755335169216,0.004832892284645345,0.12082230711613362,7.551394194758351e-05,0.4098406696275206,64
QMIX,0,21056,328,21032,-396.19595269226073,-6.190561760816574,0.7829021372328459,889,696,188,0,3.9238505747126435,6.0,696,5728.535414753484,5700.943758821636,27.591655931851573,89.50836585552318,0.0053980479768108835,0.1349511994202721,8.434449963767005e-05,0.4097918706975461,64
QMIX,0,21120,329,21096,-434.658065405141,-6.791532271955328,0.7790821771611526,937,730,217,0,3.952054794520548,6.0,730,5325.500784459345,5295.148402727409,30.35238173193407,83.21094975717726,0.005826339160774763,0.14565847901936907,9.103654938710567e-05,0.40934557383696873,64
QMIX,0,21184,330,21160,-351.68313500564864,-5.49504898446326,0.7344228804902962,979,719,246,0,4.068150208623088,6.0,719,5535.86993149342,5503.006368288742,32.86356320467756,86.49796767958469,0.004934311062755119,0.12335777656887797,7.709861035554874e-05,0.40791570299971924,64
QMIX,0,21248,331,21224,-333.4177962322391,-5.209653066128736,0.7235421166306696,926,670,249,0,3.9388059701492537,6.0,670,5094.949015734883,5064.431704976569,30.51731075831258,79.60857837085754,0.004632097750982339,0.11580244377455846,7.237652735909904e-05,0.40652866179665614,64
QMIX,0,21312,332,21288,-434.1301605378254,-6.783283758403522,0.7792207792207793,924,720,228,0,3.734722222222222,6.0,720,5606.075765493445,5579.1353574472805,26.940408046166272,87.59493383583508,0.005784140812652918,0.14460352031632295,9.037720019770185e-05,0.4046811763032296,64
QMIX,0,21376,333,21352,-292.2349630056741,-4.566171296963658,0.7516268980477223,922,693,235,0,3.7676767676767677,6.0,693,5144.747980104807,5117.845330859082,26.902649245722394,80.3866871891376,0.004294613159040491,0.10736532897601227,6.710333061000767e-05,0.4025218138538108,64
QMIX,0,21440,334,21416,-355.60101624972884,-5.556265878902013,0.7215601300108342,923,666,240,0,4.078078078078078,6.0,666,5078.612944976017,5047.395128357559,31.21781661845466,79.35332726525027,0.0048615496675347755,0.12153874168836938,7.596171355523087e-05,0.4004367602008585,64
QMIX,0,21504,335,21480,-315.91181382338266,-4.936122090990354,0.7242152466367713,892,646,248,0,3.7987616099071206,6.0,646,4583.464046241646,4555.83484726475,27.62919897689216,71.61662572252573,0.004400253084773236,0.1100063271193309,6.875395444958181e-05,0.3987527161955786,64
QMIX,0,21568,336,21544,-408.0614482911076,-6.375960129548556,0.7494736842105263,950,712,235,0,4.058988764044944,6.0,712,5240.334649987443,5208.990983154259,31.34366683318691,81.8802289060538,0.005494309642494688,0.1373577410623672,8.58485881639795e-05,0.39785512736233974,64
QMIX,0,21632,337,21608,-478.1482763575573,-7.4710668180868325,0.7310195227765727,922,674,252,0,4.0652818991097925,6.0,674,5823.421294254625,5792.2534026590365,31.167891595586283,90.99095772272851,0.00608954855628555,0.15223871390713875,9.514919619196172e-05,0.3975151687297127,64
QMIX,0,21696,338,21672,-363.9397549026459,-5.686558670353842,0.7299893276414088,937,684,242,0,3.91812865497076,6.0,684,6015.730215405469,5986.320417855574,29.409797549897153,93.99578461571045,0.004980631035789802,0.12451577589474505,7.782235993421565e-05,0.39815981998765293,64
QMIX,0,21760,339,21736,-473.007382401757,-7.390740350027453,0.7270718232044199,905,658,254,0,4.322188449848024,7.0,658,5122.830789363305,5091.49814004286,31.33264932044685,80.04423108380163,0.005994187758918319,0.14985469397295798,9.365918373309873e-05,0.39836821392230426,64
QMIX,0,21824,340,21800,-359.32778313876963,-5.6144966115432755,0.7585071350164654,911,691,230,0,4.072358900144718,6.0,691,5448.162507469359,5417.401603524649,30.76090394470994,85.12753917920874,0.0049661454461469995,0.12415363615367499,7.759602259604687e-05,0.3989771724622743,64
QMIX,0,21888,341,21864,-343.3417813054475,-5.364715332897617,0.7134894091415831,897,640,250,0,4.15,6.0,640,4917.830632850572,4887.088540923049,30.74209192752164,76.84110363829019,0.004657905832086152,0.1164476458021538,7.277977862634613e-05,0.39949964633326374,64
QMIX,0,21952,342,21928,-293.82740714715965,-4.5910532366743695,0.7280248190279214,967,704,255,0,4.080965909090909,6.0,704,4918.385638519216,4885.752936873827,32.63270164538705,76.84977560186275,0.004311561524872406,0.10778903812181015,6.736814882613135e-05,0.3996107145051846,64
QMIX,0,22016,343,21992,-236.24090635520105,-3.6912641618000164,0.7670588235294118,850,652,200,0,4.133435582822086,6.0,652,4501.685003270637,4472.162358386415,29.522644884222558,70.3388281761037,0.003678808366523603,0.09197020916309008,5.74813807269313e-05,0.3996352460331027,64
QMIX,0,22080,344,22056,-294.3342010521044,-4.598971891439131,0.7776548672566371,904,703,210,0,4.1066856330014225,6.0,703,5302.209237374352,5271.240957956812,30.96827941753911,82.84701933397425,0.004369776045479177,0.10924440113697943,6.827775071061215e-05,0.4003392121467415,64
QMIX,0,22144,345,22120,-430.99103711742214,-6.734234954959721,0.712882096069869,916,653,247,0,4.194486983154671,6.0,653,5763.067261512808,5729.169675265333,33.8975862474742,90.04792596113762,0.005571785297610525,0.13929463244026313,8.705914527516445e-05,0.40018211802064213,64
QMIX,0,22208,346,22184,-442.51378772079113,-6.914277933137361,0.7253731343283583,1005,729,273,0,4.138545953360768,6.0,729,6673.874619675307,6637.364807558684,36.509812116622626,104.27929093242668,0.00583794461819141,0.14594861545478524,9.121788465924078e-05,0.4002751316204769,64
QMIX,0,22272,347,22248,-539.4837563724232,-8.429433693319112,0.7610132158590308,908,691,237,0,4.028943560057887,6.0,691,6233.066938813868,6201.362965165976,31.703973647890557,97.39167091896668,0.006760792524272812,0.1690198131068203,0.00010563738319176268,0.39983318862701134,64
QMIX,0,22336,348,22312,-390.9611861994732,-6.108768534366769,0.7096045197740113,885,628,247,0,3.9904458598726116,6.0,628,5317.719925135572,5286.064673206617,31.65525192895437,83.08937383024332,0.005115873309774807,0.1278968327443702,7.993552046523136e-05,0.39838637722208364,64
QMIX,0,22400,349,22376,-303.54644513007554,-4.74291320515743,0.757948717948718,975,739,232,0,3.959404600811908,6.0,739,5779.005053188827,5747.5391097861475,31.465943402677656,90.29695395607543,0.004522679404172619,0.11306698510431547,7.066686569019717e-05,0.39743279241582885,64
QMIX,0,22464,350,22440,-221.254841659585,-3.4571069009310156,0.774922918807811,973,754,231,0,4.140583554376658,6.0,754,5660.441364443359,5627.632156906173,32.80920753718725,88.44439631942748,0.0037361962250747117,0.09340490562686779,5.837806601679237e-05,0.39698250090447684,64
QMIX,0,22528,351,22504,-272.7744388528857,-4.262100607076339,0.7647714604236343,897,686,200,0,4.062682215743441,6.0,686,4984.339625859421,4954.79480752146,29.544818337959804,77.88030665405346,0.004127636851346665,0.10319092128366662,6.449432580229164e-05,0.3954950205272797,64
QMIX,0,22592,352,22568,-212.0241299766559,-3.3128770308852484,0.7465535524920467,943,704,244,0,4.005681818181818,6.0,704,4954.829337551921,4924.486156700645,30.343180851273473,77.41920839924876,0.003507354901109949,0.08768387252774873,5.4802420329842955e-05,0.3939125334137167,64
QMIX,0,22656,353,22632,-337.29106806182807,-5.270172938466064,0.7316798196166855,887,649,236,0,4.049306625577812,6.0,649,5367.3911528683,5338.391162964835,28.99998990346612,83.86548676356719,0.004638379595184049,0.11595948987960124,7.247468117475077e-05,0.3925843050049491,64
QMIX,0,22720,354,22696,-302.08813577465605,-4.720127121479001,0.748712667353244,971,727,252,0,3.828060522696011,6.0,727,6223.767178940105,6193.593546547028,30.17363239307565,97.24636217093914,0.004455431481032465,0.11138578702581162,6.961611689113226e-05,0.39130500565054505,64
QMIX,0,22784,355,22760,-316.8643475110877,-4.9510054298607455,0.7950169875424689,883,702,187,0,3.7606837606837606,6.0,702,6002.585548284208,5976.672774420787,25.912773863421258,93.79039919194075,0.004619974646195016,0.1154993661548754,7.218710384679712e-05,0.39066565426443184,64
QMIX,0,22848,356,22824,-253.71823408538384,-3.9643474075841225,0.7726775956284153,915,707,200,0,3.8373408769448374,6.0,707,5351.887149124083,5322.737740065419,29.149409058663963,83.6232367050638,0.0039871408872979765,0.09967852218244941,6.229907636403088e-05,0.38895301602094745,64
QMIX,0,22912,357,22888,-352.42840169354906,-5.506693776461704,0.7857142857142857,952,748,202,0,3.6697860962566846,6.0,748,6379.964639038073,6352.448586858751,27.516052179322312,99.68694748496989,0.005066813315741746,0.12667033289354365,7.916895805846478e-05,0.38707417526060883,64
QMIX,0,22976,358,22952,-185.0173756890995,-2.89089649514218,0.7721796276013143,913,705,212,0,3.670921985815603,6.0,705,5159.234065787906,5133.097794785442,26.136271002462816,80.61303227793603,0.003279387595342069,0.08198468988355173,5.124043117721983e-05,0.38528431227541315,64
QMIX,0,23040,359,23016,-203.48649176011315,-3.179476433751768,0.8509719222462203,926,788,134,0,3.5558375634517767,6.0,788,6171.160080519564,6147.954716511562,23.20536400800227,96.42437625811819,0.0037566874014036225,0.09391718503509056,5.86982406469316e-05,0.3834945880921322,64
QMIX,0,23104,360,23080,-266.2121404948873,-4.159564695232614,0.758985200845666,946,718,236,0,3.850974930362117,6.0,718,5767.349793518034,5737.229921120475,30.119872397559963,90.11484052371928,0.004093563313166267,0.10233908282915667,6.396192676822292e-05,0.3809833444607152,64
QMIX,0,23168,361,23144,-193.36685943180362,-3.0213571786219315,0.7523809523809524,945,711,226,0,3.6751054852320677,6.0,711,5121.681255172855,5095.3719276273705,26.309327545481562,80.02626961207586,0.003360080002347778,0.08400200005869445,5.250125003668403e-05,0.37973857445447023,64
QMIX,0,23232,362,23208,-256.77128421683256,-4.012051315888009,0.7453954496208017,923,688,233,0,3.7718023255813953,6.0,688,4806.785959266478,4777.849488335954,28.93647093052403,75.10603061353872,0.003931573890749561,0.09828934726873902,6.143084204296189e-05,0.3788244297960821,64
QMIX,0,23296,363,23272,-315.1858717051663,-4.924779245393223,0.7835269271383316,947,742,207,0,3.939353099730458,6.0,742,6073.115680661024,6044.44623752075,28.66944314027193,94.8924325103285,0.0046760351004953475,0.11690087751238369,7.30630484452398e-05,0.37957648761409146,64
QMIX,0,23360,364,23336,-227.6550262641091,-3.5571097853767046,0.7405812701829925,929,688,239,0,3.815406976744186,6.0,688,4854.328989735678,4824.947397021438,29.381592714240238,75.84889046461997,0.0036334701942982404,0.09083675485745601,5.677297178591001e-05,0.3806536061832472,64
QMIX,0,23424,365,23400,-155.41647295570934,-2.4283823899329584,0.7798546209761164,963,751,215,0,3.9134487350199736,6.0,751,4872.873627174516,4844.501718241061,28.37190893345609,76.1386504246018,0.0030904378932193203,0.07726094733048301,4.828809208155188e-05,0.38113683403742993,64
QMIX,0,23488,366,23464,-150.97428654927182,-2.3589732273323722,0.74090407938258,907,672,243,0,3.8839285714285716,6.0,672,4442.175638120077,4414.228633425141,27.94700469493455,69.4089943456262,0.0028220935341460155,0.07055233835365039,4.409521147103149e-05,0.3812774114854326,64
QMIX,0,23552,367,23528,-242.72704261132108,-3.792610040801892,0.7258064516129032,930,675,249,0,3.660740740740741,6.0,675,4797.742727545167,4769.699270103998,28.043457441168776,74.96473011789324,0.003738151533828358,0.09345378834570896,5.8408617716068096e-05,0.3813412158580778,64
QMIX,0,23616,368,23592,-323.3720063601854,-5.052687599377897,0.7873684210526316,950,748,208,0,3.7045454545454546,6.0,748,5684.48787191569,5657.966991800886,26.520880114806907,88.82012299868266,0.004767426979758902,0.11918567449397253,7.449104655873284e-05,0.3831397109398885,64
QMIX,0,23680,369,23656,-302.00861772345905,-4.718884651929048,0.7900113507377979,881,696,195,0,3.6795977011494254,6.0,696,5310.14308168319,5285.17567090037,24.967410782819414,82.97098565129984,0.004447619252023176,0.11119048130057939,6.949405081286212e-05,0.3854047202882668,64
QMIX,0,23744,370,23720,-272.89456897564776,-4.263977640244496,0.6852046169989506,953,653,266,0,3.797856049004594,6.0,653,5038.448272196097,5008.18285474886,30.2654174472376,78.72575425306401,0.003966388487548941,0.09915971218872352,6.19748201179522e-05,0.3870415293958922,64
QMIX,0,23808,371,23784,-301.5840112324207,-4.712250175506574,0.7805429864253394,884,690,212,0,3.946376811594203,6.0,690,5445.776732882892,5417.291511729235,28.48522115365842,85.09026145129519,0.004408563152948416,0.1102140788237104,6.8883799264819e-05,0.38823367285984156,64
QMIX,0,23872,372,23848,-224.83917649531355,-3.5131121327392743,0.8537095088819227,957,817,134,0,3.5752753977968177,6.0,817,6809.377928589693,6782.978102768512,26.399825821178492,106.39653013421395,0.004039077711651499,0.10097694279128748,6.311058924455468e-05,0.389950088850325,64
QMIX,0,23936,373,23912,-213.68803890287154,-3.338875607857368,0.8160676532769556,946,772,178,0,3.6917098445595853,6.0,772,5366.3334198741895,5339.812541188037,26.520878686150525,83.84895968553421,0.00376787686663118,0.0941969216657795,5.8873076041112186e-05,0.39190502342598676,64
QMIX,0,24000,374,23976,-321.8024975017322,-5.028164023464566,0.7861771058315334,926,728,203,0,3.8543956043956045,6.0,728,6519.821594707016,6492.920582403247,26.901012303767995,101.87221241729712,0.004712092926950272,0.1178023231737568,7.3626451983598e-05,0.39440375831326935,64
QMIX,0,24064,375,24040,-276.38691171392867,-4.3185454955301354,0.7865655471289275,923,726,188,0,3.56198347107438,6.0,726,6057.676220523037,6033.835414308473,23.840806214563365,94.65119094567245,0.004270893873250191,0.10677234683125478,6.673271676953424e-05,0.39797841562583913,64
QMIX,0,24128,376,24104,-138.72420238649198,-2.167565662288937,0.7171270718232045,905,649,264,0,3.9969183359013867,6.0,649,4123.263543633863,4093.4026672062764,29.860876427588924,64.42599286927911,0.0026216840268871913,0.06554210067217978,4.096381292011236e-05,0.40024767397428496,64
QMIX,0,24192,377,24168,-242.76109396825535,-3.79314209325399,0.7343096234309623,956,702,240,0,3.9786324786324787,6.0,702,5651.577012865789,5620.090458860316,31.486554005469973,88.30589082602795,0.0038156867731114087,0.09539216932778521,5.962010582986576e-05,0.40165653280433683,64
QMIX,0,24256,378,24232,-185.43430551045907,-2.897411023600923,0.712742980561555,926,660,269,0,4.159090909090909,6.0,660,4453.288709598987,4421.460807364182,31.8279022348049,69.58263608748418,0.003105891768244098,0.07764729420610245,4.852955887881403e-05,0.40262645818812903,64
QMIX,0,24320,379,24296,-279.9927038548008,-4.374885997731263,0.7317339149400218,917,671,246,0,3.977645305514158,6.0,671,5002.7435371993715,4972.889518348858,29.854018850513462,78.16786776874018,0.004104945333296869,0.10262363333242172,6.413977083276358e-05,0.4027588379562248,64
QMIX,0,24384,380,24360,-266.7937537122013,-4.168652401753145,0.7334801762114538,908,666,255,0,4.099099099099099,6.0,666,5424.527189551438,5393.4837473631505,31.043442188287425,84.75823733674122,0.0039533953402141,0.09883488350535251,6.177180219084531e-05,0.4026185011983555,64
QMIX,0,24448,381,24424,-273.5741680058719,-4.274596375091749,0.7502623294858342,953,715,233,0,4.057342657342657,6.0,715,5601.55717386857,5568.077678802854,33.479495065715454,87.52433084169641,0.004164435645245108,0.1041108911311277,6.506930695695482e-05,0.40285062402455135,64
QMIX,0,24512,382,24488,-284.1228519275246,-4.439419561367572,0.7329545454545454,880,645,228,0,4.105426356589147,6.0,645,5202.236150185037,5171.49501273637,30.7411374486676,81.28493984664121,0.004106629626597785,0.10266574066494462,6.416608791559038e-05,0.4023637974842862,64
QMIX,0,24576,383,24552,-250.07572145831315,-3.907433147786143,0.7116022099447514,905,644,264,0,4.201863354037267,6.0,644,4892.961049522884,4860.502917976664,32.45813154621481,76.45251639879507,0.003720377843126958,0.09300944607817395,5.813090379885872e-05,0.40191597456497896,64
QMIX,0,24640,384,24616,-426.8401601598683,-6.669377502497942,0.7339544513457557,966,709,269,0,4.3526093088857545,6.0,709,6575.045963630449,6539.570275280407,35.475688350041175,102.73509318172576,0.0056391673767944425,0.14097918441986107,8.811199026241316e-05,0.4023228554906256,64
QMIX,0,24704,385,24680,-285.78812039939083,-4.465439381240482,0.7075892857142857,896,634,245,0,4.220820189274448,6.0,634,4995.997550910318,4964.545405007449,31.452145902868104,78.06246173297372,0.004075269856840995,0.10188174642102488,6.367609151314055e-05,0.40277516290114435,64
QMIX,0,24768,386,24744,-295.91506535732697,-4.623672896208234,0.7246531483457844,937,679,252,0,4.303387334315169,6.0,679,5205.084426929298,5171.282395310594,33.80203161870377,81.32944417077029,0.004278166350823522,0.10695415877058805,6.684634923161753e-05,0.4021955360519504,64
QMIX,0,24832,387,24808,-333.7345989820318,-5.214603109094247,0.7497089639115251,859,644,244,0,4.291925465838509,6.0,644,4639.404312987218,4609.332613131151,30.071699856068776,72.49069239042528,0.004580543314036071,0.11451358285090177,7.157098928181361e-05,0.4013622797921219,64
QMIX,0,24896,388,24872,-328.7988783028957,-5.137482473482745,0.7071038251366121,915,647,240,0,4.12210200927357,6.0,647,4907.977168919046,4877.760183142628,30.216985776416532,76.68714326436009,0.004543728699335994,0.11359321748339984,7.09957609271249e-05,0.39981304167994214,64
QMIX,0,24960,389,24936,-491.95955472005,-7.686868042500781,0.7360672975814931,951,700,266,0,4.322857142857143,6.0,700,6327.794006475091,6294.862369265114,32.93163720997544,98.8717813511733,0.006267276414215955,0.15668191035539888,9.79261939721243e-05,0.399660894247274,64
QMIX,0,25024,390,25000,-522.1564741480179,-8.15869490856278,0.7594142259414226,956,726,233,0,4.232782369146006,6.0,726,6394.5055335857105,6360.246819878286,34.25871370742456,99.91414896227673,0.006674228133955532,0.1668557033488883,0.00010428481459305519,0.4019587377764524,64
QMIX,0,25088,391,25064,-363.86159316806226,-5.685337393250973,0.7138193688792165,919,656,271,0,4.137195121951219,6.0,656,5180.100981223399,5148.899041691987,31.201939531408968,80.9390778316156,0.004879458429920281,0.12198646074800704,7.62415379675044e-05,0.40556806796557443,64
QMIX,0,25152,392,25128,-459.0647249316059,-7.172886327056342,0.7362869198312236,948,698,232,0,4.223495702005731,6.0,698,5970.3228308634525,5937.4724126365045,32.85041822694562,93.28629423224145,0.005975739641219734,0.14939349103049335,9.337093189405835e-05,0.4080496011565077,64
QMIX,0,25216,393,25192,-370.3236439093525,-5.786306936083633,0.7319915254237288,944,691,257,0,4.276410998552822,7.0,691,5099.639597583669,5065.935540798973,33.70405678469538,79.68186871224482,0.005042440430951415,0.12606101077378537,7.878813173361586e-05,0.4098451936082925,64
QMIX,0,25280,394,25256,-438.9448299810287,-6.8585129684535735,0.735,1000,735,260,0,4.239455782312925,6.0,735,6218.878840817125,6182.943163117671,35.93567769945667,97.16998188776758,0.005826452637946826,0.14566131594867066,9.103832246791915e-05,0.4129285785766722,64
QMIX,0,25344,395,25320,-502.7926353281871,-7.856134927002923,0.7826982492276005,971,760,215,0,4.019736842105263,6.0,760,6388.176993665124,6356.8020594786585,31.374934186464312,99.81526552601757,0.006581268473371798,0.16453171183429494,0.00010283231989643434,0.41637668325477145,64
QMIX,0,25408,396,25384,-569.6296102882366,-8.900462660753696,0.7502467917077986,1013,760,255,0,4.043421052631579,6.0,760,7080.762897318514,7047.501579743823,33.26131757469117,110.63692027060178,0.007204021443019487,0.18010053607548718,0.00011256283504717949,0.4204330168082604,64
QMIX,0,25472,397,25448,-557.0262755515298,-8.703535555492653,0.8250539956803455,926,764,166,0,4.00261780104712,6.0,764,6734.2907587177815,6704.258445321801,30.032313395977635,105.22329310496534,0.007194141038387808,0.1798535259596952,0.0001124084537248095,0.4241914831437097,64
QMIX,0,25536,398,25512,-418.35829865103756,-6.536848416422462,0.7711229946524064,935,721,197,0,4.169209431345354,6.0,721,5526.118728677463,5495.127446515934,30.991282161529334,86.34560513558536,0.0056653629816635805,0.14163407454158952,8.852129658849344e-05,0.42681556743969934,64
QMIX,0,25600,399,25576,-346.624500163305,-5.416007815051641,0.7530054644808744,915,689,239,0,4.203193033381712,6.0,689,4956.389436404304,4925.092530622431,31.29690578187214,77.44358494381726,0.004820536390595623,0.12051340976489057,7.532088110305661e-05,0.42794282574600095,64
QMIX,0,25664,400,25640,-364.33107887811616,-5.692673107470565,0.7904656319290465,902,713,207,0,3.9102384291725105,6.0,713,6559.010913552986,6531.082649821613,27.928263731370784,102.4845455242654,0.005095705480148011,0.12739263700370027,7.962039812731267e-05,0.4287092573582797,64
QMIX,0,25728,401,25704,-379.95654316400856,-5.936820986937634,0.7144362486828241,949,678,255,0,4.1932153392330385,6.0,678,5956.689791968323,5922.3200309777,34.369760990622545,93.07327799950505,0.005110984509188817,0.12777461272972043,7.985913295607526e-05,0.42970824105507144,64
QMIX,0,25792,402,25768,-409.00709178390787,-6.39073580912356,0.722680412371134,970,701,266,0,4.192582025677604,6.0,701,5275.459633586856,5241.371906154918,34.0877274319379,82.42905677479463,0.005444365621353754,0.13610914053384385,8.50682128336524e-05,0.4295046745487634,64
QMIX,0,25856,403,25832,-363.6081008684374,-5.681376576069335,0.74090407938258,907,672,235,0,4.357142857142857,6.0,672,4885.228761290657,4852.780151013939,32.448610276715776,76.33169939516651,0.004955784329797768,0.1238946082449442,7.743413015309012e-05,0.4286831564867385,64
QMIX,0,25920,404,25896,-552.9017494244554,-8.639089834757115,0.7861020629750272,921,724,207,0,4.113259668508287,6.0,724,6721.792198139156,6689.223514184304,32.56868395485254,105.02800309592432,0.0070053069486468245,0.1751326737161706,0.00010945792107260663,0.4288931017341187,64
QMIX,0,25984,405,25960,-630.5493105076366,-9.852332976681822,0.7856440511307768,1017,799,196,0,4.111389236545682,6.0,799,7728.094928826373,7694.50130163244,33.59362719393057,120.75148326291207,0.007973321800855913,0.19933304502139781,0.00012458315313837364,0.4292463263432524,64
QMIX,0,26048,406,26024,-440.22542025423843,-6.8785221914724755,0.7674157303370787,890,683,221,0,4.161054172767203,6.0,683,5182.022454625626,5151.294814975002,30.72763965062249,80.9691008535254,0.005764798848939845,0.14411997122349612,9.007498201468508e-05,0.42901426648273205,64
QMIX,0,26112,407,26088,-732.2110610577752,-11.440797829027737,0.8551502145922747,932,797,116,0,3.776662484316186,6.0,797,7909.15408347155,7881.216344916408,27.937738555138914,123.58053255424296,0.009083902285680916,0.2270975571420229,0.0001419359732137643,0.4283537535324767,64
QMIX,0,26176,408,26152,-838.7275040814395,-13.105117251272492,0.8727076591154261,927,809,141,0,3.8640296662546354,6.0,809,8383.431395615014,8356.0342748298,27.397120785213797,130.9911155564846,0.010145523467770515,0.25363808669426285,0.0001585238041839143,0.42918814685188256,64
QMIX,0,26240,409,26216,-540.5574026595968,-8.4462094165562,0.7759197324414716,897,696,196,0,3.9152298850574714,6.0,696,5827.085262374459,5798.694753492012,28.3905088824456,91.04820722460092,0.006828260869409063,0.17070652173522657,0.00010669157608451661,0.4298953630820301,64
QMIX,0,26304,410,26280,-611.6316126180808,-9.556743947157512,0.7312775330396476,908,664,250,0,4.115963855421687,6.0,664,6006.631133616422,5975.141775590984,31.489358025433226,93.85361146275659,0.00739598117566182,0.1848995293915455,0.00011556220586971594,0.42975725155012645,64
QMIX,0,26368,411,26344,-450.8291568287748,-7.044205575449606,0.6993318485523385,898,628,249,0,4.164012738853503,6.0,628,5165.262529551497,5133.030290739283,32.232238812213375,80.70722702424214,0.005702651295822021,0.14256628239555053,8.910392649721908e-05,0.4287809722769296,64
QMIX,0,26432,412,26408,-389.34683809506964,-6.083544345235463,0.8010869565217391,920,737,207,0,4.021709633649932,6.0,737,5455.3347477308225,5426.576004138294,28.758743592532234,85.2396054332941,0.005402976024253444,0.1350744006063361,8.442150037896007e-05,0.4276588499553225,64
QMIX,0,26496,413,26472,-472.09405959803814,-7.376469681219346,0.744920993227991,886,660,221,0,4.0606060606060606,6.0,660,5491.473536045529,5462.486712598013,28.986823447517114,85.80427400071139,0.006028426960124297,0.15071067400310742,9.419417125194214e-05,0.4274069113119626,64
QMIX,0,26560,414,26536,-633.8496847817311,-9.903901324714548,0.7094105480868665,967,686,265,0,4.23469387755102,6.0,686,6446.3684829042095,6411.7423221048575,34.6261607993532,100.72450754537827,0.007655118339647083,0.19137795849117706,0.00011961122405698567,0.42776391158910315,64
QMIX,0,26624,415,26600,-510.1662381143076,-7.971347470536056,0.737064413938754,947,698,261,0,4.287965616045845,6.0,698,5222.230037995956,5187.680912739184,34.54912525677219,81.59734434368681,0.006452334089885412,0.1613083522471353,0.00010081772015445956,0.42781417719663983,64
QMIX,0,26688,416,26664,-575.9277600165477,-8.998871250258558,0.7018633540372671,966,678,264,0,4.216814159292035,6.0,678,5988.195124104104,5953.533410639524,34.66171346458379,93.56554881412663,0.007057006697879513,0.17642516744698783,0.00011026572965436739,0.4277230106698187,64
QMIX,0,26752,417,26728,-852.6466963981236,-13.322604631220681,0.7623554153522608,951,725,252,0,4.257931034482759,6.0,725,7322.1357402006315,7287.028534518949,35.107205681686104,114.40837094063487,0.00994942979473794,0.2487357448684485,0.0001554598405427803,0.42740636203840743,64
QMIX,0,26816,418,26792,-593.2790046631659,-9.269984447861967,0.7350835322195705,838,616,214,0,4.496753246753247,6.0,616,5710.798718580917,5676.252104033376,34.546614547540614,89.23122997782683,0.007145970673918605,0.17864926684796512,0.0001116557917799782,0.426166245108638,64
QMIX,0,26880,419,26856,-683.4273532636603,-10.678552394744692,0.7369565217391304,920,678,233,0,4.312684365781711,7.0,678,6742.599767289628,6706.500493711452,36.09927357818036,105.35312136390044,0.008171915672233526,0.20429789180583816,0.00012768618237864884,0.42352563329571136,64
QMIX,0,26944,420,26920,-644.7792664337161,-10.074676038026814,0.7631578947368421,912,696,234,0,4.114942528735632,6.0,696,7182.464298986806,7152.383816911326,30.08048207547836,112.22600467166885,0.00782638125235392,0.19565953130884797,0.00012228720706803,0.422195691987625,64
QMIX,0,27008,421,26984,-469.52657516661384,-7.336352736978341,0.7189542483660131,918,660,260,0,4.1469696969696965,6.0,660,5309.360855254846,5277.961843610358,31.399011644488528,82.95876336335697,0.005957645517203183,0.14894113793007957,9.308821120629974e-05,0.41999778781241875,64
QMIX,0,27072,422,27048,-344.129403032325,-5.377021922380078,0.6982670744138634,981,685,283,0,4.264233576642336,6.0,685,6200.073118869297,6163.443820393169,36.629298476124305,96.87614248233277,0.004734528476606429,0.11836321191516072,7.397700744697545e-05,0.41821646695831244,64
QMIX,0,27136,423,27112,-380.4039301938643,-5.94381140927913,0.7390829694323144,916,677,238,0,4.3515509601181686,7.0,677,5157.835888839302,5124.362365579451,33.47352325985045,80.5911857631141,0.005132376071395064,0.1283094017848766,8.019337611554787e-05,0.41741516614692087,64
QMIX,0,27200,424,27176,-495.9546949711678,-7.749292108924497,0.7863247863247863,936,736,208,0,4.239130434782608,7.0,736,6817.027249046746,6783.6355480537595,33.39170099298635,106.5160507663554,0.006464738595793295,0.1616184648948324,0.00010101154055927024,0.4179253415522313,64
QMIX,0,27264,425,27240,-447.2883041159776,-6.98887975181215,0.7347150259067358,965,709,244,0,4.084626234132581,7.0,709,6906.574858892621,6875.987256969225,30.58760192339549,107.9152321701972,0.00586899554119036,0.146724888529759,9.170305533109938e-05,0.42018047679826237,64
QMIX,0,27328,426,27304,-451.44782708218685,-7.0538722981591695,0.7536997885835095,946,713,247,0,4.078541374474053,6.0,713,6236.931930784084,6204.941981318789,31.989949465294913,97.45206141850132,0.005919070368406849,0.14797675921017123,9.248547450635701e-05,0.42172077298562327,64
QMIX,0,27392,427,27368,-390.3496459947521,-6.099213218668002,0.7448275862068966,870,648,230,0,4.158950617283951,6.0,648,5511.395203469338,5480.157250173633,31.237953295705626,86.11555005420841,0.005174530253347898,0.12936325633369747,8.085203520856091e-05,0.42194650461288064,64
QMIX,0,27456,428,27432,-355.008908013137,-5.547014187705265,0.7303754266211604,879,642,224,0,4.205607476635514,6.0,642,5365.502568021069,5332.914377278164,32.58819074290591,83.8359776253292,0.0048154185600629415,0.12038546400157353,7.524091500098346e-05,0.42170058909196634,64
QMIX,0,27520,429,27496,-386.21316915880334,-6.034580768106302,0.7008196721311475,976,684,288,0,4.326023391812866,7.0,684,6426.503300561211,6391.121069080652,35.38223148056313,100.41411407126893,0.005146886057165756,0.1286721514291439,8.042009464321494e-05,0.4222676577653135,64
QMIX,0,27584,430,27560,-398.86900125261735,-6.232328144572146,0.8002219755826859,901,721,189,0,4.008321775312067,6.0,721,6671.361832342218,6642.7258521679,28.635980174319652,104.24002863034715,0.0054817940491118326,0.1370448512277958,8.565303201737238e-05,0.42289123755017766,64
QMIX,0,27648,431,27624,-540.1897339815903,-8.440464593462348,0.8208333333333333,960,788,154,0,3.7753807106598987,6.0,788,8258.022955478637,8231.381762675986,26.641192802651425,129.0316086793537,0.007099120095303051,0.17747800238257627,0.00011092375148911017,0.426037808641919,64
QMIX,0,27712,432,27688,-445.44613099220686,-6.960095796753232,0.7421790722761596,927,688,261,0,4.026162790697675,6.0,688,6568.014492834645,6538.281323363186,29.733169471462777,102.62522645054133,0.005785646229986568,0.1446411557496642,9.040072234354013e-05,0.4284670873160763,64
QMIX,0,27776,433,27752,-404.8102164154515,-6.32515963149143,0.7828507795100222,898,703,185,0,3.779516358463727,6.0,703,6208.039959845692,6181.8342749797675,26.20568486592436,97.00062437258893,0.00550346207839722,0.1375865519599305,8.599159497495656e-05,0.42869562207354106,64
QMIX,0,27840,434,27816,-368.14039626250803,-5.752193691601688,0.7821350762527233,918,718,193,0,3.966573816155989,6.0,718,7128.7307526288305,7098.398984847327,30.3317677815036,111.38641800982548,0.005166619396824042,0.12916548492060106,8.072842807537566e-05,0.42896480847919993,64
QMIX,0,27904,435,27880,-313.83681927342195,-4.903700301147218,0.7666666666666667,900,690,216,0,4.314492753623188,6.0,690,5904.601361103599,5871.620429920888,32.98093118271296,92.25939626724373,0.004526929773442975,0.11317324433607438,7.073327771004649e-05,0.4289193399153843,64
QMIX,0,27968,436,27944,-440.97629559622317,-6.890254618690987,0.8072033898305084,944,762,178,0,4.028871391076115,6.0,762,7496.520087908435,7466.338143695389,30.181944213047235,117.1331263735693,0.006016346192202266,0.15040865480505664,9.40054092531604e-05,0.42902304984354095,64
QMIX,0,28032,437,28008,-410.7581449494719,-6.418096014835498,0.8489289740698985,887,753,136,0,4.1181938911022575,6.399999999999977,753,7405.766109921858,7375.964444132426,29.80166578943035,115.71509546752903,0.0057421680844395185,0.14355420211098796,8.972137631936748e-05,0.42891190498785403,64
QMIX,0,28096,438,28072,-379.9698088230589,-5.937028262860295,0.7323177366702938,919,673,248,0,4.306092124814264,6.0,673,6398.002656615015,6363.842214879903,34.16044173511319,99.96879150960962,0.005106788912844382,0.12766972282110955,7.979357676319347e-05,0.42821905341263267,64
QMIX,0,28160,439,28136,-419.0679852385716,-6.547937269352682,0.7563559322033898,944,714,223,0,4.266106442577031,6.0,714,7052.559025977492,7021.524635650114,31.0343903273768,110.19623478089831,0.005629721412149435,0.14074303530373589,8.796439706483492e-05,0.42641741026299007,64
QMIX,0,28224,440,28200,-536.7512255371241,-8.386737899017565,0.8016789087093389,953,764,191,0,3.9568062827225132,6.0,764,7706.691151816015,7676.892077346937,29.799074469076427,120.41704924712523,0.006963785505813997,0.1740946376453499,0.0001088091485283437,0.42511708505486034,64
QMIX,0,28288,441,28264,-658.3879818150234,-10.28731221585974,0.8281081081081081,925,766,185,0,4.1096605744125325,7.0,766,8279.276285565524,8250.504246689954,28.77203887557341,129.3636919619613,0.008189741201063642,0.20474353002659104,0.0001279647062666194,0.42499271843170106,64
QMIX,0,28352,442,28328,-544.4810343795695,-8.507516162180773,0.8,880,704,165,0,3.897727272727273,6.0,704,6805.932015378597,6779.302801316667,26.629214061928693,106.34268774029057,0.0069269776650337555,0.1731744416258439,0.00010823402601615243,0.42612833775759185,64
QMIX,0,28416,443,28392,-502.5313007829722,-7.852051574733941,0.7455683003128258,959,715,240,0,4.4237762237762235,7.0,715,6514.822785501272,6482.458959185591,32.363826315682225,101.79410602345737,0.006443999890460525,0.16109999726151314,0.00010068749828844571,0.42660659273167956,64
QMIX,0,28480,444,28456,-398.0869243632108,-6.220108193175169,0.7303754266211604,879,642,232,0,4.409657320872274,6.0,642,6287.172227875634,6254.673520805864,32.49870706976706,98.23706606055678,0.005236140804384709,0.13090352010961773,8.181470006851108e-05,0.42656043791377296,64
QMIX,0,28544,445,28520,-632.1902024942202,-9.87797191397219,0.7726787620064034,937,724,214,0,4.269337016574585,7.0,724,7434.626838560769,7403.447618835799,31.17921972497256,116.16604435251202,0.007794680524839696,0.1948670131209924,0.00012179188320062025,0.4260782104506522,64
QMIX,0,28608,446,28584,-521.7557149281467,-8.152433045752293,0.7022900763358778,917,644,269,0,4.461180124223603,7.0,644,6102.007102787544,6068.763988292265,33.24311449527579,95.34386098105537,0.006429710539643601,0.16074276349109,0.00010046422718193126,0.42651148863195687,64
QMIX,0,28672,447,28648,-415.6941184923701,-6.4952206014432825,0.7235023041474654,868,628,252,0,4.372611464968153,6.0,628,5304.260809230268,5271.825574193164,32.4352350371033,82.87907514422294,0.0053510335048889725,0.1337758376222243,8.36098985138902e-05,0.4276895519877113,64
QMIX,0,28736,448,28712,-449.68992354968606,-7.026405055463845,0.728051391862955,934,680,244,0,3.9235294117647057,6.0,680,6103.525080928924,6074.756710056687,28.76837087223429,95.36757938951443,0.005820362291551665,0.14550905728879163,9.094316080549476e-05,0.42736776456140996,64
QMIX,0,28800,449,28776,-440.7331561027427,-6.886455564105355,0.7643923240938166,938,717,212,0,3.9735006973500697,6.0,717,6491.00894244628,6461.858904499819,29.150037946461406,101.42201472572313,0.005860786882601228,0.1465196720650307,9.157479504064419e-05,0.42700731206799186,64
QMIX,0,28864,450,28840,-484.7424965882065,-7.574101509190727,0.7844559585492228,965,757,224,0,4.371202113606341,7.0,757,7970.773002228841,7935.615042099144,35.157960129697045,124.54332815982563,0.006385894564677868,0.15964736411694672,9.977960257309169e-05,0.4280990303920768,64
QMIX,0,28928,451,28904,-457.5467797779488,-7.14916843403045,0.8004434589800443,902,722,182,0,4.367036011080333,7.0,722,7118.585236170273,7083.690519336588,34.894716833682004,111.22789431516051,0.006081109902039066,0.15202774755097664,9.501734221936041e-05,0.4289534535032341,64
QMIX,0,28992,452,28968,-701.414096782102,-10.959595262220343,0.823943661971831,994,819,176,0,4.021978021978022,6.099999999999909,819,9525.97774752472,9492.90413759148,33.07360993323605,148.84340230507374,0.008756433879133508,0.2189108469783377,0.00013681927936146107,0.4309406636706003,64
QMIX,0,29056,453,29032,-510.87605230364716,-7.982438317244487,0.7636003956478734,1011,772,231,0,4.375647668393782,7.0,772,7708.816865345849,7671.267272554636,37.54959279121263,120.45026352102889,0.006673995945344151,0.16684989863360378,0.00010428118664600236,0.4344311782076248,64
QMIX,0,29120,454,29096,-467.1668734089967,-7.2994823970155736,0.7375886524822695,987,728,260,0,4.388736263736264,6.0,728,6586.271325214215,6547.608602448669,38.662722765541425,102.9104894564721,0.006095628597716135,0.15239071494290338,9.524419683931461e-05,0.43657444876758417,64
QMIX,0,29184,455,29160,-602.6898247261907,-9.41702851134673,0.7396265560165975,964,713,256,0,4.3983169705469845,6.0,713,7323.995713529919,7286.122834553019,37.87287897690161,114.43743302390499,0.007419592539651459,0.1854898134912865,0.00011593113343205405,0.4382166808037449,64
QMIX,0,29248,456,29224,-379.3005646302986,-5.9265713223484155,0.7084673097534834,933,661,268,0,4.332829046898638,6.0,661,5576.861743092253,5540.621933302994,36.2398097892607,87.13846473581646,0.005047834685979192,0.1261958671494798,7.887241696842488e-05,0.439240599156294,64
QMIX,0,29312,457,29288,-316.2728860633957,-4.941763844740557,0.7174151150054765,913,655,254,0,4.650381679389313,7.0,655,5288.97471664479,5251.451597413404,37.52311923138861,82.64022994757484,0.00441800018421686,0.1104500046054215,6.903125287838843e-05,0.43941747249517005,64
QMIX,0,29376,458,29352,-349.27106939286693,-5.457360459263546,0.7554824561403509,912,689,241,0,4.32656023222061,6.0,689,6373.191251967153,6339.2370115290605,33.95424043809308,99.58111331198677,0.004845313493719362,0.12113283734298405,7.570802333936503e-05,0.4402276140970218,64
QMIX,0,29440,459,29416,-339.23300962906995,-5.300515775454218,0.7486515641855448,927,694,205,0,4.213256484149856,6.0,694,6112.2293114721015,6079.143159823215,33.08615164889183,95.50358299175159,0.004801531407984032,0.1200382851996008,7.50239282497505e-05,0.4411540794879879,64
QMIX,0,29504,460,29480,-411.1532463589565,-6.424269474358695,0.7724810400866738,923,713,224,0,3.9775596072931276,6.0,713,6837.118656544559,6808.23264239619,28.886014148369135,106.82997900850873,0.005546786852064148,0.1386696713016037,8.666854456350231e-05,0.4438413581601547,64
QMIX,0,29568,461,29544,-436.1270401370007,-6.814485002140636,0.7639198218262806,898,686,202,0,3.8396501457725947,6.0,686,7021.879177611902,6993.766495038351,28.112682573549765,109.71686215018597,0.005756689836496192,0.14391724591240482,8.9948278695253e-05,0.44637076511663265,64
QMIX,0,29632,462,29608,-415.7896939963876,-6.496713968693556,0.7102510460251046,956,679,280,0,4.365243004418262,7.0,679,6499.574312068515,6464.507073146302,35.06723892221175,101.55584862607054,0.005445390168619444,0.1361347542154861,8.508422138467882e-05,0.44791192167846805,64
QMIX,0,29696,463,29672,-391.2466425507854,-6.113228789856022,0.7126193001060446,943,672,264,0,4.375,6.0,672,6243.6916114807345,6208.241375589651,35.45023589108527,97.55768142938648,0.0051993597833512595,0.1299839945837815,8.123999661486343e-05,0.448271919577677,64
QMIX,0,29760,464,29736,-374.8123973973212,-5.856443709333144,0.73449401523395,919,675,257,0,4.484444444444445,6.0,675,5988.37980283795,5952.592555004521,35.78724783343001,93.56843441934296,0.005047741924895009,0.12619354812237524,7.887096757648452e-05,0.4480245173707646,64
QMIX,0,29824,465,29800,-557.4605113494845,-8.710320489835695,0.7255555555555555,900,653,264,0,4.179173047473201,6.0,653,6993.993178494329,6962.76867356277,31.224504931560496,109.2811434139739,0.00681446626117979,0.17036165652949475,0.00010647603533093422,0.4469961766729451,64
QMIX,0,29888,466,29864,-668.2455590413966,-10.441336860021822,0.8204592901878914,958,786,171,0,3.446564885496183,6.0,786,7072.295951531092,7049.4313993868245,22.864552144267396,110.50462424267332,0.00835304571952064,0.20882614298801597,0.00013051633936751,0.4470240810383502,64
QMIX,0,29952,467,29928,-577.3249593493147,-9.020702489833042,0.7660695468914647,949,727,187,0,3.749656121045392,6.0,727,7062.646016433464,7034.091350118288,28.554666315176448,110.35384400677287,0.0072794545424656,0.18198636356164,0.000113741477226025,0.4462820830608966,64
QMIX,0,30016,468,29992,-386.2420583161422,-6.035032161189722,0.7108190091001011,989,703,284,0,4.554765291607397,6.0,703,6040.023709869483,6000.849662757758,39.174047111725,94.37537046671068,0.005195536099326721,0.12988840248316802,8.118025155198002e-05,0.44534593000799905,64
QMIX,0,30080,469,30056,-317.85364665907275,-4.966463229048012,0.7096412556053812,892,633,276,0,4.507109004739337,6.0,633,5119.08234649301,5084.255825420318,34.826521072691385,79.98566166395328,0.004355720015208212,0.1088930003802053,6.805812523762831e-05,0.44422564767029177,64
QMIX,0,30144,470,30120,-406.8705668024614,-6.357352606288459,0.7085152838427947,916,649,262,0,4.670261941448382,7.0,649,5406.6001962547625,5368.403952861905,38.196243392859756,84.47812806648066,0.005299961605735251,0.13249904014338126,8.281190008961329e-05,0.4425340037165557,64
QMIX,0,30208,471,30184,-570.1859427215298,-8.909155355023904,0.7007223942208463,969,679,296,0,4.531664212076583,6.0,679,6102.184430749733,6063.054055092219,39.13037565751005,95.34663173046458,0.006960095317710327,0.1740023829427582,0.00010875148933922386,0.44041335199302034,64
QMIX,0,30272,472,30248,-571.1077892236681,-8.923559206619814,0.7018104366347178,939,659,277,0,4.517450682852807,6.0,659,6276.429229022816,6238.460191881473,37.96903714134657,98.0692067034815,0.006944866683517016,0.1736216670879254,0.00010851354192995337,0.43891943342389916,64
QMIX,0,30336,473,30312,-461.41941985111873,-7.20967843517373,0.7323462414578588,878,643,241,0,4.506998444790047,7.0,643,5982.347438761621,5947.155823198959,35.191615562660665,93.47417873065032,0.005857311517169455,0.1464327879292364,9.152049245577274e-05,0.4380439722295648,64
QMIX,0,30400,474,30376,-574.4457936740268,-8.97571552615667,0.7022653721682848,927,651,271,0,4.531490015360983,7.0,651,6018.226997277749,5981.729414201601,36.49758307615018,94.03479683246483,0.0069707896624668225,0.17426974156167058,0.0001089185884760441,0.4375436385236145,64
QMIX,0,30464,475,30440,-471.45627763806215,-7.366504338094721,0.72480181200453,883,640,241,0,4.3609375,6.0,640,5739.4381863297385,5706.18269016604,33.25549616370055,89.67872166140216,0.005949499530009648,0.1487374882502412,9.296093015640075e-05,0.4370155201188834,64
QMIX,0,30528,476,30504,-461.8991229804525,-7.21717379656957,0.7398648648648649,888,657,247,0,4.3044140030441405,6.0,657,6440.3915604575905,6408.192052260748,32.19950819684475,100.63111813214985,0.005892518887256973,0.14731297218142433,9.20706076133902e-05,0.4389824734861585,64
QMIX,0,30592,477,30568,-524.3217732320569,-8.192527706750889,0.7091954022988506,870,617,256,0,4.395461912479741,6.0,617,5869.091953641058,5835.142923767796,33.94902987326388,91.70456177564154,0.006404179112890314,0.16010447782225784,0.00010006529863891115,0.4390705940859401,64
QMIX,0,30656,478,30632,-374.00304254021074,-5.843797539690793,0.6940298507462687,938,651,256,0,4.646697388632872,6.5,651,5358.160824050726,5319.983001112104,38.17782293862396,83.72126287579259,0.004983790447711822,0.12459476119279554,7.787172574549721e-05,0.4388147029250825,64
QMIX,0,30720,479,30696,-488.2739809111418,-7.6292809517365905,0.7293729372937293,909,663,263,0,4.748114630467572,7.0,663,6013.032862192592,5975.831370933744,37.2014912588491,93.95363847175925,0.006148825156924197,0.15372062892310492,9.607539307694058e-05,0.4395082546545667,64
QMIX,0,30784,480,30760,-486.2692973856664,-7.597957771651037,0.6994708994708995,945,661,282,0,4.615733736762481,7.0,661,5950.775460062263,5914.952460621362,35.82299944090021,92.98086656347286,0.006099572081319407,0.15248930203298516,9.530581377061574e-05,0.44024108363598946,64
QMIX,0,30848,481,30824,-469.066221925073,-7.329159717579266,0.7266514806378133,878,638,247,0,4.58307210031348,7.0,638,6043.926629807271,6009.152228739541,34.7744010677304,94.4363535907386,0.005917569357582641,0.147939233939566,9.246202121222876e-05,0.43955143558999515,64
QMIX,0,30912,482,30888,-503.00784312235953,-7.859497548786868,0.7470010905125409,917,685,228,0,4.493430656934307,7.0,685,6739.5805500375145,6705.076927787743,34.50362224977197,105.30594609433616,0.006389906240631694,0.15974765601579236,9.984228500987022e-05,0.43879875278069913,64
QMIX,0,30976,483,30952,-495.6239114267091,-7.74412361604233,0.6937431394072447,911,632,280,0,4.387658227848101,6.0,632,6964.849457870654,6929.79949173491,35.049966135744185,108.82577277922897,0.0061255617720724015,0.15313904430181005,9.571190268863127e-05,0.43845517928781985,64
QMIX,0,31040,484,31016,-484.8210829197227,-7.575329420620667,0.6752966558791802,927,626,286,0,4.592651757188499,6.75,626,6295.309850127638,6256.84320195924,38.466648168395515,98.36421640824435,0.005997453627850575,0.14993634069626438,9.371021293516524e-05,0.43851126159573134,64
QMIX,0,31104,485,31080,-361.92119390483333,-5.655018654763021,0.7044167610419027,883,622,284,0,4.712218649517685,7.0,622,6223.2755900079155,6186.190769494257,37.084820513660034,97.23868109387368,0.004766567837251825,0.11916419593129564,7.447762245705977e-05,0.4383779718560754,64
QMIX,0,31168,486,31144,-293.72229011936713,-4.589410783115111,0.7010192525481314,883,619,264,0,4.518578352180937,6.100000000000023,619,5193.441969987033,5156.672921821201,36.769048165834285,81.1475307810474,0.004094447899988019,0.10236119749970048,6.39757484373128e-05,0.4377885079353746,64
QMIX,0,31232,487,31208,-331.2701869132555,-5.176096670519617,0.7151832460732984,955,683,259,0,4.556368960468522,7.0,683,5937.837689493135,5898.565486272654,39.27220322048126,92.77871389833024,0.004631674660161062,0.11579186650402655,7.236991656501659e-05,0.43668500591548076,64
QMIX,0,31296,488,31272,-493.888825249816,-7.717012894528375,0.7292307692307692,975,711,265,0,4.406469760900141,6.0,711,8004.114286705569,7967.055247972019,37.059038733550466,125.06428572977451,0.006320312822176029,0.15800782055440074,9.875488784650046e-05,0.43745641239113636,64
QMIX,0,31360,489,31336,-568.2589195550399,-8.879045618047499,0.7132796780684104,994,709,286,0,4.6234132581100145,7.0,709,8196.08939438335,8158.065644899326,38.02374948402774,128.06389678723986,0.0070422484843940085,0.1760562121098502,0.00011003513256865638,0.43929141765920765,64
QMIX,0,31424,490,31400,-569.0253194071564,-8.891020615736819,0.7345612134344529,923,678,254,0,4.51622418879056,7.0,678,7630.201734174039,7596.361145293602,33.840588880436044,119.22190209646936,0.006997760203926043,0.17494400509815108,0.00010934000318634442,0.43989676152668283,64
QMIX,0,31488,491,31464,-524.7060107071117,-8.19853141729862,0.7453347969264544,911,679,236,0,4.564064801178203,7.0,679,7538.359101532413,7505.172351102515,33.186750429897394,117.78686096144395,0.006584459883166768,0.1646114970791692,0.00010288218567448075,0.4404140477516286,64
QMIX,0,31552,492,31528,-657.2011198853795,-10.268767498209055,0.747624076029567,947,708,225,0,4.440677966101695,7.0,708,8927.604654705945,8894.965244992174,32.63940971377119,139.4938227297804,0.007990967013070786,0.19977417532676964,0.00012485885957923103,0.4403259576604396,64
QMIX,0,31616,493,31592,-503.14177330133265,-7.861590207833323,0.7050739957716702,946,667,276,0,4.506746626686657,7.0,667,7416.2920268108865,7381.703547542336,34.58847926855025,115.8795629189201,0.006297688744332123,0.15744221860830307,9.840138663018942e-05,0.44369351207813995,64
QMIX,0,31680,494,31656,-544.7187824261426,-8.511230975408479,0.7257889009793254,919,667,251,0,4.60119940029985,7.0,667,6434.523204912959,6399.10710378372,35.416101129238356,100.53942507676499,0.006737383284782423,0.16843458211956058,0.00010527161382472536,0.4455514070747755,64
QMIX,0,31744,495,31720,-541.8753070190737,-8.466801672173027,0.7831449126413155,973,762,217,0,4.338582677165355,7.0,762,7954.804820424446,7919.344390757674,35.460429666775816,124.29382531913197,0.006980063658514183,0.17450159146285457,0.00010906349466428411,0.4471026401963547,64
QMIX,0,31808,496,31784,-446.4527921904803,-6.975824877976255,0.7631578947368421,950,725,225,0,4.3917241379310346,6.7999999999999545,725,7471.716133193312,7437.006114511403,34.710018681907314,116.7455645811455,0.005928966564707091,0.14822416411767728,9.26401025735483e-05,0.44892510712308825,64
QMIX,0,31872,497,31848,-410.92014962342995,-6.420627337866093,0.7163412127440905,973,697,265,0,4.5896700143472025,7.0,697,5957.166828833104,5920.244954889368,36.92187394373647,93.08073170051725,0.005453263848726215,0.13633159621815538,8.520724763634711e-05,0.4488325607774927,64
QMIX,0,31936,498,31912,-467.6196472372335,-7.306556988081773,0.7640966628308401,869,664,223,0,4.352409638554217,6.0,664,6797.484468098355,6764.78338291818,32.701085180175475,106.2106948140368,0.005996384704090713,0.14990961760226784,9.36935110014174e-05,0.4483517802424051,64
QMIX,0,32000,499,31976,-710.3867245123909,-11.099792570506107,0.6697247706422018,981,657,310,0,4.45662100456621,7.0,657,8609.960024681635,8571.425836494265,38.53418818736986,134.53062538565055,0.008305402368548636,0.2076350592137159,0.00012977191200857244,0.44898293422438906,64
