train_slots,rollout_index,updates,train_return,train_mean_slot_Rsys,train_satisfaction,train_cr,train_arrived,train_done,train_timeout,train_rejected,train_system_delay_overhead_s_per_slot,train_delay_sum_s,train_avg_completed_e2e_delay_s,train_p95_completed_e2e_delay_s,train_delay_samples,train_system_energy_overhead_kj_per_slot,train_total_dynamic_energy_j,train_energy_comp_j,train_energy_trans_j,train_cumulative_lifetime_loss,train_cum_hl_mean_satellite,train_avg_hl_per_sat_slot,train_avg_dod,train_n_slots
64,0,1,395.58147612931475,6.180960564520543,0.7524682651622003,0.7524682651622003,1418,1067,285,0,52.5625,3364.0,3.152764761012184,5.0,1067,0.030687105701186282,1963.9747648759221,1924.3891196316815,39.58564524424157,0.01759332909133075,0.00070373316365323,1.0995830682081718e-05,0.3518127995815882,64
128,1,2,406.77952654897115,6.355930102327674,0.8035450516986706,0.8035450516986706,1354,1088,275,0,53.828125,3445.0,3.166360294117647,5.0,1088,0.030992421986853556,1983.5150071586277,1946.3046934203403,37.21031373828694,0.017710260000342256,0.0007084104000136903,1.106891250021391e-05,0.34794155699701185,64
192,2,3,385.3934959844223,6.021773374756599,0.7623833452979182,0.7623833452979182,1393,1062,322,0,53.40625,3418.0,3.2184557438794728,5.0,1062,0.03281780149450055,2100.339295648035,2060.1015721437375,40.23772350429812,0.018355410897863217,0.0007342164359145286,1.147213181116451e-05,0.34396906575021813,64
256,3,4,389.77581472046614,6.0902471050072835,0.7568517217146873,0.7568517217146873,1423,1077,341,0,56.109375,3591.0,3.3342618384401113,5.0,1077,0.030124692319905378,1927.9803084739442,1886.5299950010524,41.45031347289231,0.016451239796685693,0.0006580495918674276,1.0282024872928557e-05,0.3401755224802864,64
320,4,5,414.01227952954,6.468941867649063,0.7873684210526316,0.7873684210526316,1425,1122,317,0,57.9375,3708.0,3.304812834224599,5.0,1122,0.030824960265323557,1972.7974569807077,1930.0455099813419,42.75194699936565,0.017052501079051645,0.0006821000431620658,1.0657813174407278e-05,0.3361835550157802,64
384,5,6,387.70929034491,6.057957661639219,0.7427184466019418,0.7427184466019418,1442,1071,339,0,56.796875,3635.0,3.3940242763772175,5.0,1071,0.03109887677434389,1990.328113558009,1945.76869091834,44.55942263966977,0.016898091989998854,0.0006759236795999542,1.0561307493749284e-05,0.3322480013906222,64
448,6,7,388.0007682648445,6.0625120041381955,0.7593244194229416,0.7593244194229416,1421,1079,355,0,59.328125,3797.0,3.518999073215941,5.0,1079,0.02941201910309828,1882.36922259829,1836.9424405003542,45.42678209793551,0.01597544977132097,0.0006390179908528389,9.984656107075607e-06,0.3282985476712552,64
512,7,8,368.92955715933294,5.764524330614577,0.7362093352192363,0.7362093352192363,1414,1041,372,0,59.75,3824.0,3.6733909702209413,5.0,1041,0.028887803455021885,1848.8194211214006,1799.302455944252,49.516965177147625,0.015139594693251558,0.0006055837877300623,9.462246683282224e-06,0.32430328209087084,64
576,8,9,357.97906023496546,5.593422816171335,0.7023728813559322,0.7023728813559322,1475,1036,416,0,60.03125,3842.0,3.7084942084942085,5.0,1036,0.02720407613893446,1741.0608728918053,1689.8845348685043,51.176338023300474,0.01486027979305951,0.0005944111917223804,9.287674870662193e-06,0.3202045702321986,64
640,9,10,383.9262574249442,5.998847772264753,0.7517482517482518,0.7517482517482518,1430,1075,371,0,62.34375,3990.0,3.7116279069767444,5.0,1075,0.029824024870802514,1908.737591731361,1859.0754281000652,49.66216363129605,0.015800750266268294,0.0006320300106507318,9.875468916417685e-06,0.3165860797846416,64
704,10,11,400.759806504445,6.261871976631953,0.7796730632551528,0.7796730632551528,1407,1097,336,0,63.328125,4053.0,3.6946216955332725,5.0,1097,0.029495500884628198,1887.7120566162046,1839.5070657755434,48.2049908406611,0.01527066802101807,0.0006108267208407228,9.544167513136294e-06,0.31438169262490556,64
768,11,12,370.4697025580436,5.788589102469431,0.7357549857549858,0.7357549857549858,1404,1033,350,0,57.984375,3711.0,3.5924491771539206,5.0,1033,0.02940122147391437,1881.6781743305198,1833.6914210005252,47.98675332999547,0.014535090870133612,0.0005814036348053444,9.084431793833507e-06,0.31293287509820644,64
832,12,13,389.734512269867,6.089601754216672,0.7479395604395604,0.7479395604395604,1456,1089,364,0,61.1875,3916.0,3.595959595959596,5.0,1089,0.03237539970325863,2072.0255810085523,2022.1011227826589,49.92445822589329,0.017385023086381967,0.0006954009234552787,1.086563942898873e-05,0.3114547480809709,64
896,13,14,410.98232504849574,6.421598828882746,0.7710184552289815,0.7710184552289815,1463,1128,342,0,62.15625,3978.0,3.526595744680851,5.0,1128,0.03171365734557672,2029.67407011691,1982.318273112009,47.35579700490009,0.017487797995378012,0.0006995119198151205,1.0929873747111259e-05,0.30981225983692484,64
960,14,15,425.6866142347808,6.65135334741845,0.7915512465373962,0.7915512465373962,1444,1143,300,0,63.171875,4043.0,3.537182852143482,5.0,1143,0.03210141983771853,2054.490869613986,2007.5930378607532,46.89783175323267,0.01789793510575109,0.0007159174042300436,1.1186209441094431e-05,0.3088637959826037,64
1024,15,16,367.13125923263294,5.73642592550989,0.7382310984308131,0.7382310984308131,1402,1035,361,0,57.0625,3652.0,3.528502415458937,5.0,1035,0.0290052243633142,1856.334359252109,1809.3130011566413,47.02135809546742,0.016725624738205894,0.0006690249895282358,1.0453515461378684e-05,0.30876746294781665,64
1088,16,17,382.8854755845483,5.9825855560085675,0.7444444444444445,0.7444444444444445,1440,1072,359,0,59.234375,3791.0,3.5363805970149254,5.0,1072,0.030356229859920158,1942.7987110348902,1894.1290532668922,48.66965776799796,0.017997851623684256,0.0007199140649473702,1.1248657264802659e-05,0.30844289797896607,64
1152,17,18,379.1414458695373,5.92408509171152,0.7684441197954711,0.7684441197954711,1369,1052,336,0,58.0,3712.0,3.5285171102661597,5.0,1052,0.028923165193868786,1851.0825724076024,1805.0653847750864,46.01718763251606,0.016819600274530767,0.0006727840109812306,1.0512250171581729e-05,0.30782250569769254,64
1216,18,19,373.86770539665025,5.84168289682266,0.7494615936826992,0.7494615936826992,1393,1044,349,0,55.78125,3570.0,3.4195402298850577,5.0,1044,0.028572935833875667,1828.6678933680428,1783.6266534723236,45.04123989571969,0.016145152163077475,0.000645806086523099,1.0090720101923422e-05,0.3075916669313679,64
1280,19,20,388.29806576513283,6.0671572775802005,0.748792270531401,0.748792270531401,1449,1085,362,0,61.34375,3926.0,3.6184331797235023,5.0,1085,0.031037371124941666,1986.3917519962665,1936.2305411485763,50.1612108476909,0.017194458622786655,0.0006877783449114661,1.0746536639241658e-05,0.30805223732644493,64
1344,20,21,358.9453479477094,5.60852106168296,0.7269503546099291,0.7269503546099291,1410,1025,386,0,57.8125,3700.0,3.6097560975609757,5.0,1025,0.027721496349623554,1774.1757663759074,1725.8045027111539,48.371263664753805,0.014794131470176095,0.0005917652588070438,9.246332168860059e-06,0.3085198724064073,64
1408,21,22,384.1616152714758,6.002525238616809,0.7351351351351352,0.7351351351351352,1480,1088,386,0,60.71875,3886.0,3.5716911764705883,5.0,1088,0.03430805921054185,2195.7157894746783,2146.5208386031795,49.19495087149919,0.017725868620286512,0.0007090347448114604,1.107866788767907e-05,0.30869051131228853,64
1472,22,23,372.13494767834277,5.814608557474106,0.7592867756315007,0.7592867756315007,1346,1022,324,0,55.453125,3549.0,3.4726027397260273,5.0,1022,0.026328220456741054,1685.0061092314274,1642.9630936828255,42.04301554860116,0.01334418125982659,0.0005337672503930636,8.340113287391618e-06,0.3084976325530447,64
1536,23,24,403.8933820057762,6.310834093840253,0.772027972027972,0.772027972027972,1430,1104,326,0,60.03125,3842.0,3.4800724637681157,5.0,1104,0.031912278342659785,2042.3858139302263,1995.3436961386194,47.042117791606756,0.017081308241176794,0.0006832523296470718,1.0675817650735496e-05,0.3079047824225151,64
1600,24,25,378.5152477576044,5.914300746212569,0.7566594672426206,0.7566594672426206,1389,1051,345,0,57.21875,3662.0,3.4843006660323503,5.0,1051,0.02793981541125826,1788.1481863205286,1742.4365811666387,45.711605153888826,0.015198112219363432,0.0006079244887745373,9.498820137102145e-06,0.3071255861918774,64
1664,25,26,364.8487236847242,5.700761307573815,0.7476155539251651,0.7476155539251651,1363,1019,334,0,55.234375,3535.0,3.4690873405299314,5.0,1019,0.0286964348704169,1836.5718317066817,1793.2096265615528,43.3622051451293,0.01689455413592347,0.0006757821654369388,1.0559096334952168e-05,0.30693163810565305,64
1728,26,27,369.265268729323,5.769769823895672,0.7527114967462039,0.7527114967462039,1383,1041,350,0,55.4375,3548.0,3.4082612872238234,5.0,1041,0.03143738755455632,2011.9928034916047,1968.0448386185437,43.94796487306086,0.019230434143023223,0.0007692173657209289,1.2019021339389514e-05,0.3066489252485655,64
1792,27,28,390.57954863057597,6.1028054473527495,0.7608089260808926,0.7608089260808926,1434,1091,356,0,58.359375,3735.0,3.4234647112740606,5.0,1091,0.030859928526393937,1975.035425689212,1931.7790169086825,43.25640878053001,0.01857803496362862,0.0007431213985451449,1.161127185226789e-05,0.30610853454368914,64
1856,28,29,387.6296188039477,6.056712793811683,0.7526205450733753,0.7526205450733753,1431,1077,347,0,58.421875,3739.0,3.4716805942432685,5.0,1077,0.02958306051567714,1893.315873003337,1847.7736497387261,45.54222326461085,0.01725059159318656,0.0006900236637274624,1.07816197457416e-05,0.30522355905179643,64
1920,29,30,376.807088259069,5.887610754047953,0.7498218104062723,0.7498218104062723,1403,1052,336,0,54.578125,3493.0,3.320342205323194,5.0,1052,0.029825007927161383,1908.8005073383285,1867.0827752505238,41.71773208780473,0.01907478217410979,0.0007629912869643917,1.192173885881862e-05,0.30400100128836316,64
1984,30,31,396.10290857125904,6.189107946425922,0.7880116959064327,0.7880116959064327,1368,1078,298,0,55.0,3520.0,3.2653061224489797,5.0,1078,0.029704184543665007,1901.0678107945605,1860.712201507847,40.35560928671294,0.01895486432947228,0.0007581945731788913,1.1846790205920177e-05,0.30254022355738325,64
2048,31,32,386.0758200127583,6.032434687699348,0.7606534090909091,0.7606534090909091,1408,1071,330,0,55.359375,3543.0,3.3081232492997197,5.0,1071,0.030508467467646787,1952.5419179293945,1910.061918427132,42.47999950226279,0.01971147832371741,0.0007884591329486965,1.2319673952323382e-05,0.30076364265090516,64
2112,32,33,401.00337921006536,6.265677800157271,0.7838412473423104,0.7838412473423104,1411,1106,327,0,55.5625,3556.0,3.2151898734177213,5.0,1106,0.03366506057440512,2154.5638767619275,2115.0244882320485,39.539388529879055,0.02144764995161374,0.0008579059980645496,1.3404781219758587e-05,0.29923294115925003,64
2176,33,34,432.1004930720151,6.751570204250236,0.7841965471447543,0.7841965471447543,1506,1181,325,0,58.296875,3731.0,3.1591871295512277,5.0,1181,0.037377030840344466,2392.129973782046,2350.8760406575348,41.253933124509956,0.02360037769654535,0.0009440151078618141,1.4750236060340845e-05,0.29830622237689236,64
2240,34,35,414.669185939453,6.479206030303953,0.7769389155799589,0.7769389155799589,1457,1132,310,0,56.0625,3588.0,3.1696113074204946,5.0,1132,0.03366609025543026,2154.629776347537,2115.060831169519,39.56894517801759,0.02218333092685922,0.0008873332370743687,1.3864581829287011e-05,0.29714712010817734,64
2304,35,36,398.0895902934139,6.220149848334592,0.8031555221637866,0.8031555221637866,1331,1069,266,0,51.671875,3307.0,3.0935453695042097,5.0,1069,0.030561665292135807,1955.9465786966916,1920.7833039375805,35.16327475911068,0.019823381860432344,0.0007929352744172937,1.2389613662770214e-05,0.2957685517997518,64
2368,36,37,402.8252814848824,6.294145023201287,0.810126582278481,0.810126582278481,1343,1088,277,0,49.96875,3198.0,2.9393382352941178,5.0,1088,0.0328671884415615,2103.500060259936,2070.593203700793,32.9068565591437,0.02161076543447698,0.0008644306173790792,1.3506728396548112e-05,0.2952401619818432,64
2432,37,38,426.84314349082354,6.669424117044118,0.7987377279102384,0.7987377279102384,1426,1139,268,0,54.578125,3493.0,3.0667251975417034,5.0,1139,0.03363030371462207,2152.3394377358127,2115.486246309811,36.85319142600109,0.02149379433868054,0.0008597517735472216,1.3433621461675337e-05,0.29485276765009794,64
2496,38,39,429.4696925535905,6.710463946149852,0.8175235336712527,0.8175235336712527,1381,1129,241,0,52.828125,3381.0,2.994685562444641,5.0,1129,0.03224354749418696,2063.5870396279656,2030.2852566894271,33.30178293853844,0.020090268928940735,0.0008036107571576294,1.255641808058796e-05,0.2941858231217537,64
2560,39,40,426.00549317564435,6.656335830869443,0.8086895585143657,0.8086895585143657,1427,1154,301,0,54.25,3472.0,3.0086655112651646,5.0,1154,0.036941548465259155,2364.259101776586,2328.0196022299765,36.23949954660741,0.022564252964698973,0.000902570118587959,1.410265810293686e-05,0.2932019468062012,64
2624,40,41,411.0953141435614,6.423364283493147,0.7820240622788394,0.7820240622788394,1413,1105,278,0,53.15625,3402.0,3.0787330316742083,5.0,1105,0.0337341910037518,2158.9882242401154,2122.7852097239875,36.20301451612758,0.020613768266966474,0.0008245507306786589,1.2883605166854046e-05,0.29202260662731916,64
2688,41,42,445.8900254588664,6.967031647794787,0.81875,0.81875,1440,1179,262,0,58.015625,3713.0,3.149279050042409,5.0,1179,0.038204224555555194,2445.0703715555323,2407.8750851130744,37.19528644245661,0.0217530065195573,0.0008701202607822919,1.359562907472331e-05,0.2905715278381549,64
2752,42,43,416.8873047433645,6.51386413661507,0.7962962962962963,0.7962962962962963,1404,1118,283,0,53.125,3400.0,3.041144901610018,5.0,1118,0.033762643818283554,2160.8092043701477,2124.5948539539177,36.21435041623001,0.01906680308835427,0.0007626721235341707,1.1916751930221417e-05,0.28870788635142663,64
2816,43,44,411.43316355271776,6.428643180511215,0.7972582972582972,0.7972582972582972,1386,1105,282,0,52.921875,3387.0,3.065158371040724,5.0,1105,0.033569698623658835,2148.4607119141656,2113.456543833365,35.00416808080131,0.0190398225976319,0.000761592903905276,1.1899889123519937e-05,0.28655864926139274,64
2880,44,45,406.85835538442075,6.357161802881574,0.7822128851540616,0.7822128851540616,1428,1117,331,0,54.5,3488.0,3.1226499552372426,5.0,1117,0.03349655597977598,2143.7795827056625,2104.8360409447264,38.94354176093526,0.018840140808973886,0.0007536056323589554,1.1775088005608678e-05,0.284886503652223,64
2944,45,46,386.6965737856861,6.042133965401345,0.7722987672226251,0.7722987672226251,1379,1065,312,0,51.625,3304.0,3.1023474178403756,5.0,1065,0.034559978676400316,2211.83863528962,2176.3856635904435,35.452971699177475,0.020707327469149772,0.0008282930987659908,1.2942079668218607e-05,0.2830956905196126,64
3008,46,47,407.51573133697383,6.367433302140216,0.7882018479033405,0.7882018479033405,1407,1109,301,0,54.65625,3498.0,3.1541929666366095,5.0,1109,0.032845708681171766,2102.125355594993,2064.1299649420653,37.99539065292788,0.02154255646608955,0.000861702258643582,1.346409779130597e-05,0.2810969668967789,64
3072,47,48,411.2371852049534,6.425581018827397,0.7938439513242663,0.7938439513242663,1397,1109,283,0,54.28125,3474.0,3.1325518485121733,5.0,1109,0.03196057965921543,2045.4770981897873,2007.8780364320892,37.59906175769768,0.020993822213582022,0.0008397528885432809,1.3121138883488764e-05,0.27876174522097485,64
3136,48,49,398.28150372113487,6.223148495642732,0.7850940665701881,0.7850940665701881,1382,1085,303,0,53.28125,3410.0,3.142857142857143,5.0,1085,0.032176293938285465,2059.28281205027,2021.6299387568413,37.652873293428875,0.018996120090459354,0.0007598448036183741,1.1872575056537095e-05,0.27616512989484626,64
3200,49,50,391.74917473331016,6.121080855207971,0.7572413793103449,0.7572413793103449,1450,1098,354,0,56.375,3608.0,3.285974499089253,5.0,1098,0.033507836661488814,2144.5015463352843,2101.545817107185,42.95572922809942,0.02148344343098459,0.0008593377372393835,1.3427152144365368e-05,0.2733512589247211,64
3264,50,51,393.12730619661863,6.142614159322166,0.7801470588235294,0.7801470588235294,1360,1061,283,0,56.046875,3587.0,3.3807728557964185,5.0,1061,0.030044959118858905,1922.87738360697,1881.2365709691228,41.64081263784724,0.017468169487888,0.00069872677951552,1.091760592993e-05,0.2702439961874114,64
3328,51,52,409.8663081613689,6.404161065021389,0.7669172932330827,0.7669172932330827,1463,1122,331,0,59.5,3808.0,3.393939393939394,5.0,1122,0.03289226428151309,2105.1049140168375,2059.4352667741487,45.66964724268847,0.01817160291842967,0.0007268641167371869,1.1357251824018545e-05,0.2669905890504868,64
3392,52,53,414.87147048537855,6.48236672633404,0.7943661971830986,0.7943661971830986,1420,1128,315,0,58.078125,3717.0,3.2952127659574466,5.0,1128,0.033785396263897365,2162.265360889431,2121.121463902049,41.14389698738178,0.0189827139880485,0.0007593085595219399,1.1864196242530312e-05,0.2636022195335367,64
3456,53,54,383.124568630671,5.986321384854234,0.7451388888888889,0.7451388888888889,1440,1073,364,0,55.421875,3547.0,3.305684995340168,5.0,1073,0.030462105524313502,1949.574753556064,1906.7277423404971,42.84701121556727,0.016387419445617356,0.0006554967778246942,1.0242137153510847e-05,0.2604071667481929,64
3520,54,55,419.33544276304104,6.552116293172516,0.7932251235003529,0.7932251235003529,1417,1124,292,0,58.265625,3729.0,3.3176156583629894,5.0,1124,0.030595584997854083,1958.1174398626613,1916.2613067719478,41.856133090714636,0.017173165826769463,0.0006869266330707786,1.0733228641730915e-05,0.2571060027425591,64
3584,55,56,394.40032047845045,6.162505007475788,0.7831149927219796,0.7831149927219796,1374,1076,304,0,54.671875,3499.0,3.2518587360594795,5.0,1076,0.03191930409155568,2042.8354618595638,2004.0252094074976,38.81025245206617,0.019016619012941844,0.0007606647605176738,1.1885386883088653e-05,0.253670421860219,64
3648,56,57,376.6933611672517,5.8858337682383075,0.762114537444934,0.762114537444934,1362,1038,318,0,53.0,3392.0,3.2678227360308285,5.0,1038,0.029378647635161514,1880.2334486503369,1840.2336003153098,39.999848335027046,0.016957193314823607,0.0006782877325929443,1.0598245821764754e-05,0.2504828207773142,64
3712,57,58,389.89897249818983,6.092171445284216,0.765379113018598,0.765379113018598,1398,1070,324,0,55.625,3560.0,3.3271028037383177,5.0,1070,0.03134166765059959,2005.866729638374,1965.309667637454,40.557062000919416,0.016902075569751554,0.0006760830227900621,1.056379723109472e-05,0.24745959235293474,64
3776,58,59,389.9682363137306,6.09325369240204,0.7708484408992023,0.7708484408992023,1379,1063,311,0,56.140625,3593.0,3.3800564440263408,5.0,1063,0.0292712688645692,1873.3612073324289,1830.6757639376406,42.68544339478939,0.016372351155722675,0.0006548940462289069,1.023271947232667e-05,0.2442988397661951,64
3840,59,60,369.7765451807979,5.777758518449967,0.7573529411764706,0.7573529411764706,1360,1030,336,0,54.359375,3479.0,3.377669902912621,5.0,1030,0.02869640246340477,1836.5697576579053,1795.520918861822,41.04883879608361,0.016676698229872087,0.0006670679291948835,1.0422936393670055e-05,0.2408772756371885,64
3904,60,61,382.9951407963415,5.984299074942836,0.7588904694167852,0.7588904694167852,1406,1067,347,0,58.0625,3716.0,3.4826616682286784,5.0,1067,0.03169225364318917,2028.304233164107,1983.206714342394,45.097518821713166,0.017374014147964113,0.0006949605659185645,1.085875884247757e-05,0.23740720453268005,64
3968,61,62,397.52517815034764,6.211330908599182,0.7705503931379557,0.7705503931379557,1399,1078,308,0,56.28125,3602.0,3.3413729128014844,5.0,1078,0.029277014535166478,1873.7289302506545,1832.9979600126958,40.73097023795883,0.015580755772365739,0.0006232302308946296,9.737972357728587e-06,0.23385398535622953,64
4032,62,63,408.5137528699016,6.383027388592213,0.7628726287262872,0.7628726287262872,1476,1126,348,0,60.15625,3850.0,3.419182948490231,5.0,1126,0.03585618311523574,2294.795719375087,2250.6321346833074,44.16358469177791,0.017680609814254743,0.0007072243925701898,1.1050381133909216e-05,0.2303086206300971,64
4096,63,64,393.10448198361024,6.14225753099391,0.7887740029542097,0.7887740029542097,1354,1068,306,0,55.015625,3521.0,3.296816479400749,5.0,1068,0.03182026687678338,2036.4970801141362,1997.1672069683175,39.32987314581876,0.015888023582170337,0.0006355209432868136,9.930014738856462e-06,0.22677869788886834,64
4160,64,65,378.8221751789546,5.919096487171165,0.7532561505065123,0.7532561505065123,1382,1041,320,0,52.296875,3347.0,3.2151777137367916,5.0,1041,0.031187299495750234,1995.987167728015,1956.859690759509,39.127476968506826,0.015560903989893338,0.0006224361595957335,9.725564993683336e-06,0.22294969895861264,64
4224,65,66,405.3265307916155,6.333227043618992,0.7721872816212438,0.7721872816212438,1431,1105,327,0,55.125,3528.0,3.1927601809954753,5.0,1105,0.03463771421940374,2216.8137100418394,2176.774862001735,40.0388480401043,0.01649355341725351,0.0006597421366901405,1.0308470885783445e-05,0.21920836414675662,64
4288,66,67,419.0326059808619,6.547384468450967,0.7933709449929478,0.7933709449929478,1418,1125,294,0,53.703125,3437.0,3.055111111111111,5.0,1125,0.03775932563909657,2416.5968409021807,2380.3007759049565,36.29606499722381,0.018265446843254242,0.0007306178737301696,1.14159042770339e-05,0.2158895577434245,64
4352,67,68,424.82500134391955,6.637890645998743,0.8056737588652483,0.8056737588652483,1410,1136,295,0,56.359375,3607.0,3.175176056338028,5.0,1136,0.037032482026507614,2370.0788496964874,2332.9093793409575,37.16947035553001,0.017671851158289717,0.0007068740463315887,1.1044906973931073e-05,0.21300512138061767,64
4416,68,69,420.1799787795947,6.565312168431167,0.8013052936910805,0.8013052936910805,1379,1105,262,0,53.15625,3402.0,3.0787330316742083,5.0,1105,0.031465055849632856,2013.763574376503,1978.5243962532822,35.239178123220796,0.013953039625094794,0.0005581215850037918,8.720649765684247e-06,0.2098077692985113,64
4480,69,70,429.782535879419,6.715352123115922,0.7798657718120805,0.7798657718120805,1490,1162,332,0,58.3125,3732.0,3.2117039586919107,5.0,1162,0.03855370521865104,2467.4371339936665,2427.8050862529235,39.632047740742465,0.016289942518708238,0.0006515977007483296,1.018121407419265e-05,0.20642295912200553,64
4544,70,71,406.54786637001484,6.352310412031482,0.7731448763250883,0.7731448763250883,1415,1094,303,0,52.96875,3390.0,3.0987202925045705,5.0,1094,0.035189488309289293,2252.127251794515,2216.7544311019105,35.37282069260388,0.015244042115247894,0.0006097616846099157,9.527526322029934e-06,0.2034706135612201,64
4608,71,72,433.0355431664111,6.766180361975174,0.8199566160520607,0.8199566160520607,1383,1134,255,0,53.984375,3455.0,3.04673721340388,5.0,1134,0.03700773582750136,2368.495092960087,2334.817536613686,33.67755634640086,0.015753971656730814,0.0006301588662692326,9.846232285456759e-06,0.2004555695091429,64
4672,72,73,429.421797779418,6.709715590303406,0.8166064981949458,0.8166064981949458,1385,1131,272,0,56.234375,3599.0,3.1821396993810787,5.0,1131,0.03529814382748629,2259.0812049591227,2223.3430615607485,35.738143398374724,0.014413221509755299,0.000576528860390212,9.008263443597062e-06,0.19730933852232846,64
4736,73,74,419.3652489815212,6.552582015336268,0.8060029282576867,0.8060029282576867,1366,1101,259,0,52.71875,3374.0,3.0644868301544053,5.0,1101,0.03288678047785972,2104.7539505830223,2069.260525828278,35.4934247547444,0.013572039125760185,0.0005428815650304074,8.482524453600115e-06,0.19434945827590244,64
4800,74,75,441.8451426144891,6.903830353351392,0.8030513176144244,0.8030513176144244,1442,1158,274,0,57.375,3672.0,3.1709844559585494,5.0,1158,0.03427298885529332,2193.4712867387725,2154.511584286468,38.95970245230428,0.013388589695309195,0.0005355435878123678,8.367868559568246e-06,0.19120126091165576,64
4864,75,76,392.6150592656021,6.134610301025033,0.7604832977967306,0.7604832977967306,1407,1070,333,0,53.625,3432.0,3.2074766355140185,5.0,1070,0.031117016427830498,1991.4890513811517,1952.154932100413,39.33411928073867,0.011654194902110152,0.0004661677960844061,7.283871813818845e-06,0.18786056520705915,64
4928,76,77,408.4204858688804,6.381570091701256,0.7951719092904169,0.7951719092904169,1367,1087,291,0,53.484375,3423.0,3.1490340386384545,5.0,1087,0.032506108792338256,2080.390962709648,2043.7620175339348,36.62894517571387,0.012537437551827412,0.0005014975020730965,7.835898469892132e-06,0.1842119829181243,64
4992,77,78,423.46858826636685,6.616696691661982,0.7884344146685472,0.7884344146685472,1418,1118,275,0,55.578125,3557.0,3.1815742397137745,5.0,1118,0.03536125230958355,2263.120147813347,2224.9147929089117,38.20535490443639,0.01384034394534993,0.0005536137578139972,8.650214965843706e-06,0.1806153919441973,64
5056,78,79,456.4035490204807,7.131305453445011,0.831114225648213,0.831114225648213,1427,1186,261,0,58.015625,3713.0,3.130691399662732,5.0,1186,0.03585302743984035,2294.593756149782,2258.6256359678323,35.96812018195016,0.013669019583133725,0.000546760783325349,8.543137239458578e-06,0.17694229806991302,64
5120,79,80,435.2105120858955,6.800164251342117,0.8030942334739803,0.8030942334739803,1422,1142,273,0,53.953125,3453.0,3.0236427320490367,5.0,1142,0.03535747962340897,2262.878695898174,2227.7888394664174,35.089856431756274,0.013198612900808466,0.0005279445160323386,8.249133063005291e-06,0.17327344022029828,64
5184,80,81,433.36142931533357,6.771272333052087,0.8047921071176886,0.8047921071176886,1419,1142,282,0,52.984375,3391.0,2.969352014010508,5.0,1142,0.03594714522690209,2300.6172945217336,2267.0612314106306,33.556063111103455,0.013261496700202864,0.0005304598680081145,8.28843543762679e-06,0.16956833152049405,64
5248,81,82,445.44502667280335,6.960078541762552,0.8239486813970064,0.8239486813970064,1403,1156,252,0,54.0625,3460.0,2.9930795847750864,5.0,1156,0.03759446563530234,2406.04580065935,2373.8022793732293,32.24352128612091,0.013324036172800358,0.0005329614469120143,8.327522608000224e-06,0.1661916910318672,64
5312,82,83,414.6319628517833,6.4786244195591145,0.797514619883041,0.797514619883041,1368,1091,270,0,50.15625,3210.0,2.9422548120989918,5.0,1091,0.03412958135802727,2184.293206913745,2152.2964429197864,31.996763993957966,0.011786326002339878,0.00047145304009359515,7.366453751462424e-06,0.1636278260254654,64
5376,83,84,433.6456077763776,6.7757126215059,0.819233550253073,0.819233550253073,1383,1133,264,0,51.15625,3274.0,2.889673433362754,5.0,1133,0.03814570493776546,2441.3251160169893,2411.644287309531,29.680828707458055,0.013258878269043926,0.000530355130761757,8.286798918152454e-06,0.1621453084783986,64
5440,84,85,432.4410178000803,6.756890903126255,0.8041163946061036,0.8041163946061036,1409,1133,269,0,50.578125,3237.0,2.857016769638129,5.0,1133,0.038671489441795534,2474.9753242749143,2445.3678283960867,29.607495878826565,0.013199844606268744,0.0005279937842507498,8.249902878917965e-06,0.16181634244374005,64
5504,85,86,425.3218302475851,6.645653597618518,0.8040491684743312,0.8040491684743312,1383,1112,264,0,50.40625,3226.0,2.9010791366906474,5.0,1112,0.03577915845792669,2289.866141307308,2258.8127290494026,31.053412257905705,0.012064395861276169,0.00048257583445104673,7.540247413297605e-06,0.16130431057342481,64
5568,86,87,439.38909730350116,6.865454645367206,0.8240807498197549,0.8240807498197549,1387,1143,254,0,52.625,3368.0,2.94663167104112,5.0,1143,0.040025853748889076,2561.654639928901,2530.3488561997833,31.305783729119202,0.013227083609657395,0.0005290833443862958,8.266927256035872e-06,0.16072699600610477,64
5632,87,88,451.4346077299982,7.053665745781222,0.8106060606060606,0.8106060606060606,1452,1177,277,0,54.375,3480.0,2.9566694987255735,5.0,1177,0.037760264282954495,2416.6569141090877,2382.6844394275045,33.972474681582796,0.012104164209404952,0.0004841665683761981,7.5651026308780956e-06,0.15997440401178242,64
5696,88,89,411.93460602934454,6.436478219208508,0.7891304347826087,0.7891304347826087,1380,1089,284,0,50.203125,3213.0,2.950413223140496,5.0,1089,0.033525865025097516,2145.655361606241,2113.0394513765623,32.61591022967901,0.010883858006385368,0.0004353543202554147,6.802411253990854e-06,0.15901787841731782,64
5760,89,90,427.6214879504702,6.681585749226097,0.7950704225352113,0.7950704225352113,1420,1129,292,0,54.8125,3508.0,3.1071744906997343,5.0,1129,0.03689732601995616,2361.4288652771943,2325.7245417910653,35.704323486129674,0.011886283055358347,0.0004754513222143339,7.428926909598967e-06,0.1578771132230662,64
5824,90,91,425.3473226452034,6.646051916331303,0.810672514619883,0.810672514619883,1368,1109,262,0,51.78125,3314.0,2.988277727682597,5.0,1109,0.032515636510355966,2081.000736662782,2047.0387175866724,33.96201907610863,0.010400785582714721,0.00041603142330858884,6.500490989196701e-06,0.15648090627964817,64
5888,91,92,428.383318708189,6.693489354815453,0.8090050835148874,0.8090050835148874,1377,1114,260,0,51.625,3304.0,2.9658886894075405,5.0,1114,0.03159408086414967,2022.021175305579,1988.1697866549648,33.85138865061404,0.00996187499972121,0.0003984749999888484,6.226171874825756e-06,0.15511601705755942,64
5952,92,93,468.7804635664851,7.324694743226329,0.8117958913187542,0.8117958913187542,1509,1225,291,0,57.4375,3676.0,3.0008163265306123,5.0,1225,0.04063616494544213,2600.7145565082965,2564.4591301989044,36.25542630939278,0.012903801732401524,0.0005161520692960609,8.064876082750952e-06,0.1544515828654613,64
6016,93,94,438.42357507984116,6.850368360622518,0.8130372492836676,0.8130372492836676,1396,1135,253,0,51.453125,3293.0,2.9013215859030836,5.0,1135,0.033677428288233675,2155.3554104469554,2122.8175805552696,32.53782989168594,0.01086003077624514,0.00043440123104980565,6.787519235153213e-06,0.1537463261007314,64
6080,94,95,437.21394194289246,6.831467842857695,0.8302718589272594,0.8302718589272594,1361,1130,242,0,51.515625,3297.0,2.9176991150442477,5.0,1130,0.038323484452762666,2452.7030049768105,2423.3236080981774,29.379396878632697,0.012830740863960783,0.0005132296345584313,8.01921303997549e-06,0.15334349105255252,64
6144,95,96,466.85369961944923,7.294589056553894,0.8326388888888889,0.8326388888888889,1440,1199,240,0,53.078125,3397.0,2.833194328607173,5.0,1199,0.04193090135412719,2683.5776866641404,2653.4462413203337,30.131445343807634,0.013408511796392526,0.0005363404718557011,8.380319872745329e-06,0.15296059695752712,64
6208,96,97,456.7431276250682,7.136611369141691,0.822829131652661,0.822829131652661,1428,1175,241,0,50.921875,3259.0,2.773617021276596,5.0,1175,0.03737990951652996,2392.3142090579177,2362.60346362852,29.71074542939732,0.01279671876613622,0.0005118687506454489,7.997949228835138e-06,0.1521648001173817,64
6272,97,98,464.64317605421024,7.260049625847035,0.8523054755043228,0.8523054755043228,1388,1183,223,0,50.09375,3206.0,2.710059171597633,5.0,1183,0.03820680063474691,2445.235240623802,2419.6553670557196,25.579873568081403,0.01231168591866352,0.0004924674367465407,7.6948036991647e-06,0.15104138218609195,64
6336,98,99,465.08614145836543,7.26697096028696,0.8183060109289617,0.8183060109289617,1464,1198,247,0,50.25,3216.0,2.684474123539232,5.0,1198,0.04116748070201808,2634.7187649291573,2608.396564190523,26.322200738633274,0.0136325142781686,0.000545300571126744,8.520321423855374e-06,0.15053897610786288,64
6400,99,100,462.53011788858566,7.227033092009151,0.8679525222551929,0.8679525222551929,1348,1170,201,0,48.75,3120.0,2.6666666666666665,5.0,1170,0.03845440925574044,2461.082192367388,2438.647499656553,22.434692710834952,0.012788036328600162,0.0005115214531440065,7.992522705375102e-06,0.15005288728624572,64
6464,100,101,444.9112329374598,6.951738014647809,0.8365243004418262,0.8365243004418262,1358,1136,217,0,47.671875,3051.0,2.6857394366197185,5.0,1136,0.03610860147860843,2310.9504946309394,2287.1059259471763,23.844568683762283,0.012023821595520798,0.0004809528638208319,7.5148884972004986e-06,0.14989321817361723,64
6528,101,102,468.17073429584815,7.315167723372627,0.8358938547486033,0.8358938547486033,1432,1197,227,0,49.859375,3191.0,2.665831244778613,5.0,1197,0.04134331551389308,2645.972192889157,2620.6446330987833,25.327559790375112,0.014073111021190885,0.0005629244408476354,8.795694388244304e-06,0.15066046885826917,64
6592,102,103,484.6572720218371,7.572769875341205,0.8484848484848485,0.8484848484848485,1452,1232,222,0,51.3125,3284.0,2.6655844155844157,5.0,1232,0.04133931989270668,2645.7164731332273,2620.198986116296,25.517487016930332,0.014499196024362159,0.0005799678409744864,9.06199751522635e-06,0.15112217069090111,64
6656,103,104,455.37750707133864,7.115273547989666,0.8219749652294854,0.8219749652294854,1438,1182,253,0,48.921875,3131.0,2.6489001692047376,5.0,1182,0.04159264904230551,2661.9295387075526,2636.703932873266,25.22560583428535,0.015276018499632744,0.0006110407399853098,9.547511562270465e-06,0.1516939210694915,64
6720,104,105,486.97421891706534,7.608972170579146,0.8731290092658589,0.8731290092658589,1403,1225,192,0,51.609375,3303.0,2.696326530612245,5.0,1225,0.040686996326509586,2603.9677648966135,2577.779176667706,26.18858822890617,0.014334136361036837,0.0005733654544414734,8.958835225648022e-06,0.15267008714678929,64
6784,105,106,442.39867500426,6.912479296941562,0.8327219369038885,0.8327219369038885,1363,1135,224,0,47.015625,3009.0,2.651101321585903,5.0,1135,0.03594469838643558,2300.4606967318773,2275.9564242275446,24.504272504331922,0.013132775081636409,0.0005253110032654564,8.207984426022756e-06,0.15339014568737747,64
6848,106,107,456.13874258723115,7.127167852925487,0.8260869565217391,0.8260869565217391,1426,1178,242,0,49.171875,3147.0,2.671477079796265,5.0,1178,0.041136705213045945,2632.7491336349403,2605.07446526584,27.67466836910124,0.014993317921221562,0.0005997327168488625,9.370823700763476e-06,0.154609191517845,64
6912,107,108,431.64230744394695,6.744411053811671,0.848159509202454,0.848159509202454,1304,1106,212,0,46.421875,2971.0,2.68625678119349,5.0,1106,0.03659540416725289,2342.105866704185,2316.4919053368226,25.613961367362336,0.013776865658141627,0.0005510746263256651,8.610541036338517e-06,0.15582076247639065,64
6976,108,109,430.95683663663056,6.733700572447352,0.8092485549132948,0.8092485549132948,1384,1120,240,0,50.0625,3204.0,2.8607142857142858,5.0,1120,0.039954067927562106,2557.060347363975,2527.8777905870606,29.1825567769147,0.015034942352300592,0.0006013976940920237,9.39683897018787e-06,0.1566819495476722,64
7040,109,110,468.1834423200084,7.315366286250131,0.841147655703289,0.841147655703289,1429,1202,234,0,52.4375,3356.0,2.7920133111480867,5.0,1202,0.03876573880801765,2481.0072837131293,2451.5493830426294,29.45790067049903,0.014490329676840219,0.0005796131870736088,9.056456048025137e-06,0.15725291397784272,64
7104,110,111,436.1069722275227,6.814171441055042,0.8279883381924198,0.8279883381924198,1372,1136,249,0,49.25,3152.0,2.7746478873239435,5.0,1136,0.03726991339307153,2385.2744571565777,2356.064337066099,29.21012009047816,0.014517383753610827,0.0005806953501444331,9.073364846006767e-06,0.15742811475670226,64
7168,111,112,429.0864378370729,6.704475591204264,0.8154631655725748,0.8154631655725748,1371,1118,245,0,47.5,3040.0,2.7191413237924866,5.0,1118,0.03577933073601799,2289.8771671051513,2261.6557953032866,28.221371801866727,0.015119662141292739,0.0006047864856517096,9.449788838307962e-06,0.15716140322525693,64
7232,112,113,456.6705117095529,7.135476745461764,0.8267882187938289,0.8267882187938289,1426,1179,237,0,52.578125,3365.0,2.854113655640373,5.0,1179,0.04054721738292249,2595.0219125070394,2567.0082546119825,28.013657895057733,0.016600593864616413,0.0006640237545846565,1.0375371165385258e-05,0.1571091686788943,64
7296,113,114,473.4475047952037,7.397617262425058,0.8421052631578947,0.8421052631578947,1444,1216,223,0,53.765625,3441.0,2.8297697368421053,5.0,1216,0.04315140854042968,2761.6901465875,2732.2230475956303,29.467098991867918,0.01802388406458626,0.0007209553625834504,1.1264927540366412e-05,0.1584466239518674,64
7360,114,115,458.1848193806713,7.159137802822989,0.8519593613933236,0.8519593613933236,1378,1174,219,0,49.65625,3178.0,2.7069846678023852,5.0,1174,0.03679332230150222,2354.772627296142,2328.408301032247,26.364326263895414,0.015456930891121542,0.0006182772356448617,9.660581806950964e-06,0.15982873683680937,64
7424,115,116,462.6872087764167,7.229487637131511,0.834733893557423,0.834733893557423,1428,1192,233,0,51.78125,3314.0,2.780201342281879,5.0,1192,0.03830122215512888,2451.278217928248,2423.11678986655,28.16142806169908,0.016144723316415605,0.0006457889326566242,1.0090452072759754e-05,0.16083830005273875,64
7488,116,117,441.08978006986865,6.892027813591698,0.8190205819730305,0.8190205819730305,1409,1154,256,0,54.375,3480.0,3.0155979202772962,5.0,1154,0.038453909860982086,2461.0502311028536,2427.4392033657946,33.61102773705832,0.016180637420831735,0.0006472254968332694,1.0112898388019834e-05,0.16178298099705513,64
7552,117,118,404.7721583953612,6.324564974927519,0.8,0.8,1350,1080,277,0,51.59375,3302.0,3.0574074074074074,5.0,1080,0.03663288432844796,2344.5045970206693,2312.399952366855,32.10464465381429,0.016254947890408974,0.0006501979156163589,1.0159342431505608e-05,0.16320315995254647,64
7616,118,119,432.1845532152204,6.752883643987818,0.7954070981210856,0.7954070981210856,1437,1143,283,0,53.34375,3414.0,2.9868766404199474,5.0,1143,0.03687055399044432,2359.715455388436,2325.2052960866254,34.51015930181031,0.015806324737639012,0.0006322529895055605,9.878952961024383e-06,0.16428376060478722,64
7680,119,120,420.4438793357491,6.56943561462108,0.8172362555720654,0.8172362555720654,1346,1100,249,0,51.15625,3274.0,2.9763636363636365,5.0,1100,0.0333051481437017,2131.529481196909,2099.017755967103,32.51172522980618,0.014166466152277051,0.000566658646091082,8.854041345173157e-06,0.16521850724314313,64
7744,120,121,424.9078250579725,6.63918476653082,0.8116363636363636,0.8116363636363636,1375,1116,254,0,50.953125,3261.0,2.922043010752688,5.0,1116,0.03691841442948842,2362.778523487259,2329.9982674911175,32.78025599614111,0.016872786948996462,0.0006749114779598585,1.0545491843122789e-05,0.1665814926844707,64
7808,121,122,439.5794698352797,6.868429216176246,0.8295866569978245,0.8295866569978245,1379,1144,242,0,52.078125,3333.0,2.9134615384615383,5.0,1144,0.03444660274560173,2204.5825757185107,2173.1342467134905,31.448329005021247,0.015983844727961764,0.0006393537891184706,9.989902954976103e-06,0.16778520926654206,64
7872,122,123,441.93249832405513,6.905195286313361,0.8103568929321203,0.8103568929321203,1429,1158,257,0,51.984375,3327.0,2.873056994818653,5.0,1158,0.037149934551150336,2377.5958112736216,2346.1151285246237,31.480682748997975,0.017177812073286922,0.000687112482931477,1.0736132545804327e-05,0.16858378913565847,64
7936,123,124,458.54899336649515,7.164828021351487,0.8448275862068966,0.8448275862068966,1392,1176,212,0,52.265625,3345.0,2.8443877551020407,5.0,1176,0.038433887899017964,2459.7688255371495,2428.3951906751067,31.373634862042714,0.017535272881213208,0.0007014109152485283,1.0959545550758255e-05,0.1693065620201108,64
8000,124,125,462.1893839826174,7.221709124728397,0.8299039780521262,0.8299039780521262,1458,1210,262,0,54.171875,3467.0,2.865289256198347,5.0,1210,0.03972494030788521,2542.3961797046536,2510.8863205461444,31.50985915850984,0.018470809605151097,0.0007388323842060439,1.1544256003219435e-05,0.17058845499032074,64
8064,125,126,431.4130925645087,6.7408295713204485,0.8075552387740556,0.8075552387740556,1403,1133,255,0,51.765625,3313.0,2.9240953221535744,5.0,1133,0.03716978832247588,2378.8664526384564,2346.264866695229,32.60158594322667,0.017657385900183495,0.0007062954360073397,1.1035866187614683e-05,0.17158827956950296,64
8128,126,127,435.40761097376844,6.803243921465132,0.8256484149855908,0.8256484149855908,1388,1146,265,0,52.8125,3380.0,2.9493891797556717,5.0,1146,0.03688771917368453,2360.81402711581,2328.4181631933184,32.39586392249205,0.016822371631872803,0.0006728948652749121,1.0513982269920502e-05,0.17224847910525215,64
8192,127,128,423.31544483656694,6.614303825571358,0.8043636363636364,0.8043636363636364,1375,1106,244,0,49.625,3176.0,2.871609403254973,5.0,1106,0.03417957991905391,2187.4931148194505,2156.8245582023405,30.66855661711095,0.01542887934152776,0.0006171551736611104,9.64304958845485e-06,0.17238511491356096,64
8256,128,129,426.2919879741493,6.660812312096083,0.8126801152737753,0.8126801152737753,1388,1128,275,0,50.015625,3201.0,2.8377659574468086,5.0,1128,0.03516165767566182,2250.346091242356,2218.1378030314168,32.208288210938875,0.015567378815052735,0.0006226951526021094,9.729611759407959e-06,0.172219672486371,64
8320,129,130,440.51520673958225,6.883050105305973,0.8203125,0.8203125,1408,1155,258,0,54.625,3496.0,3.0268398268398267,5.0,1155,0.03568639665834079,2283.9293861338106,2250.0465789950954,33.88280713871505,0.01669407744395031,0.0006677630977580123,1.0433798402468943e-05,0.17172391975642798,64
8384,130,131,424.22776868206165,6.628558885657213,0.8152492668621701,0.8152492668621701,1364,1112,249,0,53.359375,3415.0,3.071043165467626,5.0,1112,0.03462034869428762,2215.7023164344077,2179.495988171928,36.20632826248073,0.01609268219883924,0.0006437072879535696,1.0057926374274525e-05,0.17099276537733543,64
8448,131,132,410.04629468779956,6.406973354496868,0.7795889440113395,0.7795889440113395,1411,1100,303,0,53.046875,3395.0,3.0863636363636364,5.0,1100,0.0338765959828506,2168.1021429024386,2131.0895796588434,37.01256324359466,0.014170307984749369,0.0005668123193899747,8.856442490468355e-06,0.16982373236927634,64
8512,132,133,432.52800015535945,6.758250002427491,0.8102345415778252,0.8102345415778252,1407,1140,270,0,54.234375,3471.0,3.044736842105263,5.0,1140,0.03612137746619448,2311.768157836447,2276.6274746358,35.14068320064635,0.015715622260203226,0.000628624890408129,9.822263912627016e-06,0.1684749753979754,64
8576,133,134,420.0981095282566,6.564032961379009,0.8049311094996374,0.8049311094996374,1379,1110,272,0,53.71875,3438.0,3.097297297297297,5.0,1110,0.031805917484964676,2035.5787190377391,1998.99417335849,36.584545679248976,0.014499801409235697,0.0005799920563694279,9.06237588077231e-06,0.16795850151685449,64
8640,134,135,423.3567823907945,6.614949724856164,0.7849686847599165,0.7849686847599165,1437,1128,291,0,55.9375,3580.0,3.173758865248227,5.0,1128,0.0330706786310668,2116.5234323882755,2076.100670559988,40.422761828288074,0.01514361152922082,0.0006057444611688328,9.464757205763012e-06,0.16795796978167096,64
8704,135,136,412.5479586990003,6.446061854671879,0.7883522727272727,0.7883522727272727,1408,1110,303,0,56.234375,3599.0,3.2423423423423423,5.0,1110,0.033552089163874206,2147.3337064879493,2107.4227095500873,39.9109969378622,0.015626344028936905,0.0006250537611574762,9.766465018085566e-06,0.167824926743361,64
8768,136,137,396.3115856884458,6.192368526381966,0.7890451517394522,0.7890451517394522,1351,1066,297,0,54.484375,3487.0,3.2711069418386494,5.0,1066,0.03195179144011702,2044.9146521674893,2005.0682540748758,39.84639809261293,0.013693190014101835,0.0005477276005640734,8.558243758813647e-06,0.16730883780782801,64
8832,137,138,401.26150578966326,6.2697110279634884,0.7643356643356644,0.7643356643356644,1430,1093,327,0,55.234375,3535.0,3.234217749313815,5.0,1093,0.0330220050327554,2113.4083220963457,2073.886461454137,39.52186064220845,0.014433608841959348,0.000577344353678374,9.021005526224593e-06,0.16647312891222404,64
8896,138,139,408.45855793551965,6.3821649677424945,0.7728860936408106,0.7728860936408106,1431,1106,317,0,57.921875,3707.0,3.351717902350814,5.0,1106,0.03291814543310951,2106.7613077190085,2063.159467076366,43.60184064264262,0.015008314170230476,0.000600332566809219,9.380196356394047e-06,0.16581104619023157,64
8960,139,140,390.4825192727615,6.101289363636899,0.7782672540381792,0.7782672540381792,1362,1060,313,0,55.828125,3573.0,3.370754716981132,5.0,1060,0.029039105484656734,1858.502751018031,1815.4473476733372,43.05540334469397,0.013433635873007676,0.0005373454349203071,8.396022420629798e-06,0.16595869350019604,64
9024,140,141,429.0543623751962,6.703974412112441,0.7956914523974983,0.7956914523974983,1439,1145,301,0,62.25,3984.0,3.479475982532751,5.0,1145,0.03509471188367247,2246.061560555038,2200.510650437466,45.55091011757094,0.015192494761735991,0.0006076997904694396,9.495309226084994e-06,0.16695123901487574,64
9088,141,142,396.69014671533427,6.198283542427098,0.7922272047832586,0.7922272047832586,1338,1060,284,0,54.09375,3462.0,3.2660377358490567,5.0,1060,0.030750146929440756,1968.0094034842084,1928.920026664486,39.08937681972249,0.01316638943570823,0.0005266555774283292,8.228993397317644e-06,0.16792326131255356,64
9152,142,143,417.38439877483313,6.521631230856768,0.7961095100864554,0.7961095100864554,1388,1105,278,0,55.234375,3535.0,3.1990950226244346,5.0,1105,0.03430339926308755,2195.417552837603,2156.2357679308648,39.18178490673798,0.013854910979582797,0.0005541964391833119,8.659319362239248e-06,0.16853050973577177,64
9216,143,144,416.94895611795073,6.51482743934298,0.7918745545260156,0.7918745545260156,1403,1111,290,0,54.640625,3497.0,3.147614761476148,5.0,1111,0.0329859696713489,2111.1020589663294,2072.9806628919832,38.12139607434741,0.014174228489538261,0.0005669691395815304,8.858892805961413e-06,0.16873463779779407,64
9280,144,145,415.11882006576457,6.486231563527571,0.7713894592744696,0.7713894592744696,1461,1127,330,0,54.421875,3483.0,3.090505767524401,5.0,1127,0.033941535476278,2172.258270481792,2132.86397816556,39.39429231623236,0.015232735552557507,0.0006093094221023003,9.520459720348442e-06,0.1686998320148169,64
9344,145,146,391.14087820009706,6.111576221876517,0.7774502579218865,0.7774502579218865,1357,1055,299,0,51.578125,3301.0,3.128909952606635,5.0,1055,0.030433792057026118,1947.7626916496715,1910.4329797103608,37.32971193931137,0.013728691194273406,0.0005491476477709362,8.580431996420878e-06,0.16900001010477095,64
9408,146,147,426.5425631455201,6.664727549148751,0.8008474576271186,0.8008474576271186,1416,1134,284,0,54.78125,3506.0,3.0917107583774253,5.0,1134,0.03664551996809745,2345.313277958237,2310.2382966327236,35.07498132551207,0.01678441211849269,0.0006713764847397076,1.0490257574057931e-05,0.16938231743629273,64
9472,147,148,435.9797540994734,6.812183657804272,0.8187679083094556,0.8187679083094556,1396,1143,253,0,53.859375,3447.0,3.015748031496063,5.0,1143,0.03972024382819882,2542.0956050047243,2509.765823229714,32.3297817750104,0.01788133156634409,0.0007152532626537635,1.1175832228965055e-05,0.16970406480437983,64
9536,148,149,437.1610458319527,6.830641341124261,0.812544547398432,0.812544547398432,1403,1140,250,0,54.546875,3491.0,3.062280701754386,5.0,1140,0.03572832819426109,2286.6130044327097,2252.089799580514,34.52320485219599,0.014944991131791879,0.0005977996452716752,9.340619457369924e-06,0.1696222571166856,64
9600,149,150,451.9269976540237,7.06135933834412,0.8319209039548022,0.8319209039548022,1416,1178,254,0,57.34375,3670.0,3.1154499151103567,5.0,1178,0.03824278884151717,2447.5384858570987,2412.6870040810354,34.85148177606112,0.016487181316623387,0.0006594872526649355,1.0304488322889617e-05,0.1692719373156332,64
9664,150,151,436.26451727595236,6.816633082436756,0.8199426111908178,0.8199426111908178,1394,1143,265,0,54.734375,3503.0,3.0647419072615922,5.0,1143,0.034097364482258884,2182.2313268645685,2147.5861923485454,34.64513451602285,0.0142144332925316,0.000568577331701264,8.88402080783225e-06,0.1683907859513299,64
9728,151,152,417.53059696678963,6.523915577606088,0.7846481876332623,0.7846481876332623,1407,1104,277,0,52.40625,3354.0,3.0380434782608696,5.0,1104,0.03286318988882699,2103.2441528849276,2068.050940287418,35.19321259750885,0.013277277916624421,0.0005310911166649769,8.298298697890263e-06,0.16726668001160533,64
9792,152,153,402.1583179445712,6.283723717883925,0.8066465256797583,0.8066465256797583,1324,1068,276,0,52.4375,3356.0,3.142322097378277,5.0,1068,0.033430637329584144,2139.560789093385,2104.532627023531,35.0281620698544,0.013184785503164966,0.0005273914201265987,8.240490939478104e-06,0.16581059991672148,64
9856,153,154,415.7598619837719,6.496247843496436,0.7898134863701578,0.7898134863701578,1394,1101,276,0,54.578125,3493.0,3.172570390554042,5.0,1101,0.03614562170666314,2313.319789226441,2276.9598306612884,36.35995856515336,0.014374575385882167,0.0005749830154352867,8.984109616176354e-06,0.16415641103399276,64
9920,154,155,412.5579800894742,6.446218438898034,0.8125,0.8125,1344,1092,282,0,52.3125,3348.0,3.065934065934066,5.0,1092,0.03067855744967886,1963.427676779447,1929.3557465229637,34.07193025648331,0.011493886260880139,0.0004597554504352056,7.183678913050087e-06,0.16291987030559918,64
9984,155,156,404.68808880806824,6.323251387626066,0.7667844522968198,0.7667844522968198,1415,1085,308,0,54.734375,3503.0,3.2285714285714286,5.0,1085,0.030969853448837834,1982.0706207256214,1943.026436254033,39.04418447158937,0.011239404215584337,0.00044957616862337344,7.02462763474021e-06,0.16156318358073418,64
10048,156,157,413.30349822061044,6.457867159697038,0.7870967741935484,0.7870967741935484,1395,1098,291,0,54.34375,3478.0,3.167577413479053,5.0,1098,0.031082283468616967,1989.266141991486,1951.8925215180575,37.373620473428424,0.011472783428395647,0.0004589113371358259,7.170489642747279e-06,0.1604366854682419,64
10112,157,158,452.82605750224093,7.0754071484725145,0.8226256983240223,0.8226256983240223,1432,1178,267,0,59.015625,3777.0,3.206281833616299,5.0,1178,0.036301857565123004,2323.318884167872,2284.327438035633,38.99144613224015,0.012669060114364418,0.0005067624045745768,7.918162571477762e-06,0.1593442820876279,64
10176,158,159,427.09467149520657,6.673354242112603,0.7975937721160651,0.7975937721160651,1413,1127,285,0,55.328125,3541.0,3.141969831410825,5.0,1127,0.035038583904352875,2242.469369878584,2205.9531297833,36.51624009528413,0.012565555552491782,0.0005026222220996713,7.853472220307364e-06,0.1581121546993757,64
10240,159,160,398.1991399331372,6.221861561455269,0.8010630220197419,0.8010630220197419,1317,1055,273,0,50.140625,3209.0,3.0417061611374407,5.0,1055,0.0323386626061305,2069.674406792352,2037.3884617063109,32.28594508604121,0.011630133391614365,0.0004652053356645746,7.268833369758978e-06,0.15683398802882403,64
10304,160,161,417.16767832039204,6.518244973756126,0.8053491827637445,0.8053491827637445,1346,1084,248,0,51.5625,3300.0,3.044280442804428,5.0,1084,0.031288014517198745,2002.4329291007198,1968.8560399798323,33.576889120887344,0.0106126454114157,0.00042450581645662804,6.632903382134813e-06,0.1558559640375984,64
10368,161,162,425.70443313138105,6.651631767677829,0.8178466076696165,0.8178466076696165,1356,1109,252,0,52.0625,3332.0,3.0045085662759243,5.0,1109,0.034214819935241794,2189.7484758554747,2157.4518966428595,32.296579212615676,0.012213787371516703,0.0004885514948606681,7.63361710719794e-06,0.1546370151203803,64
10432,162,163,456.3177703333407,7.129965161458449,0.8252631578947368,0.8252631578947368,1425,1176,238,0,53.40625,3418.0,2.9064625850340136,5.0,1176,0.03763977144816741,2408.945372682714,2377.2099633954954,31.735409287219454,0.014175598115750575,0.000567023924630023,8.85974882234411e-06,0.15367997438318431,64
10496,163,164,474.7299974843871,7.417656210693549,0.8295148247978437,0.8295148247978437,1484,1231,260,0,56.796875,3635.0,2.952883834281072,5.0,1231,0.04373428820679999,2798.9944452351992,2765.8310829099923,33.16336232520729,0.01611850550398689,0.0006447402201594756,1.0074065939991806e-05,0.15334840778470168,64
10560,164,165,449.88424307719174,7.029441298081121,0.8103092783505155,0.8103092783505155,1455,1179,272,0,53.609375,3431.0,2.9100932994062765,5.0,1179,0.041000944186224846,2624.06042791839,2591.6090704178314,32.45135750055765,0.01562949898307011,0.0006251799593228044,9.768436864418818e-06,0.15323336665343945,64
10624,165,166,465.58719350953874,7.274799898586543,0.8428070175438597,0.8428070175438597,1425,1201,247,0,53.671875,3435.0,2.8601165695253954,5.0,1201,0.039721919496318585,2542.2028477643894,2511.523616588575,30.679231175814923,0.014285194311532717,0.0005714077724613087,8.928246444707948e-06,0.15350203386515332,64
10688,166,167,408.97361576842763,6.390212746381682,0.8012003000750187,0.8012003000750187,1333,1068,246,0,48.375,3096.0,2.898876404494382,5.0,1068,0.034983211517851824,2238.9255371425165,2209.0410348800174,29.88450226249789,0.012478173252138996,0.0004991269300855598,7.798858282586872e-06,0.15341842614857373,64
10752,167,168,448.07189485074196,7.001123357042843,0.8143754361479414,0.8143754361479414,1433,1167,262,0,55.296875,3539.0,3.032562125107112,5.0,1167,0.0387578794191133,2480.5042828232513,2448.4792407078025,32.02504211544738,0.013617502164997528,0.0005447000865999011,8.510938853123455e-06,0.1534433044977784,64
10816,168,169,440.1569786048124,6.877452790700194,0.8134751773049645,0.8134751773049645,1410,1147,260,0,52.1875,3340.0,2.911944202266783,5.0,1147,0.039534168840271035,2530.1868057773463,2499.9762476687424,30.210558108602893,0.013619783854050936,0.0005447913541620375,8.512364908781835e-06,0.1541015566493561,64
10880,169,170,484.9307136799813,7.577042401249708,0.8408937034529451,0.8408937034529451,1477,1242,241,0,58.734375,3759.0,3.026570048309179,5.0,1242,0.042457405697543464,2717.2739646427817,2682.5384256586276,34.73553898415365,0.014285005953045313,0.0005714002381218125,8.928128720653321e-06,0.1546500677888691,64
10944,170,171,424.93888423603664,6.6396700661880725,0.780774550484094,0.780774550484094,1446,1129,303,0,54.546875,3491.0,3.092116917626218,5.0,1129,0.03443483792941552,2203.8296274825934,2167.0191580516876,36.81046943090641,0.011796498180952256,0.0004718599272380902,7.37281136309516e-06,0.1547818844747576,64
11008,171,172,412.568618067619,6.446384657306547,0.7892857142857143,0.7892857142857143,1400,1105,312,0,53.984375,3455.0,3.1266968325791855,5.0,1105,0.03518253572382291,2251.682286324666,2213.441872505659,38.24041381900792,0.011737416425809864,0.00046949665703239455,7.335885266131165e-06,0.15456413922014142,64
11072,172,173,434.49895129988306,6.789046114060673,0.7686762778505898,0.7686762778505898,1526,1173,342,0,59.546875,3811.0,3.2489343563512363,5.0,1173,0.041556981345392915,2659.6468061051464,2618.041003501431,41.605802603712974,0.01339942719820139,0.0005359770879280556,8.374641998875868e-06,0.1542069934869848,64
11136,173,174,438.45075332874285,6.850793020761607,0.8023578363384188,0.8023578363384188,1442,1157,299,0,56.65625,3626.0,3.1339671564390668,5.0,1157,0.03577917159111543,2289.866981831388,2251.871059849783,37.995921981604035,0.011270453782487066,0.0004508181512994826,7.044033614054416e-06,0.1536687693944771,64
11200,174,175,442.1602661722942,6.908754158942097,0.8023578363384188,0.8023578363384188,1442,1157,283,0,58.734375,3759.0,3.2489196197061365,5.0,1157,0.034284179318766636,2194.1874764010645,2154.597601512443,39.58987488862129,0.010871210955784482,0.0004348484382313793,6.7945068473653015e-06,0.15266937329188185,64
11264,175,176,429.849727892828,6.716401998325438,0.7876901798063624,0.7876901798063624,1446,1139,306,0,56.328125,3605.0,3.165057067603161,5.0,1139,0.0342929348567994,2194.7478308351615,2156.2123420652106,38.53548876995066,0.010715626367940857,0.0004286250547176343,6.697266479963036e-06,0.15142400741021517,64
11328,176,177,423.8772599005551,6.623082185946173,0.8018731988472623,0.8018731988472623,1388,1113,276,0,55.0,3520.0,3.1626235399820306,5.0,1113,0.03579095557886184,2290.621157047158,2254.884597946353,35.73655910080409,0.01116562430272511,0.0004466249721090044,6.978515189203194e-06,0.15065534050592333,64
11392,177,178,387.4265287388703,6.053539511544848,0.7525035765379113,0.7525035765379113,1398,1052,330,0,53.71875,3438.0,3.2680608365019013,5.0,1052,0.0322250159015549,2062.401017699514,2022.348912186798,40.0521055127163,0.009712369404042704,0.00038849477616170817,6.07023087752669e-06,0.1498958656431923,64
11456,178,179,422.2232674717765,6.597238554246508,0.8084486525855791,0.8084486525855791,1373,1110,282,0,56.234375,3599.0,3.2423423423423423,5.0,1110,0.03337714622097194,2136.137358142204,2098.0859457978695,38.051412344334636,0.010616009685907637,0.0004246403874363055,6.635006053692273e-06,0.14887949454328248,64
11520,179,180,400.0030782308717,6.250048097357371,0.765791341376863,0.765791341376863,1409,1079,322,0,56.671875,3627.0,3.36144578313253,5.0,1079,0.034308553366304013,2195.7474154434567,2153.727903242691,42.0195122007658,0.010720334834815805,0.0004288133933926322,6.7002092717598784e-06,0.148252115081103,64
11584,180,181,413.6500882792666,6.46328262936354,0.7669432918395575,0.7669432918395575,1446,1109,320,0,58.078125,3717.0,3.351668169522092,5.0,1109,0.03345325043590581,2141.0080278979717,2097.1097237701542,43.89830412781733,0.01122423786648694,0.0004489695146594776,7.0151486665543374e-06,0.1473291820290327,64
11648,181,182,427.04987036934625,6.672654224521035,0.8024164889836531,0.8024164889836531,1407,1129,293,0,58.0625,3716.0,3.2914083259521703,5.0,1129,0.036899166363007295,2361.546647232467,2322.836473380871,38.710173851593844,0.01165519011391478,0.0004662076045565912,7.284493821196738e-06,0.14672436453309917,64
11712,182,183,415.5605630396856,6.493133797495087,0.7849538679914834,0.7849538679914834,1409,1106,302,0,57.390625,3673.0,3.320976491862568,5.0,1106,0.036314558190431716,2324.13172418763,2284.15923061667,39.972493570959095,0.011349199050252196,0.0004539679620100878,7.093249406407622e-06,0.14640268930381495,64
11776,183,184,410.0970911509578,6.4077670492337155,0.7621658670322139,0.7621658670322139,1459,1112,346,0,57.125,3656.0,3.287769784172662,5.0,1112,0.03483311552155837,2229.3193933797356,2186.814445819918,42.504947559817765,0.010697781232658441,0.0004279112493063377,6.686113270411526e-06,0.14573285181241752,64
11840,184,185,426.24765633756704,6.660119630274485,0.7950704225352113,0.7950704225352113,1420,1129,299,0,58.375,3736.0,3.3091231178033658,5.0,1129,0.03552121790326107,2273.3579458087083,2232.0615212498888,41.29642455881929,0.011236309934697037,0.0004494523973878815,7.022693709185648e-06,0.14494809317522184,64
11904,185,186,419.09098712739285,6.548296673865513,0.7830985915492957,0.7830985915492957,1420,1112,301,0,55.6875,3564.0,3.2050359712230216,5.0,1112,0.034610516857954035,2215.073078909058,2176.497506632718,38.57557227634045,0.010312423936264936,0.00041249695745059747,6.4452649601655855e-06,0.14476863698290174,64
11968,186,187,388.04358237051747,6.0631809745393355,0.772189349112426,0.772189349112426,1352,1044,313,0,52.625,3368.0,3.2260536398467434,5.0,1044,0.030377806915311296,1944.179642579923,1906.5602145533148,37.61942802660866,0.009321709683548528,0.0003728683873419411,5.82606855221783e-06,0.1443059403848202,64
12032,187,188,416.6689117778655,6.5104517465291485,0.799416484318016,0.799416484318016,1371,1096,280,0,52.484375,3359.0,3.06478102189781,5.0,1096,0.032310428301502714,2067.8674112961735,2032.0252102299623,35.84220106621072,0.009702573131963162,0.00038810292527852646,6.064108207476976e-06,0.1435015689386323,64
12096,188,189,412.6199913736786,6.447187365213728,0.7947406866325786,0.7947406866325786,1369,1088,284,0,53.34375,3414.0,3.1378676470588234,5.0,1088,0.03189658678874999,2041.381554479999,2004.2718183315378,37.109736148461515,0.009935636914991532,0.00039742547659966124,6.209773071869707e-06,0.14297828021112713,64
12160,189,190,424.99652269230234,6.640570667067224,0.7764786795048143,0.7764786795048143,1454,1129,311,0,57.625,3688.0,3.266607617360496,5.0,1129,0.03405733065053098,2179.6691616339826,2138.5515338270625,41.117627806921384,0.01027958911645155,0.00041118356465806203,6.424743197782219e-06,0.1429658598034104,64
12224,190,191,407.8286168162001,6.372322137753127,0.7812723373838456,0.7812723373838456,1399,1093,313,0,53.734375,3439.0,3.1463860933211345,5.0,1093,0.03484550020549861,2230.112013151911,2192.530293882205,37.581719269705516,0.010929996732900824,0.000437199869316033,6.8312479580630155e-06,0.14373468733597702,64
12288,191,192,422.85134766533577,6.607052307270871,0.7845614035087719,0.7845614035087719,1425,1118,291,0,53.390625,3417.0,3.056350626118068,5.0,1118,0.0362028363144771,2316.981524126534,2281.459390638905,35.52213348762904,0.011481796739174785,0.00045927186956699136,7.17612296198424e-06,0.14485860744520873,64
12352,192,193,443.9466668683304,6.9366666698176624,0.8035837353549277,0.8035837353549277,1451,1166,286,0,54.6875,3500.0,3.0017152658662094,5.0,1166,0.03796436987188458,2429.7196718006135,2395.300869551258,34.41880224935677,0.012575774292393756,0.0005030309716957502,7.859858932746098e-06,0.14578932364525216,64
12416,193,194,419.3809898304228,6.552827966100356,0.782336578581363,0.782336578581363,1438,1125,320,0,54.65625,3498.0,3.1093333333333333,5.0,1125,0.038124671792312825,2439.9789947080208,2401.17492076823,38.80407393979024,0.012387280713686282,0.0004954912285474513,7.742050446053926e-06,0.14639226253606097,64
12480,194,195,423.5548466902484,6.618044479535131,0.7918424753867792,0.7918424753867792,1422,1126,303,0,56.25,3600.0,3.197158081705151,5.0,1126,0.03488622821073638,2232.718605487128,2193.373315270454,39.34529021667543,0.01145641868951761,0.00045825674758070436,7.1602616809485056e-06,0.14656581352517106,64
12544,195,196,434.90205655676994,6.79534463369953,0.7845003399048266,0.7845003399048266,1471,1154,303,0,56.515625,3617.0,3.134315424610052,5.0,1154,0.03606468901876075,2308.1400972006877,2269.843536741096,38.296560459591475,0.01260260592256552,0.0005041042369026208,7.87662870160345e-06,0.14637107526047732,64
12608,196,197,403.84848698329967,6.310132609114057,0.785039941902687,0.785039941902687,1377,1081,306,0,53.734375,3439.0,3.181313598519889,5.0,1081,0.033083991122466315,2117.375431837844,2078.5122196139287,38.8632122239158,0.011069058141019175,0.00044276232564076704,6.918161338136985e-06,0.14586899362276673,64
12672,197,198,392.76503669818226,6.136953698409098,0.7741228070175439,0.7741228070175439,1368,1059,306,0,51.71875,3310.0,3.125590179414542,5.0,1059,0.03626847316340107,2321.182282457669,2285.5720376331583,35.610244824509884,0.012774412089630377,0.0005109764835852151,7.984007556018985e-06,0.14563658414873526,64
12736,198,199,439.3036090479569,6.864118891374327,0.8016643550624133,0.8016643550624133,1442,1156,284,0,54.234375,3471.0,3.0025951557093427,5.0,1156,0.03603068079472938,2305.9635708626806,2270.445884267171,35.517686595508664,0.013282651763606799,0.000531306070544272,8.30165735225425e-06,0.14631413526387615,64
12800,199,200,459.7969516827072,7.1843273700423,0.820285908781484,0.820285908781484,1469,1205,279,0,57.390625,3673.0,3.0481327800829874,5.0,1205,0.03901054807295607,2496.6750766691885,2460.424768064469,36.250308604718974,0.015344031940793751,0.00061376127763175,9.590019962996095e-06,0.147278665834305,64
12864,200,201,449.0166601204587,7.015885314382167,0.8012337217272104,0.8012337217272104,1459,1169,262,0,57.09375,3654.0,3.125748502994012,5.0,1169,0.035721889300240915,2286.2009152154187,2247.97228997387,38.22862524154932,0.013277614762018615,0.0005311045904807446,8.298509226261635e-06,0.14826486777385084,64
12928,201,202,425.30295743299104,6.645358709890485,0.8021276595744681,0.8021276595744681,1410,1131,295,0,55.109375,3527.0,3.118479221927498,5.0,1131,0.036161795392764,2314.354905136896,2277.1275187357824,37.22738640111304,0.013953171533030448,0.000558126861321218,8.72073220814403e-06,0.14965700871573553,64
12992,202,203,421.2350928669839,6.5817983260466235,0.790436005625879,0.790436005625879,1422,1124,305,0,56.375,3608.0,3.209964412811388,5.0,1124,0.03325719107702345,2128.4602289295008,2088.531513067214,39.92871586228728,0.012554950610124783,0.0005021980244049913,7.846844131327989e-06,0.1506585774155938,64
13056,203,204,396.3370201663396,6.192765940099056,0.7650429799426934,0.7650429799426934,1396,1068,303,0,53.09375,3398.0,3.1816479400749063,5.0,1068,0.03424528100766485,2191.6979844905504,2150.7738455002773,40.924138990273214,0.013345179325709134,0.0005338071730283654,8.340737078568209e-06,0.15133691909084857,64
13120,204,205,403.72540195023134,6.308209405472365,0.7750177430801988,0.7750177430801988,1409,1092,325,0,53.921875,3451.0,3.16025641025641,5.0,1092,0.03152030768500451,2017.2996918402885,1977.1476723866451,40.15201945364221,0.011930501952801086,0.0004772200781120434,7.456563720500678e-06,0.15227453891080323,64
13184,205,206,433.9155188210008,6.779929981578137,0.7955801104972375,0.7955801104972375,1448,1152,296,0,57.15625,3658.0,3.1753472222222223,5.0,1152,0.03657170690387259,2340.5892418478456,2301.293612172881,39.2956296749656,0.01439446437945098,0.0005757785751780392,8.996540237156862e-06,0.15343613973077025,64
13248,206,207,433.5632682873554,6.774426066989928,0.7858117326057299,0.7858117326057299,1466,1152,303,0,59.78125,3826.0,3.3211805555555554,5.0,1152,0.03513646458958881,2248.7337337336835,2204.587682893668,44.146050840016066,0.01345530908182885,0.000538212363273154,8.409568176143031e-06,0.15432343994452744,64
13312,207,208,434.8506300033809,6.794541093802827,0.8141843971631205,0.8141843971631205,1410,1148,285,0,57.625,3688.0,3.2125435540069684,5.0,1148,0.03504044041333555,2242.5881864534754,2206.3172638116644,36.27092264181054,0.013958305535483268,0.0005583322214193307,8.723940959677042e-06,0.15483540957298547,64
13376,208,209,433.9391228147043,6.780298793979755,0.7861975642760487,0.7861975642760487,1478,1162,309,0,54.9375,3516.0,3.025817555938038,5.0,1162,0.03952784181319243,2529.7818760443156,2492.073921914951,37.707954129364886,0.01677305703850036,0.0006709222815400144,1.0483160649062725e-05,0.15514882808338343,64
13440,209,210,426.32324790215614,6.66130074847119,0.8211143695014663,0.8211143695014663,1364,1120,267,0,53.21875,3406.0,3.0410714285714286,5.0,1120,0.034157669485988994,2186.090847103296,2152.4855536285845,33.60529347471122,0.013529740591858616,0.0005411896236743447,8.456087869911635e-06,0.15607668922636556,64
13504,210,211,401.92370669685124,6.280057917138301,0.7847171197648788,0.7847171197648788,1361,1068,273,0,49.015625,3137.0,2.9372659176029963,5.0,1068,0.03375761516922539,2160.487370830425,2128.6420017930004,31.845369037424454,0.013969761548550263,0.0005587904619420106,8.731100967843915e-06,0.1566894547038097,64
13568,211,212,420.97909104389254,6.577798297560821,0.8025843503230438,0.8025843503230438,1393,1118,285,0,52.703125,3373.0,3.016994633273703,5.0,1118,0.03650147562594184,2336.0944400602775,2302.3689127884436,33.7255272718336,0.014806661736885838,0.0005922664694754335,9.254163585553648e-06,0.15701366331347016,64
13632,212,213,480.6010046748203,7.509390698044067,0.8411088573360379,0.8411088573360379,1479,1244,249,0,57.46875,3678.0,2.9565916398713825,5.0,1244,0.04238808012372178,2712.837127918194,2680.0629588166375,32.77416910155565,0.018742977174175557,0.0007497190869670223,1.1714360733859723e-05,0.1571474198127412,64
13696,213,214,418.87182991789047,6.5448723424670385,0.7908636688079943,0.7908636688079943,1401,1108,264,0,51.6875,3308.0,2.9855595667870034,5.0,1108,0.0375047822345294,2400.3060630098817,2368.4935278921826,31.81253511769856,0.016706723717526375,0.000668268948701055,1.0441702323453984e-05,0.1570395812566299,64
13760,214,215,420.1822415443176,6.565347524129963,0.8187221396731055,0.8187221396731055,1346,1102,247,0,51.59375,3302.0,2.9963702359346644,5.0,1102,0.03590037725646201,2297.6241444135685,2265.385848026385,32.238296387183865,0.01638988832578268,0.0006555955330313073,1.0243680203614176e-05,0.15652542821822013,64
13824,215,216,446.0698745452195,6.969841789769054,0.8224561403508772,0.8224561403508772,1425,1172,263,0,56.375,3608.0,3.0784982935153584,5.0,1172,0.03937555190897141,2520.0353221741702,2485.3392861036423,34.69603607052962,0.018229901855109025,0.0007291960742043611,1.1393688659443142e-05,0.15563059754247988,64
13888,216,217,440.907093285933,6.889173332592703,0.8134642356241234,0.8134642356241234,1426,1160,261,0,56.078125,3589.0,3.0939655172413794,5.0,1160,0.03900983829167034,2496.629650666902,2459.7091705055036,36.92048016139788,0.01836435799820502,0.0007345743199282008,1.1477723748878137e-05,0.1545985973079747,64
13952,217,218,443.42580821674227,6.928528253386598,0.8210749646393211,0.8210749646393211,1414,1161,257,0,55.328125,3541.0,3.049956933677864,5.0,1161,0.03721290611416075,2381.6259913062877,2346.0081042576785,35.61788704860773,0.01680689734440298,0.0006722758937761192,1.0504310840251862e-05,0.1545247828528697,64
14016,218,219,416.8773425690155,6.513708477640868,0.7966954022988506,0.7966954022988506,1392,1109,279,0,54.21875,3470.0,3.128944995491434,5.0,1109,0.03319147082626412,2124.254132880904,2086.888774908483,37.365357972421386,0.01621002170531583,0.0006484008682126332,1.0131263565822394e-05,0.15518114974161024,64
14080,219,220,431.16734357710413,6.736989743392252,0.8168812589413448,0.8168812589413448,1398,1142,276,0,55.0,3520.0,3.08231173380035,5.0,1142,0.03657991183038837,2341.1143571448556,2305.4470446875816,35.66731245727315,0.01699507382487187,0.0006798029529948748,1.0621921140544919e-05,0.15611450296503382,64
14144,220,221,426.19354073710116,6.659274074017206,0.7886740331491713,0.7886740331491713,1448,1142,296,0,54.640625,3497.0,3.0621716287215412,5.0,1142,0.039244221753382345,2511.6301922164703,2476.1109862350504,35.519205981420335,0.018318840227618618,0.0007327536091047447,1.1449275142261635e-05,0.1568315627940088,64
14208,221,222,398.64019191924854,6.228752998738258,0.7797228300510576,0.7797228300510576,1371,1069,281,0,51.953125,3325.0,3.110383536014967,5.0,1069,0.03319770984812177,2124.6534302797936,2087.739632985151,36.91379729464235,0.016225627884902977,0.000649025115396119,1.014101742806436e-05,0.15704909190649274,64
14272,222,223,430.9000836384928,6.73281380685145,0.806993006993007,0.806993006993007,1430,1154,297,0,57.53125,3682.0,3.1906412478336224,5.0,1154,0.038246865402500115,2447.799385760007,2408.715949277127,39.08343648288111,0.018288389642155182,0.0007315355856862073,1.1430243526346989e-05,0.15730561917754898,64
14336,223,224,408.96119152049584,6.390018617507748,0.7899280575539568,0.7899280575539568,1390,1098,290,0,52.25,3344.0,3.045537340619308,5.0,1098,0.035802080430946556,2291.3331475805794,2256.7041202063574,34.62902737422232,0.01710176402885053,0.0006840705611540213,1.0688602518031583e-05,0.1579979974574437,64
14400,224,225,405.2800896252666,6.332501400394791,0.7883636363636364,0.7883636363636364,1375,1084,285,0,51.953125,3325.0,3.0673431734317345,5.0,1084,0.03147972656508984,2014.70250016575,1980.592776181772,34.10972398397765,0.015165532809325024,0.000606621312373001,9.47845800582814e-06,0.1590808856271656,64
14464,225,226,420.98569916892654,6.577901549514477,0.7946175637393768,0.7946175637393768,1412,1122,283,0,53.640625,3433.0,3.0597147950089125,5.0,1122,0.03484032884536099,2229.7810461031036,2194.8826566967196,34.89838940638483,0.016721989953064464,0.0006688795981225785,1.045124372066529e-05,0.1601575262280595,64
14528,226,227,430.6857795315184,6.729465305179975,0.8059071729957806,0.8059071729957806,1422,1146,288,0,56.296875,3603.0,3.143979057591623,5.0,1146,0.03543049179309286,2267.5514747579427,2230.007032243178,37.54444251476639,0.017023526153127987,0.0006809410461251195,1.0639703845704992e-05,0.16103693979643174,64
14592,227,228,411.2297314774351,6.425464554334924,0.7921795800144823,0.7921795800144823,1381,1094,280,0,54.828125,3509.0,3.207495429616088,5.0,1094,0.03135460391327902,2006.694650449857,1968.5012249290298,38.193425520825876,0.014860343930807115,0.0005944137572322846,9.287714956754447e-06,0.1614846512593619,64
14656,228,229,432.54889212453253,6.758576439445821,0.8096249115357396,0.8096249115357396,1413,1144,279,0,56.703125,3629.0,3.172202797202797,5.0,1144,0.033038647197727894,2114.4734206545854,2076.0705987540728,38.40282190051344,0.015279583456420139,0.0006111833382568055,9.549739660262587e-06,0.16147449762277644,64
14720,229,230,392.8445861240882,6.138196658188878,0.7828996282527881,0.7828996282527881,1345,1053,283,0,52.28125,3346.0,3.177587844254511,5.0,1053,0.03120056085743142,1996.8358948756108,1959.676944792846,37.15895008276583,0.014132606875083296,0.0005653042750033318,8.83287929692706e-06,0.16113706915699022,64
14784,230,231,401.7001635234496,6.2765650550539,0.7762687634024303,0.7762687634024303,1399,1086,316,0,56.59375,3622.0,3.335174953959484,5.0,1086,0.030631312688175573,1960.4040120432367,1919.884008494768,40.52000354846813,0.013141561723331729,0.0005256624689332692,8.21347607708233e-06,0.1604705587748581,64
14848,231,232,402.33170819318707,6.286432940518548,0.7937685459940653,0.7937685459940653,1348,1070,272,0,54.40625,3482.0,3.2542056074766355,5.0,1070,0.03211153877102824,2055.1384813458076,2016.0863399495884,39.05214139621956,0.01417409373217788,0.0005669637492871152,8.858808582611175e-06,0.15958029048911448,64
14912,232,233,392.7037360359901,6.135995875562346,0.7762289068231841,0.7762289068231841,1363,1058,308,0,53.328125,3413.0,3.2258979206049148,5.0,1058,0.02846486965387387,1821.7516578479276,1784.5108252669281,37.240832580998855,0.011504708386075733,0.0004601883354430293,7.190442741297333e-06,0.15917749774041673,64
14976,233,234,396.69312027634453,6.198330004317883,0.7742402315484804,0.7742402315484804,1382,1070,304,0,52.015625,3329.0,3.111214953271028,5.0,1070,0.03232973094291234,2069.10278034639,2032.6869823503625,36.41579799602653,0.013835428597305566,0.0005534171438922226,8.647142873315979e-06,0.15862400804595328,64
15040,234,235,420.9235557937318,6.576930559277059,0.7856645789839944,0.7856645789839944,1437,1129,314,0,57.9375,3708.0,3.2843224092116916,5.0,1129,0.033290468585500596,2130.5899894720383,2090.1427740535673,40.44721541847241,0.013221691780147994,0.0005288676712059198,8.263557362592496e-06,0.15794811079049176,64
15104,235,236,425.55705966836445,6.6493290573181945,0.8017057569296375,0.8017057569296375,1407,1128,287,0,57.34375,3670.0,3.25354609929078,5.0,1128,0.03290179020602773,2105.7145731857745,2065.753668772543,39.96090441323118,0.014001026550587806,0.0005600410620235122,8.750641594117379e-06,0.15778400106999702,64
15168,236,237,383.80137457750817,5.996896477773565,0.7614879649890591,0.7614879649890591,1371,1044,318,0,54.203125,3469.0,3.3227969348659006,5.0,1044,0.029277155959179665,1873.7379813874986,1831.8115749590147,41.926406428483354,0.011895272347577174,0.00047581089390308693,7.434545217235733e-06,0.15748478545310252,64
15232,237,238,386.8114962737129,6.043929629276764,0.7346101231190151,0.7346101231190151,1462,1074,370,0,57.40625,3674.0,3.4208566108007448,5.0,1074,0.03170879813448252,2029.363080606881,1984.1013315507212,45.261749056160184,0.01173150349618535,0.000469260139847414,7.332189685115844e-06,0.15682543711046176,64
15296,238,239,394.1284669134276,6.158257295522306,0.7752890173410405,0.7752890173410405,1384,1073,330,0,56.359375,3607.0,3.3616029822926374,5.0,1073,0.03137970819126575,2008.3013242410082,1966.4493360647712,41.851988176236866,0.012121102767116348,0.00048484411068465394,7.575689229447718e-06,0.1558769221943101,64
15360,239,240,400.53002940717886,6.25828170948717,0.767277856135402,0.767277856135402,1418,1088,330,0,56.578125,3621.0,3.328125,5.0,1088,0.03252819792340699,2081.8046670980475,2040.15328310062,41.65138399742834,0.012682498516312337,0.0005072999406524935,7.926561572695211e-06,0.15525372013457125,64
15424,240,241,435.1108763357315,6.798607442745805,0.789293067947838,0.789293067947838,1457,1150,293,0,58.828125,3765.0,3.273913043478261,5.0,1150,0.033199216739629486,2124.749871336287,2084.5527010938786,40.197170242409335,0.012937524598270864,0.0005175009839308345,8.08595287391929e-06,0.15460049069329235,64
15488,241,242,420.596547320582,6.571821051884093,0.790436005625879,0.790436005625879,1422,1124,311,0,56.015625,3585.0,3.1895017793594307,5.0,1124,0.029985386435667487,1919.0647318827191,1880.0079802048092,39.05675167790965,0.012024568867368468,0.00048098275469473875,7.515355542105293e-06,0.1535667783142228,64
15552,242,243,402.15301131426247,6.283640801785351,0.7836468885672938,0.7836468885672938,1382,1083,308,0,54.625,3496.0,3.2280701754385963,5.0,1083,0.03385692761144126,2166.8433671322405,2129.030494166188,37.81287296605447,0.013309989404383564,0.0005323995761753426,8.318743377739728e-06,0.15255723444587832,64
15616,243,244,435.18573593815285,6.799777124033638,0.7917525773195876,0.7917525773195876,1455,1152,293,0,56.5,3616.0,3.138888888888889,5.0,1152,0.03682357043349452,2356.708507743649,2318.105468354807,38.60303938884102,0.013827569986012892,0.0005531027994405157,8.642231241258058e-06,0.1522029940250049,64
15680,244,245,399.8981272094244,6.248408237647256,0.7659123055162659,0.7659123055162659,1414,1083,326,0,52.421875,3355.0,3.097876269621422,5.0,1083,0.032641901688524134,2089.0817080655447,2052.3431674334647,36.738540632079825,0.011766297272252653,0.0004706518908901061,7.353935795157908e-06,0.1513938361486146,64
15744,245,246,410.57848107756206,6.415288766836907,0.7937545388525781,0.7937545388525781,1377,1093,290,0,55.0625,3524.0,3.2241537053979874,5.0,1093,0.03443942691935264,2204.123322838569,2165.7505508371833,38.372772001386245,0.013059937870240276,0.000522397514809611,8.162461168900172e-06,0.15056256568942245,64
15808,246,247,404.88598460395906,6.32634350943686,0.7867056245434624,0.7867056245434624,1369,1077,293,0,54.859375,3511.0,3.2599814298978647,5.0,1077,0.030365700544672643,1943.404834859049,1904.8127076822313,38.59212717681845,0.01065308021306354,0.00042612320852254156,6.658175133164712e-06,0.15021506082155028,64
15872,247,248,417.7725588792191,6.5276962324877985,0.7869318181818182,0.7869318181818182,1408,1108,293,0,58.96875,3774.0,3.4061371841155235,5.0,1108,0.0315571872780425,2019.6599857947201,1977.5073710956085,42.152614699111645,0.011080261465792895,0.0004432104586317158,6.9251634161205595e-06,0.14958811077665085,64
15936,248,249,386.3929047341232,6.037389136470675,0.7537260468417317,0.7537260468417317,1409,1062,349,0,58.375,3736.0,3.51789077212806,5.0,1062,0.029550407965583475,1891.2261097973424,1847.5955150545421,43.63059474279919,0.011280568925101958,0.00045122275700407833,7.050355578188724e-06,0.14874518022086508,64
16000,249,250,426.1137662919149,6.65802759831117,0.7710280373831776,0.7710280373831776,1498,1155,350,0,62.328125,3989.0,3.4536796536796537,5.0,1155,0.03539309395026843,2265.1580128171795,2219.8820625895105,45.27595022766957,0.012594745725160679,0.0005037898290064271,7.871716078225424e-06,0.14782208039504852,64
16064,250,251,411.58272406514845,6.430980063517945,0.7796610169491526,0.7796610169491526,1416,1104,317,0,59.328125,3797.0,3.4393115942028984,5.0,1104,0.032508568693272115,2080.5483963694155,2038.1538448784875,42.39455149092888,0.011087878038938256,0.0004435151215575302,6.92992377433641e-06,0.1475076569887887,64
16128,251,252,417.6089671106339,6.525140111103655,0.7762430939226519,0.7762430939226519,1448,1124,325,0,58.953125,3773.0,3.356761565836299,5.0,1124,0.03467443733329385,2219.1639893308065,2177.6663542388515,41.49763509195525,0.01237069843269803,0.0004948279373079211,7.731686520436268e-06,0.1472349708390557,64
16192,252,253,387.9227043327851,6.061292255199767,0.7426778242677824,0.7426778242677824,1434,1065,350,0,57.71875,3694.0,3.468544600938967,5.0,1065,0.03213137256668779,2056.407844268019,2010.8058183054131,45.60202596260523,0.011151294152403401,0.00044605176609613606,6.969558845252126e-06,0.14762635257517598,64
16256,253,254,408.3279683876892,6.380124506057644,0.7695530726256983,0.7695530726256983,1432,1102,329,0,60.46875,3870.0,3.511796733212341,5.0,1102,0.03137889793802216,2008.2494680334185,1962.6773691923993,45.57209884101922,0.010682808984299895,0.0004273123593719958,6.676755615187435e-06,0.14786279358225052,64
16320,254,255,388.13573500020203,6.064620859378157,0.7510578279266573,0.7510578279266573,1418,1065,353,0,57.046875,3651.0,3.428169014084507,5.0,1065,0.032367262085876786,2071.5047734961145,2027.2805046431179,44.22426885299603,0.010229262456398741,0.0004091704982559496,6.393289035249213e-06,0.14780362898772503,64
16384,255,256,396.37141802785277,6.1933034066851995,0.7763253449527959,0.7763253449527959,1377,1069,318,0,56.90625,3642.0,3.4069223573433116,5.0,1069,0.031809697191385745,2035.8206202486876,1993.167512188343,42.65310806034477,0.010361668003505464,0.00041446672014021856,6.476042502190915e-06,0.14759434460893284,64
16448,256,257,382.352605504029,5.974259461000453,0.7480427046263345,0.7480427046263345,1405,1051,354,0,59.328125,3797.0,3.6127497621313034,5.0,1051,0.02953661359094567,1890.343269820523,1844.4903098927239,45.852959927799,0.009212601984061984,0.00036850407936247934,5.75787624003874e-06,0.14715234729741805,64
16512,257,258,381.13239541500036,5.955193678359381,0.7357043235704324,0.7357043235704324,1434,1055,370,0,59.4375,3804.0,3.605687203791469,5.0,1055,0.030882085803966786,1976.4534914538742,1927.6496173556193,48.80387409825436,0.0095231918306488,0.000380927673225952,5.9519948941555e-06,0.14632158963149605,64
16576,258,259,399.8559989849309,6.247749984139546,0.7861866274797943,0.7861866274797943,1361,1070,311,0,60.640625,3881.0,3.627102803738318,5.0,1070,0.029640605918417707,1896.9987787787331,1851.180797524384,45.81798125434955,0.00928078784308483,0.00037123151372339317,5.800492401928018e-06,0.14521264993619157,64
16640,259,260,416.77424786331017,6.512097622864221,0.7470355731225297,0.7470355731225297,1518,1134,361,0,60.234375,3855.0,3.3994708994708995,5.0,1134,0.03261151449748333,2087.136927838933,2040.6451390545994,46.49178878433451,0.010156436387695821,0.0004062574555078328,6.347772742309888e-06,0.1437842494669999,64
16704,260,261,359.00268806181197,5.609417000965812,0.7295733911785972,0.7295733911785972,1383,1009,382,0,54.859375,3511.0,3.479682854311199,5.0,1009,0.029402968573623695,1881.7899887119165,1837.33395099195,44.456037719967235,0.008661099911882193,0.00034644399647528775,5.413187444926371e-06,0.1424080658603622,64
16768,261,262,392.02769719933247,6.12543276873957,0.7559774964838256,0.7559774964838256,1422,1075,363,0,57.90625,3706.0,3.4474418604651165,5.0,1075,0.03165594230502095,2025.980307521341,1981.6184414011893,44.361866120151355,0.009317869003454667,0.00037271476013818667,5.823668127159167e-06,0.14151352985763488,64
16832,262,263,394.20290033017875,6.159420317659043,0.7517482517482518,0.7517482517482518,1430,1075,348,0,56.53125,3618.0,3.3655813953488374,5.0,1075,0.0329882728476392,2111.249462248909,2068.5988200683782,42.65064218053051,0.009629514025045176,0.00038518056100180707,6.0184462656532355e-06,0.14040330942410634,64
16896,263,264,390.88271439805857,6.107542412469665,0.7598849748382459,0.7598849748382459,1391,1057,328,0,57.09375,3654.0,3.456953642384106,5.0,1057,0.03083065323080544,1973.161806771548,1929.712236714876,43.449570056671824,0.008804751440133969,0.00035219005760535874,5.50296965008373e-06,0.13902282216196196,64
16960,264,265,382.9037156774582,5.982870557460284,0.7543604651162791,0.7543604651162791,1376,1038,327,0,57.171875,3659.0,3.52504816955684,5.0,1038,0.029882004470497447,1912.4482861118365,1867.6759082949288,44.77237781690817,0.008550606170433303,0.0003420242468173321,5.344128856520814e-06,0.13780855680255466,64
17024,265,266,378.37475979442013,5.9121056217878145,0.7638376383763837,0.7638376383763837,1355,1035,342,0,56.3125,3604.0,3.482125603864734,5.0,1035,0.03153114617269221,2017.9933550523017,1973.4642180756712,44.5291369766313,0.008801209405071566,0.00035204837620286263,5.500755878169729e-06,0.13656762197040118,64
17088,266,267,390.94636795120493,6.108536999237577,0.7560801144492132,0.7560801144492132,1398,1057,331,0,56.609375,3623.0,3.4276253547776725,5.0,1057,0.029376940474914612,1880.1241903945352,1836.4037589332934,43.72043146124227,0.00826513479562486,0.0003306053918249944,5.165709247265538e-06,0.13573484000385544,64
17152,267,268,386.1004796558483,6.0328199946226295,0.7452364149611856,0.7452364149611856,1417,1056,355,0,56.203125,3597.0,3.40625,5.0,1056,0.032673753246402724,2091.1202077697744,2047.5994145526327,43.52079321714172,0.008781143608811806,0.00035124574435247227,5.488214755507379e-06,0.13500483662993368,64
17216,268,269,418.5549788597972,6.539921544684331,0.7786366830639494,0.7786366830639494,1423,1108,299,0,59.296875,3795.0,3.425090252707581,5.0,1108,0.033303635189919,2131.432652154816,2087.3660238267844,44.066628328032074,0.00930366203786749,0.00037214648151469954,5.81478877366718e-06,0.13398431089636015,64
17280,269,270,418.3317610229424,6.536433765983475,0.7875175315568023,0.7875175315568023,1426,1123,330,0,58.84375,3766.0,3.353517364203028,5.0,1123,0.03406167334253453,2179.9470939222097,2137.8367808931907,42.11031302901847,0.009810103518014247,0.00039240414072056986,6.131314698758904e-06,0.1329860288467482,64
17344,270,271,414.0502933450248,6.469535833516012,0.778954802259887,0.778954802259887,1416,1103,312,0,56.734375,3631.0,3.2919310970081597,5.0,1103,0.031345538741334646,2006.1144794454174,1964.2987688623075,41.815710583109805,0.00905679173176608,0.0003622716692706432,5.6604948323538e-06,0.13306868848832848,64
17408,271,272,406.20314397936346,6.346924124677554,0.7743988684582744,0.7743988684582744,1414,1095,329,0,58.703125,3757.0,3.4310502283105024,5.0,1095,0.034187202017241895,2187.9809291034812,2145.4798366261866,42.50109247729448,0.010210235839936129,0.00040840943359744515,6.3813973999600805e-06,0.13321870711691558,64
17472,272,273,384.72490092657165,6.011326576977682,0.7419804741980475,0.7419804741980475,1434,1064,368,0,57.734375,3695.0,3.4727443609022557,5.0,1064,0.033091717526616944,2117.8699217034846,2073.1406059692745,44.729315734210196,0.009847396953467995,0.0003938958781387198,6.154623095917497e-06,0.1330656201941,64
17536,273,274,392.39475986601576,6.131168122906496,0.7595118449389806,0.7595118449389806,1393,1058,317,0,55.28125,3538.0,3.344045368620038,5.0,1058,0.031096321250780937,1990.16456004998,1949.2710090406777,40.89355100930231,0.009776201372024524,0.00039104805488098096,6.1101258575153275e-06,0.13338191796139365,64
17600,274,275,406.37670905781306,6.349636079028329,0.7749287749287749,0.7749287749287749,1404,1088,316,0,58.78125,3762.0,3.457720588235294,5.0,1088,0.03297168868150214,2110.1880756161368,2067.0152258247035,43.17284979143485,0.009552705762529142,0.0003821082305011657,5.970441101580714e-06,0.13404892370781268,64
17664,275,276,420.5021118242153,6.570345497253364,0.7686567164179104,0.7686567164179104,1474,1133,341,0,60.015625,3841.0,3.3901147396293028,5.0,1133,0.03211840646236529,2055.5780135913783,2011.3568944717247,44.22111911965275,0.010197279783641,0.00040789119134564,6.373299864775625e-06,0.13514370591351946,64
17728,276,277,417.3524902976666,6.52113266090104,0.7877927608232789,0.7877927608232789,1409,1110,304,0,56.5625,3620.0,3.2612612612612613,5.0,1110,0.032587129077715576,2085.5762609737967,2044.8040972452184,40.772163728578725,0.010315206004255988,0.00041260824017023956,6.447003752659993e-06,0.1360664788350144,64
17792,277,278,421.93099249265094,6.592671757697671,0.7857142857142857,0.7857142857142857,1428,1122,308,0,55.3125,3540.0,3.1550802139037435,5.0,1122,0.033898207908890844,2169.485306169014,2131.437190287037,38.04811588197651,0.010701832797653518,0.0004280733119061407,6.688645498533448e-06,0.1366091324517481,64
17856,278,279,410.8319994126338,6.419249990822403,0.7864285714285715,0.7864285714285715,1400,1101,310,0,55.140625,3529.0,3.2052679382379656,5.0,1101,0.03716252111102638,2378.4013511056883,2340.8109551711077,37.590395934581196,0.01194633140676911,0.0004778532562707644,7.466457129230694e-06,0.13687665606187452,64
17920,279,280,438.0187233881554,6.8440425529399285,0.7988865692414753,0.7988865692414753,1437,1148,283,0,57.734375,3695.0,3.2186411149825784,5.0,1148,0.036529395413946404,2337.88130649257,2298.264348012437,39.616958480133434,0.011212477990664408,0.0004484991196265763,7.007798744165255e-06,0.1368942930722945,64
17984,280,281,444.43606776437286,6.944313558818326,0.7834437086092715,0.7834437086092715,1510,1183,324,0,59.96875,3838.0,3.2442941673710903,5.0,1183,0.03705823025787879,2371.7267365042426,2329.667294118848,42.05944238539558,0.01224536649365093,0.0004898146597460372,7.653354058531831e-06,0.13661049510906229,64
18048,281,282,413.1138556400217,6.454903994375339,0.7636986301369864,0.7636986301369864,1460,1115,334,0,56.921875,3643.0,3.2672645739910315,5.0,1115,0.03314677935761309,2121.393878887238,2077.8978079020785,43.49607098515984,0.010697612462830684,0.0004279044985132274,6.686007789269178e-06,0.13717528102093737,64
18112,282,283,432.31182155049254,6.754872211726446,0.7816949152542373,0.7816949152542373,1475,1153,327,0,60.296875,3859.0,3.346921075455334,5.0,1153,0.032865719350351506,2103.4060384224963,2059.105814595601,44.300223826895156,0.010396119488959608,0.00041584477955838433,6.497574680599755e-06,0.13838985770599277,64
18176,283,284,398.16175955027427,6.2212774929730355,0.7880597014925373,0.7880597014925373,1340,1056,285,0,55.046875,3523.0,3.336174242424242,5.0,1056,0.02827444073171161,1809.564206829543,1768.38201737147,41.182189458073495,0.009370160425320132,0.0003748064170128053,5.856350265825083e-06,0.13918234269823507,64
18240,284,285,394.08752303905226,6.1576175474851915,0.7768836869056328,0.7768836869056328,1367,1062,318,0,54.84375,3510.0,3.305084745762712,5.0,1062,0.02836378680677205,1815.2823556334113,1773.6213144993922,41.66104113401975,0.009510340201822027,0.0003804136080728811,5.943962626138767e-06,0.1396481648755425,64
18304,285,286,427.49489914590947,6.6796077991548355,0.7739541160593792,0.7739541160593792,1482,1147,327,0,60.15625,3850.0,3.3565823888404536,5.0,1147,0.03544061055571247,2268.1990755655984,2223.9599462943725,44.239129271226716,0.012117596863498427,0.00048470387453993706,7.573498039686517e-06,0.14067362916470832,64
18368,286,287,394.6101082507847,6.165782941418511,0.7733526430123099,0.7733526430123099,1381,1068,325,0,56.546875,3619.0,3.3885767790262173,5.0,1068,0.03123083942543051,1998.7737232275526,1956.280254135467,42.49346909208596,0.010455576255122119,0.00041822305020488475,6.534735159451324e-06,0.14179345212348873,64
18432,287,288,376.1050813200952,5.876641895626488,0.747622531089978,0.747622531089978,1367,1022,319,0,51.453125,3293.0,3.2221135029354206,5.0,1022,0.02850142010799448,1824.0908869116467,1784.472634890549,39.61825202109821,0.00993588953083566,0.00039743558123342637,6.209930956772287e-06,0.14243376214683517,64
18496,288,289,413.5032634273135,6.460988491051774,0.7851590106007067,0.7851590106007067,1415,1111,321,0,59.859375,3831.0,3.4482448244824484,5.0,1111,0.030980751742125587,1982.7681114960376,1938.8496848809932,43.91842661504353,0.011070052500286486,0.00044280210001145946,6.918782812679054e-06,0.14355620598107058,64
18560,289,290,417.913248623719,6.52989450974561,0.7694425326909842,0.7694425326909842,1453,1118,316,0,61.09375,3910.0,3.4973166368515205,5.0,1118,0.032597705721538264,2086.2531661784487,2039.041406944446,47.21175923400301,0.011151933427598994,0.0004460773371039598,6.969958392249372e-06,0.144691053299137,64
18624,290,291,401.82558925530964,6.278524832114213,0.7735982966643009,0.7735982966643009,1409,1090,336,0,57.15625,3658.0,3.3559633027522935,5.0,1090,0.02955567528131449,1891.5632180041273,1848.8079661079719,42.75525189615569,0.010369472164319871,0.00041477888657279487,6.48092010269992e-06,0.1455388808512619,64
18688,291,292,416.69690944530566,6.510889210082901,0.7667578659370725,0.7667578659370725,1462,1121,329,0,57.421875,3675.0,3.2783229259589652,5.0,1121,0.032731603115228575,2094.8225993746287,2053.4651947527555,41.35740462187363,0.011371605528383979,0.0004548642211353592,7.107253455239987e-06,0.1460126985765854,64
18752,292,293,411.0632470413279,6.422863235020748,0.7744890768146582,0.7744890768146582,1419,1099,308,0,56.140625,3593.0,3.2693357597816197,5.0,1099,0.032035859887078376,2050.295032773016,2010.1362591190384,40.15877365397643,0.010886431351776162,0.00043545725407104647,6.804019594860101e-06,0.14617947253126823,64
18816,293,294,420.3456373916566,6.567900584244635,0.7911392405063291,0.7911392405063291,1422,1125,316,0,56.734375,3631.0,3.2275555555555555,5.0,1125,0.033687335557820185,2155.9894757004918,2115.4319392119073,40.557536488585676,0.011510960500066144,0.00046043842000264575,7.19435031254134e-06,0.1461379113666565,64
18880,294,295,417.22496562214894,6.519140087846077,0.7984161267098632,0.7984161267098632,1389,1109,300,0,57.15625,3658.0,3.298467087466186,5.0,1109,0.03116950605537992,1994.8483875443148,1955.148796122907,39.69959142140825,0.010803548013152788,0.0004321419205261115,6.752217508220492e-06,0.14667370670021773,64
18944,295,296,395.68315684227287,6.1825493256605135,0.7632331902718169,0.7632331902718169,1398,1067,317,0,55.484375,3551.0,3.3280224929709465,5.0,1067,0.02941549518419232,1882.5916917883085,1839.3662927328135,43.22539905549423,0.010303662212776442,0.0004121464885110577,6.439788882985276e-06,0.14682143753115962,64
19008,296,297,415.3164959287965,6.489320248887445,0.7930535455861071,0.7930535455861071,1382,1096,279,0,57.0,3648.0,3.3284671532846715,5.0,1096,0.03271225142640799,2093.5840912901112,2052.2117160425505,41.37237524756085,0.011647242033871557,0.00046588968135486227,7.279526271169723e-06,0.14672683030280698,64
19072,297,298,408.8979742444592,6.389030847569675,0.786589762076424,0.786589762076424,1387,1091,301,0,54.8125,3508.0,3.2153987167736022,5.0,1091,0.03158507357726543,2021.4447089449875,1981.5464647361998,39.8982442087874,0.01128738185642723,0.0004514952742570892,7.054613660267019e-06,0.1463228291215419,64
19136,298,299,408.30057078217146,6.379696418471429,0.7840746054519369,0.7840746054519369,1394,1093,303,0,55.609375,3559.0,3.256175663311985,5.0,1093,0.034798513032974356,2227.1048341103588,2187.288844229417,39.81598988094296,0.012702020541447876,0.000508080821657915,7.938762838404923e-06,0.14565737374194004,64
19200,299,300,433.9213591798732,6.780021237185519,0.8118741058655222,0.8118741058655222,1398,1135,266,0,57.0,3648.0,3.2140969162995594,5.0,1135,0.03668039432870194,2347.545237036924,2308.543816703268,39.001420333654984,0.013505615277849266,0.0005402246111139707,8.441009548655792e-06,0.1448896672506466,64
19264,300,301,425.5807866798559,6.649699791872749,0.7991422444603288,0.7991422444603288,1399,1118,278,0,52.890625,3385.0,3.0277280858676208,5.0,1118,0.03164994532156598,2025.5965005802227,1989.7753123507275,35.821188229493444,0.01126773585719236,0.0004507094342876944,7.042334910745225e-06,0.14459578158057415,64
19328,301,302,429.14619268475485,6.7054092606992945,0.7993006993006992,0.7993006993006992,1430,1143,305,0,55.796875,3571.0,3.124234470691164,5.0,1143,0.035411882731823024,2266.3604948366738,2227.2365057558536,39.12398908081928,0.013262964251029217,0.0005305185700411687,8.28935265689326e-06,0.14494349223180392,64
19392,302,303,397.30367036041866,6.207869849381542,0.7640369580668088,0.7640369580668088,1407,1075,321,0,54.703125,3501.0,3.256744186046512,5.0,1075,0.03057233055630891,1956.6291556037702,1916.5279023186383,40.10125328513125,0.011996149941312428,0.00047984599765249714,7.497593713320268e-06,0.1459547407449906,64
19456,303,304,390.2525416284259,6.0976959629441545,0.7560455192034139,0.7560455192034139,1406,1063,333,0,53.421875,3419.0,3.2163687676387585,5.0,1063,0.02877503606188238,1841.6023079604724,1800.831645034594,40.77066292587839,0.010699764342001788,0.00042799057368007155,6.687352713751118e-06,0.14683137589254566,64
19520,304,305,419.08716542016634,6.548236959690099,0.7846153846153846,0.7846153846153846,1430,1122,311,0,57.484375,3679.0,3.2789661319073082,5.0,1122,0.03325213020908051,2128.1363333811523,2085.6632243422473,42.47310903890442,0.012637655084379097,0.0005055062033751639,7.898534427736936e-06,0.14730367865424926,64
19584,305,306,395.1685433840887,6.174508490376386,0.7890800299177263,0.7890800299177263,1337,1055,292,0,52.0,3328.0,3.1545023696682466,5.0,1055,0.029607810209018294,1894.8998533771708,1856.6846626700208,38.215190707149745,0.010847561321406574,0.0004339024528562629,6.779725825879108e-06,0.14748298279167044,64
19648,306,307,395.3772733905371,6.177769896727142,0.7811572700296736,0.7811572700296736,1348,1053,288,0,51.203125,3277.0,3.1120607787274452,5.0,1053,0.029742449687035204,1903.516779970253,1866.1081668419545,37.408613128298015,0.01068781283688211,0.0004275125134752844,6.6798830230513185e-06,0.14721783641995095,64
19712,307,308,433.94692771409973,6.780420745532808,0.8118741058655222,0.8118741058655222,1398,1135,270,0,55.453125,3549.0,3.1268722466960353,5.0,1135,0.033040160521812856,2114.570273396023,2077.6526945725977,36.91757882342496,0.011605117317015244,0.0004642046926806097,7.253198323134527e-06,0.1475207610524214,64
19776,308,309,428.44628871960424,6.694473261243816,0.804005722460658,0.804005722460658,1398,1124,268,0,54.046875,3459.0,3.0774021352313166,5.0,1124,0.03473900516088191,2223.296330296442,2187.491194393523,35.805135902918956,0.01346639477683603,0.0005386557910734412,8.416496735522519e-06,0.14799201638628634,64
19840,309,310,443.58354392538024,6.930992873834066,0.8033126293995859,0.8033126293995859,1449,1164,279,0,56.625,3624.0,3.11340206185567,5.0,1164,0.03584513487003676,2294.0886316823526,2256.028839324401,38.05979235795201,0.013085463645204682,0.0005234185458081873,8.178414778252926e-06,0.14910992352391927,64
19904,310,311,424.52711823714833,6.633236222455443,0.8153284671532847,0.8153284671532847,1370,1117,276,0,53.09375,3398.0,3.0420769919427038,5.0,1117,0.031682933103353426,2027.7077186146191,1992.8852221589198,34.82249645569935,0.011859766578187313,0.0004743906631274925,7.412354111367071e-06,0.1498178563596698,64
19968,311,312,399.7969955484622,6.2468280554447215,0.7584985835694051,0.7584985835694051,1412,1071,301,0,52.796875,3379.0,3.1549953314659196,5.0,1071,0.031226450464988155,1998.4928297592419,1959.809012298553,38.68381746068868,0.01128873774793928,0.0004515495099175712,7.05546109246205e-06,0.1501507993831565,64
20032,312,313,402.58343682594517,6.290366200405393,0.7957384276267451,0.7957384276267451,1361,1083,312,0,54.609375,3495.0,3.227146814404432,5.0,1083,0.03199735443158717,2047.8306836215788,2008.332484786607,39.49819883497121,0.011891521333474537,0.00047566085333898144,7.432200833421585e-06,0.15016916923595525,64
20096,313,314,387.43532719476946,6.053676987418273,0.7496423462088698,0.7496423462088698,1398,1048,317,0,51.671875,3307.0,3.155534351145038,5.0,1048,0.028972701677249208,1854.2529073439493,1815.6017329571134,38.65117438683609,0.010551404721761184,0.00042205618887044736,6.59462795110074e-06,0.1497839358742962,64
20160,314,315,394.21703403615106,6.15964115681486,0.7614678899082569,0.7614678899082569,1417,1079,349,0,53.859375,3447.0,3.194624652455978,5.0,1079,0.02935725353304182,1878.8642261146765,1838.3224854334228,40.54174068125356,0.010537261346298777,0.0004214904538519511,6.585788341436736e-06,0.14914752416891638,64
20224,315,316,405.8184390318321,6.3409131098723766,0.772888573456352,0.772888573456352,1409,1089,310,0,55.6875,3564.0,3.272727272727273,5.0,1089,0.03144833747034218,2012.6935981018996,1969.9885284514196,42.70506965048011,0.011236181344773576,0.000449447253790943,7.022613340483485e-06,0.14886858894585253,64
20288,316,317,410.8507928378265,6.419543638091039,0.7908309455587392,0.7908309455587392,1396,1104,320,0,56.3125,3604.0,3.2644927536231885,5.0,1104,0.0324985653808375,2079.9081843736,2039.241654553403,40.6665298201971,0.01133460492713976,0.00045338419708559045,7.084128079462351e-06,0.1487742539466605,64
20352,317,318,387.3928792107351,6.053013737667736,0.7581462708182476,0.7581462708182476,1381,1047,315,0,55.375,3544.0,3.384909264565425,5.0,1047,0.028573809094236423,1828.7237820311311,1785.5302523514138,43.193529679718004,0.010160336363233763,0.0004064134545293505,6.350210227021102e-06,0.1483567474449406,64
20416,318,319,408.65332979930463,6.385208278114135,0.770949720670391,0.770949720670391,1432,1104,328,0,58.609375,3751.0,3.397644927536232,5.0,1104,0.03156717008713755,2020.2988855768033,1974.8223586990678,45.47652687773491,0.011457098817083842,0.0004582839526833537,7.160686760677401e-06,0.14755737408556918,64
20480,319,320,403.0576526951247,6.297775823361324,0.7734375,0.7734375,1408,1089,322,0,57.375,3672.0,3.371900826446281,5.0,1089,0.03281271495883756,2100.013757365604,2055.059171690897,44.95458567470608,0.011703625323262907,0.00046814501293051625,7.314765827039316e-06,0.14671490316253472,64
20544,320,321,397.18255648104196,6.205977445016281,0.7545201668984701,0.7545201668984701,1438,1085,345,0,56.921875,3643.0,3.3576036866359447,5.0,1085,0.033423344080961405,2139.09402118153,2095.5561784379083,43.53784274362263,0.012074584861248383,0.0004829833944499353,7.546615538280239e-06,0.14688734190366026,64
20608,321,322,398.7960983029641,6.231189035983814,0.7786647314949202,0.7786647314949202,1378,1073,311,0,55.46875,3550.0,3.3084808946877913,5.0,1073,0.03206759511016607,2052.3260870506283,2012.0712441718179,40.25484287881062,0.011368895167822891,0.00045475580671291564,7.105559479889307e-06,0.147378878770747,64
20672,322,323,393.678205452989,6.151221960202953,0.7668097281831188,0.7668097281831188,1398,1072,334,0,55.96875,3582.0,3.341417910447761,5.0,1072,0.031047515366191516,1987.040983436257,1944.0700819795388,42.97090145671676,0.011284312057985562,0.0004513724823194225,7.052695036240976e-06,0.1474673203093319,64
20736,323,324,390.00200640215235,6.09378135003363,0.7798647633358378,0.7798647633358378,1331,1038,278,0,50.125,3208.0,3.090558766859345,5.0,1038,0.030369626335666623,1943.656085482664,1907.2859544488824,36.37013103378191,0.011180079027553717,0.0004472031611021487,6.987549392221073e-06,0.14720970169154812,64
20800,324,325,422.1439959589874,6.595999936859178,0.8040201005025126,0.8040201005025126,1393,1120,291,0,54.328125,3477.0,3.1044642857142857,5.0,1120,0.0350656253943494,2244.200025238362,2208.521284095814,35.67874114254796,0.012814059214385876,0.0005125623685754351,8.008787008991173e-06,0.14668235591318002,64
20864,325,326,424.0724596925064,6.626132182695413,0.7837273991655076,0.7837273991655076,1438,1127,298,0,53.828125,3445.0,3.05678793256433,5.0,1127,0.035381726463682525,2264.4304936756816,2225.893733954743,38.53675972093906,0.012711118884665468,0.0005084447553866187,7.944449302915918e-06,0.14584447558330715,64
20928,326,327,433.990048584203,6.781094509128172,0.7915242652084757,0.7915242652084757,1463,1158,315,0,58.875,3768.0,3.2538860103626943,5.0,1158,0.03598575177797954,2303.0881137906904,2260.207955774506,42.88015801618458,0.012617900510654072,0.0005047160204261629,7.886187819158796e-06,0.14484632622394997,64
20992,327,328,412.3297305578647,6.442652039966636,0.7846374730796841,0.7846374730796841,1393,1093,286,0,51.828125,3317.0,3.0347666971637692,5.0,1093,0.033140469168766416,2120.9900268010506,2086.1814385966222,34.80858820442876,0.012112440110510858,0.0004844976044204343,7.570275069069286e-06,0.14421515366279375,64
21056,328,329,417.8633216994413,6.5291144015537705,0.788135593220339,0.788135593220339,1416,1116,304,0,55.21875,3534.0,3.1666666666666665,5.0,1116,0.0358182956103118,2292.370919059955,2254.6915028638664,37.6794161960873,0.012622997632938697,0.0005049199053175479,7.889373520586685e-06,0.14371307641297104,64
21120,329,330,431.91634257397675,6.748692852718387,0.8033826638477801,0.8033826638477801,1419,1140,288,0,55.921875,3579.0,3.139473684210526,5.0,1140,0.03623984501760832,2319.3500811269323,2281.1537089322296,38.196372194701276,0.012328024175295169,0.0004931209670118068,7.705015109559481e-06,0.14280254445019913,64
21184,330,331,431.71061560714566,6.745478368861651,0.8046875,0.8046875,1408,1133,273,0,53.953125,3453.0,3.0476610767872905,5.0,1133,0.03568742860841716,2283.995430938698,2249.2375919031315,34.757839035566576,0.012802352197902853,0.0005120940879161141,8.001470123689283e-06,0.14182698185225484,64
21248,331,332,437.92870836637746,6.842636068224648,0.7937584803256446,0.7937584803256446,1474,1170,318,0,55.234375,3535.0,3.0213675213675213,5.0,1170,0.03946227842889538,2525.5858194493044,2489.3292586505063,36.256560798797615,0.013677397601184652,0.000547095904047386,8.548373500740407e-06,0.14205549323617428,64
21312,332,333,430.3960893409804,6.7249388959528185,0.7815468113975577,0.7815468113975577,1474,1152,319,0,57.0625,3652.0,3.170138888888889,5.0,1152,0.038849253223482136,2486.3522063028568,2447.4365239064527,38.915682396403646,0.013330531533580945,0.0005332212613432378,8.33158220848809e-06,0.14224360397121205,64
21376,333,334,426.51009026298823,6.664220160359191,0.7964664310954064,0.7964664310954064,1415,1127,288,0,53.21875,3406.0,3.0221827861579413,5.0,1127,0.03713585195040326,2376.6945248258085,2341.6650570972383,35.02946772857094,0.012182237348495538,0.0004872894939398215,7.613898342809711e-06,0.1422288880549684,64
21440,334,335,416.33733964168846,6.505270931901382,0.7920863309352518,0.7920863309352518,1390,1101,287,0,51.046875,3267.0,2.9673024523160763,5.0,1101,0.03539851465394429,2265.5049378524345,2232.829032704641,32.675905147793536,0.011368543164632972,0.0004547417265853189,7.105339477895608e-06,0.14271682682118447,64
21504,335,336,414.24943024766173,6.472647347619715,0.8022140221402214,0.8022140221402214,1355,1087,265,0,48.703125,3117.0,2.8675252989880406,5.0,1087,0.03473376408121175,2222.960901197552,2192.4190058009417,30.541895396609238,0.011452286852053873,0.0004580914740821549,7.157679282533671e-06,0.14296442000851775,64
21568,336,337,436.307083526112,6.8172981800955,0.8236151603498543,0.8236151603498543,1372,1130,250,0,52.9375,3388.0,2.9982300884955753,5.0,1130,0.03661504992861357,2343.3631954312687,2310.4707083757203,32.89248705554899,0.011619629997137603,0.0004647851998855041,7.2622687482110015e-06,0.14330759551740202,64
21632,337,338,428.79413120623633,6.699908300097443,0.7897687456201822,0.7897687456201822,1427,1127,282,0,55.125,3528.0,3.130434782608696,5.0,1127,0.03579643835208165,2290.9720545332257,2253.582908192235,37.389146340992106,0.011177857856763227,0.0004471143142705291,6.9861611604770175e-06,0.1440796112198857,64
21696,338,339,436.4421565198083,6.819408695622005,0.7864864864864864,0.7864864864864864,1480,1164,323,0,59.5625,3812.0,3.274914089347079,5.0,1164,0.037220797394134114,2382.1310332245835,2341.1957528843245,40.935280340258544,0.011753512187601897,0.00047014048750407587,7.345945117251185e-06,0.14453418899293002,64
21760,339,340,415.1154821373941,6.486179408396783,0.7877697841726619,0.7877697841726619,1390,1095,286,0,57.234375,3663.0,3.345205479452055,5.0,1095,0.031691774737639365,2028.2735832089193,1987.015489814813,41.25809339410586,0.009720961559601114,0.00038883846238404454,6.075600974750696e-06,0.14454060450535106,64
21824,340,341,441.5296847175241,6.898901323711314,0.790224032586558,0.790224032586558,1473,1164,301,0,60.078125,3845.0,3.3032646048109964,5.0,1164,0.036489818174537524,2335.3483631704016,2291.820508870545,43.52785429985734,0.011132281219116308,0.00044529124876465227,6.957675761947692e-06,0.1442976615067319,64
21888,341,342,405.0831489711977,6.329424202674964,0.7631944444444444,0.7631944444444444,1440,1099,343,0,59.40625,3802.0,3.45950864422202,5.0,1099,0.03536679479719611,2263.474867020551,2217.302300139402,46.17256688114713,0.010361619697900372,0.00041446478791601484,6.476012311187732e-06,0.14377075724194405,64
21952,342,343,408.91695202572123,6.389327375401894,0.7741935483870968,0.7741935483870968,1426,1104,338,0,58.09375,3718.0,3.3677536231884058,5.0,1104,0.033559979958534124,2147.838717346184,2103.8211046662695,44.01761267991406,0.009794457207740024,0.000391778288309601,6.121535754837515e-06,0.14282915796128554,64
22016,343,344,389.588648796897,6.087322637451516,0.7423822714681441,0.7423822714681441,1444,1072,365,0,56.96875,3646.0,3.4011194029850746,5.0,1072,0.030834496213221933,1973.4077576462037,1927.7863753228182,45.621382323385596,0.009111225311446968,0.00036444901245787873,5.694515819654355e-06,0.14152793407029368,64
22080,344,345,395.7935122597386,6.184273629058415,0.7702799712849964,0.7702799712849964,1393,1073,335,0,56.953125,3645.0,3.397017707362535,5.0,1073,0.03330327264074789,2131.4094490078646,2088.332016111449,43.07743289641587,0.009464235630648547,0.0003785694252259419,5.915147269155342e-06,0.13997789366713326,64
22144,345,346,394.8703428254665,6.169849106647914,0.7772020725388601,0.7772020725388601,1351,1050,293,0,53.921875,3451.0,3.2866666666666666,5.0,1050,0.03147928677317799,2014.6743534833913,1974.88786055055,39.786492932840964,0.008846082681434893,0.0003538433072573957,5.528801675896808e-06,0.1387843580314382,64
22208,346,347,409.96749375116724,6.405742089861988,0.7701471618780659,0.7701471618780659,1427,1099,325,0,58.890625,3769.0,3.429481346678799,5.0,1099,0.033200382446970274,2124.8244766060975,2079.033245688947,45.79123091715052,0.008985580797680144,0.0003594232319072058,5.61598799855009e-06,0.13834928163486687,64
22272,347,348,407.1619633413621,6.3619056772087825,0.7718309859154929,0.7718309859154929,1420,1096,328,0,58.0625,3716.0,3.3905109489051095,5.0,1096,0.03575829520626698,2288.5308932010867,2245.453841088774,43.07705211231132,0.009881808915349583,0.00039527235661398336,6.17613057209349e-06,0.1379379203545283,64
22336,348,349,420.49571822965595,6.570245597338374,0.7660581473968898,0.7660581473968898,1479,1133,341,0,60.265625,3857.0,3.40423654015887,5.0,1133,0.038230251855342755,2446.7361187419365,2401.753940502087,44.9821782398487,0.01064094235128938,0.0004256376940515752,6.650588969555862e-06,0.13728758758704313,64
22400,349,350,413.19984638327907,6.456247599738735,0.7785613540197461,0.7785613540197461,1418,1104,313,0,58.03125,3714.0,3.364130434782609,5.0,1104,0.03413853477925996,2184.8662258726376,2141.30806721779,43.55815865484848,0.010075556214722642,0.00040302224858890565,6.297222634201651e-06,0.1362849415434553,64
22464,350,351,406.9908519966908,6.359232062448294,0.7940959409594096,0.7940959409594096,1355,1076,289,0,56.1875,3596.0,3.342007434944238,5.0,1076,0.03230374144580668,2067.4394525316275,2026.8277304797914,40.61172205183619,0.008929055942617722,0.00035716223770470884,5.580659964136076e-06,0.13502634591530868,64
22528,351,352,424.4265085931627,6.631664196768167,0.7857142857142857,0.7857142857142857,1428,1122,297,0,57.390625,3673.0,3.2736185383244205,5.0,1122,0.03541508716883491,2266.565578805434,2227.218762640009,39.3468161654244,0.010039517882397505,0.0004015807152959002,6.274698676498441e-06,0.1343139414735493,64
22592,352,353,385.01704420803185,6.015891315750498,0.7620790629575402,0.7620790629575402,1366,1041,320,0,55.203125,3533.0,3.393852065321806,5.0,1041,0.035456569307730945,2269.2204356947805,2226.765875020709,42.45456067407153,0.00990527897832584,0.0003962111591330336,6.19079936145365e-06,0.13356096791961714,64
22656,353,354,397.90057920664566,6.217196550103838,0.8,0.8,1315,1052,281,0,54.40625,3482.0,3.3098859315589353,5.0,1052,0.031317603861944036,2004.3266471644183,1966.1359754213245,38.1906717430948,0.008902899257119068,0.00035611597028476275,5.564312035699418e-06,0.13302652449499627,64
22720,354,355,400.7028611410492,6.260982205328894,0.7777777777777778,0.7777777777777778,1359,1057,279,0,53.40625,3418.0,3.2336802270577105,5.0,1057,0.03084355843596032,1973.9877399014604,1936.70630032026,37.2814395812002,0.008784448785925358,0.0003513779514370143,5.490280491203348e-06,0.13346402768692847,64
22784,355,356,413.9214272555273,6.467522300867614,0.8051660516605166,0.8051660516605166,1355,1091,285,0,56.296875,3603.0,3.302474793767186,5.0,1091,0.0335993624583999,2150.3591973375937,2110.7367507106114,39.62244662698237,0.009517203704216387,0.00038068814816865547,5.948252315135242e-06,0.13368174440351951,64
22848,356,357,408.46965552931874,6.382338367645605,0.7776978417266187,0.7776978417266187,1390,1081,290,0,54.703125,3501.0,3.238667900092507,5.0,1081,0.03254005332360712,2082.5634127108556,2042.7952722515656,39.76814045929023,0.009461318653418488,0.0003784527461367395,5.913324158386555e-06,0.13354987648041544,64
22912,357,358,400.97806329271793,6.265282238948718,0.7759484609878311,0.7759484609878311,1397,1084,330,0,53.28125,3410.0,3.1457564575645756,5.0,1084,0.03437573730315898,2200.0471874021746,2163.1815464607807,36.86564094139476,0.01015996715776777,0.0004063986863107108,6.349979473604857e-06,0.13373853870253116,64
22976,358,359,405.08272903191175,6.329417641123621,0.7611111111111111,0.7611111111111111,1440,1096,333,0,57.125,3656.0,3.335766423357664,5.0,1096,0.036261680486377096,2320.747551128134,2278.094956469501,42.65259465863305,0.010981960741201082,0.00043927842964804325,6.863725463250676e-06,0.1342988986281718,64
23040,359,360,413.01516289394976,6.453361920217965,0.7904624277456648,0.7904624277456648,1384,1094,289,0,54.328125,3477.0,3.1782449725776964,5.0,1094,0.036755548635389816,2352.355112664948,2314.349167921249,38.005944743700304,0.011274932009355794,0.0004509972803742317,7.046832505847371e-06,0.1354540602217969,64
23104,360,361,441.2145867385186,6.893977917789353,0.803347280334728,0.803347280334728,1434,1152,278,0,57.828125,3701.0,3.212673611111111,5.0,1152,0.03691848438274027,2362.7830004953776,2325.2826036590636,37.500396836314025,0.0112270286559916,0.000449081146239664,7.01689290999475e-06,0.13652889313219355,64
23168,361,362,429.18711461886767,6.706048665919807,0.7957894736842105,0.7957894736842105,1425,1134,300,0,55.5,3552.0,3.132275132275132,5.0,1134,0.034115692257741026,2183.4043044954255,2145.739166489013,37.665138006412164,0.010307952399907153,0.0004123180959962861,6.442470249941971e-06,0.13726308829788086,64
23232,362,363,416.3271482137508,6.505111690839856,0.7943722943722944,0.7943722943722944,1386,1101,291,0,55.109375,3527.0,3.2034514078110807,5.0,1101,0.03296819339877029,2109.9643775212985,2074.052297907802,35.91207961349604,0.010222814180840555,0.00040891256723362215,6.389258863025346e-06,0.1376227978642317,64
23296,363,364,429.22757011274166,6.706680783011588,0.8073859522085446,0.8073859522085446,1381,1115,257,0,55.421875,3547.0,3.181165919282511,5.0,1115,0.03185882644977434,2038.964892785558,2001.6056938759164,37.35919890964145,0.01026259990988378,0.0004105039963953512,6.414124943677363e-06,0.13759586771401086,64
23360,364,365,443.2999710187772,6.926562047168394,0.8027586206896552,0.8027586206896552,1450,1164,288,0,57.8125,3700.0,3.178694158075601,5.0,1164,0.03687158044601719,2359.7811485451,2321.3201969707093,38.460951574390165,0.012143453094813326,0.000485738123792533,7.589658184258328e-06,0.13734521401064592,64
23424,365,366,374.0590925945755,5.844673321790242,0.7561338289962826,0.7561338289962826,1345,1017,316,0,51.421875,3291.0,3.2359882005899707,5.0,1017,0.02965382681764288,1897.8449163291443,1858.4474469506326,39.397469378511126,0.010269956960986157,0.0004107982784394463,6.418723100616348e-06,0.13674906100292356,64
23488,366,367,389.9124719441488,6.092382374127325,0.7703488372093024,0.7703488372093024,1376,1060,329,0,54.703125,3501.0,3.3028301886792453,5.0,1060,0.03352146863877161,2145.373992881383,2105.1589294580003,40.21506342338138,0.01102661260313693,0.00044106450412547717,6.891632876960581e-06,0.13722540096385596,64
23552,367,368,406.3823935757623,6.349724899621286,0.7852494577006508,0.7852494577006508,1383,1086,301,0,54.703125,3501.0,3.223756906077348,5.0,1086,0.033449937406535644,2140.7959940182814,2102.567699789608,38.228294228674656,0.011530415358106621,0.0004612166143242649,7.206509598816639e-06,0.1383509352917894,64
23616,368,369,425.4663866756215,6.647912291806586,0.7872044506258693,0.7872044506258693,1438,1132,300,0,55.578125,3557.0,3.142226148409894,5.0,1132,0.03723074129508844,2382.76744288566,2344.21141213044,38.55603075522057,0.012955751660302411,0.0005182300664120965,8.097344787689007e-06,0.1391785978682445,64
23680,369,370,408.1396463410583,6.377181974079036,0.7746077032810271,0.7746077032810271,1402,1086,295,0,54.734375,3503.0,3.2255985267034992,5.0,1086,0.033690569644045286,2156.196457218898,2117.4743851975622,38.72207202133513,0.011205512186234692,0.0004482204874493877,7.003445116396683e-06,0.14008485566449963,64
23744,370,371,416.0417780384146,6.500652781850228,0.7921146953405018,0.7921146953405018,1395,1105,298,0,56.78125,3634.0,3.2886877828054297,5.0,1105,0.03356282042692514,2148.020507323209,2109.0406211332697,38.97988618993878,0.011901160617863154,0.0004760464247145261,7.438225386164471e-06,0.14133051127878193,64
23808,371,372,414.8692389464038,6.4823318585375596,0.7935251798561151,0.7935251798561151,1390,1103,294,0,57.390625,3673.0,3.3300090661831367,5.0,1103,0.03250806333083874,2080.5160531736797,2038.9647397526112,41.55131342106815,0.011767670919755063,0.00047070683679020255,7.354794324846915e-06,0.1422156129202015,64
23872,372,373,411.8114325753226,6.434553633989416,0.7692837465564738,0.7692837465564738,1452,1117,337,0,58.515625,3745.0,3.3527305282005373,5.0,1117,0.03535431165766985,2262.67594609087,2219.568344333622,43.10760175724789,0.012665053970139735,0.0005066021588055894,7.915658731337335e-06,0.14307256781360878,64
23936,373,374,405.15900102178495,6.33060939096539,0.7669225401256106,0.7669225401256106,1433,1099,336,0,57.765625,3697.0,3.3639672429481347,5.0,1099,0.03188241671260708,2040.474669606853,1998.9607459636138,41.51392364323936,0.01137638169696132,0.00045505526787845276,7.1102385606008244e-06,0.14432289884391175,64
24000,374,375,404.71322988665526,6.323644216978988,0.7676203768318214,0.7676203768318214,1433,1100,341,0,57.15625,3658.0,3.3254545454545457,5.0,1100,0.03152512701792849,2017.6081291474234,1974.9350033318067,42.67312581561709,0.011260692185826506,0.0004504276874330602,7.037932616141566e-06,0.1453387059314652,64
24064,375,376,426.0639236606146,6.657248807197103,0.769591426657736,0.769591426657736,1493,1149,340,0,62.765625,4017.0,3.496083550913838,5.599999999999909,1149,0.03521122419914769,2253.5183487454524,2206.285385600714,47.23296314473838,0.01234000526773003,0.0004936002107092012,7.71250329233127e-06,0.14602598827079494,64
24128,376,377,395.76640592407813,6.183850092563721,0.7567375886524823,0.7567375886524823,1410,1067,315,0,57.21875,3662.0,3.4320524835988753,5.0,1067,0.03086479666324625,1975.34698644776,1932.5643442699406,42.782642177819426,0.011137455078030468,0.00044549820312121875,6.960909423769043e-06,0.14638427173886473,64
24192,377,378,388.47093506823546,6.069858360441179,0.7724288840262582,0.7724288840262582,1371,1059,333,0,54.296875,3475.0,3.2813975448536357,5.0,1059,0.031164607551672066,1994.5348833070123,1955.321215440522,39.21366786648925,0.010848688454234381,0.00043394753816937523,6.780430283896488e-06,0.14690364647964216,64
24256,378,379,398.0287861566725,6.2191997836980075,0.7875647668393783,0.7875647668393783,1351,1064,297,0,55.265625,3537.0,3.324248120300752,5.0,1064,0.032318977031751864,2068.4145300321193,2027.3489282951662,41.06560173695292,0.01187438047510712,0.0004749752190042848,7.42148779694195e-06,0.14768626758032316,64
24320,379,380,403.4822944760002,6.304410851187503,0.7666666666666667,0.7666666666666667,1410,1081,309,0,56.71875,3630.0,3.3580018501387605,5.0,1081,0.03254066975662943,2082.6028644242833,2039.386905531573,43.21595889271118,0.011352980197805014,0.00045411920791220054,7.095612623628133e-06,0.14808414434777295,64
24384,380,381,413.49154589348035,6.4608054045856305,0.802045288531775,0.802045288531775,1369,1098,292,0,57.78125,3698.0,3.3679417122040074,5.0,1098,0.031786442781707926,2034.3323380293073,1993.398284743866,40.9340532854413,0.011494805657312732,0.0004597922262925093,7.184253535820458e-06,0.14809995964703215,64
24448,381,382,370.602760450334,5.790668132036469,0.7372577171572147,0.7372577171572147,1393,1027,353,0,54.65625,3498.0,3.40603700097371,5.0,1027,0.03147951344266927,2014.6888603308332,1972.5362547583634,42.15260557246919,0.011415847037018608,0.00045663388148074437,7.134904398136631e-06,0.14778527626822885,64
24512,382,383,387.54165202179627,6.055338312840567,0.7551454932576295,0.7551454932576295,1409,1064,345,0,54.53125,3490.0,3.280075187969925,5.0,1064,0.03258938756087701,2085.7208038961285,2044.2544395744058,41.46636432172229,0.011813032470639225,0.000472521298825569,7.3831452941495156e-06,0.1471602028455534,64
24576,383,384,416.913641955679,6.514275655557484,0.7720136518771331,0.7720136518771331,1465,1131,342,0,59.8125,3828.0,3.3846153846153846,5.0,1131,0.03664800759275988,2345.4724859366324,2301.8093132934405,43.663172643191444,0.012820115294025677,0.0005128046117610271,8.012572058766048e-06,0.1467270567464013,64
24640,384,385,410.56756081302603,6.415118137703532,0.7795053003533569,0.7795053003533569,1415,1103,314,0,57.984375,3711.0,3.3644605621033543,5.0,1103,0.03369708321590272,2156.6133258177742,2113.1706699065335,43.442655911241346,0.012019398012156452,0.0004807759204862581,7.512123757597783e-06,0.14666335923997365,64
24704,385,386,384.1566488301254,6.002447637970709,0.7677655677655678,0.7677655677655678,1365,1048,334,0,53.8125,3444.0,3.286259541984733,5.0,1048,0.03081901817571566,1972.4171632458024,1934.1594884152632,38.25767483053868,0.010859253391763043,0.00043437013567052175,6.787033369851902e-06,0.14624679227921575,64
24768,386,387,361.00166364677114,5.640650994480799,0.7280638143582306,0.7280638143582306,1379,1004,348,0,51.921875,3323.0,3.3097609561752988,5.0,1004,0.031049790651062687,1987.186601668012,1945.9597911613096,41.22681050670162,0.011206526821304227,0.0004482610728521691,7.004079263315142e-06,0.14704950320125268,64
24832,387,388,394.75683355810264,6.168075524345354,0.7744742567077593,0.7744742567077593,1379,1068,318,0,54.671875,3499.0,3.2762172284644193,5.0,1068,0.03223009818859664,2062.7262840701846,2021.1193240059413,41.60696006424341,0.012005302451439234,0.0004802120980575693,7.503314032149521e-06,0.14802726905018665,64
24896,388,389,423.7499988286981,6.621093731698408,0.7721433400946586,0.7721433400946586,1479,1142,330,0,59.90625,3834.0,3.3572679509632226,5.0,1142,0.036390901082402546,2329.0176692737627,2286.1819309572465,42.835738316516746,0.01394733168303162,0.0005578932673212648,8.717082301894762e-06,0.14882022875911116,64
24960,389,390,399.31083596226637,6.239231811910412,0.7757009345794392,0.7757009345794392,1391,1079,323,0,55.921875,3579.0,3.3169601482854496,5.0,1079,0.029800362417593648,1907.2231947259934,1866.8346610992442,40.38853362674931,0.011050492096992366,0.0004420196838796946,6.906557560620228e-06,0.1492003291503525,64
25024,390,391,433.2888527786739,6.77013832466678,0.7819905213270142,0.7819905213270142,1477,1155,312,0,60.0625,3844.0,3.328138528138528,5.0,1155,0.035090236663283286,2245.7751464501303,2200.739442158297,45.03570429183343,0.013137400781518154,0.0005254960312607262,8.210875488448847e-06,0.1491613875610724,64
25088,391,392,399.30424663134175,6.239128853614715,0.7571131158917418,0.7571131158917418,1441,1091,342,0,58.140625,3721.0,3.4106324472960585,5.0,1091,0.03324087030092304,2127.4156992590747,2082.278854136477,45.13684512259814,0.012536622441714664,0.0005014648976685866,7.835389026071665e-06,0.14933687395387996,64
25152,392,393,389.0559175530296,6.078998711766087,0.7696750902527075,0.7696750902527075,1385,1066,342,0,57.15625,3658.0,3.431519699812383,5.0,1066,0.03129574244932253,2002.9275167566423,1959.6204674591559,43.30704929748631,0.012042411924914967,0.0004816964769965987,7.526507453071854e-06,0.15000245816955401,64
25216,393,394,396.61461062377873,6.197103290996543,0.7622427253371186,0.7622427253371186,1409,1074,317,0,56.734375,3631.0,3.3808193668528865,5.0,1074,0.03306641442210542,2116.250523014747,2072.689428650798,43.5610943639487,0.013070052909483189,0.0005228021163793276,8.168783068426993e-06,0.15124120106674965,64
25280,394,395,395.9281126754621,6.186376760554095,0.7541666666666667,0.7541666666666667,1440,1086,352,0,60.46875,3870.0,3.56353591160221,5.0,1086,0.03141210402791923,2010.374657786831,1962.9831258299978,47.39153195683272,0.012005058293070347,0.00048020233172281387,7.503161433168967e-06,0.15225343924347107,64
25344,395,396,388.76471397951343,6.074448655929897,0.750524109014675,0.750524109014675,1431,1074,359,0,58.1875,3724.0,3.467411545623836,5.0,1074,0.0317715662683489,2033.3802411743297,1988.746838889184,44.63340228514593,0.01181855749384192,0.00047274229975367686,7.386598433651201e-06,0.15281350034447821,64
25408,396,397,399.97231346984813,6.249567397966377,0.7711442786069652,0.7711442786069652,1407,1085,324,0,59.15625,3786.0,3.4894009216589863,5.0,1085,0.0330548936546187,2115.513193895597,2070.558824759407,44.954369136190344,0.012693541213575675,0.000507741648543027,7.933463258484797e-06,0.15303268168773948,64
25472,397,398,402.4132634491054,6.287707241392272,0.7669699090272918,0.7669699090272918,1429,1096,339,0,57.671875,3691.0,3.3677007299270074,5.0,1096,0.03293539692012651,2107.8654028880965,2065.557755165684,42.30764772241377,0.012627573335485354,0.0005051029334194141,7.892233334678346e-06,0.15290522498223286,64
25536,398,399,399.55331774570345,6.2430205897766164,0.7807017543859649,0.7807017543859649,1368,1068,294,0,56.0625,3588.0,3.359550561797753,5.0,1068,0.030128094642185847,1928.1980570998942,1887.3331015260837,40.86495557381099,0.01143199020458828,0.0004572796081835312,7.144993877867675e-06,0.15255794743912854,64
25600,399,400,397.1947237141974,6.206167558034334,0.7677556818181818,0.7677556818181818,1408,1081,335,0,57.6875,3692.0,3.415356151711378,5.0,1081,0.03034489833888382,1942.0734936885644,1898.3797193281487,43.693774360416754,0.011329119771013894,0.00045316479084055573,7.080699856883683e-06,0.15270669339359788,64
25664,400,401,409.1706838807616,6.3932919356369,0.7620689655172413,0.7620689655172413,1450,1105,322,0,59.625,3816.0,3.453393665158371,5.0,1105,0.033649421100854095,2153.562950454662,2110.324128029391,43.2388224252719,0.012901067185412413,0.0005160426874164965,8.063166990882758e-06,0.15270130740020157,64
25728,401,402,426.7057612724018,6.667277519881278,0.7938718662952646,0.7938718662952646,1436,1140,313,0,62.765625,4017.0,3.5236842105263158,5.0,1140,0.03525004880143,2256.00312329152,2210.4441153462517,45.55900794526736,0.012598075657541308,0.0005039230263016524,7.873797285963318e-06,0.15256532634209308,64
25792,402,403,364.531405717315,5.695803214333047,0.7234794908062234,0.7234794908062234,1414,1023,375,0,55.9375,3580.0,3.4995112414467253,5.0,1023,0.030569158591551644,1956.4261498593053,1909.6121480744762,46.81400178482875,0.01064302374988999,0.0004257209499955996,6.6518898436812435e-06,0.15197188943769602,64
25856,403,404,380.89535802957226,5.951489969212067,0.7505345687811832,0.7505345687811832,1403,1053,364,0,58.609375,3751.0,3.5622032288698957,5.0,1053,0.029860437038170824,1911.0679704429328,1864.9395263688318,46.12844407410101,0.010377493477178019,0.00041509973908712076,6.485933423236262e-06,0.1509776087179046,64
25920,404,405,364.1229089188547,5.689420451857105,0.7309608540925266,0.7309608540925266,1405,1027,390,0,57.890625,3705.0,3.607594936708861,5.0,1027,0.027487323527640772,1759.1887057690094,1709.815723745028,49.37298202398184,0.009604124191024802,0.0003841649676409921,6.002577619390502e-06,0.15043860137564627,64
25984,405,406,385.4073017864341,6.021989090413033,0.7394317394317395,0.7394317394317395,1443,1067,362,0,59.875,3832.0,3.591377694470478,5.0,1067,0.031159147194530112,1994.1854204499273,1946.921322311041,47.264098138886915,0.01162195448456309,0.0004648781793825236,7.263721552851931e-06,0.1505730425089266,64
26048,406,407,385.7087904429569,6.026699850671202,0.7551601423487544,0.7551601423487544,1405,1061,350,0,60.40625,3866.0,3.64373232799246,5.0,1061,0.030245715422456635,1935.7257870372246,1887.9726369935393,47.7531500436858,0.011088561102724295,0.00044354244410897177,6.930350689202684e-06,0.15086929380050715,64
26112,407,408,375.7144290027737,5.8705379531683395,0.7448028673835125,0.7448028673835125,1395,1039,352,0,57.25,3664.0,3.5264677574590952,5.0,1039,0.03048635680903132,1951.1268357780045,1904.8534472342305,46.2733885437742,0.010960066458857422,0.00043840265835429687,6.8500415367858886e-06,0.15076208791953313,64
26176,408,409,401.48498813543085,6.273202939616107,0.748641304347826,0.748641304347826,1472,1102,359,0,61.4375,3932.0,3.5680580762250456,5.0,1102,0.03301699625127076,2113.0877600813287,2064.271619631146,48.81614045018145,0.011838183998438362,0.0004735273599375345,7.398864999023976e-06,0.15033916079959328,64
26240,409,410,358.8152364464778,5.606488069476216,0.7393225331369662,0.7393225331369662,1358,1004,356,0,53.65625,3434.0,3.4203187250996017,5.0,1004,0.03046283717888968,1949.6215794489397,1906.4531850276803,43.168394421258604,0.011739786933847422,0.00046959147735389686,7.337366833654638e-06,0.149631749096043,64
26304,410,411,386.58547589117853,6.040398060799665,0.7715328467153285,0.7715328467153285,1370,1057,337,0,57.515625,3681.0,3.4824976348155157,5.0,1057,0.030470627384528173,1950.1201526098032,1907.70021181122,42.41994079858327,0.011238294794076101,0.00044953179176304405,7.023934246297563e-06,0.1484823052577968,64
26368,411,412,395.661339523518,6.182208430054969,0.7543614794138171,0.7543614794138171,1433,1081,344,0,59.484375,3807.0,3.5217391304347827,5.0,1081,0.032779575863907354,2097.8928552900707,2050.0036580844003,47.88919720567091,0.011249906695280731,0.0004499962678112292,7.031191684550457e-06,0.1478062642875691,64
26432,412,413,401.06950048200014,6.266710945031252,0.7451112609575186,0.7451112609575186,1483,1105,369,0,60.984375,3903.0,3.532126696832579,5.0,1105,0.03090771842250244,1978.0939790401562,1931.1549631746966,46.93901586545987,0.011217662473046328,0.0004487064989218531,7.011039045653955e-06,0.1472274656834141,64
26496,413,414,381.9328149972099,5.967700234331405,0.7544867193108399,0.7544867193108399,1393,1051,350,0,59.15625,3786.0,3.6022835394862036,5.0,1051,0.02967218945269657,1899.0201249725803,1852.0727218822747,46.947403090305684,0.010396632847798624,0.00041586531391194496,6.49789552987414e-06,0.14634124706027823,64
26560,414,415,393.2578634152369,6.1446541158630765,0.7672910662824207,0.7672910662824207,1388,1065,324,0,58.84375,3766.0,3.536150234741784,5.0,1065,0.029054567435134637,1859.4923158486167,1812.2110899139154,47.2812259347012,0.010386874358732128,0.00041547497434928516,6.491796474207581e-06,0.14505203263435493,64
26624,415,416,417.2719512810429,6.519874238766295,0.774260151410874,0.774260151410874,1453,1125,330,0,61.84375,3958.0,3.518222222222222,5.0,1125,0.03270363432226158,2093.032596624741,2045.2076542114007,47.824942413339734,0.011704671356718911,0.0004681868542687565,7.31541959794932e-06,0.14482058959778515,64
26688,416,417,381.95595452240866,5.968061789412635,0.7466478475652788,0.7466478475652788,1417,1058,365,0,60.0,3840.0,3.6294896030245747,5.0,1058,0.030359573923778072,1943.0127311217966,1894.6172009000502,48.39553022174624,0.010548174954317022,0.00042192699817268083,6.592609346448138e-06,0.14507814454806223,64
26752,417,418,375.24086779806225,5.863138559344723,0.7386039886039886,0.7386039886039886,1404,1037,352,0,56.515625,3617.0,3.4879459980713596,5.0,1037,0.031882709104266806,2040.4933826730758,1995.3877970855888,45.10558558748643,0.010984602449011813,0.00043938409796047254,6.8653765306323835e-06,0.14489460882968386,64
26816,418,419,404.5312207235485,6.320800323805445,0.7795275590551181,0.7795275590551181,1397,1089,318,0,58.25,3728.0,3.4233241505968777,5.0,1089,0.0326909284846414,2092.2194230170494,2048.931643823785,43.28777919326447,0.010943395023287256,0.0004377358009314902,6.8396218895545345e-06,0.14532387122057866,64
26880,419,420,402.36004503036156,6.286875703599399,0.7384615384615385,0.7384615384615385,1495,1104,363,0,59.53125,3810.0,3.4510869565217392,5.0,1104,0.03321849658200465,2125.983781248298,2077.779980456902,48.20380079139467,0.011199385397710282,0.00044797541590841126,6.999615873568926e-06,0.14565352443693486,64
26944,420,421,391.09814640754246,6.110908537617851,0.7441860465116279,0.7441860465116279,1462,1088,382,0,60.390625,3865.0,3.552389705882353,5.0,1088,0.03405322047423505,2179.406110351043,2130.4853743405315,48.92073601051104,0.011465038815820288,0.0004586015526328115,7.16564925988768e-06,0.1459058105635884,64
27008,421,422,384.8711245776461,6.013611321525721,0.7645348837209303,0.7645348837209303,1376,1052,344,0,58.359375,3735.0,3.550380228136882,5.0,1052,0.029066441529564772,1860.2522578921455,1815.6161286610168,44.63612923112813,0.009417275548913346,0.00037669102195653383,5.885797218070841e-06,0.14663319721971327,64
27072,422,423,380.6666672260545,5.947916675407102,0.7487508922198429,0.7487508922198429,1401,1049,351,0,59.1875,3788.0,3.6110581506196375,5.0,1049,0.03270435050954318,2093.0784326107632,2046.2293230495438,46.849109561220004,0.010744563999105073,0.00042978255996420296,6.715352499440671e-06,0.1471104151995309,64
27136,423,424,379.92740077033613,5.936365637036502,0.752906976744186,0.752906976744186,1376,1036,332,0,59.046875,3779.0,3.6476833976833976,5.0,1036,0.028640478630909974,1832.9906323782384,1785.6048809766096,47.3857514016294,0.009496435412765007,0.0003798574165106003,5.93527213297813e-06,0.14729872243667108,64
27200,424,425,375.77990792766684,5.871561061369794,0.7453102453102453,0.7453102453102453,1386,1033,348,0,57.40625,3674.0,3.5566311713455954,5.0,1033,0.029915064748787166,1914.5641439223787,1868.9968106131737,45.56733330920444,0.009409286367029349,0.00037637145468117397,5.880803979393343e-06,0.14708569156253315,64
27264,425,426,393.8283957465009,6.153568683539077,0.7384510869565217,0.7384510869565217,1472,1087,373,0,57.890625,3705.0,3.408463661453542,5.0,1087,0.031841172513654196,2037.8350408738684,1991.588689845455,46.24635102841326,0.010306550244801291,0.00041226200979205165,6.441593903000807e-06,0.14656507655702095,64
27328,426,427,386.98657001034144,6.046665156411585,0.7845804988662132,0.7845804988662132,1323,1038,305,0,56.4375,3612.0,3.479768786127168,5.0,1038,0.030388330589568736,1944.853157732399,1902.7033218973233,42.149835835076416,0.009591000659777908,0.0003836400263911163,5.9943754123611925e-06,0.14578045617583413,64
27392,427,428,393.36101067232016,6.1462657917550025,0.7620416966211359,0.7620416966211359,1391,1060,319,0,56.53125,3618.0,3.413207547169811,5.0,1060,0.030317715490676023,1940.3337914032654,1896.2872752211276,44.046516182137886,0.0094996017735053,0.00037998407094021197,5.937251108440812e-06,0.1446688021223812,64
27456,428,429,408.18070281836935,6.377823481537021,0.7812723373838456,0.7812723373838456,1399,1093,315,0,58.8125,3764.0,3.4437328453796887,5.0,1093,0.031044796635554345,1986.866984675478,1942.5204008774733,44.34658379800507,0.009936001693818508,0.0003974400677527403,6.210001058636567e-06,0.1432952796077951,64
27520,429,430,393.67354447550997,6.151149132429843,0.7769571639586411,0.7769571639586411,1354,1052,301,0,54.734375,3503.0,3.329847908745247,5.0,1052,0.030400105824512,1945.606772768768,1905.412764746041,40.19400802272741,0.009249150116942743,0.0003699660046777097,5.780718823089214e-06,0.14162140359256353,64
27584,430,431,393.10795268555546,6.142311760711804,0.7798232695139912,0.7798232695139912,1358,1059,318,0,53.03125,3394.0,3.2049102927289894,5.0,1059,0.03131470786439547,2004.14130332131,1966.313670273016,37.82763304829455,0.009459247528666346,0.0003783699011466538,5.912029705416466e-06,0.14083154920427615,64
27648,431,432,413.5028509346258,6.4609820458535285,0.7701949860724234,0.7701949860724234,1436,1106,316,0,57.75,3696.0,3.3417721518987342,5.0,1106,0.032756613406433197,2096.4232580117246,2052.4309704994293,43.99228751229635,0.00990968147593227,0.00039638725903729075,6.193550922457668e-06,0.14062534248633435,64
27712,432,433,394.0073142684949,6.156364285445233,0.775887573964497,0.775887573964497,1352,1049,294,0,53.171875,3403.0,3.244041944709247,5.0,1049,0.029727623995587187,1902.56793571758,1863.090618481168,39.4773172364121,0.008903386364559741,0.0003561354545823896,5.564616477849838e-06,0.14008550338348172,64
27776,433,434,421.0487990279695,6.578887484812023,0.7929078014184398,0.7929078014184398,1410,1118,304,0,56.703125,3629.0,3.2459749552772807,5.0,1118,0.034521288471069875,2209.362462148472,2169.5055206107636,39.856941537708096,0.010379720748536136,0.00041518882994144547,6.487325467835085e-06,0.13918523292277046,64
27840,434,435,387.620572934069,6.056571452094828,0.7621818181818182,0.7621818181818182,1375,1048,322,0,53.03125,3394.0,3.2385496183206106,5.0,1048,0.031824851058797295,2036.790467763027,1998.6097621423685,38.1807056206593,0.00951615763230184,0.0003806463052920736,5.94759852018865e-06,0.13804192974730062,64
27904,435,436,392.87004290904264,6.138594420453791,0.7738876732312181,0.7738876732312181,1371,1061,319,0,53.125,3400.0,3.2045240339302543,5.0,1061,0.03392861911607976,2171.4316234291045,2133.4263924677844,38.005230961320045,0.010556658440495286,0.0004222663376198114,6.5979115253095534e-06,0.1369570409546757,64
27968,436,437,422.15666008065097,6.596197813760171,0.7899929527836504,0.7899929527836504,1419,1121,306,0,55.203125,3533.0,3.151650312221231,5.0,1121,0.036334280718788206,2325.3939660024453,2287.21696406684,38.17700193560537,0.011027684940113917,0.00044110739760455664,6.8923030875711974e-06,0.13713655325098212,64
28032,437,438,392.57662709100356,6.134009798296931,0.7750737463126843,0.7750737463126843,1356,1051,303,0,51.9375,3324.0,3.1627021883920077,5.0,1051,0.03177407752218054,2033.5409614195544,1996.8402254736056,36.70073594594911,0.009494276391967921,0.00037977105567871684,5.933922744979951e-06,0.13714613329470027,64
28096,438,439,423.420399589877,6.615943743591828,0.8075526506899056,0.8075526506899056,1377,1112,277,0,55.203125,3533.0,3.177158273381295,5.0,1112,0.03613152461236125,2312.41757519112,2275.9321955747814,36.48537961633758,0.011167458441521843,0.00044669833766087375,6.979661525951152e-06,0.1374458386584888,64
28160,439,440,412.5243672621549,6.44569323847117,0.784992784992785,0.784992784992785,1386,1088,284,0,51.953125,3325.0,3.0560661764705883,5.0,1088,0.03334182936877776,2133.8770796017766,2098.1714560635664,35.705623538210084,0.00998129831326813,0.0003992519325307252,6.238311445792581e-06,0.13793779935413153,64
28224,440,441,412.1597140709495,6.439995532358586,0.7859725234996384,0.7859725234996384,1383,1087,280,0,52.859375,3383.0,3.112235510579577,5.0,1087,0.03496957639311324,2238.052889159247,2201.31905000115,36.733839158096494,0.01074523439954207,0.0004298093759816828,6.715771499713794e-06,0.13805913220424829,64
28288,441,442,435.3174381099916,6.801834970468619,0.8112136266855926,0.8112136266855926,1409,1143,282,0,56.265625,3601.0,3.1504811898512686,5.0,1143,0.0375076247154369,2400.4879817879614,2363.568019759563,36.91996202839999,0.011748948861162971,0.00046995795444651885,7.343093038226857e-06,0.13798306612580444,64
28352,442,443,427.7532667599879,6.683644793124811,0.7944720056697377,0.7944720056697377,1411,1121,276,0,52.59375,3366.0,3.0026761819803744,5.0,1121,0.03407855800960522,2181.0277126147344,2144.89798287149,36.129729743244006,0.010887400399298891,0.00043549601597195564,6.804625249561807e-06,0.13840625064262718,64
28416,443,444,428.97495985708923,6.702733747767019,0.8115523465703971,0.8115523465703971,1385,1124,272,0,54.03125,3458.0,3.0765124555160144,5.0,1124,0.035946483094025275,2300.5749180176176,2264.6561518133135,35.91876620430362,0.011845515152436753,0.00047382060609747013,7.403446970272971e-06,0.13924542390467845,64
28480,444,445,401.2653574264091,6.269771209787642,0.782069970845481,0.782069970845481,1372,1073,295,0,50.515625,3233.0,3.0130475302889095,5.0,1073,0.03817999305069126,2443.5195552442406,2409.0846119938865,34.43494325035475,0.01227596957432333,0.0004910387829729332,7.672480983952081e-06,0.14053530521643798,64
28544,445,446,435.61877212201637,6.806543314406506,0.7851801495581238,0.7851801495581238,1471,1155,303,0,54.65625,3498.0,3.0285714285714285,5.0,1155,0.0376888081832994,2412.0837237311616,2376.6422855025526,35.44143822860911,0.013074523884493849,0.000522980955379754,8.171577427808656e-06,0.14160484846591032,64
28608,446,447,426.5034891976135,6.664117018712711,0.8149492017416545,0.8149492017416545,1378,1123,279,0,53.0625,3396.0,3.0240427426536063,5.0,1123,0.03710362674855878,2374.632111907762,2340.6410166539836,33.99109525377782,0.012416408826934438,0.0004966563530773775,7.760255516834023e-06,0.14227387854871948,64
28672,447,448,433.967442415183,6.780741287737234,0.7980501392757661,0.7980501392757661,1436,1146,286,0,53.703125,3437.0,2.99912739965096,5.0,1146,0.04020030431773361,2572.819476334951,2538.481920703835,34.33755563111646,0.014361624433086528,0.0005744649773234611,8.97601527067908e-06,0.14270491823599588,64
28736,448,449,428.02325160356185,6.687863306305654,0.805176132278936,0.805176132278936,1391,1120,264,0,53.71875,3438.0,3.069642857142857,5.0,1120,0.034172542842972047,2187.042741950211,2152.5239301371694,34.518811813041786,0.01224903577079132,0.0004899614308316528,7.655647356744575e-06,0.142769621371465,64
28800,449,450,429.42808809052826,6.709813876414504,0.7891483516483516,0.7891483516483516,1456,1149,311,0,55.421875,3547.0,3.0870322019147083,5.0,1149,0.04102035253184006,2625.302562037764,2588.983051846293,36.31951019147222,0.01471898925233899,0.0005887595700935596,9.199368282711869e-06,0.14250223630540476,64
28864,450,451,440.2780257893101,6.87934415295797,0.8053035589672016,0.8053035589672016,1433,1154,271,0,53.125,3400.0,2.946273830155979,5.0,1154,0.03796577847298313,2429.8098222709204,2396.1607397006037,33.64908257031649,0.013814638646751516,0.0005525855458700606,8.634149154219697e-06,0.14241582610429093,64
28928,451,452,432.4459522774298,6.756968004334841,0.8047921071176886,0.8047921071176886,1419,1142,283,0,53.875,3448.0,3.0192644483362523,5.0,1142,0.03791095949887766,2426.30140792817,2391.5987761371593,34.702631791009274,0.014385512406150429,0.0005754204962460171,8.990945253844018e-06,0.1431488493755496,64
28992,452,453,420.170920678572,6.565170635602687,0.7945984363894811,0.7945984363894811,1407,1118,291,0,53.34375,3414.0,3.0536672629695887,5.0,1118,0.0394674331509602,2525.9157216614526,2492.7243666589957,33.191355002455595,0.014968922310050911,0.0005987568924020365,9.35557644378182e-06,0.14441412231196157,64
29056,453,454,424.35806478879414,6.630594762324908,0.7843814789219073,0.7843814789219073,1447,1135,313,0,53.734375,3439.0,3.029955947136564,5.0,1135,0.036520845803338996,2337.3341314136956,2299.671245915613,37.66288549808329,0.013878189930472871,0.0005551275972189148,8.673868706545544e-06,0.14518766761171478,64
29120,454,455,443.1366827098828,6.924010667341919,0.7949932341001353,0.7949932341001353,1478,1175,299,0,55.875,3576.0,3.043404255319149,5.0,1175,0.03839668103616952,2457.387586314849,2420.2409511779633,37.146635136885735,0.01453188128560622,0.0005812752514242487,9.082425803503887e-06,0.14630452013835243,64
29184,455,456,426.5126601086341,6.664260314197408,0.8090452261306532,0.8090452261306532,1393,1127,278,0,53.015625,3393.0,3.010647737355812,5.0,1127,0.037443404638712464,2396.377896877598,2362.592889403741,33.78500747385755,0.01473099893265919,0.0005892399573063676,9.206874332911994e-06,0.14764716806344377,64
29248,456,457,439.3277515050754,6.864496117266803,0.8011165387299372,0.8011165387299372,1433,1148,262,0,53.84375,3446.0,3.0017421602787455,5.0,1148,0.0351359925739646,2248.7035247337344,2214.1932583264097,34.510266407325446,0.014266503210144141,0.0005706601284057657,8.916564506340089e-06,0.14857149595649424,64
29312,457,458,437.42653936693443,6.8347896776083505,0.8083916083916084,0.8083916083916084,1430,1156,286,0,54.125,3464.0,2.9965397923875434,5.0,1156,0.03634837847533419,2326.296222421388,2293.5422832877302,32.75393913365832,0.014745444288398546,0.0005898177715359419,9.215902680249092e-06,0.14951036724583253,64
29376,458,459,463.99288938847434,7.2498888966949115,0.8375350140056023,0.8375350140056023,1428,1196,238,0,54.578125,3493.0,2.92056856187291,5.0,1196,0.038794952078842156,2482.876933045898,2451.3974126969933,31.4795203489049,0.015600712764201208,0.0006240285105680483,9.750445477625755e-06,0.1509431518085232,64
29440,459,460,464.9553549263851,7.264927420724767,0.82365003417635,0.82365003417635,1463,1205,244,0,54.53125,3490.0,2.896265560165975,5.0,1205,0.04234273033464203,2709.93474141709,2678.3013569823725,31.63338443471791,0.017423497790205845,0.0006969399116082338,1.0889686118878653e-05,0.15216009629409946,64
29504,460,461,460.9738720213782,7.202716750334035,0.8274428274428275,0.8274428274428275,1443,1194,250,0,54.578125,3493.0,2.925460636515913,5.0,1194,0.036927205971642625,2363.341182185128,2330.8819614845575,32.45922070057072,0.01527281285059016,0.0006109125140236064,9.54550803161885e-06,0.15305710639055092,64
29568,461,462,451.21909640550166,7.050298381335963,0.82899366643209,0.82899366643209,1421,1178,262,0,51.6875,3308.0,2.808149405772496,5.0,1178,0.03822540393797889,2446.425852030649,2417.6563464499613,28.76950558068592,0.01569641617012718,0.0006278566468050872,9.810260106329488e-06,0.15369135891661326,64
29632,462,463,465.4724945276239,7.273007726994123,0.816408876933423,0.816408876933423,1487,1214,266,0,52.21875,3342.0,2.7528830313014825,5.0,1214,0.03994512376064156,2556.48792068106,2527.491294520254,28.996626160804492,0.01683383747617936,0.0006733534990471745,1.0521148422612101e-05,0.1548998309203521,64
29696,463,464,451.3610075265285,7.052515742602008,0.8312056737588652,0.8312056737588652,1410,1172,245,0,49.625,3176.0,2.7098976109215016,5.0,1172,0.03908804645006527,2501.6349728041773,2475.014868396048,26.620104408128505,0.01667604050877429,0.0006670416203509716,1.0422525317983931e-05,0.15590370224452027,64
29760,464,465,446.5465251791712,6.97728945592455,0.8270462633451957,0.8270462633451957,1405,1162,240,0,49.109375,3143.0,2.7048192771084336,5.0,1162,0.042082257884339065,2693.2645045977,2668.5845424552563,24.679962142442704,0.018284658030184156,0.0007313863212073663,1.1427911268865098e-05,0.15648537353428443,64
29824,465,466,468.7632518943275,7.324425810848867,0.8340192043895748,0.8340192043895748,1458,1216,246,0,50.375,3224.0,2.651315789473684,5.0,1216,0.0422342353502465,2702.991062415776,2678.723200463784,24.26786195199305,0.0185340901012089,0.0007413636040483559,1.1583806313255561e-05,0.15692611857967093,64
29888,466,467,467.49229003374927,7.304567031777332,0.8510334996436208,0.8510334996436208,1403,1194,204,0,48.9375,3132.0,2.6231155778894473,5.0,1194,0.04136796875378757,2647.5500002424046,2624.25102579544,23.298974446965243,0.0181842954941992,0.000727371819767968,1.13651846838745e-05,0.1570254468780929,64
29952,467,468,496.1893314251488,7.75295830351795,0.8425925925925926,0.8425925925925926,1512,1274,235,0,52.4375,3356.0,2.634222919937206,5.0,1274,0.04495255144679748,2876.9632925950386,2853.357489643051,23.605802951988544,0.019570714289856277,0.0007828285715942512,1.2231696431160174e-05,0.15683124545463345,64
30016,468,469,458.8321492657177,7.169252332276839,0.8397163120567376,0.8397163120567376,1410,1184,221,0,49.296875,3155.0,2.664695945945946,5.0,1184,0.04305687305577079,2755.639875569331,2730.6722108920208,24.967664677309354,0.019572885851590376,0.000782915434063615,1.2233053657243985e-05,0.15631421465706433,64
30080,469,470,464.6917907956698,7.260809231182341,0.8387997208653175,0.8387997208653175,1433,1202,228,0,50.25,3216.0,2.675540765391015,5.0,1202,0.04318566944817238,2763.882844683032,2740.2069857534952,23.675858929537014,0.019570823409952223,0.000782832936398089,1.223176463122014e-05,0.15546394834123806,64
30144,470,471,437.97489412022674,6.843357720628543,0.8346686088856519,0.8346686088856519,1373,1146,251,0,48.71875,3118.0,2.7207678883071553,5.0,1146,0.03907413029126864,2500.744338641193,2474.5108567573066,26.23348188388452,0.017675147182940946,0.0007070058873176378,1.104696698933809e-05,0.15493937997536394,64
30208,471,472,447.53131076755335,6.992676730743021,0.8222066057624736,0.8222066057624736,1423,1170,252,0,50.859375,3255.0,2.782051282051282,5.0,1170,0.03958881743287086,2533.684315703735,2506.280744149429,27.40357155430606,0.018035240615278624,0.0007214096246111449,1.127202538454914e-05,0.15525478989496144,64
30272,472,473,432.1959391703166,6.753061549536197,0.8111587982832618,0.8111587982832618,1398,1134,250,0,48.359375,3095.0,2.7292768959435625,5.0,1134,0.0391780008820308,2507.3920564499713,2480.4090590214482,26.982997428523447,0.01842152275807901,0.0007368609103231604,1.1513451723799381e-05,0.15550486998262092,64
30336,473,474,440.23406923546634,6.8786573318041615,0.8051140290255702,0.8051140290255702,1447,1165,273,0,50.765625,3249.0,2.788841201716738,5.0,1165,0.040771581951158695,2609.3812448741564,2580.2804144155243,29.100830458632636,0.01951357108685982,0.0007805428434743927,1.2195981929287386e-05,0.1561427081049801,64
30400,474,475,426.8248314557022,6.669137991495347,0.8118240807498197,0.8118240807498197,1387,1126,257,0,49.3125,3156.0,2.802841918294849,5.0,1126,0.03687116235520578,2359.75439073317,2330.388253604508,29.36613712866154,0.017732415379512954,0.0007092966151805182,1.1082759612195596e-05,0.1565047109774018,64
30464,475,476,429.288655746886,6.707635246045093,0.8243440233236151,0.8243440233236151,1372,1131,258,0,50.0625,3204.0,2.8328912466843503,5.0,1131,0.03876618947675943,2481.0361265126035,2451.841300441989,29.194826070613196,0.01828673368130906,0.0007314693472523624,1.1429208550818162e-05,0.15660897627774512,64
30528,476,477,404.028819695416,6.312950307740875,0.8035982008995503,0.8035982008995503,1334,1072,265,0,49.65625,3178.0,2.96455223880597,5.0,1072,0.031736600561983665,2031.1424359669547,1999.558803575566,31.583632391389084,0.01528766358772806,0.0006115065435091224,9.554789742330038e-06,0.15700186930431487,64
30592,477,478,397.6531229612834,6.213330046270053,0.7793904208998549,0.7793904208998549,1378,1074,295,0,51.046875,3267.0,3.041899441340782,5.0,1074,0.03408468520602638,2181.419853185688,2145.937446662693,35.48240652299494,0.016416179357138946,0.0006566471742855579,1.0260112098211842e-05,0.1578818921715705,64
30656,478,479,416.7884226802697,6.512319104379214,0.8043795620437956,0.8043795620437956,1370,1102,256,0,52.15625,3338.0,3.029038112522686,5.0,1102,0.03562427181681418,2279.9533962761075,2246.435790820045,33.517605456062554,0.01782413222197359,0.0007129652888789435,1.1140082638733493e-05,0.1590672766201979,64
30720,479,480,385.39826908642715,6.021847954475424,0.8009367681498829,0.8009367681498829,1281,1026,259,0,47.609375,3047.0,2.969785575048733,5.0,1026,0.030289201862864643,1938.5089192233372,1907.1053572014762,31.403562021861188,0.0145356938273172,0.000581427753092688,9.08480864207325e-06,0.1599206189279533,64
30784,480,481,425.9273674752537,6.655115116800839,0.7988826815642458,0.7988826815642458,1432,1144,300,0,54.984375,3519.0,3.0760489510489513,5.0,1144,0.03876487941441998,2480.9522825228787,2445.421299734854,35.530982788025504,0.01828624628069765,0.0007314498512279061,1.1428903925436033e-05,0.16044565315704773,64
30848,481,482,440.6331698997241,6.884893279683189,0.8078266946191475,0.8078266946191475,1431,1156,267,0,56.21875,3598.0,3.112456747404844,5.0,1156,0.033756092659918205,2160.389930234765,2123.6220560908805,36.76787414388448,0.016014550620258507,0.0006405820248103402,1.0009094137661566e-05,0.1606937298326846,64
30912,482,483,417.67325724202817,6.52614464440669,0.7894366197183098,0.7894366197183098,1420,1121,299,0,54.875,3512.0,3.1329170383586082,5.0,1121,0.03483911033676473,2229.7030615529425,2192.849101502324,36.853960050617246,0.016585393042107422,0.000663415721684297,1.036587065131714e-05,0.16061845389281987,64
30976,483,484,408.08988869212067,6.376404510814385,0.7903930131004366,0.7903930131004366,1374,1086,271,0,50.828125,3253.0,2.9953959484346226,5.0,1086,0.03476007266010111,2224.644650246471,2191.0254726777853,33.619177568685195,0.01600525157385474,0.0006402100629541896,1.0003282233659213e-05,0.16063284731914476,64
31040,484,485,440.44301674883883,6.881922136700607,0.8362573099415205,0.8362573099415205,1368,1144,233,0,53.921875,3451.0,3.0166083916083917,5.0,1144,0.03610069322282365,2310.4443662607137,2279.095449305742,31.348916954971525,0.016974086829355476,0.000678963473174219,1.0608804268347171e-05,0.16109536792053125,64
31104,485,486,434.33562245213955,6.78649410081468,0.8021902806297057,0.8021902806297057,1461,1172,317,0,55.515625,3553.0,3.031569965870307,5.0,1172,0.03979718716979041,2547.0199788665864,2510.5980462061793,36.421932660406796,0.01909571011844622,0.0007638284047378488,1.1934818824028888e-05,0.16132001862625756,64
31168,486,487,421.5204184876384,6.58625653886935,0.780774550484094,0.780774550484094,1446,1129,295,0,53.390625,3417.0,3.0265721877767935,5.0,1129,0.035864911440512785,2295.354332192818,2259.6040693373334,35.75026285548414,0.01661221666598708,0.0006644886666394832,1.0382635416241925e-05,0.1612347943341715,64
31232,487,488,418.0039784986328,6.531312164041138,0.7968526466380543,0.7968526466380543,1398,1114,278,0,52.796875,3379.0,3.033213644524237,5.0,1114,0.03771846350167274,2413.981664107055,2380.4882494027624,33.493414704294956,0.017900120317452146,0.0007160048126980858,1.118757519840759e-05,0.16074962204533555,64
31296,488,489,442.19758981002855,6.909337340781696,0.8137254901960784,0.8137254901960784,1428,1162,264,0,53.359375,3415.0,2.9388984509466436,5.0,1162,0.03541076954915752,2266.2892511460814,2233.1840150965677,33.10523604951329,0.016540859644827766,0.0006616343857931106,1.0338037278017353e-05,0.1599113044543236,64
31360,489,490,439.12685205454943,6.861357063352335,0.8006825938566553,0.8006825938566553,1465,1173,301,0,53.84375,3446.0,2.937766410912191,5.0,1173,0.03957776119446401,2532.9767164456966,2499.285197552662,33.691518893035166,0.017697392161420356,0.0007078956864568142,1.1060870100887722e-05,0.15936383056692566,64
31424,490,491,416.3223226090947,6.505036290767105,0.8,0.8,1385,1108,277,0,51.28125,3282.0,2.9620938628158844,5.0,1108,0.036258431298772154,2320.5396031214177,2287.9722802387764,32.567322882641704,0.01661188307112525,0.0006644753228450099,1.038242691945328e-05,0.15918002493832084,64
31488,491,492,419.3179258632203,6.551842591612817,0.8148967551622419,0.8148967551622419,1356,1105,257,0,51.390625,3289.0,2.976470588235294,5.0,1105,0.03612230829135541,2311.827730646746,2280.500116125724,31.32761452102086,0.016152905860418496,0.0006461162344167398,1.0095566162761559e-05,0.15851626439039515,64
31552,492,493,436.6740618287813,6.823032216074708,0.797799174690509,0.797799174690509,1454,1160,287,0,55.09375,3526.0,3.0396551724137932,5.0,1160,0.03864981948571484,2473.5884470857495,2439.660385132327,33.92806195342237,0.017848303514661962,0.0007139321405864785,1.1155189696663726e-05,0.1578890659659766,64
31616,493,494,432.079604523307,6.751243820676672,0.7980636237897649,0.7980636237897649,1446,1154,298,0,54.8125,3508.0,3.0398613518197575,5.0,1154,0.037696793211824585,2412.5947655567734,2378.6923465437553,33.90241901301797,0.016986346275012762,0.0006794538510005105,1.0616466421882977e-05,0.15762123025728836,64
31680,494,495,394.0918496769524,6.157685151202381,0.7800738007380074,0.7800738007380074,1355,1057,287,0,51.40625,3290.0,3.1125827814569536,5.0,1057,0.031647510067115164,2025.4406442953705,1990.4419893812378,34.99865491413345,0.013948057799552624,0.000557922311982105,8.71753612472039e-06,0.15680820214488922,64
31744,495,496,403.5837174914983,6.305995585804661,0.7841315225160829,0.7841315225160829,1399,1097,317,0,53.375,3416.0,3.1139471285323608,5.0,1097,0.03755071213354901,2403.245576547137,2367.116323056061,36.12925349107775,0.0164915202921756,0.000659660811687024,1.030720018260975e-05,0.1558533672126955,64
31808,496,497,425.5799445772452,6.6496866340194565,0.8008504606661941,0.8008504606661941,1411,1130,285,0,52.65625,3370.0,2.982300884955752,5.0,1130,0.03605507455258234,2307.5247713652698,2274.2491278322514,33.27564353301817,0.015018555292426256,0.0006007422116970502,9.38659705776641e-06,0.15548405013765654,64
31872,497,498,413.6082372797364,6.462628707495881,0.7895490336435218,0.7895490336435218,1397,1103,293,0,53.828125,3445.0,3.1233000906618313,5.0,1103,0.03137242493985334,2007.8351961506137,1970.18505061851,37.65014553210332,0.013258431936131944,0.0005303372774452778,8.286519960082465e-06,0.1548848080950747,64
31936,498,499,432.7443887972237,6.76163107495662,0.7806364251861883,0.7806364251861883,1477,1153,304,0,57.4375,3676.0,3.1882046834345186,5.0,1153,0.03518029815423376,2251.5390818709607,2210.7961993450003,40.74288252596064,0.014284872988507577,0.0005713949195403031,8.928045617817236e-06,0.15392555224479856,64
32000,499,500,450.4464625806123,7.0382259778220675,0.817047817047817,0.817047817047817,1443,1179,267,0,55.171875,3531.0,2.994910941475827,5.0,1179,0.036115558528777666,2311.395745841771,2276.346531075892,35.049214765879945,0.015426194679679902,0.0006170477871871961,9.641371674799939e-06,0.15292014026553505,64
