train_slots,rollout_index,updates,train_return,train_mean_slot_Rsys,train_cr,train_arrived,train_done,train_timeout,train_rejected,train_avg_delay_s,train_p95_delay_s,train_delay_samples,train_total_energy_j,train_energy_comp_j,train_energy_trans_j,train_avg_energy_j_per_slot,train_cum_hl_mean_satellite,train_cum_hl_system,train_avg_hl_per_sat_slot,train_avg_dod,train_n_slots
64,0,1,-105.97050496553055,-1.6557891400864149,0.7436464088397791,905,673,178,0,3.6448736998514115,6.0,673,4318.913538531626,4293.86915011759,25.044388414035076,67.48302403955665,0.002455832601791206,0.06139581504478015,3.8372384402987595e-05,0.3602091637438276,64
128,1,2,-160.78729442727843,-2.5123014754262254,0.7833511205976521,937,734,211,0,3.619891008174387,6.0,734,5554.425607370789,5528.038351787308,26.38725558348184,86.78790011516858,0.0031096915273055806,0.07774228818263952,4.85889301141497e-05,0.35764045135324013,64
192,2,3,-163.8415731454636,-2.5600245803978687,0.8072009291521487,861,695,162,0,3.720863309352518,6.0,695,5457.476882537888,5433.559994720384,23.91688781750393,85.2730762896545,0.0031063010190563243,0.07765752547640811,4.853595342275507e-05,0.35592352252761406,64
256,3,4,-175.3954109153391,-2.7405532955521736,0.7904451682953312,921,728,188,0,3.7252747252747254,6.0,728,5415.497071268069,5388.989371303038,26.50769996503254,84.61714173856357,0.003268495122576803,0.08171237806442008,5.107023629026255e-05,0.3537941819280145,64
320,4,5,-141.03409217159967,-2.203657690181245,0.7878787878787878,891,702,189,0,3.6695156695156697,6.0,702,4989.2063521266455,4963.2394581839735,25.96689394267153,77.95634925197884,0.0028622458101089003,0.07155614525272251,4.472259078295157e-05,0.35173886498113216,64
384,5,6,-165.69108804508602,-2.588923250704469,0.8122866894197952,879,714,174,0,3.6176470588235294,6.0,714,5649.986083526904,5626.692213051485,23.293870475416607,88.28103255510787,0.003154730095695339,0.07886825239238347,4.929265774523967e-05,0.34966655965614235,64
448,6,7,-202.22106668265207,-3.1597041669164385,0.813953488372093,946,770,175,0,3.6155844155844155,6.0,770,6233.54615442836,6208.894754219417,24.651400208941194,97.39915866294312,0.0036528982325544496,0.09132245581386124,5.7076534883663274e-05,0.34982056224943026,64
512,7,8,-135.36499442663967,-2.115078037916245,0.7955082742316785,846,673,177,0,3.5898959881129273,6.0,673,4367.49226901743,4343.128346910717,24.363922106712604,68.24206670339734,0.0027501049001276436,0.06875262250319109,4.297038906449443e-05,0.3495867436086837,64
576,8,9,-211.8219269829962,-3.3097176091093155,0.7924944812362031,906,718,190,0,3.6880222841225625,6.0,718,5980.841332290768,5954.4193769062285,26.421955384541672,93.45064581704325,0.003605771993143749,0.09014429982859372,5.6340187392871077e-05,0.3517986561341807,64
640,9,10,-199.50790301467273,-3.1173109846042615,0.7807017543859649,912,712,199,0,3.7191011235955056,6.0,712,6241.675663629426,6215.414991838646,26.260671790779234,97.52618224420978,0.0034571003302492458,0.08642750825623115,5.4017192660144465e-05,0.3552963391487802,64
704,10,11,-122.65578954100975,-1.9164967115782774,0.7687224669603524,908,698,197,0,3.840974212034384,6.0,698,4750.260251656629,4722.609571834675,27.6506798219525,74.22281643213483,0.0026588153221583943,0.06647038305395986,4.154398940872491e-05,0.3593050378909042,64
768,11,12,-215.17238623516533,-3.3620685349244583,0.7866666666666666,900,708,194,0,3.7401129943502824,6.0,708,5637.780636541303,5611.408202733513,26.372433807789953,88.09032244595785,0.0036109814342134396,0.09027453585533599,5.6421584909584994e-05,0.3633983979829869,64
832,12,13,-212.28896590895056,-3.3170150923273525,0.7637540453074434,927,708,226,0,3.805084745762712,6.0,708,5305.8773037962765,5278.637602342409,27.23970145386734,82.90433287181682,0.003542266281871253,0.08855665704678133,5.534791065423833e-05,0.36679620025581927,64
896,13,14,-276.39224758940566,-4.318628868584463,0.7805383022774327,966,754,211,0,3.7944297082228116,6.0,754,6466.336405326502,6437.248206726231,29.088198600271916,101.0365063332266,0.004314213375353258,0.10785533438383145,6.740958398989466e-05,0.3714074082103341,64
960,14,15,-261.02634178256585,-4.078536590352591,0.7736051502145923,932,721,216,0,3.8044382801664356,6.0,721,5542.604834128621,5514.739108750412,27.865725378208438,86.60320053325971,0.004072577218641694,0.10181443046604235,6.363401904127647e-05,0.3770046509808583,64
1024,15,16,-270.0037121407395,-4.218808002199054,0.7925925925925926,945,749,188,0,3.9145527369826434,6.0,749,5878.0028908797885,5849.480970437755,28.521920442032197,91.8437951699967,0.004262071293480528,0.1065517823370132,6.659486396063325e-05,0.382385392980331,64
1088,16,17,-335.9732983470136,-5.249582786672088,0.7673469387755102,980,752,208,0,3.845744680851064,6.0,752,6441.770627166603,6411.487909415995,30.282717750602067,100.65266604947817,0.00490609895041287,0.12265247376032175,7.66577961002011e-05,0.3880417807633476,64
1152,17,18,-350.3016409308616,-5.473463139544712,0.8034934497816594,916,736,202,0,3.671195652173913,6.0,736,5928.6500655712925,5902.617996638152,26.03206893314278,92.63515727455145,0.005016730571191501,0.12541826427978753,7.83864151748672e-05,0.39315024483174327,64
1216,18,19,-343.31498401448914,-5.364296625226393,0.7947598253275109,916,728,195,0,3.6868131868131866,6.0,728,5198.752405688374,5173.1920368959345,25.560368792441473,81.23050633888084,0.0049359524522401155,0.12339881130600289,7.71242570662518e-05,0.3969726289619071,64
1280,19,20,-384.49754258158197,-6.007774102837218,0.8050660792951542,908,731,168,0,3.8522571819425444,6.0,731,6028.9244336294405,6000.843595003149,28.080838626291765,94.20194427546001,0.005389203181618311,0.13473007954045776,8.420629971278611e-05,0.40047482160275316,64
1344,20,21,-228.84395871861494,-3.5756868549783585,0.7800429184549357,932,727,208,0,3.7592847317744154,6.0,727,5253.16766912249,5225.991208727958,27.176460394528938,82.08074483003891,0.003774760155520637,0.09436900388801593,5.898062743000995e-05,0.40455404637261705,64
1408,21,22,-406.112897909971,-6.345514029843297,0.7692307692307693,975,750,221,0,3.86,6.0,750,6218.02090190693,6188.795266795463,29.22563511146467,97.15657659229578,0.005584851579245917,0.13962128948114794,8.726330592571745e-05,0.4081716589263338,64
1472,22,23,-318.8804322297459,-4.98250675358978,0.7725788900979326,919,710,204,0,3.788732394366197,6.0,710,4707.128830374159,4678.760928563731,28.367901810429505,73.54888797459624,0.004636711586263545,0.11591778965658861,7.244861853536788e-05,0.41067266271183056,64
1536,23,24,-273.0900133681238,-4.267031458876934,0.7744360902255639,931,721,200,0,3.9472954230235784,6.0,721,4850.332459838856,4820.6603235685925,29.67213627026413,75.78644468498213,0.0042109646150713465,0.10527411537678366,6.579632211048979e-05,0.4127309018420668,64
1600,24,25,-368.11676016231434,-5.7518243775361615,0.780982905982906,936,731,219,0,3.926128590971272,6.0,731,5175.11862439323,5145.916908220619,29.201716172611274,80.86122850614422,0.005162205990492462,0.12905514976231156,8.065946860144472e-05,0.414331968842603,64
1664,25,26,-382.53680747186036,-5.977137616747818,0.7833152762730228,923,723,197,0,3.8423236514522823,6.0,723,4983.381880160763,4956.053700465881,27.32817969488276,77.86534187751192,0.005314218771685272,0.1328554692921318,8.303466830758237e-05,0.4149063178130335,64
1728,26,27,-366.5100993293876,-5.726720302021681,0.7581151832460733,955,724,217,0,3.8549723756906076,6.0,724,5279.517083690691,5250.131509615618,29.385574075070565,82.49245443266705,0.005130582248019338,0.12826455620048346,8.016534762530216e-05,0.4176256219077855,64
1792,27,28,-410.4050329850953,-6.412578640392114,0.8,915,732,199,0,3.912568306010929,6.0,732,5446.090627616771,5418.072861999865,28.01776561690179,85.09516605651204,0.005610712735721521,0.14026781839303804,8.766738649564877e-05,0.42140707724997617,64
1856,28,29,-396.2814417054561,-6.191897526647751,0.7866242038216561,942,741,202,0,3.8110661268556005,6.0,741,5214.884440162275,5186.753528322337,28.13091183993783,81.48256937753554,0.005487978576644904,0.1371994644161226,8.574966526007662e-05,0.4243914748115355,64
1920,29,30,-409.229882367339,-6.3942169119896715,0.7618002195389681,911,694,221,0,3.8054755043227666,6.0,694,5254.198779833904,5227.152472692564,27.04630714134045,82.09685593490475,0.005482521770305778,0.13706304425764446,8.566440266102778e-05,0.4266798401977512,64
1984,30,31,-407.4647190071074,-6.366636234486053,0.7821229050279329,895,700,186,0,3.665714285714286,6.0,700,4923.207035665221,4898.396143732997,24.810891932223825,76.92510993226908,0.005522125389969368,0.1380531347492342,8.628320921827137e-05,0.4282349590783008,64
2048,31,32,-395.96235467564014,-6.186911791806877,0.7801724137931034,928,724,209,0,3.708563535911602,6.0,724,5194.860830762255,5168.5727904322985,26.28804032995892,81.16970048066024,0.005436871624828172,0.1359217906207043,8.495111913794019e-05,0.4300555517990938,64
2112,32,33,-380.83097471866694,-5.950483979979171,0.782051282051282,936,732,207,0,3.860655737704918,6.0,732,5575.794842408736,5546.959768658475,28.835073750261486,87.1217944126365,0.005304059435363195,0.13260148588407988,8.287592867754992e-05,0.4320477607125802,64
2176,33,34,-253.53871734330488,-3.9615424584891388,0.7375415282392026,903,666,227,0,3.7672672672672673,6.0,666,4671.789435307483,4645.553662113568,26.235773193914074,72.99670992667942,0.0038510787942442268,0.09627696985610568,6.0173106160066043e-05,0.4336406482515428,64
2240,34,35,-403.87518248205237,-6.310549726282068,0.774054054054054,925,716,196,0,3.833798882681564,6.0,716,5815.200007750361,5787.5369741641125,27.663033586249956,90.86250012109939,0.005510137022322181,0.1377534255580545,8.609589097378407e-05,0.4349656740392447,64
2304,35,36,-433.15456830544383,-6.76804012977256,0.7903743315508022,935,739,221,0,3.8633288227334237,6.0,739,5339.241057245223,5311.755128091743,27.485929153480598,83.4256415194566,0.005829380098847789,0.1457345024711947,9.10840640444967e-05,0.43523785351733735,64
2368,36,37,-511.8852366576707,-7.998206822776105,0.7442094662638469,993,739,247,0,3.7415426251691475,6.0,739,5985.776443496818,5956.9012447062405,28.875198790574373,93.52775692963777,0.006583329089315561,0.164583227232889,0.00010286451702055564,0.4366783987319833,64
2432,37,38,-361.6816273905297,-5.651275427977026,0.787746170678337,914,720,208,0,3.970833333333333,6.0,720,5233.0618528019495,5204.848609253382,28.2132435485658,81.76659145003046,0.0050837651214877865,0.12709412803719466,7.943383002324666e-05,0.43798240972659747,64
2496,38,39,-441.4685079668343,-6.897945436981786,0.7749712973593571,871,675,191,0,3.668148148148148,6.0,675,5169.786652855827,5143.490723488807,26.29592936701744,80.7779164508723,0.005791308179008563,0.14478270447521407,9.04891902970088e-05,0.43862346696048893,64
2560,39,40,-461.96218306361027,-7.2181591103689104,0.782791185729276,953,746,193,0,3.695710455764075,6.0,746,5845.203270379562,5818.276582755428,26.926687624138626,91.33130109968066,0.006166427960257061,0.1541606990064265,9.635043687901658e-05,0.43909606704277326,64
2624,40,41,-551.6867314802239,-8.620105179378498,0.8031914893617021,940,755,186,0,3.667549668874172,6.0,755,6418.390213941624,6392.574421890911,25.815792050713505,100.28734709283788,0.007091981690700527,0.17729954226751318,0.00011081221391719573,0.4395780086752792,64
2688,41,42,-456.08594222691545,-7.126342847295554,0.8035714285714286,896,720,179,0,3.6791666666666667,6.0,720,5192.8625356267075,5167.621295002018,25.241240624689862,81.1384771191673,0.006063840967697337,0.15159602419243343,9.47475151202709e-05,0.43960028355830055,64
2752,42,43,-303.34036883223536,-4.739693263003677,0.7783842794759825,916,713,203,0,3.7251051893408134,6.0,713,4498.8046111224685,4472.14899997948,26.655611142990487,70.29382204878857,0.004490229532253485,0.11225573830633713,7.015983644146071e-05,0.4386578531344579,64
2816,43,44,-289.28416710022367,-4.520065110940995,0.7817982456140351,912,713,204,0,3.7938288920056102,6.0,713,4514.756208942614,4488.148330250358,26.60787869225327,70.54306576472834,0.004348383591195203,0.10870958977988007,6.794349361242505e-05,0.437626054895073,64
2880,44,45,-471.4560099312062,-7.366500155175097,0.7793667007150153,979,763,222,0,3.7326343381389253,6.0,763,5978.447761162915,5951.488513888503,26.9592472744119,93.41324626817055,0.006267688794064734,0.15669221985161835,9.793263740726146e-05,0.43672842545485446,64
2944,45,46,-467.96722195762504,-7.311987843087891,0.7832618025751072,932,730,198,0,3.76027397260274,6.0,730,5912.0307982584645,5885.235406974252,26.795391284209117,92.37548122278851,0.006183613891326464,0.1545903472831616,9.6618967051976e-05,0.4355127902715248,64
3008,46,47,-480.7939642848107,-7.512405691950168,0.8329694323144105,916,763,160,0,3.512450851900393,6.0,763,6092.628009273073,6068.922314429769,23.7056948433031,95.19731264489177,0.006435776019516143,0.16089440048790357,0.00010055900030493973,0.4349174174543762,64
3072,47,48,-435.9281007241908,-6.8113765738154814,0.7963752665245203,938,747,173,0,3.5903614457831323,6.0,747,5645.801124290848,5621.6814604850815,24.119663805764574,88.2156425670445,0.005931385479896759,0.14828463699741895,9.267789812338685e-05,0.43504178832760904,64
3136,48,49,-619.9242463359544,-9.686316348999288,0.8119747899159664,952,773,185,0,3.5329883570504528,6.0,773,6668.528608073791,6643.433554580756,25.095053493035085,104.19575950115298,0.007820950784337989,0.19552376960844972,0.00012220235600528107,0.43516881661969364,64
3200,49,50,-330.21839988120416,-5.159662498143815,0.798216276477146,897,716,191,0,3.6620111731843576,6.0,716,4592.858262567899,4569.072918000999,23.78534456689871,71.76341035262342,0.00477937840131603,0.11948446003290075,7.467778752056297e-05,0.43475442938283887,64
3264,50,51,-505.6460231751381,-7.900719112111533,0.7722457627118644,944,729,192,0,3.567901234567901,6.0,729,5829.411003022884,5805.387831630176,24.023171392708857,91.08454692223256,0.006561996434395633,0.16404991085989082,0.00010253119428743176,0.43309961654414597,64
3328,51,52,-630.4306201007923,-9.85047843907488,0.7867965367965368,924,727,203,0,3.5281980742778543,6.0,727,6403.505459517551,6380.000999235926,23.504460281626454,100.05477280496173,0.0077909255901835745,0.19477313975458938,0.00012173321234661835,0.4328329507338222,64
3392,52,53,-425.00696235685155,-6.640733786825805,0.7864806866952789,932,733,206,0,3.7148703956343794,6.0,733,5078.293385970848,5052.146033398006,26.147352572839303,79.3483341557945,0.005749912472348517,0.14374781180871293,8.984238238044558e-05,0.43178931341287896,64
3456,53,54,-474.52596135027716,-7.414468146098081,0.7841726618705036,973,763,200,0,3.747051114023591,6.0,763,5693.462025116774,5666.777431343769,26.684593773006384,88.9603441424496,0.006322219371780646,0.15805548429451616,9.878467768407259e-05,0.42976592046367346,64
3520,54,55,-493.1893848971206,-7.706084139017509,0.7871396895787139,902,710,196,0,3.6577464788732392,6.0,710,5705.138858836686,5679.7782410114305,25.36061782525844,89.14279466932322,0.006387331916174893,0.15968329790437233,9.980206119023271e-05,0.4276647171313006,64
3584,55,56,-458.7841820515597,-7.16850284455562,0.7544596012591815,953,719,236,0,3.655076495132128,6.0,719,6236.585742918643,6210.471322056612,26.11442086203097,97.44665223310379,0.006015407378280814,0.15038518445702034,9.399074028563772e-05,0.42509666983458794,64
3648,56,57,-500.5457854166845,-7.8210278971356955,0.7797131147540983,976,761,224,0,3.647831800262812,6.0,761,6014.647286495305,5986.836854348884,27.810432146420748,93.97886385148914,0.006548890251031763,0.16372225627579406,0.0001023264101723713,0.42371295395313957,64
3712,57,58,-407.7981777715472,-6.371846527680425,0.7843986998916577,923,724,200,0,3.6671270718232045,6.0,724,5521.035254815527,5495.296228820036,25.739025995491254,86.26617585649261,0.005565193308136057,0.13912983270340143,8.695614543962589e-05,0.4225461941068732,64
3776,58,59,-362.79708380217176,-5.668704434408934,0.7878440366972477,872,687,175,0,3.614264919941776,6.0,687,4963.990070943713,4940.155993332791,23.834077610923263,77.56234485849552,0.005056863929181441,0.12642159822953603,7.901349889346002e-05,0.42060021689863614,64
3840,59,60,-419.83334136751915,-6.559895958867487,0.7914438502673797,935,740,201,0,3.764864864864865,6.0,740,5476.102735731703,5450.025674166044,26.077061565657953,85.56410524580787,0.005720001575924272,0.14300003939810682,8.937502462381676e-05,0.4197769677405292,64
3904,60,61,-465.89292192887865,-7.279576905138729,0.8027426160337553,948,761,194,0,3.7148488830486204,6.0,761,6030.797773937683,6004.382977255695,26.414796681989934,94.2312152177763,0.006241196241730537,0.15602990604326342,9.751869127703964e-05,0.4188158293337737,64
3968,61,62,-433.3279978718143,-6.770749966747099,0.7766666666666666,900,699,195,0,3.6824034334763946,6.0,699,5411.623379218103,5385.882185514663,25.741193703439233,84.55661530028286,0.00576566737869641,0.14414168446741024,9.00885527921314e-05,0.4180761175877453,64
4032,62,63,-328.3342614470152,-5.130222835109612,0.7922077922077922,924,732,189,0,3.7008196721311477,6.0,732,4767.807798953482,4742.319859752684,25.487939200798213,74.49699685864816,0.004801660566756201,0.12004151416890503,7.502594635556564e-05,0.41684731172491096,64
4096,63,64,-338.1693541127444,-5.283896158011631,0.7730263157894737,912,705,207,0,3.767375886524823,6.0,705,4936.231167343111,4909.430558878903,26.800608464209926,77.12861198973611,0.004812861192965874,0.12032152982414684,7.520095614009178e-05,0.416570939576307,64
4160,64,65,-296.60342640049583,-4.634428537507747,0.7866666666666666,900,708,193,0,3.75,6.0,708,5031.662030498669,5005.494092019254,26.167938479414527,78.6197192265417,0.004422085875718245,0.11055214689295613,6.909509180809758e-05,0.41579613724520975,64
4224,65,66,-381.9387943526425,-5.967793661760039,0.7921348314606742,890,705,196,0,3.594326241134752,6.0,705,5282.655369407921,5258.466082399205,24.189287008716924,82.54149014699877,0.005265739222498838,0.13164348056247097,8.227717535154435e-05,0.41477189655136815,64
4288,66,67,-363.80605943188004,-5.684469678623126,0.7620578778135049,933,711,208,0,3.7679324894514767,6.0,711,5318.090046308132,5291.044098673894,27.04594763423608,83.09515697356456,0.005082095823627027,0.12705239559067566,7.94077472441723e-05,0.41403790395868234,64
4352,67,68,-429.2788418677857,-6.707481904184151,0.7856388595564942,947,744,199,0,3.693548387096774,6.0,744,6057.973637421707,6031.276470989819,26.697166431887975,94.65583808471418,0.005828268141683736,0.1457067035420934,9.106668971380838e-05,0.41236582328127147,64
4416,68,69,-296.47953062570207,-4.632492666026595,0.8183831672203765,903,739,177,0,3.648173207036536,6.0,739,4707.209234944991,4682.985004751578,24.224230193411955,73.55014429601549,0.004516251858280034,0.11290629645700084,7.056643528562553e-05,0.41041332845513046,64
4480,69,70,-460.6518130428978,-7.197684578795278,0.7962037962037962,1001,797,193,0,3.461731493099122,6.0,797,6663.343945134159,6638.408238690301,24.93570644385645,104.11474914272124,0.0062766892309843,0.15691723077460748,9.807326923412968e-05,0.40769481754571146,64
4544,70,71,-395.9745780251136,-6.1871027816424,0.7737373737373737,990,766,220,0,3.617493472584856,6.0,766,6512.811635000644,6485.61854492814,27.19309007250478,101.76268179688506,0.0055235632206490646,0.13808908051622662,8.630567532264163e-05,0.4058425626136303,64
4608,71,72,-371.7401736272746,-5.808440212926166,0.7924921793534933,959,760,212,0,3.718421052631579,6.0,760,5752.453818492874,5726.206400601396,26.247417891479795,89.88209091395116,0.005275933918427687,0.1318983479606922,8.243646747543261e-05,0.4037692408333549,64
4672,72,73,-354.46089048803714,-5.53845141387558,0.7946808510638298,940,747,177,0,3.7349397590361444,6.0,747,5745.255161186502,5719.201221623222,26.053939563281148,89.76961189353909,0.005115921866065644,0.12789804665164112,7.99362791572757e-05,0.4015161411631655,64
4736,73,74,-245.46577869395998,-3.8354027920931246,0.770345596432553,897,691,216,0,3.638205499276411,6.0,691,5056.15422832724,5030.802534399023,25.35169392821729,79.00240981761313,0.0038443325458729053,0.09610831364682264,6.0067696029264145e-05,0.40002122641614596,64
4800,74,75,-382.6796173126705,-5.979369020510476,0.7730569948186529,965,746,218,0,3.8056300268096517,6.0,746,5750.026734381346,5720.916615969173,29.110118412174124,89.84416772470853,0.005343362192773667,0.13358405481934166,8.349003426208854e-05,0.3993257129820278,64
4864,75,76,-298.5286135814976,-4.6645095872109,0.7649527806925498,953,729,224,0,3.8230452674897117,6.0,729,5574.380970485034,5545.468973756334,28.911996728701617,87.09970266382865,0.004456092573176983,0.11140231432942459,6.962644645589036e-05,0.39864930725134695,64
4928,76,77,-274.5019351765327,-4.289092737133323,0.7912772585669782,963,762,206,0,3.8346456692913384,6.0,762,5607.912445156955,5578.068172047215,29.844273109738435,87.62363195557742,0.0043180607699708695,0.10795151924927174,6.746969953079484e-05,0.39822153033066715,64
4992,77,78,-332.4876492292573,-5.195119519207145,0.7885032537960954,922,727,193,0,3.7290233837689133,6.0,727,5604.031930625913,5576.755500354584,27.2764302713295,87.5629989160299,0.0048293591368432105,0.12073397842108026,7.545873651317516e-05,0.39761708619254177,64
5056,78,79,-285.28189356386184,-4.457529586935341,0.7457983193277311,952,710,228,0,3.6901408450704225,6.0,710,5747.803545626814,5720.17735506434,27.626190562469468,89.80943040041898,0.004273937098519328,0.1068484274629832,6.67802671643645e-05,0.39793281820095794,64
5120,79,80,-407.2931955458196,-6.363956180403431,0.7611940298507462,938,714,232,0,3.753501400560224,6.0,714,6019.620909395613,5992.115832937811,27.505076457802453,94.05657670930646,0.005498197042879304,0.1374549260719826,8.590932879498913e-05,0.39865418021771476,64
5184,80,81,-324.5371253281863,-5.070892583252911,0.7906724511930586,922,729,192,0,3.6872427983539096,6.0,729,5774.285147345442,5749.620269361355,24.664877984086804,90.22320542727253,0.00475562137655632,0.118890534413908,7.43065840086925e-05,0.3985990341564202,64
5248,81,82,-308.7841394238302,-4.824752178497347,0.7876200640341515,937,738,210,0,3.6463414634146343,6.0,738,5333.470343111102,5308.10898496259,25.361358148513318,83.33547411111097,0.004595332226980793,0.11488330567451983,7.18020660465749e-05,0.39888915877974496,64
5312,82,83,-255.51479211987498,-3.9924186268730466,0.7989949748743719,995,795,201,0,3.5257861635220125,6.0,795,5183.423145175111,5157.964024759618,25.459120415492503,80.99098664336111,0.004211655127520435,0.10529137818801088,6.58071113675068e-05,0.3996147618543916,64
5376,83,84,-162.35447010716362,-2.5367885954244316,0.7732300884955752,904,699,201,0,3.676680972818312,6.0,699,4200.997263023319,4175.212605491506,25.784657531811227,65.64058223473936,0.0030520865646482824,0.07630216411620706,4.768885257262941e-05,0.40015263543154606,64
5440,84,85,-242.77837855293365,-3.793412164889588,0.7957219251336899,935,744,193,0,3.5591397849462365,6.0,744,4823.4371403518935,4799.754172041442,23.682968310450818,75.36620531799834,0.003971723730719397,0.09929309326798492,6.205818329249058e-05,0.4014879873705856,64
5504,85,86,-292.34871650802825,-4.567948695437941,0.805464480874317,915,737,169,0,3.5237449118046134,6.0,737,5664.881259407305,5641.395676263489,23.485583143817074,88.51376967823914,0.004479609041006311,0.11199022602515778,6.999389126572361e-05,0.40314242692038627,64
5568,86,87,-302.5635465753138,-4.727555415239278,0.82281284606866,903,743,171,0,3.3956931359353972,6.0,743,6010.686203361523,5988.416921298749,22.26928206277778,93.9169719275238,0.004594865888229417,0.11487164720573542,7.179477950358464e-05,0.4060498223110216,64
5632,87,88,-287.8055160068227,-4.496961187606605,0.8155650319829424,938,765,176,0,3.4418300653594773,6.0,765,6060.7721407020335,6039.081541959222,21.690598742815038,94.69956469846927,0.00449261551513776,0.112315387878444,7.01971174240275e-05,0.4097995678232317,64
5696,88,89,-278.09798619094823,-4.345281034233566,0.7955271565495208,939,747,190,0,3.497991967871486,6.0,747,5945.305124614038,5922.018149086233,23.286975527807,92.89539257209434,0.0043393181777468945,0.10848295444367236,6.780184652729523e-05,0.4126517788744758,64
5760,89,90,-247.770455148415,-3.8714133616939845,0.8235942668136714,907,747,171,0,3.464524765729585,6.0,747,5515.216738663367,5494.035121511501,21.18161715186635,86.17526154161511,0.004056449449903918,0.10141123624759796,6.338202265474872e-05,0.41458672921650475,64
5824,90,91,-275.40423225985484,-4.303191129060232,0.7805953693495039,907,708,180,0,3.459039548022599,6.0,708,5189.41398661948,5166.678786351684,22.735200267797474,81.08459354092938,0.004227117340361026,0.10567793350902564,6.604870844314103e-05,0.41582474040341033,64
5888,91,92,-260.84134529190555,-4.075646020186024,0.7610619469026548,904,688,198,0,3.6642441860465116,6.0,688,5036.401927184822,5010.864216124061,25.537711060758124,78.69378011226284,0.0040120919136487,0.1003022978412175,6.268893615076094e-05,0.4160518522192615,64
5952,92,93,-294.65549029281556,-4.603992035825243,0.8202866593164277,907,744,182,0,3.6330645161290325,6.0,744,6196.843344762992,6173.947801842632,22.895542920360946,96.82567726192175,0.0045055207181224,0.11263801795306,7.03987612206625e-05,0.41603928815512686,64
6016,93,94,-290.8075099127386,-4.543867342386541,0.830102622576967,877,728,162,0,3.3763736263736264,6.0,728,5500.452703638459,5478.761772862321,21.69093077614019,85.94457349435092,0.004452276519979183,0.11130691299947956,6.956682062467473e-05,0.4156970527713448,64
6080,94,95,-289.72389922566947,-4.5269359254010855,0.802771855010661,938,753,182,0,3.4316069057104914,6.0,753,6257.036833440909,6234.165711161096,22.871122279812166,97.7662005225142,0.00447468312819776,0.111867078204944,6.991692387809e-05,0.41462744488767933,64
6144,95,96,-344.4244120544355,-5.381631438350555,0.7823275862068966,928,726,194,0,3.3650137741046833,6.0,726,5796.930103313937,5775.470042802917,21.460060511020178,90.57703286428027,0.004945167489044189,0.12362918722610473,7.726824201631546e-05,0.4138435069143912,64
6208,96,97,-309.9162075924464,-4.842440743631975,0.793836344314559,941,747,189,0,3.5890227576974567,6.0,747,5738.223036298879,5713.554492032505,24.668544266375047,89.65973494216999,0.004654034884816846,0.11635087212042115,7.271929507526322e-05,0.41248588974014877,64
6272,97,98,-343.9532538294885,-5.374269591085758,0.8044943820224719,890,716,175,0,3.474860335195531,6.0,716,5757.812205309457,5734.401344678307,23.410860631147223,89.96581570796026,0.004938993471316068,0.12347483678290169,7.717177298931356e-05,0.41082032865130647,64
6336,98,99,-301.9794362311927,-4.718428691112386,0.7801578354002254,887,692,205,0,3.6560693641618496,6.0,692,4863.35569947439,4839.132868010571,24.222831463818338,75.98993280428735,0.004425078766898913,0.11062696917247283,6.914185573279552e-05,0.40942307229907116,64
6400,99,100,-336.5206614584132,-5.258135335287706,0.7925696594427245,969,768,203,0,3.6432291666666665,6.0,768,6012.153577098717,5985.9533487751205,26.200228323594246,93.93989964216745,0.004955050016516356,0.1238762504129089,7.742265650806806e-05,0.4068719265577008,64
6464,100,101,-337.56777141050316,-5.274496428289112,0.7644628099173554,968,740,217,0,3.7675675675675677,6.0,740,5331.1742245499145,5303.5264443531805,27.647780196734168,83.29959725859241,0.004881576078712306,0.12203940196780766,7.627462622987978e-05,0.4060884199028012,64
6528,101,102,-376.2626433019195,-5.879103801592493,0.8042328042328042,945,760,195,0,3.8118421052631577,6.0,760,6496.696646747253,6469.388112817286,27.308533929971233,101.51088510542583,0.0053412263850628975,0.13353065962657243,8.345666226660777e-05,0.406320181297946,64
6592,102,103,-291.55585653838335,-4.55556025841224,0.8055248618784531,905,729,169,0,3.626886145404664,6.0,729,4887.881249955298,4863.613877004218,24.267372951079395,76.37314453055153,0.00445152725588977,0.11128818139724424,6.955511337327765e-05,0.4055369346193357,64
6656,103,104,-303.109595085137,-4.736087423205266,0.7714592274678111,932,719,214,0,3.803894297635605,6.0,719,5077.241170153327,5050.9277288489775,26.31344130435063,79.33189328364574,0.00449031848427957,0.11225796210698924,7.016122631686828e-05,0.40502823708745844,64
6720,104,105,-347.5668723164089,-5.430732379943889,0.7347956131605184,1003,737,258,0,3.7937584803256446,6.0,737,5370.969878227668,5342.352429670503,28.61744855716515,83.92140434730732,0.004923632372313699,0.12309080930784247,7.693175581740154e-05,0.40484070145761686,64
6784,105,106,-342.20210474345606,-5.346907886616501,0.8048780487804879,943,759,188,0,3.739130434782609,6.0,759,5726.657693559715,5700.14068361648,26.517009943233422,89.47902646187055,0.005010763456990072,0.12526908642475182,7.829317901546988e-05,0.40414173778767026,64
6848,106,107,-347.23211045185224,-5.425501725810191,0.7931034482758621,870,690,184,0,3.7884057971014493,6.0,690,5195.079634009931,5171.146256436092,23.93337757383972,81.17311928140518,0.004898162595373919,0.12245406488434797,7.653379055271748e-05,0.4031411993321072,64
6912,107,108,-283.34077012963814,-4.427199533275596,0.8103070175438597,912,739,181,0,3.602165087956698,6.0,739,5183.561049402643,5159.690501762115,23.870547640528173,80.9931413969163,0.004379755189825598,0.10949387974563994,6.843367484102497e-05,0.4028357438151353,64
6976,108,109,-395.4780006670253,-6.17934376042227,0.7593360995850622,964,732,220,0,3.528688524590164,6.0,732,5373.559225638871,5349.310854881766,24.248370757107402,83.96186290060736,0.005435667285533229,0.13589168213833072,8.49323013364567e-05,0.40231872051652673,64
7040,109,110,-384.1656923773967,-6.002588943396823,0.8061855670103093,970,782,194,0,3.690537084398977,6.0,782,5883.785828498303,5856.05272106892,27.733107429385512,91.93415357028599,0.005474129156607657,0.13685322891519142,8.553326807199464e-05,0.40358850546993463,64
7104,110,111,-366.40040085951813,-5.725006263429971,0.7585492227979275,965,732,228,0,3.819672131147541,6.0,732,5850.098682858483,5820.470524422898,29.628158435582524,91.4077919196638,0.005136155982084739,0.12840389955211848,8.025243722007405e-05,0.4045622480121227,64
7168,111,112,-391.9767736950447,-6.124637088985073,0.7792207792207793,1001,780,230,0,3.8807692307692307,6.0,780,6316.930227535046,6285.979509330243,30.95071820480567,98.70203480523509,0.005504586887296418,0.13761467218241047,8.600917011400654e-05,0.4056814170623516,64
7232,112,113,-412.6447427933981,-6.4475741061468455,0.7569367369589345,901,682,215,0,3.687683284457478,6.0,682,5058.025404183584,5031.184613722498,26.84079046108627,79.0316469403685,0.005496940812366411,0.13742352030916027,8.588970019322517e-05,0.406004182846851,64
7296,113,114,-369.52090266219966,-5.77376410409687,0.7563829787234042,940,711,217,0,3.9156118143459917,6.0,711,5396.25856844745,5366.702755157768,29.555813289684192,84.3165401319914,0.005130757557496982,0.12826893893742455,8.016808683589035e-05,0.4059391369047184,64
7360,114,115,-378.0712422580924,-5.907363160282694,0.7869884575026233,953,750,208,0,3.8333333333333335,6.0,750,5502.625915337539,5473.136678036872,29.489237300667096,85.97852992714904,0.005318598091787262,0.13296495229468155,8.310309518417596e-05,0.4067472175182706,64
7424,115,116,-368.4597048102426,-5.757182887660041,0.7691489361702127,940,723,207,0,3.8035961272475793,6.0,723,5816.057935296916,5787.666680902495,28.391254394417746,90.87590523901432,0.005160061388495385,0.12900153471238462,8.062595919524039e-05,0.408128534370912,64
7488,116,117,-321.6168006494056,-5.025262510146963,0.79337899543379,876,695,196,0,3.762589928057554,6.0,695,4478.596830788292,4451.761156788921,26.835673999372226,69.97807548106707,0.00463579982209391,0.11589499555234775,7.243437222021734e-05,0.4081605799999857,64
7552,117,118,-390.6163372324535,-6.1033802692570855,0.8083067092651757,939,759,182,0,3.6258234519104082,6.0,759,5860.1999826831525,5834.702843353252,25.497139329896694,91.56562472942426,0.005497832768084195,0.13744581920210486,8.590363700131554e-05,0.40801221101622176,64
7616,118,119,-381.5396114081195,-5.961556428251868,0.7698072805139187,934,719,211,0,3.687065368567455,6.0,719,4965.503386322298,4938.733574876899,26.76981144539659,77.5859904112859,0.0052777820658093,0.1319445516452325,8.246534477827031e-05,0.4084272153370077,64
7680,119,120,-420.80854185281754,-6.575133466450274,0.7977401129943503,885,706,188,0,3.729461756373938,6.0,706,5407.932067332548,5382.507647377755,25.4244199547886,84.49893855207107,0.005668722167385595,0.14171805418463987,8.857378386539992e-05,0.40921779318120666,64
7744,120,121,-384.62000957169977,-6.009687649557809,0.758985200845666,946,718,216,0,3.767409470752089,6.0,718,5504.140586365556,5476.3271259786015,27.81346038695272,86.00219666196182,0.0052971426028838725,0.13242856507209683,8.276785317006051e-05,0.40977453001352887,64
7808,121,122,-262.3181086810158,-4.098720448140872,0.7895310796074155,917,724,187,0,3.7845303867403315,6.0,724,5166.335366650172,5139.123587169834,27.21177948033568,80.72399010390893,0.004127339834547027,0.10318349586367567,6.44896849147973e-05,0.4114753794718712,64
7872,122,123,-471.2881459921879,-7.363877281127936,0.7790948275862069,928,723,209,0,3.6168741355463347,6.0,723,5901.402099516635,5875.9137350456285,25.488364471006893,92.20940780494742,0.006184576070619864,0.1546144017654966,9.663400110343537e-05,0.413931661366044,64
7936,123,124,-535.6397350242132,-8.369370859753332,0.803680981595092,978,786,196,0,3.704834605597964,6.0,786,6798.311598661946,6769.6867409240795,28.624857737864676,106.2236187290929,0.006994069884614505,0.17485174711536264,0.00010928234194710164,0.416363074195762,64
8000,124,125,-330.7245531568252,-5.167571143075394,0.7885714285714286,875,690,190,0,3.7115942028985507,6.0,690,4421.109089750524,4396.131341347642,24.97774840288319,69.07982952735193,0.004724974219712157,0.11812435549280392,7.382772218300246e-05,0.4171673626371647,64
8064,125,126,-414.80032015314634,-6.481255002392912,0.7809224318658281,954,745,207,0,3.595973154362416,6.0,745,5202.222214476401,5175.986672192339,26.235542284060596,81.28472210119376,0.005675062694047399,0.14187656735118498,8.867285459449061e-05,0.4172200539199076,64
8128,126,127,-485.5864240123851,-7.5872878751935176,0.8162859980139027,1007,822,186,0,3.7554744525547443,6.0,822,6621.006530956563,6592.664905770051,28.34162518651289,103.4532270461963,0.006592240354353133,0.16480600885882832,0.0001030037555367677,0.4175423081180788,64
8192,127,128,-511.3845453530622,-7.990383521141597,0.7900207900207901,962,760,205,0,3.5789473684210527,6.0,760,6108.151470438095,6081.797832478449,26.35363795964654,95.43986672559524,0.006676830694061683,0.16692076735154207,0.0001043254795947138,0.4175479516529591,64
8256,128,129,-497.4213122516978,-7.7722080039327786,0.7784615384615384,975,759,201,0,3.616600790513834,6.0,759,5719.5149148040455,5692.608819782337,26.906095021705358,89.36742054381321,0.006540756486987175,0.1635189121746794,0.00010219932010917462,0.41740015261296937,64
8320,129,130,-636.7821124627137,-9.949720507229902,0.8068669527896996,932,752,191,0,3.4281914893617023,6.0,752,6334.24097088366,6310.286714730891,23.954256152769997,98.97251517005719,0.007928501240905696,0.19821253102264239,0.0001238828318891515,0.4166436193015701,64
8384,130,131,-440.669057457077,-6.885454022766828,0.828039430449069,913,756,174,0,3.675925925925926,6.0,756,5698.065099417079,5673.951202559999,24.113896857078252,89.03226717839186,0.006000858702277773,0.15002146755694432,9.37634172230902e-05,0.4156402588379797,64
8448,131,132,-568.7908278687893,-8.887356685449832,0.7892004153686397,963,760,178,0,3.5605263157894735,6.0,760,6257.229806964431,6231.15792958836,26.071877376068567,97.76921573381924,0.007286304484200353,0.18215761210500883,0.00011384850756563051,0.41519882035409583,64
8512,132,133,-541.8555225314543,-8.466492539553974,0.8056155507559395,926,746,183,0,3.71313672922252,6.0,746,6291.67468104308,6265.143864720807,26.530816322271626,98.30741689129813,0.006977534903522688,0.1744383725880672,0.000109023982867542,0.4143108303801707,64
8576,133,134,-588.2941777962716,-9.192096528066743,0.7968253968253968,945,753,199,0,3.596281540504648,6.0,753,6357.903147103478,6332.6730427706825,25.230104332793058,99.34223667349184,0.007437606779046302,0.18594016947615755,0.00011621260592259846,0.41359166877629105,64
8640,134,135,-467.4492680596695,-7.303894813432336,0.7875706214689265,885,697,179,0,3.581061692969871,6.0,697,5345.732804233897,5321.533627242215,24.19917699168262,83.52707506615464,0.006121983768529345,0.15304959421323364,9.565599638327102e-05,0.4130791197021414,64
8704,135,136,-514.8103770606358,-8.043912141572434,0.8054110301768991,961,774,186,0,3.558139534883721,6.0,774,6295.735169893996,6269.7353879195625,25.999781974430253,98.37086202959368,0.006768625616858335,0.16921564042145837,0.00010575977526341148,0.4132692769941666,64
8768,136,137,-512.2809026266079,-8.004389103540749,0.8042986425339367,884,711,192,0,3.59774964838256,6.0,711,5708.414487364925,5685.281573486422,23.132913878501707,89.19397636507695,0.006585436855565236,0.16463592138913088,0.00010289745086820681,0.41358241046125394,64
8832,137,138,-550.6622161847941,-8.604097127887409,0.8052910052910053,945,761,167,0,3.674113009198423,6.0,761,5891.33820854986,5865.2383685222685,26.099840027591117,92.05215950859156,0.007118775024747485,0.17796937561868714,0.00011123085976167946,0.41272570487348026,64
8896,138,139,-473.2699347971221,-7.394842731205033,0.7915766738660908,926,733,194,0,3.540245566166439,6.0,733,5731.765196644618,5705.309623833555,26.455572811065874,89.55883119757216,0.006246237677621574,0.15615594194053936,9.75974637128371e-05,0.4128454818294434,64
8960,139,140,-374.75013696199215,-5.855470890031127,0.7793478260869565,920,717,206,0,3.9344490934449095,6.0,717,5048.321324859005,5020.2507408275815,28.070584031424904,78.88002070092195,0.005207552225828012,0.13018880564570032,8.13680035285627e-05,0.41311369248694185,64
9024,140,141,-423.9491576153326,-6.624205587739572,0.8031746031746032,945,759,183,0,3.7259552042160737,6.0,759,5582.526029732271,5553.730869752022,28.795159980246122,87.22696921456674,0.005829699780590691,0.14574249451476728,9.108905907172954e-05,0.412354162155274,64
9088,141,142,-528.6289578706607,-8.259827466729073,0.787746170678337,914,720,210,0,3.816666666666667,6.0,720,6146.1383454339675,6117.872356080395,28.265989353570102,96.03341164740574,0.006749274701366418,0.16873186753416045,0.00010545741720885028,0.41215676777931326,64
9152,142,143,-573.479666236901,-8.960619784951579,0.7390396659707724,958,708,230,0,3.8389830508474576,6.0,708,6277.835522462388,6248.628162535396,29.20735992699643,98.09118003847482,0.007143402461156098,0.17858506152890244,0.00011161566345556403,0.4142581194052292,64
9216,143,144,-391.21943711278425,-6.112803704887254,0.7828638497652582,852,667,204,0,3.7976011994003,6.0,667,4958.759304886138,4932.061956078285,26.69734880785276,77.48061413884591,0.005256456492767698,0.13141141231919246,8.213213269949528e-05,0.4163274837771147,64
9280,144,145,-380.8701034074692,-5.951095365741706,0.7623762376237624,909,693,206,0,3.883116883116883,6.0,693,5236.791501826538,5207.489453368498,29.302048458039557,81.82486721603965,0.005213430924813368,0.1303357731203342,8.145985820020888e-05,0.41716586459727967,64
9344,145,146,-267.54979259111457,-4.180465509236165,0.7590643274853801,855,649,203,0,3.9491525423728815,6.0,649,4651.133675388892,4624.40615416579,26.727521223104258,72.67396367795143,0.003977765106999144,0.09944412767497861,6.215257979686163e-05,0.4180143665684932,64
9408,146,147,-342.93680571930634,-5.3583875893641615,0.7926421404682275,897,711,192,0,3.7819971870604783,6.0,711,5151.868397286258,5124.809668518018,27.058728768239565,80.49794370759778,0.004895241014487815,0.12238102536219539,7.648814085137211e-05,0.4181358734783709,64
9472,147,148,-371.7311888006907,-5.808299825010792,0.7664543524416136,942,722,213,0,3.7340720221606647,6.0,722,5468.978666363229,5441.15874571373,27.819920649500695,85.45279166192546,0.005183613040020842,0.12959032600052103,8.099395375032565e-05,0.4178990105995182,64
9536,148,149,-384.13603984209567,-6.002125622532745,0.8006718924972005,893,715,194,0,3.8475524475524474,6.0,715,4897.073439920681,4869.97302039437,27.100419526313413,76.51677249876064,0.005312919108672017,0.13282297771680043,8.301436107300026e-05,0.41770575706976,64
9600,149,150,-292.8480919559371,-4.575751436811517,0.7621621621621621,925,705,196,0,3.802836879432624,6.0,705,4356.290587308951,4329.328291435802,26.96229587315022,68.06704042670236,0.004373659565915039,0.10934148914787598,6.833843071742248e-05,0.4161874740030934,64
9664,150,151,-345.85736936822116,-5.404021396378456,0.7854922279792746,965,758,207,0,3.753298153034301,6.0,758,5252.481137732689,5224.168508727391,28.312629005293847,82.07001777707326,0.0050181298118649005,0.12545324529662252,7.840827831038907e-05,0.4140683014490115,64
9728,151,152,-315.292954851462,-4.926452419554094,0.7837281153450052,971,761,218,0,3.838370565045992,6.0,761,5594.053397729694,5564.396852251424,29.656545478270893,87.40708433952646,0.004705610567032103,0.11764026417580259,7.352516510987662e-05,0.4124452959391427,64
9792,152,153,-403.058253534639,-6.297785211478734,0.7754237288135594,944,732,210,0,3.978142076502732,6.0,732,5449.3863815427585,5418.24313388366,31.14324765909921,85.1466622116056,0.005524956480840388,0.13812391202100968,8.632744501313106e-05,0.41033228032795116,64
9856,153,154,-301.03806290239686,-4.703719732849951,0.7611788617886179,984,749,225,0,3.94392523364486,6.0,749,5134.634471263746,5103.709637873815,30.924833389931596,80.22866361349602,0.0045293928046250456,0.11323482011562613,7.077176257226634e-05,0.40797727139082096,64
9920,154,155,-398.2079981014262,-6.221999970334784,0.7669801462904912,957,734,228,0,3.8392370572207084,6.0,734,5611.892635481565,5583.675908692396,28.216726789168938,87.68582242939945,0.005457998433469955,0.13644996083674887,8.528122552296804e-05,0.40600435782238453,64
9984,155,156,-409.1956482611522,-6.393682004080503,0.7991718426501035,966,772,198,0,3.8795336787564767,6.0,772,6136.666705014098,6107.112447876159,29.55425713794229,95.88541726584528,0.00569238752841262,0.1423096882103155,8.894355513144719e-05,0.40551318436440653,64
10048,156,157,-311.2011101381012,-4.862517345907832,0.8106312292358804,903,732,187,0,3.66120218579235,6.0,732,5698.402759630283,5673.432426595087,24.97033303519506,89.03754311922317,0.004634767124175034,0.11586917810437584,7.24182363152349e-05,0.40522195951428414,64
10112,157,158,-327.98470006830405,-5.124760938567251,0.7997870074547391,939,751,187,0,3.613848202396804,6.0,751,5171.462326734355,5146.022936478909,25.439390255445392,80.8040988552243,0.004847374455586693,0.12118436138966733,7.574022586854208e-05,0.40505647944762835,64
10176,158,159,-363.4964295292091,-5.679631711393892,0.7782515991471215,938,730,208,0,3.6575342465753424,6.0,730,5475.830939724056,5449.879775852388,25.95116387166929,85.55985843318838,0.005128768263093243,0.12821920657733107,8.013700411083192e-05,0.40415178793539247,64
10240,159,160,-275.7937120739104,-4.30927675115485,0.7819314641744548,963,753,196,0,3.803452855245684,6.0,753,4892.323958350946,4864.761802367217,27.56215598372589,76.44256184923353,0.004317122488617641,0.10792806221544102,6.745503888465064e-05,0.4035802169729197,64
10304,160,161,-260.27319125891535,-4.066768613420552,0.8156996587030717,879,717,172,0,3.668061366806137,6.0,717,4714.843561753972,4690.581969541855,24.261592212117275,73.66943065240581,0.004107078170678892,0.1026769542669723,6.417309641685769e-05,0.40194739388386375,64
10368,161,162,-290.8436867428046,-4.544432605356322,0.8136511375947996,923,751,169,0,3.484687083888149,6.0,751,5362.520490818843,5339.260347032718,23.260143786126385,83.78938266904443,0.004497266689102421,0.11243166722756051,7.026979201722532e-05,0.4003329869372995,64
10432,162,163,-390.57091424668045,-6.102670535104382,0.8017524644030668,913,732,174,0,3.5054644808743167,6.0,732,6190.108602207283,6166.886789608384,23.221812598901877,96.7204469094888,0.0054430123683930996,0.1360753092098275,8.504706825614218e-05,0.39995816648983273,64
10496,163,164,-379.3627751501924,-5.9275433617217566,0.8094736842105263,950,769,190,0,3.400520156046814,6.0,769,6258.847726606963,6235.500388282913,23.347338324050405,97.7944957282338,0.005399181479943553,0.13497953699858883,8.436221062411802e-05,0.39981998483112735,64
10560,164,165,-500.0255058797219,-7.8128985293706545,0.7863436123348018,908,714,196,0,3.466386554621849,6.0,714,6298.112525071665,6275.7582072383475,22.354317833319975,98.40800820424477,0.0064681142892276606,0.16170285723069153,0.0001010642857691822,0.39972004276197737,64
10624,165,166,-341.03145022461274,-5.328616409759574,0.7844243792325056,886,695,182,0,3.5611510791366907,6.0,695,5150.733024847671,5126.891369781013,23.841655066658877,80.48020351324486,0.0048494273467671505,0.12123568366917876,7.577230229323673e-05,0.40027509717047544,64
10688,166,167,-441.94342514548345,-6.905366017898179,0.7942681678607983,977,776,207,0,3.713917525773196,6.0,776,6280.359479194031,6253.547744169837,26.811735024196924,98.13061686240674,0.006021611801341864,0.1505402950335466,9.408768439596663e-05,0.4011227440665579,64
10752,167,168,-528.0910130032818,-8.251422078176278,0.7944111776447106,1002,796,205,0,3.6319095477386933,6.0,796,7105.492759502158,7080.000496818252,25.492262683906905,111.02332436722122,0.006932143722758007,0.17330359306895018,0.00010831474566809386,0.4035116969749527,64
10816,168,169,-276.7270633759024,-4.323860365248475,0.8128587830080367,871,708,161,0,3.5903954802259888,6.0,708,4587.508755709708,4564.506287125453,23.002468584254196,71.67982430796418,0.004264863652799155,0.10662159131997886,6.66384945749868e-05,0.4044893497431957,64
10880,169,170,-371.1554940525565,-5.799304594571195,0.8018200202224469,989,793,195,0,3.651954602774275,6.0,793,6082.146645161848,6055.650203115994,26.496442045852785,95.03354133065388,0.0053696555309458195,0.13424138827364548,8.390086767102843e-05,0.4048041793007914,64
10944,170,171,-282.2514610700798,-4.410179079219997,0.8038793103448276,928,746,186,0,3.6206434316353886,6.0,746,5566.24234323088,5541.367607928596,24.874735302285824,86.9725366129825,0.00438177265078617,0.10954431626965425,6.84651976685339e-05,0.4060863485089721,64
11008,171,172,-258.4453426036613,-4.038208478182208,0.8265524625267666,934,772,156,0,3.599740932642487,6.0,772,5377.917295956059,5353.605592474523,24.311703481538313,84.02995774931343,0.004240547449935718,0.10601368624839294,6.625855390524559e-05,0.4068039271286403,64
11072,172,173,-311.9564240183573,-4.874319125286833,0.7966101694915254,944,752,200,0,3.595744680851064,6.0,752,5827.996893498272,5802.05702405097,25.93986944730145,91.0624514609105,0.004674587796646488,0.1168646949161622,7.304043432260138e-05,0.4069902181376406,64
11136,173,174,-249.28277743925418,-3.8950433974883465,0.7814854682454252,929,726,194,0,3.6170798898071626,6.0,726,5221.2083853244385,5196.386432994967,24.821952329469443,81.58138102069435,0.0039927954458386684,0.09981988614596671,6.23874288412292e-05,0.4080438925131097,64
11200,174,175,-239.0150114913617,-3.7346095545525264,0.7718550106609808,938,724,214,0,3.781767955801105,6.0,724,5440.703882827031,5412.6342536500915,28.069629176938026,85.01099816917235,0.0038612901381117424,0.09653225345279356,6.0332658407995975e-05,0.40909539335106204,64
11264,175,176,-322.52050423365654,-5.039382878650883,0.7895299145299145,936,739,198,0,3.746955345060893,6.0,739,6176.318326534306,6150.55990481735,25.75842171695582,96.50497385209853,0.004751612622879201,0.11879031557198003,7.424394723248752e-05,0.4102497045136384,64
11328,176,177,-262.72704491565287,-4.105110076807076,0.7953156822810591,982,781,194,0,3.6952624839948784,6.0,781,5826.697317591698,5798.616525078503,28.08079251319562,91.04214558737029,0.004259569324677473,0.10648923311693682,6.655577069808551e-05,0.41083356535397975,64
11392,177,178,-275.6230600226495,-4.306610312853898,0.8125,896,728,187,0,3.745879120879121,6.0,728,4926.859983241782,4900.8726886027525,25.987294639033205,76.98218723815285,0.0042693624077202895,0.10673406019300724,6.670878762062952e-05,0.41113961461304327,64
11456,178,179,-259.8063722367431,-4.0594745661991105,0.7778947368421053,950,739,208,0,3.6535859269282813,6.0,739,5111.895035893059,5086.5581646532655,25.336871239793325,79.87335993582904,0.004111991050067835,0.10279977625169588,6.424986015730992e-05,0.41032924230480966,64
11520,179,180,-169.81509661338882,-2.6533608845842003,0.7854710556186152,881,692,180,0,3.729768786127168,6.0,692,4232.76573820406,4208.410354610708,24.355383593352936,66.13696465943843,0.0031346409231917693,0.07836602307979423,4.8978764424871395e-05,0.40938198190576924,64
11584,180,181,-258.9743071322605,-4.04647354894157,0.7629399585921325,966,737,221,0,3.735413839891452,6.0,737,5402.709916319781,5374.767307452672,27.94260886711141,84.41734244249658,0.004084132126315765,0.10210330315789412,6.381456447368383e-05,0.40793097739633255,64
11648,181,182,-216.06192496537147,-3.3759675775839293,0.7968036529680366,876,698,190,0,3.7836676217765044,6.0,698,4447.59233304474,4422.281273636667,25.311059408073202,69.49363020382407,0.0035988602975666048,0.08997150743916511,5.62321921494782e-05,0.40664667110566033,64
11712,182,183,-309.74253912815976,-4.839727173877496,0.8088235294117647,884,715,165,0,3.6895104895104893,6.0,715,5358.711758226395,5334.137543552843,24.574214673549463,83.72987122228743,0.004606327227967829,0.11515818069919573,7.197386293699733e-05,0.40486503204444,64
11776,183,184,-285.00216826934343,-4.453158879208491,0.7941810344827587,928,737,194,0,3.6295793758480324,6.0,737,5578.609254709734,5553.528781933194,25.08047277654111,87.1657696048396,0.004377793939906924,0.1094448484976731,6.840303031104568e-05,0.4026772136097551,64
11840,184,185,-161.8679458263133,-2.5291866535361454,0.7953020134228188,894,711,177,0,3.576652601969058,6.0,711,4346.99527000742,4323.618254065892,23.377015941527905,67.92180109386594,0.0031039865664534063,0.07759966416133515,4.8499790100834473e-05,0.40101427253280375,64
11904,185,186,-175.62892203614547,-2.744201906814773,0.7988571428571428,875,699,176,0,3.7010014306151646,6.0,699,4691.800520723468,4667.61549724963,24.185023473839006,73.30938313630419,0.003214908233056819,0.08037270582642048,5.0232941141512795e-05,0.39863980468691934,64
11968,186,187,-297.80719639487927,-4.653237443669989,0.8076525336091003,967,781,194,0,3.6606914212548016,6.0,781,6075.733984785853,6050.213180303652,25.52080448220041,94.93334351227895,0.004611317377618996,0.11528293444047491,7.205183402529682e-05,0.3971059931622165,64
12032,187,188,-249.3298700318835,-3.8957792192481797,0.7879464285714286,896,706,200,0,3.65014164305949,6.0,706,4593.5649293072975,4570.365410882317,23.199518424980976,71.77445202042652,0.003939282813892428,0.0984820703473107,6.155129396706919e-05,0.39468845653435924,64
12096,188,189,-202.14673483236814,-3.158542731755752,0.7797752808988764,890,694,176,0,3.6469740634005765,6.0,694,4657.80222275235,4633.2998081591695,24.502414593178987,72.77815973050546,0.0034674255495931172,0.08668563873982793,5.4178524212392457e-05,0.39254817621561955,64
12160,189,190,-212.78954855450243,-3.3248366961641005,0.7605633802816901,923,702,218,0,3.680911680911681,6.0,702,4584.305269498217,4558.8032381942585,25.502031303958724,71.62976983590964,0.003546013038006499,0.08865032595016248,5.540645371885155e-05,0.39252098757611426,64
12224,190,191,-277.3868233243587,-4.334169114443105,0.8002219755826859,901,721,198,0,3.7420249653259363,6.0,721,5031.355337615006,5005.230149532655,26.125188082351148,78.61492715023446,0.0042570579026890215,0.10642644756722554,6.651652972951596e-05,0.39223504570927126,64
12288,191,192,-262.6633678204937,-4.104115122195214,0.7627118644067796,885,675,207,0,3.8651851851851853,6.0,675,4547.257218479976,4521.761249029835,25.495969450141104,71.05089403874962,0.00398869800030196,0.09971745000754899,6.232340625471812e-05,0.39214612074882715,64
12352,192,193,-302.7543792658756,-4.730537176029307,0.7513227513227513,945,710,225,0,3.749295774647887,6.0,710,5171.919767295389,5144.572017440986,27.347749854400874,80.81124636399045,0.00445197476179368,0.111299369044842,6.956210565302625e-05,0.3929660732106595,64
12416,193,194,-353.8397668679552,-5.5287463573118,0.7779017857142857,896,697,207,0,3.7675753228120517,6.0,697,5232.875703672191,5207.414422633549,25.46128103864284,81.76368286987798,0.00495220861546055,0.12380521538651376,7.73782596165711e-05,0.39545605662288347,64
12480,194,195,-356.3812365900118,-5.568456821718934,0.7905181918412348,907,717,191,0,3.697350069735007,6.0,717,5462.530890128231,5438.122344897239,24.408545230992498,85.3520451582536,0.005045230109474533,0.12613075273686333,7.883172046053958e-05,0.39790496714713,64
12544,195,196,-528.7189448131704,-8.261233512705788,0.7545454545454545,990,747,234,0,3.891566265060241,6.0,747,6674.492082701043,6646.342252472772,28.14983022826838,104.2889387922038,0.006785897335508895,0.16964743338772237,0.00010602964586732648,0.4011565346838355,64
12608,196,197,-415.4391801620018,-6.491237190031278,0.8076109936575053,946,764,186,0,3.768324607329843,6.0,764,5859.922686390061,5833.454864186377,26.4678222036853,91.5612919748447,0.005751210881370818,0.14378027203427046,8.986267002141903e-05,0.4033856612380007,64
12672,197,198,-573.2460553614328,-8.956969615022388,0.7770700636942676,942,732,207,0,3.7226775956284155,6.0,732,6115.57330124044,6091.014105619991,24.5591956204497,95.55583283188187,0.007229163377559726,0.18072908443899316,0.00011295567777437072,0.4040531358803938,64
12736,198,199,-437.02327611866883,-6.8284886893542005,0.806998939554613,943,761,189,0,3.752956636005256,6.0,761,5777.122138842014,5750.964353763467,26.157785078544524,90.26753341940646,0.0059575362612294125,0.1489384065307353,9.308650408170957e-05,0.4034715958956276,64
12800,199,200,-401.6196318658424,-6.275306747903787,0.783975659229209,986,773,204,0,3.7554980595084086,6.0,773,5540.87331371531,5513.1807381920735,27.69257552323891,86.57614552680172,0.005616199708478129,0.14040499271195322,8.775312044497077e-05,0.4043985179546334,64
12864,200,201,-433.13747305999163,-6.767773016562369,0.7774049217002237,894,695,201,0,3.545323741007194,6.0,695,4809.38608520581,4787.049270590292,22.33681461552012,75.14665758134078,0.00574366418722616,0.143591604680654,8.974475292540875e-05,0.40500575804749617,64
12928,201,202,-384.2374338629646,-6.003709904108822,0.7679372197309418,892,685,208,0,3.818978102189781,6.0,685,5045.758685458336,5019.609402761183,26.14928269715232,78.8399794602865,0.005222459100549876,0.13056147751374692,8.160092344609182e-05,0.4045116780563438,64
12992,202,203,-355.86391147280324,-5.560373616762551,0.7838427947598253,916,718,203,0,3.7827298050139277,6.0,718,4993.903163115353,4967.907798805541,25.99536430981325,78.02973692367739,0.005027231009191225,0.12568077522978063,7.855048451861289e-05,0.4041496752378787,64
13056,203,204,-460.7379591436214,-7.199030611619085,0.7634194831013916,1006,768,242,0,3.765625,6.0,768,6210.180454626186,6180.067378481721,30.11307614446474,97.03406960353415,0.006148103342507498,0.15370258356268746,9.606411472667966e-05,0.4056291294607549,64
13120,204,205,-385.29343404369615,-6.020209906932752,0.7702127659574468,940,724,222,0,3.777624309392265,6.0,724,5172.915727636061,5145.985459016946,26.930268619113196,80.82680824431345,0.005313206656536829,0.13283016641342074,8.301885400838796e-05,0.4075850491633399,64
13184,205,206,-491.998418504838,-7.687475289138094,0.7652173913043478,920,704,205,0,3.5880681818181817,6.0,704,5581.639739110102,5556.700909004836,24.938830105263946,87.21312092359534,0.006351838076722976,0.1587959519180744,9.92474699487965e-05,0.4097870746240424,64
13248,206,207,-467.63250916449607,-7.306757955695251,0.8103638368246968,907,735,172,0,3.6231292517006803,6.0,735,6001.199867428946,5976.31139284561,24.888474583336425,93.76874792857728,0.006221642642256208,0.1555410660564052,9.721316628525325e-05,0.4122186468065129,64
13312,207,208,-338.67871106459916,-5.291854860384362,0.7867247007616975,919,723,192,0,3.7662517289073305,6.0,723,4728.806713829933,4701.549800201893,27.256913628039875,73.8876049035927,0.004882377601636441,0.12205944004091103,7.62871500255694e-05,0.4140308170045661,64
13376,208,209,-490.18607532722456,-7.659157426987884,0.7846309403437816,989,776,226,0,3.667525773195876,6.0,776,6252.097404503281,6223.86929254077,28.228111962511363,97.68902194536376,0.006482795594060612,0.1620698898515153,0.00010129368115719706,0.41513152150638155,64
13440,209,210,-335.89057766811254,-5.2482902760642585,0.7690631808278867,918,706,201,0,3.7025495750708215,6.0,706,4696.336843322993,4670.751378812605,25.585464510387414,73.38026317692177,0.0048002051688691445,0.12000512922172861,7.500320576358038e-05,0.4159881270411507,64
13504,210,211,-348.68113440082163,-5.448142725012838,0.8153503893214683,899,733,168,0,3.6439290586630286,6.0,733,5358.9924010525265,5333.723911100358,25.268489952168288,83.73425626644573,0.005034609553399412,0.1258652388349853,7.866577427186581e-05,0.41592446198790134,64
13568,211,212,-435.06277898336896,-6.79785592161514,0.7853457172342622,969,761,212,0,3.7871222076215507,6.0,761,5904.587592711453,5876.94891934152,27.638673369932096,92.25918113611645,0.005909452194417327,0.14773630486043318,9.233519053777073e-05,0.4168090784930212,64
13632,212,213,-370.73957160625434,-5.792805806347724,0.7808857808857809,858,670,195,0,3.5776119402985076,6.0,670,4389.243737675753,4365.823984031995,23.419753643758582,68.58193340118365,0.005070636076772139,0.12676590191930348,7.922868869956467e-05,0.41638654267349345,64
13696,213,214,-480.78684718254806,-7.512294487227313,0.8131147540983606,915,744,163,0,3.685483870967742,6.0,744,5825.8483382327695,5799.658525954685,26.189812278084684,91.02888028488702,0.006385037076024114,0.15962592690060284,9.976620431287678e-05,0.41544003626715775,64
13760,214,215,-395.8531939205016,-6.185206155007838,0.7910447761194029,938,742,195,0,3.661725067385445,6.0,742,5323.600007909275,5297.256391227991,26.343616681285443,83.18125012358242,0.005494000939082051,0.13735002347705128,8.584376467315704e-05,0.4142461942354822,64
13824,215,216,-573.4507199338628,-8.960167498966607,0.814935064935065,924,753,179,0,3.5763612217795484,6.0,753,6205.082679256542,6181.551607671648,23.531071584894896,96.95441686338347,0.007314318572999099,0.18285796432497747,0.00011428622770311092,0.4135021666558896,64
13888,216,217,-443.3111067579923,-6.92673604309363,0.7895855472901169,941,743,174,0,3.594885598923284,6.0,743,5514.806940780185,5490.576974327059,24.229966453124707,86.16885844969039,0.005997018561988804,0.1499254640497201,9.370341503107507e-05,0.4125630656333692,64
13952,217,218,-498.4714667600941,-7.78861666812647,0.8175824175824176,910,744,173,0,3.538978494623656,6.0,744,5839.965446165231,5816.157039324895,23.80840684033579,91.24946009633173,0.006548135018381241,0.16370337545953104,0.00010231460966220689,0.411727244417065,64
14016,218,219,-378.59310037581156,-5.915517193372056,0.7993384785005513,907,725,184,0,3.5751724137931036,6.0,725,4936.992354016164,4913.432046939975,23.560307076187286,77.14050553150257,0.005292458869658816,0.1323114717414704,8.2694669838419e-05,0.4100194149928373,64
14080,219,220,-536.6233945388939,-8.384740539670217,0.8152400835073069,958,781,187,0,3.5467349551856593,6.0,781,6380.599636750411,6355.072389486388,25.527247264020787,99.69686932422518,0.007002927916306388,0.1750731979076597,0.00010942074869228732,0.409663081333426,64
14144,220,221,-477.08482114120557,-7.454450330331337,0.8041125541125541,924,743,175,0,3.594885598923284,6.0,743,6001.426491919038,5976.387272396808,25.039219522230855,93.77228893623497,0.006332007621576139,0.15830019053940347,9.893761908712718e-05,0.40955084302297656,64
14208,221,222,-489.75730723269294,-7.652457925510827,0.7800429184549357,932,727,198,0,3.5240715268225586,6.0,727,5701.27854180891,5676.88794685164,24.390594957269833,89.08247721576421,0.00639082707507821,0.15977067687695526,9.985667304809703e-05,0.40928033757242277,64
14272,222,223,-372.3934658540255,-5.818647903969149,0.8081896551724138,928,750,188,0,3.532,6.0,750,5214.128401589619,5190.333907862537,23.794493727081786,81.4707562748378,0.005286495555757293,0.13216238889393234,8.26014930587077e-05,0.40868102110027793,64
14336,223,224,-573.92792237614,-8.967623787127188,0.8022199798183652,991,795,190,0,3.39874213836478,6.0,795,7232.745052847696,7208.63948563587,24.105567211827125,113.01164145074524,0.007405561607665717,0.18513904019164293,0.00011571190011977683,0.4087952682581597,64
14400,224,225,-504.41622066315864,-7.881503447861854,0.8245810055865922,895,738,169,0,3.426829268292683,6.0,738,5689.349078776741,5668.226890423433,21.122188353308836,88.89607935588658,0.006596537276486201,0.16491343191215502,0.00010307089494509689,0.4082991723070406,64
14464,225,226,-406.77733308762055,-6.355895829494071,0.8312570781426953,883,734,132,0,3.5149863760217985,6.0,734,5303.216463765081,5280.876491702936,22.339972062147478,82.8627572463294,0.005659787336058161,0.14149468340145402,8.843417712590876e-05,0.40819854133871614,64
14528,226,227,-457.6112678117831,-7.150176059559111,0.8373101952277657,922,772,162,0,3.6826424870466323,6.0,772,5871.551294858752,5847.404147050744,24.147147808008203,91.742988982168,0.0062235417093320835,0.15558854273330208,9.72428392083138e-05,0.41013503249496447,64
14592,227,228,-455.2768267265343,-7.113700417602098,0.7877094972067039,895,705,185,0,3.632624113475177,6.0,705,5418.993379524593,5394.60366225908,24.389717265512747,84.67177155507177,0.006011745934435976,0.1502936483608994,9.393353022556213e-05,0.4116138187274925,64
14656,228,229,-464.9774664475456,-7.2652729132429,0.7953539823008849,904,719,171,0,3.752433936022253,6.0,719,5669.845278136248,5643.112981976075,26.73229616017519,88.59133247087888,0.006159092245219782,0.15397730613049454,9.623581633155909e-05,0.41264183927350406,64
14720,229,230,-516.9203014973114,-8.07687971089549,0.8272632674297606,961,795,190,0,3.6138364779874212,6.0,795,6844.839024701436,6819.5902613213075,25.248763380130644,106.95060976095994,0.006837244457130919,0.17093111142827297,0.00010683194464267061,0.4143955845021818,64
14784,230,231,-444.9480428453454,-6.952313169458522,0.7778981581798483,923,718,210,0,3.551532033426184,6.0,718,5946.429551549663,5920.877510838683,25.55204071098235,92.91296174296349,0.005909417159590131,0.14773542898975328,9.23346431185958e-05,0.4154282819928161,64
14848,231,232,-386.04974790041047,-6.0320273109439135,0.7724358974358975,936,723,198,0,3.6182572614107884,6.0,723,5318.778438719844,5294.306797408591,24.47164131125584,83.10591310499757,0.005346393061515389,0.13365982653788472,8.353739158617795e-05,0.41582726874283843,64
14912,232,233,-362.47116241738274,-5.663611912771605,0.8070907194994786,959,774,181,0,3.6382428940568476,6.0,774,5380.858016960377,5354.541826234934,26.316190725440883,84.0759065150059,0.005253353368958796,0.1313338342239699,8.208364638998119e-05,0.4157725238936456,64
14976,233,234,-400.4669832736658,-6.257296613651028,0.7928118393234672,946,750,207,0,3.6293333333333333,6.0,750,5456.346544466218,5430.169571182788,26.176973283430833,85.25541475728465,0.005542933388313211,0.1385733347078303,8.660833419239393e-05,0.4154544902212504,64
15040,234,235,-445.86901253492005,-6.966703320858126,0.7985386221294363,958,765,187,0,3.6601307189542482,6.0,765,5945.535603524306,5919.19653789563,26.339065628674007,92.89899380506728,0.006056996161405942,0.15142490403514855,9.464056502196784e-05,0.414653390439765,64
15104,235,236,-339.9179545879239,-5.3112180404363105,0.806157354618016,877,707,183,0,3.649222065063649,6.0,707,4953.8457858405745,4929.2455164289895,24.600269411584364,77.40384040375898,0.004866164990958329,0.12165412477395823,7.60338279837239e-05,0.413283907608764,64
15168,236,237,-435.1255907021474,-6.798837354721053,0.7717842323651453,964,744,212,0,3.685483870967742,6.0,744,6160.662268843275,6133.951897052438,26.710371790839034,96.26034795067618,0.00586929140909626,0.1467322852274065,9.170767826712906e-05,0.4121812595846681,64
15232,237,238,-455.13418222630787,-7.1114715972860605,0.7904451682953312,921,728,182,0,3.712912087912088,6.0,728,6187.77097481179,6161.188145467737,26.582829344057103,96.68392148143423,0.006067774039439341,0.15169435098598352,9.480896936623971e-05,0.41085435042333496,64
15296,238,239,-338.2130907725814,-5.284579543321584,0.7844827586206896,928,728,202,0,3.7005494505494507,6.0,728,4965.116162270376,4939.399034303871,25.71712796650386,77.57994003547462,0.004873880294422114,0.12184700736055284,7.615437960034553e-05,0.41001531349371734,64
15360,239,240,-434.7718206728796,-6.7933096980137435,0.7756410256410257,936,726,215,0,3.8057851239669422,6.0,726,5478.306328266759,5449.246678270379,29.05964999637911,85.59853637916811,0.005822726598367768,0.1455681649591942,9.098010309949637e-05,0.4092210678803907,64
15424,240,241,-374.8717471480824,-5.857371049188788,0.7751091703056768,916,710,206,0,3.771830985915493,6.0,710,4987.2359851926985,4960.419026344074,26.816958848625987,77.92556226863591,0.005192980646601308,0.1298245161650327,8.114032260314544e-05,0.4084742400363547,64
15488,241,242,-371.32718782377486,-5.801987309746482,0.7619047619047619,966,736,235,0,3.8614130434782608,6.0,736,5106.5982113057225,5077.512495293623,29.08571601210307,79.79059705165191,0.0051850958099607545,0.12962739524901887,8.101712203063679e-05,0.40755882613262506,64
15552,242,243,-305.9974927277136,-4.781210823870525,0.794577685088634,959,762,190,0,3.8031496062992125,6.0,762,5346.419181663583,5317.291751440316,29.127430223265716,83.53779971349348,0.004650026729151535,0.11625066822878838,7.265666764299273e-05,0.40681546416620507,64
15616,243,244,-401.9058126655769,-6.279778322899639,0.7755775577557755,909,705,210,0,3.726241134751773,6.0,705,5524.92782367118,5498.325041315881,26.602782355294025,86.32699724486218,0.005448929539790483,0.1362232384947621,8.51395240592263e-05,0.40630839725181134,64
15680,244,245,-364.4685172987888,-5.694820582793575,0.7628541448058762,953,727,213,0,3.7964236588720772,6.0,727,5503.468362975422,5475.380856302647,28.087506672772093,85.99169317149097,0.005121536144502888,0.1280384036125722,8.002400225785763e-05,0.4053105967851074,64
15744,245,246,-374.24135730048346,-5.847521207820054,0.779128672745694,987,769,226,0,3.9310793237971393,6.0,769,6209.629754587221,6179.631442535754,29.998312051467035,97.02546491542533,0.005304867143724519,0.13262167859311297,8.288854912069561e-05,0.4045178841116287,64
15808,246,247,-347.23037959723126,-5.4254746812067385,0.7796420581655481,894,697,205,0,3.793400286944046,6.0,697,4955.102974831305,4928.558272142878,26.54470268842724,77.42348398173914,0.004890742855549207,0.12226857138873018,7.641785711795636e-05,0.4029205286993893,64
15872,247,248,-213.54959357159356,-3.3367123995561494,0.7873015873015873,945,744,200,0,3.745967741935484,6.0,744,4589.668254564403,4563.677740380961,25.99051418344165,71.71356647756879,0.003670184359427646,0.09175460898569116,5.734663061605697e-05,0.40134523524954097,64
15936,248,249,-288.4897593166385,-4.507652489322477,0.7560706401766004,906,685,213,0,3.5226277372262773,6.0,685,4824.4240396159885,4800.747187937988,23.676851677999622,75.38162561899982,0.004262904925276863,0.10657262313192156,6.660788945745098e-05,0.3994409065120511,64
16000,249,250,-328.3627982545503,-5.130668722727348,0.815068493150685,876,714,161,0,3.65266106442577,6.0,714,5240.44911728669,5216.50308015476,23.946037131927802,81.88201745760453,0.004794444907129075,0.11986112267822688,7.49132016738918e-05,0.39944058313179165,64
16064,250,251,-326.21120648157194,-5.0970501012745615,0.8024553571428571,896,719,175,0,3.6091794158553547,6.0,719,5745.867530516016,5722.223079606774,23.644450909240543,89.77918016431275,0.0047664611699828165,0.11916152924957041,7.447595578098151e-05,0.39972171376911747,64
16128,251,252,-368.49629684686346,-5.7577546382322415,0.7915343915343915,945,748,205,0,3.6697860962566846,6.0,748,5734.6923780950765,5708.94352185177,25.748856243303894,89.60456840773557,0.005226683945004226,0.13066709862510564,8.166693664069103e-05,0.400757740740211,64
16192,252,253,-371.9819159596163,-5.8122174368690045,0.7818371607515657,958,749,208,0,3.7222963951935912,6.0,749,6199.964487406899,6174.439099767234,25.52538763966163,96.8744451157328,0.005254134722893263,0.13135336807233158,8.209585504520724e-05,0.40205637424584334,64
16256,253,254,-367.85608335282006,-5.7477513023878135,0.7846938775510204,980,769,205,0,3.5253576072821846,6.0,769,6474.9356757514715,6450.1293887039465,24.806287047525224,101.17086993361674,0.0052674650482899005,0.13168662620724753,8.23041413795297e-05,0.4035586128246928,64
16320,254,255,-364.29285000728316,-5.692075781363799,0.7888402625820569,914,721,193,0,3.5658807212205272,6.0,721,6058.619738738503,6034.959030409107,23.660708329397547,94.6659334177891,0.005128967272401833,0.12822418181004583,8.014011363127864e-05,0.40484047545392593,64
16384,255,256,-342.78425379066135,-5.356003965479084,0.8002195389681669,911,729,184,0,3.5596707818930042,6.0,729,6871.278989145595,6848.265982781862,23.013006363730824,107.36373420539992,0.004946676489988933,0.12366691224972332,7.729182015607707e-05,0.40682413828595093,64
16448,256,257,-231.657440894832,-3.61964751398175,0.8054298642533937,884,712,185,0,3.592696629213483,6.0,712,4929.763056687333,4906.588566991482,23.174489695852667,77.02754776073958,0.0037932976598458812,0.09483244149614703,5.9270275935091894e-05,0.40822762937356905,64
16512,257,258,-295.9638504358801,-4.624435163060626,0.8036876355748374,922,741,175,0,3.6855600539811064,6.0,741,5366.884364205602,5341.964509586111,24.919854619493048,83.85756819071253,0.004520290304946603,0.11300725762366508,7.062953601479068e-05,0.40936480761044924,64
16576,258,259,-250.70439622826353,-3.9172561910666177,0.7970557308096741,951,758,193,0,3.6147757255936677,6.0,758,5147.7025633573085,5122.784470869949,24.918092487359292,80.43285255245794,0.004084369147322489,0.10210922868306223,6.38182679269139e-05,0.41004658440896913,64
16640,259,260,-291.47720260633514,-4.554331290723987,0.7917547568710359,946,749,193,0,3.590120160213618,6.0,749,5988.696200566485,5964.405224808044,24.2909757584406,93.57337813385132,0.004471861917499787,0.11179654793749468,6.987284246093417e-05,0.41179928371201036,64
16704,260,261,-289.30239507261075,-4.520349923009543,0.7916230366492146,955,756,201,0,3.7314814814814814,6.0,756,5656.133063087926,5630.003349279343,26.129713808581958,88.37707911074884,0.00445519736723513,0.11137993418087824,6.96124588630489e-05,0.41272102499620833,64
16768,261,262,-310.90369201192203,-4.857870187686282,0.7600827300930714,967,735,222,0,3.7170068027210883,6.0,735,5622.914819458577,5596.630570068848,26.28424938972837,87.85804405404026,0.00459566610593005,0.11489165264825126,7.180728290515704e-05,0.4125869132451663,64
16832,262,263,-226.82673756479159,-3.5441677744498685,0.8047464940668824,927,746,184,0,3.6621983914209117,6.0,746,4982.713498491132,4957.313508844557,25.399989646573275,77.85489841392393,0.0038286642248910687,0.09571660562227671,5.982287851392295e-05,0.4112698275112288,64
16896,263,264,-309.417626338176,-4.834650411534,0.7904255319148936,940,743,198,0,3.695827725437416,6.0,743,5397.683510008157,5371.11580172258,26.56770828557826,84.33880484387745,0.004630038105658923,0.11575095264147307,7.234434540092067e-05,0.4097926298785349,64
16960,264,265,-220.2429860028319,-3.4412966562942486,0.7735849056603774,901,697,202,0,3.6814921090387376,6.0,697,4907.11432661267,4881.617890224832,25.49643638783894,76.67366135332297,0.0036249321439207425,0.09062330359801857,5.66395647487616e-05,0.4083195139877387,64
17024,265,266,-285.4424062480278,-4.460037597625434,0.7538619979402678,971,732,235,0,3.7759562841530054,6.0,732,5394.942408717873,5366.588660004136,28.353748713738867,84.29597513621677,0.004319397442333292,0.10798493605833231,6.74905850364577e-05,0.40631177705889987,64
17088,266,267,-272.6275266866347,-4.259805104478668,0.7936694021101993,853,677,184,0,3.7666174298375186,6.0,677,5260.761152994423,5235.472359938054,25.288793056366217,82.19939301553786,0.004122934190519618,0.10307335476299045,6.442084672686904e-05,0.40427129041422283,64
17152,267,268,-200.22017316062173,-3.1284402056347145,0.7870894677236693,883,695,193,0,3.7798561151079135,6.0,695,4696.110129341845,4670.579082171295,25.531047170550494,73.37672077096633,0.0034323807760466753,0.08580951940116688,5.36309496257293e-05,0.4018672186152548,64
17216,268,269,-241.07621434072973,-3.766815849073902,0.7929969104016478,971,770,200,0,3.6974025974025975,6.0,770,5383.28741930426,5355.803428043282,27.483991260978307,84.11386592662906,0.00400823444671157,0.10020586116778925,6.262866322986828e-05,0.400571649244479,64
17280,269,270,-275.75277092771444,-4.308637045745538,0.7987152034261242,934,746,186,0,3.7050938337801607,6.0,746,5920.727436573129,5894.842861908352,25.884574664776732,92.51136619645514,0.004315766480685803,0.10789416201714508,6.743385126071567e-05,0.3985120919353223,64
17344,270,271,-237.4676142178481,-3.7104314721538767,0.7596899224806202,903,686,219,0,3.717201166180758,6.0,686,4997.233821362902,4972.428017684976,24.805803677925237,78.08177845879534,0.00375004406662968,0.093751101665742,5.859443854108875e-05,0.3968510277492362,64
17408,271,272,-254.45185013784806,-3.975810158403876,0.7555321390937829,949,717,227,0,3.8493723849372383,6.0,717,5322.542266419625,5294.94258380871,27.599682610915405,83.16472291280664,0.003983835332711984,0.09959588331779959,6.224742707362474e-05,0.3965354526525638,64
17472,272,273,-259.3155373739754,-4.051805271468366,0.8063112078346029,919,741,186,0,3.7719298245614037,6.0,741,5400.288476752824,5373.311685214432,26.976791538392817,84.37950744926287,0.004139485644015802,0.10348714110039504,6.46794631877469e-05,0.39565778478652436,64
17536,273,274,-269.5859608869182,-4.212280638858097,0.7900207900207901,962,760,194,0,3.793421052631579,6.0,760,5632.0712937533435,5605.419431811115,26.651861942228987,88.00111396489599,0.004279829502969801,0.10699573757424502,6.687233598390314e-05,0.3947340365771062,64
17600,274,275,-245.2088009570458,-3.831387514953841,0.7819799777530589,899,703,202,0,3.660028449502134,6.0,703,5365.20953260469,5340.883985859549,24.325546745142034,83.83139894694828,0.003886962383690772,0.09717405959226931,6.0733787245168315e-05,0.3951114189115796,64
17664,275,276,-330.4341780556184,-5.163034032119038,0.7661538461538462,975,747,217,0,3.7295850066934406,6.0,747,5653.208097270141,5627.287614530936,25.920482739206946,88.33137651984595,0.004827791208541025,0.12069478021352563,7.543423763345352e-05,0.39539607603192745,64
17728,276,277,-277.965371272026,-4.343208926125406,0.7790055248618785,905,705,212,0,3.65531914893617,6.0,705,4647.39435159079,4621.846664356801,25.54768723398787,72.6155367436061,0.0042066850677721914,0.10516712669430478,6.572945418394049e-05,0.39544682101623474,64
17792,277,278,-350.017432296809,-5.46902237963764,0.7943336831059811,953,757,182,0,3.7476882430647294,6.0,757,5607.916667572628,5580.707539253711,27.209128318918886,87.62369793082232,0.005086305775350396,0.1271576443837599,7.947352773984994e-05,0.39676375359054195,64
17856,278,279,-301.80322306137333,-4.715675360333958,0.7861080485115767,907,713,199,0,3.691444600280505,6.0,713,5008.6739229776085,4983.929798179865,24.744124797743037,78.26053004652513,0.004479791723359648,0.1119947930839912,6.99967456774945e-05,0.39905658598231986,64
17920,279,280,-291.8377846602699,-4.559965385316717,0.8147321428571429,896,730,160,0,3.6506849315068495,6.0,730,5132.7001014259295,5107.470223902662,25.229877523268982,80.19843908478015,0.004469492769048927,0.11173731922622318,6.983582451638949e-05,0.40105615760407637,64
17984,280,281,-420.1851524754587,-6.5653930074290425,0.7575757575757576,990,750,231,0,3.7533333333333334,6.0,750,6111.410724624036,6084.003959629501,27.40676499453169,95.49079257225057,0.005709700914735966,0.14274252286839914,8.921407679274946e-05,0.40346723959925324,64
18048,281,282,-454.31473969285605,-7.098667807700876,0.781183932346723,946,739,231,0,3.891745602165088,6.0,739,5655.800540173998,5627.296349613808,28.50419056019342,88.37188344021872,0.006026225636693278,0.15065564091733194,9.415977557333246e-05,0.40607618541375334,64
18112,282,283,-543.7942284840935,-8.496784820063962,0.7589473684210526,950,721,219,0,3.807212205270458,6.0,721,6557.531429638744,6528.314341023552,29.21708861519004,102.46142858810538,0.006890168101989227,0.17225420254973067,0.00010765887659358168,0.4065870919169907,64
18176,283,284,-379.2926244097689,-5.926447256402639,0.7505422993492408,922,692,231,0,3.856936416184971,6.0,692,5196.118758194124,5168.433617044943,27.68514114918049,81.18935559678319,0.005164875125358476,0.12912187813396192,8.07011738337262e-05,0.40742837314526326,64
18240,284,285,-304.8010931515383,-4.762517080492786,0.7917570498915402,922,730,200,0,3.7958904109589042,6.0,730,4536.6511090883205,4509.146638719111,27.50447036920745,70.88517357950501,0.00454779744574294,0.1136949361435735,7.105933508973344e-05,0.40755473213690385,64
18304,285,286,-232.3711650034044,-3.6307994531781937,0.7914691943127962,844,668,182,0,3.80688622754491,6.0,668,4076.9206645482154,4051.293442623378,25.627221924837535,63.701885383565866,0.0036991543118940645,0.09247885779735161,5.779928612334476e-05,0.40684487364328614,64
18368,286,287,-366.66336751711094,-5.7291151174548585,0.7689075630252101,952,732,206,0,3.808743169398907,6.0,732,4956.50414211828,4928.5055389682975,27.998603149986703,77.44537722059812,0.005162865047718432,0.12907162619296078,8.06697663706005e-05,0.40593730987648075,64
18432,287,288,-458.73541574214966,-7.167740870971088,0.7694736842105263,950,731,218,0,3.953488372093023,6.0,731,5805.107859643926,5775.677362970521,29.43049667340538,90.70481030693634,0.006066293766531907,0.15165734416329768,9.478584010206105e-05,0.40564360416159284,64
18496,288,289,-379.23078123688964,-5.925480956826401,0.7542735042735043,936,706,234,0,3.876770538243626,6.0,706,4918.64747028431,4890.549494942907,28.097975341404222,76.85386672319234,0.0051941009620193315,0.12985252405048328,8.115782753155205e-05,0.40647100665383284,64
18560,289,290,-346.7843948865931,-5.418506170103017,0.7749737118822292,951,737,214,0,3.858887381275441,6.0,737,5068.901164524527,5040.073121852566,28.82804267195931,79.20158069569574,0.004966253062243717,0.12415632655609292,7.759770409755807e-05,0.40778861888352375,64
18624,290,291,-376.87029231574,-5.888598317433438,0.7769058295964125,892,693,198,0,3.8239538239538238,6.0,693,5090.721104839893,5063.813563874222,26.907540965667874,79.54251726312333,0.005181937245562365,0.12954843113905912,8.096776946191195e-05,0.40925771272078004,64
18688,291,292,-380.5238915519337,-5.945685805498964,0.7784810126582279,948,738,203,0,3.6422764227642275,6.0,738,5804.484744621765,5778.306990500414,26.17775412135298,90.69507413471507,0.005318399724729297,0.13295999311823242,8.309999569889527e-05,0.4113713713229489,64
18752,292,293,-261.76493575758775,-4.090077121212309,0.7872832369942196,865,681,185,0,3.8325991189427313,6.0,681,3963.9283669286247,3939.1220449184084,24.80632201021677,61.93638073325976,0.004017200821565315,0.10043002053913289,6.276876283695805e-05,0.4121193934313879,64
18816,293,294,-422.9025549712027,-6.607852421425042,0.7965179542981502,919,732,195,0,3.6311475409836067,6.0,732,5477.071043630782,5450.7181772931435,26.352866337637526,85.57923505673097,0.005739742887999347,0.14349357219998365,8.968348262498979e-05,0.41213809582149064,64
18880,294,295,-397.27731147395605,-6.207457991780563,0.7804347826086957,920,718,188,0,3.586350974930362,6.0,718,5331.434759668256,5307.158818159478,24.275941508778914,83.3036681198165,0.005458676827889616,0.1364669206972404,8.529182543577525e-05,0.412460612527488,64
18944,295,296,-412.45149718663015,-6.444554643541096,0.7773279352226721,988,768,232,0,3.8333333333333335,6.0,768,5712.391322392323,5683.17007733219,29.22124506013061,89.25611441238004,0.005676372308638176,0.1419093077159544,8.86933173224715e-05,0.4122096952123261,64
19008,296,297,-487.97574192980335,-7.624620967653177,0.7698833510074231,943,726,224,0,3.753443526170799,6.0,726,5898.652300006356,5871.243883220315,27.40841678603842,92.16644218759932,0.00634020002493055,0.15850500062326375,9.906562538953984e-05,0.41180781293194524,64
19072,297,298,-392.8133442079687,-6.137708503249511,0.805672268907563,952,767,187,0,3.804432855280313,6.0,767,5204.7652668557,5177.249617366904,27.515649488798744,81.32445729462032,0.005532222928504916,0.1383055732126229,8.644098325788931e-05,0.4110568697338276,64
19136,298,299,-331.4594449716939,-5.179053827682718,0.7828447339847991,921,721,187,0,3.604715672676838,6.0,721,4969.46676688395,4944.889364027124,24.577402856825362,77.64791823256172,0.00481013679897678,0.1202534199744195,7.515838748401219e-05,0.41056942929379936,64
19200,299,300,-364.28453573176324,-5.691945870808801,0.8037974683544303,948,762,196,0,3.8031496062992125,6.0,762,5110.687336701311,5083.6764439559265,27.01089274538466,79.85448963595799,0.005226448002618805,0.13066120006547013,8.166325004091883e-05,0.41002322490098997,64
19264,300,301,-446.9771282102453,-6.984017628285083,0.8066298342541437,905,730,175,0,3.628767123287671,6.0,730,5399.655051666816,5374.86083855123,24.794213115587223,84.369610182294,0.006002318095464011,0.15005795238660027,9.378622024162518e-05,0.40852611876597855,64
19328,301,302,-417.5942340617879,-6.524909907215436,0.7674661105318039,959,736,220,0,3.8519021739130435,6.0,736,5597.001830739848,5569.18405727006,27.81777346978617,87.45315360531012,0.005665723076542114,0.14164307691355285,8.852692307097053e-05,0.4074210203979793,64
19392,302,303,-427.82998790217806,-6.684843560971532,0.7640086206896551,928,709,221,0,3.826516220028209,6.0,709,4891.524998024787,4863.47272924839,28.052268776395074,76.4300780941373,0.0057031454062354825,0.14257863515588706,8.911164697242941e-05,0.40623397672917516,64
19456,303,304,-372.3708193031053,-5.81829405161102,0.7568710359408034,946,716,220,0,3.775139664804469,6.0,716,5164.287542720386,5135.079231286006,29.208311434380057,80.69199285500603,0.005164775171205164,0.1291193792801291,8.069961205008068e-05,0.4052320320611225,64
19520,304,305,-354.05646021531584,-5.53213219086431,0.8228822882288229,909,748,179,0,3.8689839572192515,6.0,748,4960.288773201898,4932.017439222696,28.271333979204677,77.50451208127966,0.00510893479136375,0.12772336978409374,7.982710611505859e-05,0.4051196094074099,64
19584,305,306,-255.92021969027147,-3.9987534326604917,0.7747957992998833,857,664,188,0,3.8237951807228914,6.0,664,3803.572346173107,3778.251428539295,25.320917633813853,59.43081790895479,0.003917298730320369,0.09793246825800922,6.120779266125576e-05,0.40419158753760154,64
19648,306,307,-446.0975994535272,-6.970274991461363,0.7929240374609782,961,762,196,0,3.7335958005249346,6.0,762,5575.310324622221,5547.582595963445,27.727728658775913,87.1142238222222,0.006040064222260683,0.1510016055565171,9.437600347282318e-05,0.403440640523607,64
19712,307,308,-521.1095274575662,-8.142336366524471,0.7827027027027027,925,724,201,0,3.798342541436464,6.0,724,6265.110940805949,6238.079283864659,27.03165694129317,97.89235845009296,0.00669702780482689,0.16742569512067226,0.00010464105945042016,0.4035048710122236,64
19776,308,309,-494.1313198075136,-7.7208018719924,0.7727771679473107,911,704,206,0,3.671875,6.0,704,5956.69253259609,5931.23842632778,25.45410626830896,93.07332082181391,0.00637192072798125,0.15929801819953124,9.956126137470703e-05,0.4044925554914661,64
19840,309,310,-462.11023870081567,-7.220472479700245,0.7878787878787878,891,702,182,0,3.6495726495726495,6.0,702,5480.960359268563,5455.9863209698215,24.974038298740076,85.64000561357129,0.006075131665932932,0.1518782916483233,9.492393228020207e-05,0.40477670792564097,64
19904,310,311,-421.4995742909522,-6.585930848296128,0.7898789878987899,909,718,194,0,3.639275766016713,6.0,718,5436.833924042704,5412.446888958793,24.387035083911567,84.95053006316725,0.005693501043061653,0.14233752607654132,8.896095379783833e-05,0.40618073965382817,64
19968,311,312,-394.371687763331,-6.162057621302047,0.7893013100436681,916,723,199,0,3.496542185338866,6.0,723,4910.149072615606,4886.551288730254,23.597783885353774,76.72107925961885,0.005429207427843844,0.1357301856960961,8.483136606006006e-05,0.4091599522082587,64
20032,312,313,-525.0102576301194,-8.203285275470616,0.7668341708542713,995,763,235,0,3.656618610747051,6.0,763,5496.303715748165,5468.81860035836,27.48511538980281,85.87974555856508,0.006785717834477504,0.1696429458619376,0.000106026841163711,0.410082728440469,64
20096,313,314,-402.91661198183874,-6.29557206221623,0.7676438653637351,921,707,213,0,3.685997171145686,6.0,707,5126.023404313218,5100.397371030073,25.626033283146832,80.09411569239403,0.00545779699196977,0.13644492479924425,8.527807799952766e-05,0.4108369799365442,64
20160,314,315,-450.91156640906553,-7.045493225141649,0.7555066079295154,908,686,201,0,3.8644314868804663,6.0,686,5199.389234674958,5172.005670646294,27.38356402866671,81.24045679179622,0.005902989697156824,0.1475747424289206,9.223421401807537e-05,0.4115172595599047,64
20224,315,316,-465.13938238236506,-7.267802849724454,0.7958287596048299,911,725,197,0,3.8593103448275863,6.0,725,5524.686473041983,5497.085298378494,27.60117466348657,86.32322614128098,0.006141675507459354,0.15354188768648386,9.596367980405241e-05,0.41183862627631695,64
20288,316,317,-504.18861570763096,-7.877947120431734,0.7758985200845666,946,734,201,0,3.82425068119891,6.0,734,5496.809931903704,5466.756672063631,30.053259840073473,85.88765518599537,0.006548892581207421,0.16372231453018554,0.00010232644658136596,0.41201288537302594,64
20352,317,318,-421.28412970778334,-6.582564526684115,0.8202614379084967,918,753,183,0,3.853917662682603,6.0,753,5251.602248951338,5223.123367518389,28.478881432947343,82.05628513986466,0.005787961621554518,0.14469904053886296,9.043690033678935e-05,0.41109845191135236,64
20416,318,319,-307.34213791757946,-4.802220904962179,0.761478163493841,893,680,219,0,3.6941176470588237,6.0,680,4076.0081733375296,4050.3007034955235,25.707469842005025,63.6876277083989,0.004430486797581037,0.11076216993952592,6.92263562122037e-05,0.40957714296266323,64
20480,319,320,-240.94019178819582,-3.7646904966905597,0.7783018867924528,848,660,181,0,3.6303030303030304,6.0,660,3722.810855078141,3699.4528279383712,23.358027139770208,58.16891961059595,0.0037660481604303644,0.0941512040107591,5.8844502506724444e-05,0.40705308982839045,64
20544,320,321,-254.2353951645166,-3.972428049445572,0.7885714285714286,875,690,193,0,3.56231884057971,6.0,690,4085.277255291561,4061.6094395076243,23.667815783936142,63.83245711393064,0.003956714761335802,0.09891786903339504,6.18236681458719e-05,0.40385797891574976,64
20608,321,322,-241.3921229584891,-3.771751921226392,0.7765843179377014,931,723,205,0,3.619640387275242,6.0,723,4688.407915740047,4662.906404852619,25.50151088742815,73.25637368343824,0.0038935539204708676,0.09733884801177169,6.0836780007357306e-05,0.4014918269798404,64
20672,322,323,-299.8402238082416,-4.685003497003775,0.777535441657579,917,713,201,0,3.5287517531556802,6.0,713,4605.072135973474,4579.920942344833,25.15119362864186,71.95425212458554,0.004458897234561774,0.11147243086404436,6.967026929002772e-05,0.3988694174097218,64
20736,323,324,-323.18796671848804,-5.049811979976376,0.7955271565495208,939,747,190,0,3.5917001338688084,6.0,747,5634.204396836669,5608.197228809694,26.00716802697875,88.03444370057295,0.004786011191850033,0.11965027979625083,7.478142487265677e-05,0.3977476359521621,64
20800,324,325,-329.19333363486095,-5.143645838044702,0.7865853658536586,984,774,203,0,3.8165374677002584,6.0,774,5580.830295457337,5551.089204106823,29.74109135051276,87.2004733665209,0.004892779050118156,0.1223194762529539,7.644967265809619e-05,0.3975839688483279,64
20864,325,326,-302.98914694244763,-4.734205420975744,0.7741203178206584,881,682,219,0,3.7521994134897363,6.0,682,4820.380896944635,4794.501236410636,25.879660533999253,75.31845151475993,0.004393440185835623,0.10983600464589058,6.864750290368161e-05,0.3973471097922326,64
20928,326,327,-290.0736400245182,-4.532400625383097,0.7880085653104925,934,736,179,0,3.657608695652174,6.0,736,5304.134274004343,5277.745964167131,26.38830983721203,82.87709803131786,0.004442730481139401,0.11106826202848502,6.941766376780314e-05,0.3964822691504325,64
20992,327,328,-371.0338860049076,-5.797404468826681,0.816628701594533,878,717,168,0,3.608089260808926,6.0,717,5864.979921285437,5841.698306287533,23.281614997904555,91.64031127008495,0.005221072482096536,0.1305268120524134,8.157925753275837e-05,0.39553339398086906,64
21056,328,329,-255.87512395289417,-3.9980488117639714,0.7930258717660292,889,705,180,0,3.598581560283688,6.0,705,4610.595507374734,4586.159557321303,24.43595005342904,72.04055480273021,0.004023696983413352,0.1005924245853338,6.287026536583362e-05,0.39484472857176445,64
21120,329,330,-363.8814245224591,-5.685647258163423,0.8228388473852721,937,771,175,0,3.6588845654993514,6.0,771,6189.6013389622885,6164.310341989554,25.290996972736103,96.71252092128576,0.005269059784332663,0.13172649460831656,8.232905913019785e-05,0.39385628414007945,64
21184,330,331,-402.09714400945063,-6.282767875147666,0.7773237997957099,979,761,201,0,3.5886990801576872,6.0,761,6432.820264035329,6406.4747646324295,26.345499402897733,100.51281662555202,0.005594517664819176,0.13986294162047938,8.741433851279962e-05,0.3935768494332771,64
21248,331,332,-279.93696226920645,-4.374015035456351,0.7958963282937365,926,737,185,0,3.7421981004070557,6.0,737,5490.376959450163,5464.522330661565,25.854628788594653,85.7871399914088,0.004335108764339106,0.10837771910847764,6.773607444279853e-05,0.3945674664307865,64
21312,332,333,-280.9577041968927,-4.389964128076448,0.7911255411255411,924,731,209,0,3.7756497948016414,6.0,731,5076.021360633025,5049.847138064756,26.174222568266515,79.31283375989102,0.00430047331400675,0.10751183285016876,6.719489553135547e-05,0.3947452357051652,64
21376,333,334,-213.41623439864304,-3.3346286624787975,0.7787418655097614,922,718,211,0,3.9122562674094707,6.0,718,4994.971736987102,4967.082974333297,27.888762653805085,78.04643339042347,0.0035945933510638044,0.08986483377659511,5.6165521110371944e-05,0.3944094747002683,64
21440,334,335,-192.65152437727374,-3.0101800683949023,0.7822318526543879,923,722,195,0,3.721606648199446,6.0,722,4735.893953848423,4709.756334617374,26.137619231052092,73.9983430288816,0.0034161107001907894,0.08540276750476973,5.3376729690481085e-05,0.3931817210679377,64
21504,335,336,-225.3499819557082,-3.5210934680579404,0.773542600896861,892,690,198,0,3.5869565217391304,6.0,690,4717.922090936066,4692.777737389381,25.14435354668433,73.71753267087603,0.0036631359911421827,0.09157839977855457,5.7236499861596605e-05,0.3923698911394368,64
21568,336,337,-216.72265195729648,-3.3862914368327575,0.7863157894736842,950,747,195,0,3.7336010709504683,6.0,747,4728.336828420726,4701.6803409662825,26.65648745444259,73.88026294407385,0.003716429417848268,0.0929107354462067,5.806920965387919e-05,0.3923170385546408,64
21632,337,338,-203.52384921386687,-3.18006014396667,0.7852494577006508,922,724,204,0,3.707182320441989,6.0,724,5225.8879492922,5199.822591752429,26.065357539770694,81.65449920769062,0.003519547276565178,0.08798868191412945,5.4992926196330905e-05,0.39240837326518285,64
21696,338,339,-162.51779929244825,-2.539340613944504,0.7748132337246532,937,726,206,0,3.7258953168044076,6.0,726,4475.896786184822,4449.931787902502,25.964998282321037,69.93588728413785,0.0031116082000031513,0.07779020500007879,4.861887812504924e-05,0.39206629192059606,64
21760,339,340,-226.09329735864372,-3.532707771228808,0.7790055248618785,905,705,205,0,3.649645390070922,6.0,705,5134.5976149008775,5109.963988253293,24.633626647585338,80.22808773282621,0.0036975153291999804,0.0924378832299995,5.7773677018749694e-05,0.39268405069019907,64
21824,340,341,-231.58456978685047,-3.6185089029195385,0.7848518111964874,911,715,207,0,3.629370629370629,6.0,715,5070.377058389828,5045.184659927695,25.19239846213346,79.22464153734106,0.0037728625439848963,0.0943215635996224,5.8950977249764004e-05,0.39378649492975404,64
21888,341,342,-236.73146527069667,-3.6989291448546355,0.7636566332218506,897,685,205,0,3.6963503649635037,6.0,685,4620.022225530184,4594.767254076052,25.25497145413193,72.18784727390913,0.0037568726191660844,0.09392181547915211,5.870113467447007e-05,0.3950908125343126,64
21952,342,343,-202.70607882467573,-3.1672824816355583,0.7600827300930714,967,735,220,0,3.7551020408163267,6.0,735,5188.932108910464,5158.59197802182,30.34013088864297,81.077064201726,0.0035184942751506263,0.08796235687876566,5.4976473049228536e-05,0.39678648463064375,64
22016,343,344,-145.90684395811553,-2.279794436845555,0.808235294117647,850,687,175,0,3.7088791848617175,6.0,687,4039.483795701235,4013.487354710442,25.996440990793186,63.1169343078318,0.0028903457864967396,0.07225864466241849,4.5161652914011556e-05,0.39718861763966024,64
22080,344,345,-210.76466271928697,-3.293197854988859,0.786504424778761,904,711,199,0,3.817158931082982,6.0,711,4499.386114992564,4472.595807022766,26.790307969796793,70.30290804675882,0.003566826990140412,0.0891706747535103,5.5731671720943936e-05,0.3974553012105919,64
22144,345,346,-230.2601133072457,-3.597814270425714,0.7762008733624454,916,711,192,0,3.70182841068917,6.0,711,5255.11778675029,5228.426615388501,26.691171361789532,82.11121541797328,0.0037710652388020173,0.09427663097005043,5.892289435628152e-05,0.3971644258765622,64
22208,346,347,-215.5495079927016,-3.3679610623859624,0.7582089552238805,1005,762,234,0,3.79002624671916,6.0,762,5422.464035010931,5392.7523588197155,29.711676191217325,84.7260005470458,0.0036956564311213112,0.09239141077803278,5.774463173627049e-05,0.3976653311687929,64
22272,347,348,-214.82854225847348,-3.356695972788648,0.8105726872246696,908,736,190,0,3.71875,6.0,736,5108.458753221368,5083.045087867101,25.4136653542676,79.81966801908388,0.0036784883572588156,0.09196220893147039,5.747638058216899e-05,0.3975414613635182,64
22336,348,349,-176.30735008474971,-2.7548023450742143,0.7717514124293785,885,683,193,0,3.723279648609078,6.0,683,4592.984399818042,4567.668429529302,25.315970288740495,71.76538124715691,0.003163029201490122,0.07907573003725304,4.9422331273283153e-05,0.396346144079604,64
22400,349,350,-224.28719433464602,-3.504487411478844,0.7651282051282051,975,746,225,0,3.871313672922252,6.0,746,5443.803270378177,5414.45060407922,29.352666298956347,85.05942609965902,0.0037545451101261467,0.09386362775315367,5.866476734572104e-05,0.3952365514889804,64
22464,350,351,-188.98543634830386,-2.952897442942248,0.763617677286742,973,743,234,0,3.9502018842530284,6.0,743,5478.796746517624,5449.319891483245,29.47685503438099,85.60619916433788,0.0033829013836218016,0.08457253459054503,5.285783411909065e-05,0.3943678733392876,64
22528,351,352,-143.10557821529085,-2.2360246596139195,0.7792642140468228,897,699,197,0,3.8984263233190273,6.0,699,4098.522790249139,4071.2400741214155,27.282716127723546,64.0394185976428,0.0028658582112425237,0.07164645528106309,4.477903455066443e-05,0.3921200730059188,64
22592,352,353,-191.17310028538958,-2.987079691959212,0.777306468716861,943,733,213,0,3.8171896316507503,6.0,733,5446.623187708844,5418.759801860859,27.863385847984894,85.10348730795069,0.0034062475120895043,0.0851561878022376,5.3222617376398505e-05,0.39059492282610575,64
22656,353,354,-208.0584073054768,-3.250912614148075,0.7609921082299888,887,675,213,0,3.911111111111111,6.0,675,4505.42852054424,4478.7259401699,26.70258037433951,70.39732063350375,0.003435279568760341,0.08588198921900853,5.367624326188033e-05,0.38925504762416135,64
22720,354,355,-201.8517197954428,-3.1539331218037936,0.748712667353244,971,727,246,0,3.778541953232462,6.0,727,5233.971619969702,5205.650586372783,28.321033596919882,81.7808065620266,0.003458550614830647,0.08646376537076617,5.4039853356728856e-05,0.3871525423464989,64
22784,355,356,-219.6500378589031,-3.432031841545361,0.7576443941109853,883,669,225,0,3.883408071748879,6.0,669,4922.0996280517065,4894.8141047101,27.285523341608165,76.90780668830791,0.0035231821393751817,0.08807955348437954,5.5049720927737214e-05,0.38483909022166773,64
22848,356,357,-208.54637713264833,-3.25853714269763,0.746448087431694,915,683,215,0,3.800878477306003,6.0,683,4828.260394302715,4800.400842302881,27.859551999833325,75.44156866097993,0.003458400406484294,0.08646001016210735,5.4037506351317095e-05,0.3824603223903459,64
22912,357,358,-221.66495713496124,-3.4635149552337694,0.7226890756302521,952,688,256,0,3.9927325581395348,6.0,688,4925.606835393924,4894.018422068486,31.58841332543942,76.96260680303006,0.0035507196236933126,0.08876799059233281,5.547999412020801e-05,0.3820116562759881,64
22976,358,359,-253.93233813133924,-3.9676927833021756,0.7458926615553122,913,681,250,0,3.9412628487518355,6.0,681,4989.738661549796,4960.518985257752,29.21967629204263,77.96466658671557,0.0038639695912284612,0.09659923978071153,6.037452486294471e-05,0.38249378839275117,64
23040,359,360,-217.32603097135228,-3.3957192339273794,0.7624190064794817,926,706,217,0,3.7521246458923514,6.0,706,5175.962287866624,5147.7387077169815,28.223580149641982,80.874410747916,0.0035974742743017287,0.08993685685754321,5.621053553596451e-05,0.3830340378664801,64
23104,360,361,-269.174600721335,-4.20585313627086,0.7642706131078224,946,723,228,0,3.8464730290456433,6.0,723,5510.383625107252,5481.316768718238,29.066856389013672,86.0997441423008,0.0041428026921297165,0.10357006730324292,6.473129206452682e-05,0.38349210878964113,64
23168,361,362,-257.53568440517927,-4.023995068830926,0.7333333333333333,945,693,236,0,3.86002886002886,6.0,693,5175.279141091911,5147.094789938264,28.184351153648148,80.8637365795611,0.003943682915373322,0.09859207288433304,6.162004555270815e-05,0.3863087363368153,64
23232,362,363,-300.59687595773175,-4.696826186839559,0.7518959913326111,923,694,228,0,3.861671469740634,6.0,694,5498.934116803495,5472.164238229489,26.769878574007645,85.92084557505461,0.004387894868327155,0.10969737170817886,6.85608573176118e-05,0.38916633371481435,64
23296,363,364,-278.3889185031562,-4.349826851611816,0.7824709609292503,947,741,215,0,3.865047233468286,6.0,741,5429.0336868476825,5400.437954194035,28.595732653648668,84.82865135699504,0.0042938472141492165,0.10734618035373042,6.709136272108151e-05,0.3911026618473924,64
23360,364,365,-372.97622034030536,-5.827753442817271,0.7717976318622174,929,717,206,0,3.698744769874477,6.0,717,6060.696587735649,6033.364229214089,27.33235852156327,94.69838418336951,0.005190939592451739,0.12977348981129347,8.110843113205842e-05,0.3936559863065988,64
23424,365,366,-272.4086318949172,-4.256384873358082,0.7881619937694704,963,759,203,0,3.844532279314888,6.0,759,4941.829705571094,4914.05728867473,27.77241689636201,77.21608914954834,0.004291387356915791,0.10728468392289478,6.705292745180923e-05,0.39549893687357573,64
23488,366,367,-222.93991203434058,-3.4834361255365716,0.7717750826901875,907,700,217,0,3.7585714285714285,6.0,700,4497.557896221007,4470.797710197521,26.760186023485108,70.27434212845323,0.003639266825622359,0.09098167064055898,5.686354415034936e-05,0.39703156561682085,64
23552,367,368,-257.65558624375564,-4.025868535058682,0.7290322580645161,930,678,249,0,3.9041297935103243,6.0,678,4432.137557284943,4401.913841407809,30.223715877135177,69.25214933257723,0.0038937182558865294,0.09734295639716324,6.083934774822702e-05,0.39857350126245095,64
23616,368,369,-312.8921480202456,-4.8889398128163375,0.7810526315789473,950,742,214,0,4.006738544474394,6.0,742,5040.441624334119,5010.163774195811,30.277850138311273,78.75690038022061,0.004641016499306996,0.11602541248267491,7.251588280167182e-05,0.4006403617119102,64
23680,369,370,-317.5493310468638,-4.961708297607247,0.7661748013620885,881,675,214,0,3.8162962962962963,6.0,675,5428.611044687848,5402.1606185382525,26.45042614959851,84.82204757324763,0.004528845467213668,0.1132211366803417,7.076321042521356e-05,0.40306625817458674,64
23744,370,371,-445.4133062325276,-6.959582909883244,0.7408184679958028,953,706,218,0,3.7974504249291785,6.0,706,5663.654689800991,5635.180376769701,28.47431303129073,88.49460452814048,0.005874730071787248,0.1468682517946812,9.179265737167575e-05,0.40463386009029945,64
23808,371,372,-429.5380796495514,-6.71153249452424,0.7929864253393665,884,701,196,0,3.797432239657632,6.0,701,5545.642063448869,5518.484023004023,27.158040444843117,86.65065724138857,0.005730004427711691,0.14325011069279228,8.953131918299517e-05,0.40499390849264477,64
23872,372,373,-432.60697779665566,-6.759484028072745,0.7554858934169278,957,723,231,0,3.9349930843706775,6.0,723,6308.102274974885,6277.824029854444,30.27824512043998,98.56409804648258,0.005772180736719328,0.1443045184179832,9.01903240112395e-05,0.40671394206392714,64
23936,373,374,-300.985679430177,-4.702901241096516,0.7389006342494715,946,699,249,0,3.917024320457797,6.0,699,4591.956961431723,4561.966122992036,29.990838439688154,71.74932752237068,0.004377150228884161,0.10942875572210403,6.839297232631502e-05,0.4087306274348154,64
24000,374,375,-422.5032554163775,-6.601613365880898,0.7678185745140389,926,711,223,0,3.831223628691983,6.0,711,5661.892757620843,5634.298545247364,27.594212373479355,88.46707433782568,0.005650835249944061,0.14127088124860152,8.829430078037595e-05,0.4113223787602851,64
24064,375,376,-411.8047183784309,-6.434448724662983,0.7551462621885157,923,697,208,0,3.7948350071736012,6.0,697,6094.469152781687,6066.706432358815,27.76272042286823,95.22608051221385,0.0055289772877796265,0.13822443219449065,8.639027012155666e-05,0.4137773029816387,64
24128,376,377,-366.8356681894317,-5.7318073154598705,0.7679558011049724,905,695,231,0,3.7482014388489207,6.0,695,5195.585244447866,5168.850107443488,26.73513700437688,81.1810194444979,0.005046335476638866,0.12615838691597164,7.884899182248229e-05,0.4156254902075754,64
24192,377,378,-486.9733112045489,-7.608957987571077,0.7667364016736402,956,733,209,0,3.77762619372442,6.0,733,6401.607049030658,6373.3406432302145,28.266405800447245,100.02511014110404,0.006365563984975332,0.1591390996243833,9.946193726523956e-05,0.41682731069406725,64
24256,378,379,-263.2109225534749,-4.112670664898046,0.7181425485961123,926,665,256,0,3.866165413533835,6.0,665,4187.5724288071015,4160.117693667118,27.454735139981338,65.43081920011096,0.003912596696626919,0.09781491741567298,6.113432338479561e-05,0.4170909231834755,64
24320,379,380,-375.169021284535,-5.8620159575708595,0.7764449291166848,917,712,211,0,3.7219101123595504,6.0,712,5130.012586834838,5103.49228485552,26.520301979319335,80.15644666929434,0.005193284560246781,0.1298321140061695,8.114507125385595e-05,0.41662893374171894,64
24384,380,381,-337.19858471713894,-5.268727886205296,0.7808370044052864,908,709,213,0,3.8095909732016926,6.0,709,4933.296772140636,4906.9993715521505,26.29740058848465,77.08276206469743,0.004807114101741017,0.12017785254352542,7.511115783970339e-05,0.4160316641283449,64
24448,381,382,-398.34127342269096,-6.224082397229546,0.7943336831059811,953,757,193,0,3.586525759577279,6.0,757,5514.420233900511,5488.776893017484,25.643340883026447,86.16281615469549,0.005557218856308035,0.13893047140770087,8.683154462981305e-05,0.41565240396043707,64
24512,382,383,-314.8755254924765,-4.919930085819946,0.7420454545454546,880,653,222,0,3.8300153139356814,6.0,653,4520.900850663924,4495.004669967018,25.896180696905923,70.63907579162381,0.00443846577431123,0.11096164435778075,6.935102772361296e-05,0.41545157566681234,64
24576,383,384,-252.30761315273267,-3.942306455511448,0.7458563535911602,905,675,230,0,3.8325925925925928,6.0,675,4413.873493401094,4385.927826825306,27.945666575787982,68.96677333439209,0.0038588733506642755,0.09647183376660688,6.0294896104129304e-05,0.41558621333039936,64
24640,384,385,-370.3807801363161,-5.787199689629939,0.7857142857142857,966,759,212,0,3.7602108036890645,6.0,759,5195.944192533066,5168.341442805554,27.602749727507494,81.18662800832915,0.005258263593115225,0.13145658982788064,8.21603686424254e-05,0.4157308626733482,64
24704,385,386,-428.39624834614983,-6.693691380408591,0.7466517857142857,896,669,221,0,3.783258594917788,6.0,669,5394.155879498071,5367.493025253933,26.662854244138778,84.28368561715736,0.005612403874514213,0.14031009686285534,8.769381053928458e-05,0.4153848509162059,64
24768,386,387,-507.9935141972808,-7.937398659332512,0.7577374599786553,937,710,215,0,3.832394366197183,6.0,710,5434.168816482805,5407.923259241438,26.245557241366885,84.90888775754382,0.006511970945281685,0.16279927363204214,0.00010174954602002633,0.4146839346817647,64
24832,387,388,-511.0550137396872,-7.985234589682612,0.8055878928987195,859,692,197,0,3.708092485549133,6.0,692,5441.813829659429,5417.250554189548,24.563275469878594,85.02834108842858,0.006523607150459121,0.16309017876147802,0.00010193136172592376,0.4134975602045282,64
24896,388,389,-345.3386826754589,-5.395916916804046,0.780327868852459,915,714,175,0,3.570028011204482,6.0,714,5054.506735254505,5030.098970850612,24.40776440389135,78.97666773835164,0.004945732346575125,0.12364330866437813,7.727706791523633e-05,0.41205048460334304,64
24960,389,390,-629.6649312302833,-9.838514550473176,0.7970557308096741,951,758,204,0,3.5514511873350925,6.0,758,6961.484314952018,6936.82301211561,24.661302836412144,108.77319242112529,0.00786186985028056,0.196546746257014,0.00012284171641063375,0.41227131678914575,64
25024,390,391,-509.6113576748106,-7.962677463668916,0.8023012552301255,956,767,193,0,3.775749674054759,6.0,767,5524.948195789097,5497.271996531531,27.67619925756294,86.32731555920464,0.00669074482042557,0.16726862051063923,0.00010454288781914953,0.4114310880977614,64
25088,391,392,-437.0466137893093,-6.828853340457957,0.8041349292709467,919,739,194,0,3.7388362652232745,6.0,739,5386.295699012354,5359.941502174477,26.354196837876245,84.16087029706803,0.00589757164340378,0.1474392910850945,9.214955692818406e-05,0.4107369392794172,64
25152,392,393,-503.5947258672868,-7.868667591676356,0.7732067510548524,948,733,195,0,3.757162346521146,6.0,733,5706.48600174306,5679.982628833437,26.5033729096241,89.16384377723531,0.006549762998351533,0.16374407495878832,0.0001023400468492427,0.4100111556147756,64
25216,393,394,-441.0642258964409,-6.891628529631889,0.801906779661017,944,757,187,0,3.706737120211361,6.0,757,5263.982972351009,5237.212355972083,26.77061637892702,82.24973394298452,0.005987622355972672,0.1496905588993168,9.3556599312073e-05,0.4094778015400924,64
25280,394,395,-580.4003620963226,-9.068755657755041,0.762,1000,762,237,0,3.8503937007874014,6.0,762,6422.926736238398,6393.472101341248,29.454634897147812,100.35823025372497,0.007332878666205782,0.18332196665514455,0.00011457622915946534,0.409161595044345,64
25344,395,396,-487.9040833624342,-7.623501302538035,0.7940267765190525,971,771,200,0,3.688715953307393,6.0,771,5819.814352429958,5794.077174352829,25.737178077129393,90.93459925671809,0.0064778029881353075,0.16194507470338268,0.00010121567168961418,0.41129045127071984,64
25408,396,397,-632.5761137616032,-9.88400177752505,0.7680157946692991,1013,778,235,0,3.7429305912596402,6.0,778,6780.221025493995,6753.221146829824,26.99987866416954,105.94095352334367,0.007895791042640992,0.19739477606602482,0.0001233717350412655,0.4146621547679433,64
25472,397,398,-586.422530578706,-9.16285204029228,0.7980561555075594,926,739,186,0,3.7144790257104194,6.0,739,6224.568000445624,6198.36944779541,26.198552650216406,97.25887500696288,0.007401452374113186,0.18503630935282964,0.00011564769334551853,0.4175103607485694,64
25536,398,399,-385.9502700859036,-6.0304729700922435,0.7946524064171123,935,743,189,0,3.7954239569313595,6.0,743,5423.190110433831,5396.733123252874,26.4569871809576,84.73734547552861,0.005403912362063971,0.13509780905159927,8.443613065724955e-05,0.4191588540523282,64
25600,399,400,-451.5656584279913,-7.055713412937364,0.7825136612021858,915,716,208,0,3.702513966480447,6.0,716,4961.563634566731,4936.78440589212,24.779228674610717,77.52443179010517,0.005971480214527971,0.14928700536319928,9.330437835199955e-05,0.42024753138846466,64
25664,400,401,-451.4223809664228,-7.053474702600356,0.7882483370288248,902,711,198,0,3.6990154711673697,6.0,711,5479.0907926458885,5455.3745786420295,23.716214003855953,85.61079363509201,0.005966833254895176,0.14917083137237938,9.323176960773712e-05,0.42016062359521744,64
25728,401,402,-412.13619816900905,-6.439628096390766,0.7892518440463646,949,749,196,0,3.6275033377837116,6.0,749,5453.0111955899365,5426.680787552956,26.330408036982718,85.20329993109276,0.005671941195189052,0.1417985298797263,8.862408117482894e-05,0.4196684496632546,64
25792,402,403,-460.29191237759653,-7.192061130899946,0.7422680412371134,970,720,240,0,3.859722222222222,6.0,720,5487.958619494558,5459.522977024316,28.435642470243423,85.74935342960246,0.006029057947079418,0.15072644867698545,9.420403042311591e-05,0.41876052045331047,64
25856,403,404,-357.9235670847963,-5.592555735699942,0.7706725468577729,907,699,207,0,3.8741058655221745,6.0,699,4970.133795723899,4943.753085442145,26.380710281755363,77.65834055818593,0.0049955286843923,0.12488821710980749,7.805513569362968e-05,0.417341997545124,64
25920,404,405,-427.3368589561795,-6.677138421190305,0.7958740499457112,921,733,203,0,3.727148703956344,6.0,733,5462.650949031329,5436.244390144804,26.406558886524437,85.35392107861452,0.005775968633143852,0.1443992158285963,9.024950989287268e-05,0.4154973884787737,64
25984,405,406,-367.010154914846,-5.734533670544469,0.783677482792527,1017,797,200,0,3.8306148055207028,6.0,797,5592.974708291846,5562.001059809303,30.973648482542238,87.39022981706009,0.0053315034706690155,0.1332875867667254,8.330474172920337e-05,0.41324416871007646,64
26048,406,407,-246.0439898344472,-3.8444373411632373,0.7719101123595505,890,687,215,0,3.7467248908296944,6.0,687,3993.172915800831,3966.891841356934,26.281074443897424,62.393326809387986,0.00384224207951081,0.09605605198777024,6.0035032492356404e-05,0.41096623242639385,64
26112,407,408,-342.5769241890696,-5.352764440454212,0.7532188841201717,932,702,213,0,3.745014245014245,6.0,702,5299.919989525976,5272.188468493934,27.731521032041336,82.81124983634338,0.004843265164887796,0.1210816291221949,7.567601820137182e-05,0.40874765449099293,64
26176,408,409,-312.84012349543207,-4.888126929616126,0.7950377562028047,927,737,207,0,3.7720488466757125,6.0,737,5013.003864098902,4985.32559505216,27.678269046744106,78.32818537654535,0.004637573503236258,0.11593933758090645,7.246208598806653e-05,0.40794621683134447,64
26240,409,410,-186.41500550821507,-2.9127344610658605,0.778149386845039,897,698,194,0,3.871060171919771,6.0,698,4519.256223792722,4491.530440687822,27.7257831049009,70.61337849676129,0.0032968165434949944,0.08242041358737486,5.151275849210929e-05,0.40694360486475867,64
26304,410,411,-268.43732636202776,-4.194333224406684,0.7709251101321586,908,700,216,0,3.9114285714285715,6.0,700,4659.34560951165,4631.379875087225,27.965734424423573,72.80227514861953,0.004094126266449729,0.10235315666124321,6.397072291327701e-05,0.4061894293937012,64
26368,411,412,-268.65081218589876,-4.197668940404668,0.7316258351893096,898,657,228,0,3.7427701674277016,6.0,657,4638.486965075363,4611.054882558328,27.43208251703256,72.47635882930254,0.003978313175885429,0.09945782939713574,6.216114337320983e-05,0.40455876221853093,64
26432,412,413,-305.7899634824182,-4.777968179412785,0.7978260869565217,920,734,200,0,3.8760217983651226,6.0,734,5657.135324807956,5630.555215415363,26.58010939259532,88.39273945012431,0.00456813914193759,0.11420347854843975,7.137717409277484e-05,0.4035557374520303,64
26496,413,414,-294.50139324310277,-4.601584269423481,0.7923250564334086,886,702,182,0,3.725071225071225,6.0,702,4912.407260003617,4888.063724509303,24.343535494313212,76.75636343755652,0.0044035321943675055,0.11008830485918764,6.880519053699227e-05,0.4022417962522313,64
26560,414,415,-317.0255998360353,-4.953524997438052,0.7828335056876939,967,757,201,0,3.7199471598414795,6.0,757,5804.027190960957,5778.016252657172,26.010938303785267,90.68792485876496,0.00473486277491147,0.11837156937278676,7.398223085799172e-05,0.40108408105725507,64
26624,415,416,-229.26948606506733,-3.582335719766677,0.7866948257655755,947,745,207,0,3.65503355704698,6.0,745,4866.877040475566,4841.5394683005015,25.337572175066,76.04495375743072,0.0038227500045288207,0.09556875011322051,5.973046882076282e-05,0.3995369029955816,64
26688,416,417,-232.57796894422614,-3.6340307647535335,0.7422360248447205,966,717,231,0,3.676429567642957,6.0,717,4789.251091818087,4763.126617232231,26.12447458585891,74.83204830965761,0.003759382794849105,0.09398456987122762,5.874035616951726e-05,0.39801453066441017,64
26752,417,418,-269.31507506161824,-4.208048047837785,0.8096740273396424,951,770,205,0,3.605194805194805,6.0,770,5433.456572285538,5408.487695699973,24.968876585563216,84.89775894196153,0.004285190254749783,0.10712975636874458,6.695609773046536e-05,0.39668825595551105,64
26816,418,419,-120.55930256620488,-1.8837391025969512,0.788782816229117,838,661,175,0,3.7397881996974283,6.0,661,4023.421122348029,3999.6091587553988,23.81196359262947,62.86595503668795,0.002573331525351948,0.0643332881337987,4.020830508362419e-05,0.3956003291481236,64
26880,419,420,-187.80137164494596,-2.9343964319522806,0.783695652173913,920,721,179,0,3.6976421636615813,6.0,721,5042.512496854542,5017.356415125676,25.156081728867328,78.78925776335223,0.003384798727463711,0.08461996818659277,5.288748011662048e-05,0.3938871963329611,64
26944,420,421,-254.20123477729342,-3.9718942933952097,0.8048245614035088,912,734,197,0,3.5517711171662127,6.0,734,5474.86081633781,5450.505558474865,24.35525786294522,85.54470025527829,0.004058351642815916,0.1014587910703979,6.341174441899869e-05,0.3934751504984764,64
27008,421,422,-217.18086536093676,-3.393451021264637,0.7854030501089324,918,721,200,0,3.5991678224687935,6.0,721,4850.124919811985,4826.078742225694,24.0461775862917,75.78320187206226,0.0036530516547292617,0.09132629136823155,5.7078932105144715e-05,0.3927614647702434,64
27072,422,423,-254.26788295686305,-3.972935671200985,0.7329255861365953,981,719,248,0,3.7941585535465925,6.0,719,5446.593577836997,5418.473527544822,28.120050292172515,85.10302465370307,0.0039614960655849785,0.09903740163962446,6.189837602476529e-05,0.39264835167472056,64
27136,423,424,-144.04153641528853,-2.2506490064888833,0.7762008733624454,916,711,209,0,3.7454289732770745,6.0,711,4773.738565548938,4746.526309780706,27.212255768231156,74.58966508670215,0.0028881294245148574,0.07220323561287144,4.512702225804465e-05,0.3922421450377632,64
27200,424,425,-176.47547407672857,-2.757429282448884,0.7670940170940171,936,718,220,0,3.937325905292479,6.0,718,5382.166903675356,5352.201271966936,29.965631708418165,84.09635786992743,0.0032152949182687493,0.08038237295671873,5.023898309794921e-05,0.3915135639956274,64
27264,425,426,-197.9814626072414,-3.093460353238147,0.7378238341968912,965,712,247,0,3.859550561797753,6.0,712,5298.434704923795,5270.310082659742,28.124622264052856,82.7880422644343,0.0033822610288374343,0.08455652572093586,5.284782857558491e-05,0.39156396552723743,64
27328,426,427,-190.95286447033163,-2.9836385073489318,0.7452431289640592,946,705,247,0,3.74468085106383,6.0,705,5698.112890595579,5669.743407004408,28.369483591175104,89.03301391555593,0.003296805505857267,0.08242013764643168,5.1512586029019796e-05,0.3922434313486919,64
27392,427,428,-110.24968331129212,-1.7226513017389393,0.7528735632183908,870,655,227,0,3.851908396946565,6.0,655,4509.311779944606,4482.926766891876,26.385013052732187,70.45799656163447,0.0023939085371270656,0.059847713428176644,3.74048208926104e-05,0.39200342622985584,64
27456,428,429,-167.60169113247903,-2.618776423944985,0.7758816837315131,879,682,191,0,3.56891495601173,6.0,682,5199.341593645657,5174.619678794327,24.72191485133089,81.23971240071339,0.0030780659723324507,0.07695164930831126,4.809478081769454e-05,0.3922690168667562,64
27520,429,430,-163.12436701573557,-2.5488182346208683,0.7223360655737705,976,705,258,0,3.876595744680851,6.0,705,5082.73701823502,5052.576603342679,30.16041489234226,79.41776590992218,0.0030046631121917137,0.07511657780479285,4.6947861127995526e-05,0.392292493745923,64
27584,430,431,-161.4693640376803,-2.5229588130887546,0.7691453940066593,901,693,214,0,3.665223665223665,6.0,693,4794.074210638246,4768.023268910131,26.050941728115568,74.90740954122259,0.0030143610193600523,0.07535902548400131,4.709939092750082e-05,0.39179086551160647,64
27648,431,432,-132.473209426163,-2.069893897283797,0.7729166666666667,960,742,200,0,3.8059299191374665,6.0,742,4657.186801175741,4628.452040448285,28.734760727456678,72.76854376837095,0.002860738811716908,0.0715184702929227,4.4699043933076686e-05,0.3907421933138412,64
27712,432,433,-208.14334305369817,-3.252239735214034,0.7702265372168284,927,714,239,0,3.753501400560224,6.0,714,5808.3298210098965,5781.551865875906,26.77795513399083,90.75515345327963,0.0034998045829056084,0.08749511457264021,5.468444660790013e-05,0.3900194985149896,64
27776,433,434,-162.88374352187523,-2.5450584925293005,0.7527839643652561,898,676,213,0,3.724852071005917,6.0,676,4563.368778722557,4536.4929558966915,26.875822825863814,71.30263716753996,0.0029878576532073277,0.07469644133018319,4.6685275831364495e-05,0.3883833057742313,64
27840,434,435,-165.26122706672288,-2.582206672917545,0.7668845315904139,918,704,214,0,3.6732954545454546,6.0,704,4911.592743008194,4884.411315233433,27.181427774760465,76.74363660950303,0.0030794797209181156,0.0769869930229529,4.8116870639345556e-05,0.3866584416127805,64
27904,435,436,-155.31144225833503,-2.426741285286485,0.7644444444444445,900,688,214,0,3.7994186046511627,6.0,688,4588.1249460260315,4560.441796515784,27.68314951024734,71.68945228165674,0.002939926896956594,0.07349817242391485,4.593635776494678e-05,0.3845585725119029,64
27968,436,437,-193.67167659209298,-3.026119946751453,0.7627118644067796,944,720,217,0,3.861111111111111,6.0,720,5322.133188206039,5293.998814868689,28.134373337349906,83.15833106571937,0.003396390176188917,0.08490975440472293,5.306859650295183e-05,0.3831583421185153,64
28032,437,438,-172.68484497125277,-2.6982007026758246,0.7948139797068771,887,705,186,0,3.893617021276596,6.0,705,4912.237183289394,4884.427446496579,27.80973679281302,76.75370598889678,0.003186076342696258,0.07965190856740645,4.978244285462903e-05,0.38193937091348795,64
28096,438,439,-183.24281114386764,-2.863168924122932,0.7486398258977149,919,688,229,0,3.875,6.0,688,4655.1106944892745,4625.602031155895,29.508663333381296,72.73610460139491,0.0032005205763094113,0.08001301440773528,5.000813400483455e-05,0.38030493520223285,64
28160,439,440,-197.1929974514428,-3.081140585178794,0.7786016949152542,944,735,200,0,3.8680272108843536,6.0,735,5095.059192295782,5066.740225707868,28.318966587914126,79.61029987962159,0.0034874605655587647,0.08718651413896912,5.44915713368557e-05,0.37873278853769454,64
28224,440,441,-239.31967338730686,-3.7393698966766697,0.757607555089192,953,722,236,0,3.793628808864266,6.0,722,5676.184036459931,5647.221169932691,28.962866527235917,88.69037556968642,0.003832620993198436,0.0958155248299609,5.988470301872556e-05,0.3789049524416986,64
28288,441,442,-275.19367596776317,-4.2999011869962995,0.8302702702702702,925,768,182,0,3.7591145833333335,6.0,768,5263.705559613981,5236.140691044246,27.564868569735346,82.24539936896845,0.004366722666223348,0.1091680666555837,6.823004165973981e-05,0.38071541093857986,64
28352,442,443,-187.12030519347422,-2.9237547686480347,0.7568181818181818,880,666,201,0,3.684684684684685,6.0,666,4538.564371163345,4512.137122629784,26.427248533563567,70.91506829942726,0.003219199548452411,0.08047998871131028,5.029999294456892e-05,0.38121008140460055,64
28416,443,444,-278.65809207344114,-4.354032688647518,0.794577685088634,959,762,195,0,3.783464566929134,6.0,762,5771.697963378199,5742.401375523179,29.296587855021816,90.18278067778436,0.0043702737222161055,0.10925684305540263,6.828552690962665e-05,0.38169471266876676,64
28480,444,445,-253.33437761745114,-3.958349650272674,0.7838452787258248,879,689,194,0,3.72133526850508,6.0,689,5088.279094119926,5061.601881556459,26.677212563467066,79.50436084562385,0.003944931217943445,0.09862328044858612,6.163955028036633e-05,0.38386697644297446,64
28544,445,446,-271.5948065236994,-4.243668851932803,0.7940234791889007,937,744,194,0,3.754032258064516,6.0,744,5431.865086802269,5404.767912313605,27.097174488661242,84.87289198128545,0.004259158215191273,0.10647895537978182,6.654934711236364e-05,0.3872603194804686,64
28608,446,447,-218.8085653923973,-3.418883834256208,0.7535441657579062,917,691,216,0,3.646888567293777,6.0,691,5047.844990074202,5020.979607811767,26.86538226243235,78.8725779699094,0.003577005686905761,0.08942514217264402,5.5890713857902513e-05,0.3901297091948801,64
28672,447,448,-198.12973737690166,-3.0957771465140884,0.7949308755760369,868,690,184,0,3.7159420289855074,6.0,690,4273.045212680539,4246.965492809727,26.079719870812447,66.76633144813343,0.003409191911861705,0.08522979779654262,5.326862362283914e-05,0.3925940953209755,64
28736,448,449,-273.3018621762646,-4.270341596504134,0.7591006423982869,934,709,214,0,3.669957686882934,6.0,709,5145.614035536582,5118.410142212679,27.20389332390761,80.4002193052591,0.004165437053231755,0.10413592633079388,6.508495395674617e-05,0.3939999192089579,64
28800,449,450,-283.430596949215,-4.428603077331484,0.7729211087420043,938,725,215,0,3.7117241379310344,6.0,725,5511.250732506454,5484.199021309611,27.051711196843193,86.11329269541335,0.004306450736374551,0.10766126840936377,6.728829275585235e-05,0.39587134760784304,64
28864,450,451,-292.05132902949373,-4.5633020160858395,0.7917098445595855,965,764,214,0,3.676701570680628,6.0,764,5369.81526690329,5342.416527903595,27.398738999697287,83.9033635453639,0.004486851043788949,0.11217127609472373,7.010704755920233e-05,0.39672765113755193,64
28928,451,452,-305.32982723986873,-4.770778550622949,0.8093126385809313,902,730,176,0,3.7164383561643834,6.0,730,4857.730461343897,4832.988777824907,24.741683518988413,75.9020384584984,0.004583385469719483,0.11458463674298706,7.161539796436692e-05,0.39769938223779844,64
28992,452,453,-341.00778622052803,-5.3282466596957505,0.7535211267605634,994,749,243,0,3.6141522029372495,6.0,749,5576.412038970137,5549.535836177163,26.87620279297452,87.13143810890838,0.004903572660018013,0.12258931650045031,7.661832281278145e-05,0.39921060790353424,64
29056,453,454,-380.14623152379033,-5.939784867559224,0.7873392680514342,1011,796,207,0,3.680904522613065,6.0,796,6086.2954556914065,6058.194975443111,28.10048024829218,95.09836649517823,0.005452637115239477,0.13631592788098693,8.519745492561682e-05,0.4012990699592849,64
29120,454,455,-382.2803070425886,-5.973129797540447,0.7720364741641338,987,762,223,0,3.6535433070866143,6.0,762,6350.601566316911,6322.3132585491585,28.288307767753516,99.22814947370173,0.005372677273049337,0.13431693182623342,8.394808239139589e-05,0.4032544092109187,64
29184,455,456,-401.630581592774,-6.275477837387093,0.7925311203319502,964,764,206,0,3.8023560209424083,6.0,764,5989.828289141311,5960.706934884275,29.12135425703752,93.59106701783298,0.005590398419304703,0.13975996048261757,8.734997530163598e-05,0.4045561004823274,64
29248,456,457,-270.20944838690895,-4.222022631045452,0.7631296891747053,933,712,226,0,3.797752808988764,6.0,712,4840.967781866725,4813.436233210621,27.53154865610608,75.64012159166758,0.004128188886278278,0.10320472215695695,6.450295134809809e-05,0.40509982430845626,64
29312,457,458,-308.2561614513461,-4.816502522677283,0.7809419496166484,913,713,193,0,3.664796633941094,6.0,713,4781.952778080298,4755.8816674902055,26.07111059009227,74.71801215750466,0.004550626845457435,0.11376567113643588,7.110354446027243e-05,0.40531974275233495,64
29376,458,459,-265.1047329322652,-4.142261452066644,0.793859649122807,912,724,202,0,3.697513812154696,6.0,724,4625.742323005622,4600.138552083219,25.603770922402614,72.27722379696284,0.004137394174406833,0.10343485436017082,6.464678397510676e-05,0.40612713267209055,64
29440,459,460,-305.2453465930614,-4.769458540516585,0.7756202804746494,927,719,183,0,3.687065368567455,6.0,719,4858.655446624779,4831.182063215856,27.47338340892221,75.91649135351217,0.004547731179354673,0.11369327948386682,7.105829967741676e-05,0.4078977648434382,64
29504,460,461,-332.38452157291727,-5.193508149576832,0.7833152762730228,923,723,211,0,3.715076071922545,6.0,723,5264.935189384219,5239.356597733547,25.578591650672553,82.26461233412842,0.0047967149621264155,0.11991787405316039,7.494867128322524e-05,0.41012510890125514,64
29568,461,462,-322.0691394484613,-5.032330303882208,0.7817371937639198,898,702,187,0,3.547008547008547,6.0,702,4943.464022438763,4919.345785155374,24.118237283387625,77.24162535060567,0.0046692839958250585,0.11673209989562647,7.295756243476654e-05,0.411236359398373,64
29632,462,463,-367.2315947803508,-5.737993668442981,0.7803347280334728,956,746,206,0,3.517426273458445,6.0,746,5277.79035726963,5253.1355360157595,24.654821253871756,82.46547433233796,0.005201908616025955,0.13004771540064888,8.127982212540555e-05,0.41194731721169464,64
29696,463,464,-404.875366516314,-6.326177601817406,0.8165429480381761,943,770,174,0,3.4974025974025973,6.0,770,5467.595775417316,5443.940612268218,23.655163149097717,85.43118399089556,0.005679088111479927,0.14197720278699819,8.873575174187387e-05,0.41231805026639157,64
29760,464,465,-397.58773743034544,-6.2123083973491475,0.8193688792165397,919,753,179,0,3.549800796812749,6.0,753,5979.405792382938,5954.9503870942635,24.45540528867499,93.4282155059834,0.005557158338607876,0.1389289584651969,8.683059904074806e-05,0.4131879354161912,64
29824,465,466,-338.7455281574347,-5.292898877459917,0.7677777777777778,900,691,220,0,3.5701881331403764,6.0,691,4668.019475262295,4643.197172864132,24.822302398160843,72.93780430097335,0.00476967363861802,0.1192418409654505,7.452615060340656e-05,0.412790532392693,64
29888,466,467,-349.4481733079829,-5.460127707937233,0.7985386221294363,958,765,189,0,3.552941176470588,6.0,765,4998.990408233461,4973.8745636604535,25.115844573008193,78.10922512864782,0.005091486897431589,0.12728717243578974,7.955448277236858e-05,0.41321645262054146,64
29952,467,468,-368.3569944128317,-5.755578037700495,0.7671232876712328,949,728,203,0,3.409340659340659,6.0,728,5248.716304353591,5224.814656302161,23.901648051433387,82.01119225552486,0.00517356179192672,0.129339044798168,8.0836902998855e-05,0.4138599681373076,64
30016,468,469,-356.15165047400967,-5.564869538656401,0.7805864509605662,989,772,214,0,3.5608808290155443,6.0,772,5379.094272232473,5352.37118965027,26.723082582203507,84.04834800363238,0.005145014602593299,0.12862536506483246,8.03908531655203e-05,0.41426428839228047,64
30080,469,470,-282.5710477343066,-4.415172620848541,0.8082959641255605,892,721,182,0,3.49375866851595,6.0,721,4427.139159548987,4405.504986151482,21.63417339750466,69.17404936795292,0.004326763673139819,0.10816909182849548,6.760568239280967e-05,0.41434085275476795,64
30144,470,471,-313.915856417491,-4.904935256523297,0.8100436681222707,916,742,179,0,3.6913746630727764,6.0,742,4937.924880556963,4912.34882242574,25.57605813122264,77.15507625870255,0.004695259817361225,0.11738149543403062,7.336343464626914e-05,0.41270225695371177,64
30208,471,472,-471.27681200661505,-7.36370018760336,0.7719298245614035,969,748,218,0,3.6029411764705883,6.0,748,6449.348363233417,6423.4023533626705,25.94600987074629,100.77106817552215,0.006235185591804282,0.15587963979510705,9.74247748719419e-05,0.4120181583048446,64
30272,472,473,-447.2776835504951,-6.988713805476486,0.7752928647497338,939,728,206,0,3.5755494505494507,6.0,728,5756.407467240601,5731.229412140988,25.178055099616262,89.9438666756344,0.00595885647318667,0.14897141182966675,9.310713239354171e-05,0.41237667778413395,64
30336,473,474,-323.6967039032338,-5.057760998488028,0.785876993166287,878,690,197,0,3.5652173913043477,6.0,690,4514.059342964483,4490.486804079986,23.57253888449671,70.53217723382005,0.004645818624215451,0.11614546560538629,7.259091600336643e-05,0.41189081324677823,64
30400,474,475,-363.5352614112235,-5.680238459550367,0.7659115426105717,927,710,214,0,3.6338028169014085,6.0,710,4774.073399119629,4749.348573868103,24.724825251526294,74.59489686124421,0.005069074274408919,0.12672685686022298,7.920428553763936e-05,0.4108965463015034,64
30464,475,476,-323.13872833233194,-5.0490426301926865,0.7655719139297849,883,676,202,0,3.6479289940828403,6.0,676,4296.09870244625,4271.197311323723,24.901391122527663,67.12654222572266,0.004599391149738032,0.11498477874345081,7.186548671465675e-05,0.40893076574395804,64
30528,476,477,-274.6789323699321,-4.291858318280189,0.7725225225225225,888,686,215,0,3.558309037900875,6.0,686,4050.4411429816128,4026.0266831560657,24.41445982554408,63.2881428590877,0.004124527086408838,0.10311317716022095,6.444573572513809e-05,0.40658106040012676,64
30592,477,478,-370.08128499543136,-5.782520078053615,0.7827586206896552,870,681,192,0,3.513950073421439,6.0,681,5071.423080843585,5047.972189146925,23.45089169665835,79.24098563818102,0.005093610352945646,0.12734025882364114,7.958766176477572e-05,0.40454739530594336,64
30656,478,479,-343.634968274721,-5.369296379292516,0.779317697228145,938,731,183,0,3.4774281805745555,6.0,731,4918.770167441505,4894.347926673424,24.422240768082972,76.85578386627351,0.004959704703804532,0.12399261759511329,7.749538599694581e-05,0.4042623063992222,64
30720,479,480,-387.5128422928504,-6.054888160825787,0.8085808580858086,909,735,192,0,3.6244897959183673,6.0,735,5466.147980810701,5441.4263415682135,24.721639242486937,85.4085622001672,0.005396192056683745,0.13490480141709363,8.431550088568351e-05,0.40510559392905443,64
30784,480,481,-358.6600930268197,-5.604063953544058,0.7767195767195767,945,734,206,0,3.4455040871934606,6.0,734,5092.2009308441375,5068.501839374724,23.69909146941263,79.56563954443965,0.0050871987464481605,0.127179968661204,7.948748041325251e-05,0.407288654354822,64
30848,481,482,-407.31582692551797,-6.364309795711218,0.7927107061503417,878,696,185,0,3.531609195402299,6.0,696,4973.053323875631,4949.67803183371,23.37529204192223,77.70395818555673,0.005510501851644692,0.1377625462911173,8.610159143194832e-05,0.4096053602066065,64
30912,482,483,-415.33239875255754,-6.4895687305087115,0.7993456924754635,917,733,184,0,3.470668485675307,6.0,733,5149.777371922966,5125.585517788305,24.19185413466231,80.46527143629635,0.0056778314248330025,0.14194578562082505,8.871611601301566e-05,0.4110975973847536,64
30976,483,484,-421.1590298775645,-6.580609841836945,0.7749725576289791,911,706,205,0,3.454674220963173,6.0,706,5028.106386046011,5004.503031705809,23.603354340201342,78.56416228196892,0.005648112735610183,0.1412028183902546,8.825176149390911e-05,0.41248831869212965,64
31040,484,485,-436.0412668918094,-6.813144795184522,0.778856526429342,927,722,195,0,3.4390581717451525,6.0,722,5905.575005700719,5882.673177325311,22.901828375407483,92.27460946407373,0.005845598704354135,0.1461399676088534,9.133747975553337e-05,0.4139054573818177,64
31104,485,486,-298.4997984019626,-4.664059350030666,0.797281993204983,883,704,195,0,3.6463068181818183,6.0,704,4425.332212113715,4400.970939072527,24.361273041189662,69.1458158142768,0.00442772991027647,0.11069324775691174,6.918327984806984e-05,0.41400236868214735,64
31168,486,487,-351.999025502712,-5.499984773479875,0.7553793884484711,883,667,215,0,3.7136431784107944,6.0,667,4849.35592670907,4824.083009218307,25.272917490763277,75.77118635482923,0.004851988955877156,0.12129972389692889,7.581232743558056e-05,0.41266298666033363,64
31232,487,488,-496.0726026115394,-7.7511344158053035,0.787434554973822,955,752,198,0,3.640957446808511,6.0,752,5964.372306557379,5937.470561391412,26.90174516596851,93.19331728995904,0.006514293609767483,0.16285734024418708,0.00010178583765261692,0.41137947993997515,64
31296,488,489,-467.8591563956558,-7.310299318682122,0.7723076923076924,975,753,213,0,3.588313413014608,6.0,753,6435.637139462636,6410.183554498309,25.453584964326076,100.55683030410368,0.006217484335514469,0.15543710838786173,9.714819274241358e-05,0.41053353209368176,64
31360,489,490,-465.5431244190555,-7.274111319047742,0.7766599597585513,994,772,226,0,3.7072538860103625,6.0,772,5803.5613116475,5776.310611937389,27.250699710110855,90.68064549449218,0.006225191629926653,0.15562979074816632,9.726861921760395e-05,0.409366740728746,64
31424,490,491,-386.62655358806353,-6.041039899813493,0.8049837486457205,923,743,187,0,3.624495289367429,6.0,743,5450.005577720714,5425.78321887821,24.22235884250339,85.15633715188616,0.005410621418572725,0.13526553546431813,8.454095966519883e-05,0.4080926078234041,64
31488,491,492,-326.8334744240225,-5.106773037875351,0.8166849615806806,911,744,174,0,3.6048387096774195,6.0,744,5502.15259317157,5478.7272224983,23.42537067327073,85.97113426830578,0.00483453069150403,0.12086326728760076,7.553954205475047e-05,0.40730319117366287,64
31552,492,493,-414.04971488318154,-6.4695267950497115,0.7803590285110876,947,739,195,0,3.5426251691474966,6.0,739,6167.865901182441,6143.81958057797,24.046320604473095,96.37290470597564,0.005667094245733357,0.14167735614333393,8.854834758958371e-05,0.40676685988313405,64
31616,493,494,-305.38142340934763,-4.771584740771057,0.7780126849894292,946,736,211,0,3.4972826086956523,6.0,736,4958.509800275818,4933.822689210481,24.687111065338776,77.47671562930965,0.004554887531489584,0.11387218828723959,7.117011767952475e-05,0.4054494746280422,64
31680,494,495,-256.61869319933646,-4.009667081239632,0.7834602829162133,919,720,191,0,3.588888888888889,6.0,720,4923.744853044618,4899.945133148712,23.7997198959073,76.93351332882216,0.004054195074813257,0.10135487687033143,6.334679804395714e-05,0.4046642869968695,64
31744,495,496,-411.4025730877406,-6.428165204495947,0.8345323741007195,973,812,164,0,3.688423645320197,6.0,812,6374.036238687191,6349.538508900889,24.497729786300862,99.59431622948736,0.005853188512656438,0.14632971281641094,9.145607051025684e-05,0.4044991497165,64
31808,496,497,-380.7447854471036,-5.949137272610994,0.7821052631578947,950,743,210,0,3.5504710632570657,6.0,743,5310.988549421579,5287.3495298888665,23.63901953271613,82.98419608471217,0.005330776491256268,0.1332694122814067,8.329338267587919e-05,0.40426860982783763,64
31872,497,498,-347.48205573994255,-5.429407120936602,0.7831449126413155,973,762,210,0,3.6325459317585302,6.0,762,5265.244922330102,5239.893234415289,25.35168791481459,82.26945191140784,0.005038636744989263,0.12596591862473158,7.872869914045723e-05,0.40284597102059816,64
31936,498,499,-310.88430720821646,-4.857567300128382,0.8112773302646721,869,705,177,0,3.479432624113475,6.0,705,4978.915537302073,4956.964939126226,21.95059817584616,77.79555527034489,0.0045776086984011585,0.11444021746002896,7.15251359125181e-05,0.40139275044148637,64
32000,499,500,-253.76402287782614,-3.9650628574660334,0.7594291539245668,981,745,223,0,3.5691275167785235,6.0,745,5185.763414675331,5160.820747762164,24.942666913169028,81.02755335430204,0.004046112712378116,0.1011528178094529,6.322051113090806e-05,0.3999271299424493,64
