train_slots,rollout_index,updates,train_return,train_mean_slot_Rsys,train_satisfaction,train_cr,train_arrived,train_done,train_timeout,train_rejected,train_system_delay_overhead_s_per_slot,train_delay_sum_s,train_avg_completed_e2e_delay_s,train_p95_completed_e2e_delay_s,train_delay_samples,train_system_energy_overhead_kj_per_slot,train_total_dynamic_energy_j,train_energy_comp_j,train_energy_trans_j,train_cumulative_lifetime_loss,train_cum_hl_mean_satellite,train_avg_hl_per_sat_slot,train_avg_dod,train_n_slots
64,0,1,388.9645765070075,6.077571507921992,0.7454160789844851,0.7454160789844851,1418,1057,295,0,50.96875,3262.0,3.0860927152317883,5.0,1057,0.032254524765620865,2064.2895849997353,2026.2709218455805,38.018663154154325,0.01833357379726181,0.0007333429518904724,1.145848362328863e-05,0.3518646086633258,64
128,1,2,389.7764514268022,6.090257053543785,0.7828655834564254,0.7828655834564254,1354,1060,303,0,53.34375,3414.0,3.220754716981132,5.0,1060,0.030542234780996855,1954.7030259837989,1916.6059747636295,38.09705122016861,0.017153033802136092,0.0006861213520854437,1.0720646126335058e-05,0.34798036485670003,64
192,2,3,388.32458919157364,6.067571706118338,0.7631012203876526,0.7631012203876526,1393,1063,315,0,53.765625,3441.0,3.237064910630292,5.0,1063,0.029959720774336424,1917.4221295575312,1875.7399344089215,41.68219514861043,0.016925561554002353,0.0006770224621600942,1.0578475971251471e-05,0.3439657455943173,64
256,3,4,394.1884442758028,6.159194441809419,0.7624736472241743,0.7624736472241743,1423,1085,332,0,56.140625,3593.0,3.311520737327189,5.0,1085,0.0309981163512623,1983.8794464807872,1941.7164189525245,42.16302752826254,0.017442772647053777,0.0006977109058821511,1.0901732904408611e-05,0.3401254221938377,64
320,4,5,413.03311938537354,6.4536424903964615,0.7894736842105263,0.7894736842105263,1425,1125,321,0,57.703125,3693.0,3.2826666666666666,5.0,1125,0.03423554732875948,2191.0750290406068,2150.1812198804037,40.8938091602025,0.018917303908497714,0.0007566921563399086,1.1823314942811071e-05,0.3362181759054299,64
384,5,6,400.5292667067648,6.2582697922932,0.7586685159500693,0.7586685159500693,1442,1094,314,0,55.65625,3562.0,3.2559414990859232,5.0,1094,0.03309884219253416,2118.325900322186,2076.6134526499654,41.71244767222057,0.018962310042708333,0.0007584924017083333,1.1851443776692708e-05,0.33245181587845585,64
448,6,7,410.89971319853777,6.420308018727153,0.7881773399014779,0.7881773399014779,1421,1120,320,0,56.8125,3636.0,3.2464285714285714,5.0,1120,0.033755756878283895,2160.3684402101694,2121.7382950697247,38.6301451404453,0.018923543573006386,0.0007569417429202555,1.1827214733128992e-05,0.3286169250599237,64
512,7,8,398.7705025349102,6.2307891021079715,0.7715700141442716,0.7715700141442716,1414,1091,320,0,57.109375,3655.0,3.3501374885426216,5.0,1091,0.03282783675651314,2100.981552416841,2057.6693439123687,43.31220850447168,0.017898351336910884,0.0007159340534764354,1.1186469585569303e-05,0.3248427315035326,64
576,8,9,384.6961493897204,6.010877334214381,0.7328813559322034,0.7328813559322034,1475,1081,366,0,55.671875,3563.0,3.296022201665125,5.0,1081,0.030765231813619853,1968.9748360716706,1926.2208661101704,42.753969961500296,0.018290733434682533,0.0007316293373873013,1.1431708396676583e-05,0.3209031239647136,64
640,9,10,424.3949324848926,6.631170820076447,0.8020979020979021,0.8020979020979021,1430,1147,314,0,59.265625,3793.0,3.306887532693984,5.0,1147,0.03438567804933412,2200.683395157384,2159.414454130118,41.26894102726669,0.018639312730812478,0.0007455725092324991,1.1649570456757798e-05,0.3175046239748254,64
704,10,11,435.1516620374,6.799244719334375,0.8173418621179815,0.8173418621179815,1407,1150,271,0,58.4375,3740.0,3.252173913043478,5.0,1150,0.030991086729223263,1983.4295506702888,1943.1373111934283,40.29223947685969,0.01740678417289991,0.0006962713669159964,1.0879240108062444e-05,0.3153493322354364,64
768,11,12,406.40336839612894,6.350052631189515,0.7834757834757835,0.7834757834757835,1404,1100,294,0,54.1875,3468.0,3.152727272727273,5.0,1100,0.03400692988608776,2176.4435127096162,2138.82163083721,37.62188187240537,0.019919633956257028,0.000796785358250281,1.2449771222660641e-05,0.31394513432122634,64
832,12,13,419.4251782031236,6.553518409423806,0.7822802197802198,0.7822802197802198,1456,1139,305,0,57.203125,3661.0,3.214223002633889,5.0,1139,0.03860689198215812,2470.84108685812,2432.1610035301137,38.68008332800548,0.022594509197637832,0.0009037803679055133,1.4121568248523646e-05,0.31269434688491704,64
896,13,14,427.8634599648858,6.685366561951341,0.7928913192071086,0.7928913192071086,1463,1160,314,0,57.421875,3675.0,3.168103448275862,5.0,1160,0.03519212176903214,2252.295793218057,2212.715176133716,39.5806170843424,0.020612337340319493,0.0008244934936127797,1.2882710837699683e-05,0.3112936160494106,64
960,14,15,414.45115104254876,6.475799235039824,0.7804709141274239,0.7804709141274239,1444,1127,312,0,57.90625,3706.0,3.2883762200532387,5.0,1127,0.0318951677771288,2041.2907377362433,2000.3043813240436,40.9863564122,0.019633692355588126,0.0007853476942235251,1.2271057722242579e-05,0.310684312412592,64
1024,15,16,382.41711412131656,5.975267408145571,0.7567760342368046,0.7567760342368046,1402,1061,332,0,55.53125,3554.0,3.349670122525919,5.0,1061,0.031076726802265336,1988.9105153449816,1946.201235253805,42.70928009117648,0.018666992290082667,0.0007466796916033067,1.1666870181301668e-05,0.3106898128597412,64
1088,16,17,403.9696096864669,6.312025151351046,0.7715277777777778,0.7715277777777778,1440,1111,332,0,57.4375,3676.0,3.308730873087309,5.0,1111,0.03236007215239072,2071.044617753006,2028.1871166801711,42.857501072835674,0.018998142131324298,0.0007599256852529719,1.1873838832077686e-05,0.3104344098338049,64
1152,17,18,381.8570831588261,5.966516924356657,0.7713659605551497,0.7713659605551497,1369,1056,324,0,56.703125,3629.0,3.4365530303030303,5.0,1056,0.030217661751847393,1933.9303521182333,1890.390215534832,43.54013658340115,0.01853141310246964,0.0007412565240987857,1.1582133189043526e-05,0.3099485032076209,64
1216,18,19,385.55474582058554,6.024292903446649,0.7659727207465901,0.7659727207465901,1393,1067,334,0,56.59375,3622.0,3.39456419868791,5.0,1067,0.028983942824796126,1854.9723407869521,1811.355700321783,43.616640465169034,0.017622298921341078,0.0007048919568536431,1.1013936825838174e-05,0.31000932371857914,64
1280,19,20,403.83636533001254,6.309943208281446,0.7646652864044169,0.7646652864044169,1449,1108,330,0,59.125,3784.0,3.4151624548736463,5.0,1108,0.03075303535617068,1968.1942627949236,1921.7898169246307,46.40444587029194,0.018432324127124988,0.0007372929650849995,1.1520202579453117e-05,0.31065941108867245,64
1344,20,21,385.2835039334244,6.0200547489597565,0.7609929078014185,0.7609929078014185,1410,1073,340,0,57.8125,3700.0,3.4482758620689653,5.0,1073,0.0303757866068262,1944.0503428368768,1898.891005541323,45.15933729555338,0.019364000565542806,0.0007745600226217122,1.2102500353464253e-05,0.3112411886703565,64
1408,21,22,381.34239309686575,5.958474892138527,0.7344594594594595,0.7344594594594595,1480,1087,387,0,58.828125,3765.0,3.4636614535418584,5.0,1087,0.03169939190704357,2028.7610820507884,1980.4802895151438,48.28079253564372,0.020170379630656484,0.0008068151852262594,1.2606487269160302e-05,0.31152940422938924,64
1472,22,23,377.1992567048508,5.893738386013294,0.7689450222882616,0.7689450222882616,1346,1035,309,0,55.828125,3573.0,3.4521739130434783,5.0,1035,0.026854137120880393,1718.664775736345,1676.3866525986593,42.2781231376857,0.016712968239897312,0.0006685187295958925,1.044560514993582e-05,0.311460560687686,64
1536,23,24,400.6202233706972,6.259690990167144,0.772027972027972,0.772027972027972,1430,1104,326,0,58.9375,3772.0,3.4166666666666665,5.0,1104,0.033516876114519416,2145.0800713292424,2099.690297881058,45.389773448184215,0.021147909892516647,0.0008459163957006659,1.3217443682822904e-05,0.31106042095023634,64
1600,24,25,374.5959579545495,5.853061843039836,0.755939524838013,0.755939524838013,1389,1050,350,0,56.734375,3631.0,3.458095238095238,5.0,1050,0.02973617763488018,1903.1153686323314,1857.6105467864027,45.504821845928525,0.018059116966664974,0.0007223646786665989,1.1286948104165608e-05,0.3104454847843653,64
1664,25,26,364.39741251046735,5.693709570476052,0.7446808510638298,0.7446808510638298,1363,1015,324,0,55.03125,3522.0,3.469950738916256,5.0,1015,0.027511896412698772,1760.7613704127214,1717.1983132493683,43.56305716335239,0.017700943469933228,0.0007080377387973291,1.1063089668708267e-05,0.31030243828774995,64
1728,26,27,372.73431322338655,5.823973644115415,0.7577729573391179,0.7577729573391179,1383,1048,349,0,57.28125,3666.0,3.4980916030534353,5.0,1048,0.028374798031049323,1815.9870739871567,1769.3815931795707,46.60548080758586,0.018865671615681916,0.0007546268646272766,1.1791044759801196e-05,0.31002584485096957,64
1792,27,28,390.8088621892982,6.106388471707785,0.7615062761506276,0.7615062761506276,1434,1092,360,0,59.65625,3818.0,3.4963369963369964,5.0,1092,0.029099896866040493,1862.3933994265915,1816.6300582523993,45.76334117419216,0.018155331594558875,0.000726213263782355,1.1347082246599296e-05,0.3094440412731464,64
1856,28,29,400.8964456306521,6.264006962978939,0.7679944095038435,0.7679944095038435,1431,1099,324,0,58.171875,3723.0,3.3876251137397633,5.0,1099,0.029761819444202465,1904.7564444289578,1860.6968914336649,44.05955299529212,0.01820722269502393,0.0007282889078009572,1.1379514184389957e-05,0.308529141490867,64
1920,29,30,386.61898350927675,6.040921617332449,0.759800427655025,0.759800427655025,1403,1066,322,0,55.5625,3556.0,3.3358348968105065,5.0,1066,0.029660357112642557,1898.2628552091237,1856.5706576342902,41.69219757483287,0.01819102584226086,0.0007276410336904345,1.1369391151413038e-05,0.3072394058115371,64
1984,30,31,387.3116048547243,6.051743825855067,0.7755847953216374,0.7755847953216374,1368,1061,309,0,56.25,3600.0,3.393025447690858,5.0,1061,0.029326019654788798,1876.865257906483,1833.1231190541105,43.74213885237135,0.017848084331347963,0.0007139233732539185,1.1155052707092477e-05,0.30576333436243885,64
2048,31,32,371.3675244577996,5.802617569653119,0.7428977272727273,0.7428977272727273,1408,1046,356,0,56.8125,3636.0,3.4760994263862335,5.0,1046,0.02934807347212674,1878.2767022161113,1832.28216752867,45.99453468744106,0.018028586538418944,0.0007211434615367577,1.126786658651184e-05,0.30388702267995954,64
2112,32,33,378.66908025092823,5.916704378920754,0.7576187101346563,0.7576187101346563,1411,1069,362,0,57.265625,3665.0,3.4284377923292797,5.0,1069,0.0320863899306437,2053.5289555611967,2008.930686479897,44.59826908130003,0.020013351903352277,0.0008005340761340911,1.2508344939595173e-05,0.30240166734984203,64
2176,33,34,412.69685638875274,6.4483883810742615,0.7622841965471447,0.7622841965471447,1506,1148,352,0,62.375,3992.0,3.4773519163763065,5.0,1148,0.03390698680208265,2170.0471553332895,2120.14576876564,49.90138656764887,0.022662697269208883,0.0009065078907683553,1.4164185793255552e-05,0.30133631327785737,64
2240,34,35,411.4936112533001,6.429587675832814,0.7762525737817433,0.7762525737817433,1457,1131,323,0,59.625,3816.0,3.374005305039788,5.0,1131,0.034465312056036694,2205.7799715863484,2162.5282008315976,43.25177075475154,0.022866882786676142,0.0009146753114670457,1.429180174167259e-05,0.30008877255213,64
2304,35,36,368.20297600640816,5.753171500100128,0.768595041322314,0.768595041322314,1331,1023,316,0,51.1875,3276.0,3.2023460410557183,5.0,1023,0.029425080402741947,1883.2051457754847,1843.3411121333206,39.86403364216321,0.019288140693726724,0.000771525627749069,1.2055087933579203e-05,0.2990312106978757,64
2368,36,37,376.81190539987733,5.887686021873083,0.7736411020104245,0.7736411020104245,1343,1039,316,0,54.296875,3475.0,3.3445620789220403,5.0,1039,0.02899221797715933,1855.5019505381972,1813.4324811909908,42.069469347207054,0.01729987377205687,0.0006919949508822749,1.0812421107535545e-05,0.29858767496218896,64
2432,37,38,380.76931595277944,5.949520561762179,0.7461430575035063,0.7461430575035063,1426,1064,341,0,57.640625,3689.0,3.4671052631578947,5.0,1064,0.029425759224170643,1883.2485903469212,1836.195783846152,47.0528065007696,0.019284592842774433,0.0007713837137109773,1.205287052673402e-05,0.298080623968213,64
2496,38,39,386.07751360506694,6.032461150079171,0.7690079652425779,0.7690079652425779,1381,1062,313,0,57.640625,3689.0,3.4736346516007535,5.0,1062,0.029379757286116095,1880.3044663114301,1834.3575622506726,45.94690406075742,0.018783246797902997,0.0007513298719161199,1.1739529248689374e-05,0.2973071620712377,64
2560,39,40,376.3637135239851,5.880683023812267,0.7498248072880168,0.7498248072880168,1427,1070,370,0,58.546875,3747.0,3.5018691588785047,5.0,1070,0.03241433867183902,2074.5176749976977,2027.0131290229085,47.504545974789025,0.02132916796588417,0.0008531667186353669,1.3330729978677607e-05,0.2962596749481965,64
2624,40,41,382.8939584708784,5.982718101107475,0.7523000707714084,0.7523000707714084,1413,1063,337,0,57.828125,3701.0,3.4816556914393226,5.0,1063,0.028919643583705617,1850.8571893571595,1805.1812994813602,45.67588987579922,0.017907856174570486,0.0007163142469828194,1.1192410109106553e-05,0.29492242495619614,64
2688,41,42,403.27593943974307,6.3011865537459855,0.7701388888888889,0.7701388888888889,1440,1109,326,0,62.5625,4004.0,3.6104598737601443,5.0,1109,0.03305023163405786,2115.214824579703,2065.517050468775,49.697774110927675,0.020345936412183126,0.000813837456487325,1.2716210257614454e-05,0.2932214819539914,64
2752,42,43,376.364382876955,5.880693482452422,0.7492877492877493,0.7492877492877493,1404,1052,344,0,59.15625,3786.0,3.598859315589354,5.0,1052,0.028421744522142755,1818.9916494171364,1769.8674825339817,49.12416688315417,0.01780140870099171,0.0007120563480396683,1.1125880438119818e-05,0.29119346640118393,64
2816,43,44,365.1396133102215,5.705306457972211,0.7431457431457431,0.7431457431457431,1386,1030,355,0,59.09375,3782.0,3.6718446601941745,5.0,1030,0.030251520548539725,1936.0973151065423,1887.9767288853197,48.12058622122157,0.017159210240580102,0.0006863684096232041,1.0724506400362564e-05,0.28912091225488074,64
2880,44,45,366.9682889147748,5.733879514293356,0.7394957983193278,0.7394957983193278,1428,1056,396,0,62.25,3984.0,3.772727272727273,5.0,1056,0.030036139072204895,1922.3129006211132,1869.6512438139273,52.66165680718604,0.018581779801920845,0.0007432711920768338,1.1613612376200528e-05,0.28748310428155455,64
2944,45,46,342.5436157928374,5.352243996763084,0.7200870195794054,0.7200870195794054,1379,993,386,0,58.1875,3724.0,3.7502517623363545,5.0,993,0.02789049254238497,1784.991522712638,1734.9264565340097,50.06506617862735,0.01711651960648119,0.0006846607842592475,1.0697824754050742e-05,0.28548207747647814,64
3008,46,47,370.6961040492008,5.792126625768763,0.7427149964463398,0.7427149964463398,1407,1045,365,0,59.796875,3827.0,3.662200956937799,5.0,1045,0.02760242140078847,1766.554969650462,1716.6126360068713,49.942333643590445,0.015896497043571874,0.0006358598817428749,9.93531065223242e-06,0.28319807307152967,64
3072,47,48,347.1520026810159,5.424250041890874,0.7165354330708661,0.7165354330708661,1397,1001,382,0,59.359375,3799.0,3.7952047952047954,5.0,1001,0.02828237496029116,1810.0719974586343,1757.979166040338,52.092831418295354,0.016849997278028897,0.0006739998911211559,1.0531248298768061e-05,0.2806313009700308,64
3136,48,49,365.31733405367066,5.708083344588604,0.748191027496382,0.748191027496382,1382,1034,357,0,59.78125,3826.0,3.7001934235976788,5.0,1034,0.02850671842896675,1824.4299794538722,1774.2635748892294,50.16640456464251,0.018419835351782175,0.000736793414071287,1.151239709486386e-05,0.27789206820669543,64
3200,49,50,367.36217147541333,5.740033929303333,0.7296551724137931,0.7296551724137931,1450,1058,398,0,61.484375,3935.0,3.719281663516068,5.0,1058,0.031211700279291436,1997.5488178746518,1946.4062126225851,51.14260525206696,0.019209563721254812,0.0007683825488501925,1.2005977325784257e-05,0.2748781667347952,64
3264,50,51,358.94986081580515,5.6085915752469555,0.7426470588235294,0.7426470588235294,1360,1010,339,0,58.734375,3759.0,3.721782178217822,5.0,1010,0.027832386677527934,1781.2727473617877,1731.8377450103737,49.43500235141432,0.018012625207383767,0.0007205050082953507,1.1257890754614855e-05,0.27165064817106044,64
3328,51,52,397.12902115983775,6.205140955622465,0.7559808612440191,0.7559808612440191,1463,1106,352,0,60.765625,3889.0,3.5162748643761303,5.0,1106,0.03000976739574106,1920.625113327428,1871.4181215940635,49.20699173336433,0.01934150828079453,0.0007736603312317813,1.2088442675496582e-05,0.26824158106761403,64
3392,52,53,377.94435063795254,5.905380478718008,0.7507042253521127,0.7507042253521127,1420,1066,372,0,60.125,3848.0,3.6097560975609757,5.0,1066,0.031347934858057105,2006.267830915655,1957.6713179547398,48.59651296091486,0.017196415192916984,0.0006878566077166794,1.0747759495573116e-05,0.2647569691868701,64
3456,53,54,364.17277817010756,5.690199658907931,0.7243055555555555,0.7243055555555555,1440,1043,392,0,58.40625,3738.0,3.5838926174496644,5.0,1043,0.02927560281901121,1873.6385804167176,1824.815450474844,48.82312994187366,0.016358437704532193,0.0006543375081812877,1.022402356533262e-05,0.2610725234130352,64
3520,54,55,383.87037609062423,5.997974626416004,0.7529992942836979,0.7529992942836979,1417,1067,347,0,61.796875,3955.0,3.706654170571696,5.0,1067,0.03066503120890907,1962.5619973701805,1912.331785259203,50.23021211097834,0.01676044174489454,0.0006704176697957815,1.0475276090559086e-05,0.2573199718063417,64
3584,55,56,372.9829349254019,5.827858358209404,0.7554585152838428,0.7554585152838428,1374,1038,342,0,57.390625,3673.0,3.5385356454720616,5.0,1038,0.027797248182289413,1779.0238836665224,1733.37523188825,45.64865177827226,0.015388154146369428,0.0006155261658547771,9.617596341480892e-06,0.2542362691625542,64
3648,56,57,358.8237057012469,5.606620401581983,0.7422907488986784,0.7422907488986784,1362,1011,349,0,55.78125,3570.0,3.5311572700296736,5.0,1011,0.029100694670200208,1862.4444588928134,1818.348488863148,44.09597002966549,0.016624940224968566,0.0006649976089987427,1.0390587640605354e-05,0.25129086772472464,64
3712,57,58,362.93686457365715,5.670888508963393,0.7339055793991416,0.7339055793991416,1398,1026,363,0,58.75,3760.0,3.664717348927875,5.0,1026,0.027434536736713852,1755.8103511496865,1708.3191028138008,47.49124833588629,0.0158609080213383,0.0006344363208535319,9.913067513336437e-06,0.2481511112077751,64
3776,58,59,376.61217130070634,5.8845651765735365,0.7577955039883973,0.7577955039883973,1379,1045,338,0,61.171875,3915.0,3.7464114832535884,5.0,1045,0.030296912431685384,1939.0023956278646,1889.066799601582,49.935596026282425,0.01608392967843411,0.0006433571871373644,1.0052456049021319e-05,0.24487859760444136,64
3840,59,60,338.1252550001326,5.283207109377072,0.7176470588235294,0.7176470588235294,1360,976,382,0,57.8125,3700.0,3.790983606557377,5.0,976,0.02691130390138697,1722.323449688766,1672.257735849925,50.06571383884035,0.015560624891695246,0.0006224249956678098,9.725390557309528e-06,0.24145191417910952,64
3904,60,61,362.0164294633911,5.656506710365486,0.7339971550497866,0.7339971550497866,1406,1032,385,0,60.5625,3876.0,3.755813953488372,5.0,1032,0.028867313249183454,1847.508047947741,1796.0297203860607,51.47832756168063,0.014830886106212951,0.0005932354442485181,9.269303816383095e-06,0.23788414428855664,64
3968,61,62,374.49150675657523,5.851429793071488,0.7433881343817013,0.7433881343817013,1399,1040,344,0,62.0,3968.0,3.8153846153846156,5.0,1040,0.027440875643529938,1756.216041185916,1704.3695997850537,51.846441400862695,0.01428625814820814,0.0005714503259283256,8.928911342630088e-06,0.2341716524380862,64
4032,62,63,393.2935295497911,6.145211399215486,0.7459349593495935,0.7459349593495935,1476,1101,376,0,64.484375,4127.0,3.748410535876476,5.0,1101,0.03231985793765209,2068.4709080097336,2014.6060372577867,53.86487075194651,0.016253542613911962,0.0006501417045564785,1.0158464133694977e-05,0.23051041379844125,64
4096,63,64,374.25619371449613,5.847753026789002,0.7644017725258493,0.7644017725258493,1354,1035,338,0,59.53125,3810.0,3.681159420289855,5.0,1035,0.028446990170000852,1820.6073708800545,1772.7906555887716,47.81671529128269,0.013434800784194212,0.0005373920313677684,8.396750490121382e-06,0.22680151313964936,64
4160,64,65,366.75728660842924,5.730582603256707,0.7380607814761215,0.7380607814761215,1382,1020,340,0,56.78125,3634.0,3.562745098039216,5.0,1020,0.028632633354162895,1832.4885346664253,1785.3222658609056,47.166268805519714,0.014011208800728613,0.0005604483520291445,8.757005500455383e-06,0.22283506562753813,64
4224,65,66,380.06180514419276,5.938465705378012,0.7442348008385744,0.7442348008385744,1431,1065,370,0,58.71875,3758.0,3.528638497652582,5.0,1065,0.029407529029395803,1882.0818578813314,1832.5145895970445,49.567268284287486,0.014535389223066492,0.0005814155689226597,9.084618264416558e-06,0.218952547312885,64
4288,66,67,381.3161302984485,5.958064535913258,0.7482369534555712,0.7482369534555712,1418,1061,354,0,56.859375,3639.0,3.429783223374175,5.0,1061,0.03274485988301507,2095.6710325129648,2050.187667421084,45.48336509188091,0.014819554662062341,0.0005927821864824936,9.262221663788963e-06,0.21570142570871612,64
4352,67,68,401.62659520134423,6.275415550021004,0.7787234042553192,0.7787234042553192,1410,1098,334,0,58.375,3736.0,3.4025500910746813,5.0,1098,0.031967225074410216,2045.902404762254,2001.561732647124,44.34067211513052,0.014756052321136838,0.0005902420928454735,9.222532700710524e-06,0.21262118469814503,64
4416,68,69,400.3692535485537,6.255769586696151,0.7766497461928934,0.7766497461928934,1379,1071,288,0,54.765625,3505.0,3.272642390289449,5.0,1071,0.03026258892239684,1936.8056910333978,1895.4207332698716,41.384957763525584,0.01366597775975889,0.0005466391103903556,8.541236099849307e-06,0.20926802343813436,64
4480,69,70,432.36328170084994,6.75567627657578,0.7859060402684563,0.7859060402684563,1490,1171,332,0,61.3125,3924.0,3.350982066609735,5.0,1171,0.03759882996289653,2406.3251176253775,2362.2725182828885,44.05259934248788,0.017196142272728736,0.0006878456909091495,1.0747588920455461e-05,0.20594314409660322,64
4544,70,71,396.92561655334265,6.201962758645979,0.7625441696113074,0.7625441696113074,1415,1079,320,0,54.25,3472.0,3.2177942539388322,5.0,1079,0.03106215757476058,1987.978084784677,1947.9531550127724,40.024929771904795,0.013960054352517383,0.0005584021741006953,8.725033970323364e-06,0.202916355766181,64
4608,71,72,391.5629225534251,6.118170664897267,0.7700650759219089,0.7700650759219089,1383,1065,321,0,53.984375,3455.0,3.244131455399061,5.0,1065,0.029983166080141375,1918.922629129048,1878.1090560926414,40.81357303640601,0.01300344977231864,0.0005201379908927456,8.12715610769915e-06,0.1996776931863407,64
4672,72,73,434.705995330424,6.792281177037875,0.8231046931407943,0.8231046931407943,1385,1140,268,0,56.375,3608.0,3.1649122807017545,5.0,1140,0.03208748939000469,2053.5993209603002,2015.1342797455277,38.46504121477291,0.013761521179561595,0.0005504608471824638,8.600950737225998e-06,0.19619652963335266,64
4736,73,74,400.3108468981277,6.254856982783245,0.7833089311859444,0.7833089311859444,1366,1070,288,0,53.8125,3444.0,3.2186915887850467,5.0,1070,0.031051537267142184,1987.2983850970998,1946.623853350408,40.674531746691386,0.012966610620579683,0.0005186644248231873,8.104131637862302e-06,0.1925916449692477,64
4800,74,75,438.61031191475,6.853286123667969,0.7988904299583911,0.7988904299583911,1442,1152,276,0,58.6875,3756.0,3.2604166666666665,5.0,1152,0.03260786449741832,2086.9033278347724,2045.108109347806,41.7952184869659,0.013278506689895164,0.0005311402675958066,8.299066681184477e-06,0.18891960032162491,64
4864,75,76,418.27204443032235,6.535500694223787,0.7917555081734187,0.7917555081734187,1407,1114,294,0,55.296875,3539.0,3.1768402154398565,5.0,1114,0.03416895377451974,2186.8130415692635,2149.665878377104,37.14716319215795,0.013639289665129438,0.0005455715866051775,8.524556040705899e-06,0.1852472932428939,64
4928,76,77,427.1401703241211,6.674065161314392,0.8193123628383321,0.8193123628383321,1367,1120,268,0,53.578125,3429.0,3.061607142857143,5.0,1120,0.03144535967256227,2012.5030190439852,1976.4927954643367,36.01022357964791,0.013065644849492367,0.0005226257939796947,8.16602803093273e-06,0.1815449275128372,64
4992,77,78,408.30183151842823,6.379716117475441,0.768688293370945,0.768688293370945,1418,1090,294,0,56.828125,3637.0,3.336697247706422,5.0,1090,0.032231043873330596,2062.7868078931583,2020.1060657521857,42.68074214097324,0.012473318770200631,0.0004989327508080252,7.795824231375394e-06,0.17790246664964102,64
5056,78,79,434.6427211922629,6.791292518629108,0.8051857042747022,0.8051857042747022,1427,1149,294,0,61.5625,3940.0,3.4290687554395127,5.0,1149,0.03281409344456031,2100.1019804518596,2057.2445949530943,42.85738549876568,0.012714472758379426,0.000508578910335177,7.94654547398714e-06,0.17435020919409022,64
5120,79,80,403.02992512586366,6.29734258009162,0.7665260196905767,0.7665260196905767,1422,1090,325,0,59.078125,3781.0,3.4688073394495413,5.0,1090,0.029601037334314077,1894.4663893961008,1848.4242012295965,46.04218816650326,0.011416156108220145,0.0004566462443288058,7.13509756763759e-06,0.17077341256127979,64
5184,80,81,391.8892423606011,6.123269411884392,0.7561663143058492,0.7561663143058492,1419,1073,347,0,59.109375,3783.0,3.5256290773532153,5.0,1073,0.029761842807901628,1904.757939705704,1858.320590914078,46.437348791626384,0.010620526313312806,0.0004248210525325122,6.6378289458205035e-06,0.166995294565519,64
5248,81,82,409.55490203161133,6.399295344243927,0.7833214540270849,0.7833214540270849,1403,1099,314,0,59.296875,3795.0,3.4531392174704276,5.0,1099,0.030822916664530263,1972.6666665299367,1928.288770134237,44.37789639569934,0.011461578946997637,0.00045846315787990543,7.163486841873522e-06,0.1631727961277855,64
5312,82,83,386.21144520057965,6.034553831259057,0.7616959064327485,0.7616959064327485,1368,1042,311,0,54.109375,3463.0,3.3234165067178503,5.0,1042,0.02964600496570765,1897.3443178052896,1855.1575527966243,42.18676500866535,0.010009560875817622,0.0004003824350327049,6.255975547386014e-06,0.16022830405652716,64
5376,83,84,424.0437623816965,6.625683787214008,0.8091106290672451,0.8091106290672451,1383,1119,287,0,57.03125,3650.0,3.261840929401251,5.0,1119,0.031658308390719675,2026.131737006059,1986.4705818319633,39.661155174095384,0.010942557502181515,0.00043770230008726064,6.8390984388634475e-06,0.15838311725071114,64
5440,84,85,409.2078363471535,6.393872442924273,0.7764371894960965,0.7764371894960965,1409,1094,310,0,55.4375,3548.0,3.243144424131627,5.0,1094,0.030938211203370664,1980.0455170157225,1939.8280868986826,40.21743011703971,0.010161866784312973,0.0004064746713725189,6.351166740195608e-06,0.15747375102325992,64
5504,85,86,404.4557040619736,6.319620375968338,0.7765726681127982,0.7765726681127982,1383,1074,293,0,53.8125,3444.0,3.206703910614525,5.0,1074,0.0304097104627492,1946.2214696159488,1906.2923113780248,39.92915823792322,0.009919882678430123,0.0003967953071372049,6.199926674018827e-06,0.15665032775743054,64
5568,86,87,422.79986299151244,6.606247859242382,0.8038932948810382,0.8038932948810382,1387,1115,287,0,56.4375,3612.0,3.239461883408072,5.0,1115,0.03335994710638514,2135.0366148086487,2094.14339711035,40.893217698298955,0.010718642787404921,0.00042874571149619683,6.6991517421280754e-06,0.1558413725484828,64
5632,87,88,425.10434352660087,6.642255367603139,0.7823691460055097,0.7823691460055097,1452,1136,322,0,57.0625,3652.0,3.214788732394366,5.0,1136,0.033958192988147964,2173.3243512414697,2131.797362199992,41.5269890414783,0.01062630905727856,0.00042505236229114243,6.6414431607991005e-06,0.15490427476114332,64
5696,88,89,389.655030645756,6.088359853839938,0.7608695652173914,0.7608695652173914,1380,1050,315,0,54.515625,3489.0,3.322857142857143,5.0,1050,0.02840719281502181,1818.060340161396,1775.3592621216865,42.7010780397093,0.009241767424068082,0.00036967069696272327,5.776104640042551e-06,0.15375923086354093,64
5760,89,90,407.4209017997189,6.3659515906206074,0.7732394366197183,0.7732394366197183,1420,1098,327,0,57.125,3656.0,3.3296903460837886,5.0,1098,0.03419753237010519,2188.6420716867324,2145.222011972996,43.42005971373526,0.010549840661418354,0.00042199362645673415,6.593650413386471e-06,0.1524711614000477,64
5824,90,91,401.7490134002392,6.277328334378738,0.7828947368421053,0.7828947368421053,1368,1071,301,0,55.078125,3525.0,3.291316526610644,5.0,1071,0.03038797766671512,1944.8305706697677,1903.8063279368102,41.02424273295787,0.009331912759578082,0.0003732765103831233,5.832445474736302e-06,0.1510118858293469,64
5888,91,92,395.05781725564066,6.172778394619385,0.7712418300653595,0.7712418300653595,1377,1062,315,0,54.65625,3498.0,3.2937853107344632,5.0,1062,0.02859102408319989,1829.825541324793,1789.0711129523713,40.75442837242221,0.009192020757794612,0.0003676808303117845,5.745012973621633e-06,0.14922624625702563,64
5952,92,93,439.36642018371504,6.865100315370547,0.7773359840954275,0.7773359840954275,1509,1173,327,0,60.84375,3894.0,3.319693094629156,5.0,1173,0.03590743139647681,2298.0756093745163,2252.3825940936595,45.693015280857864,0.011527356532176194,0.00046109426128704777,7.204597832610121e-06,0.1479344491332959,64
6016,93,94,405.88299875473444,6.341921855542726,0.7793696275071633,0.7793696275071633,1396,1088,318,0,53.984375,3455.0,3.1755514705882355,5.0,1088,0.03035311112371281,1942.59911191762,1904.1919539486785,38.4071579689412,0.00925415605531468,0.0003701662422125872,5.783847534571675e-06,0.14782627799116393,64
6080,94,95,394.27329253544735,6.160520195866365,0.7766348273328435,0.7766348273328435,1361,1057,308,0,54.921875,3515.0,3.325449385052034,5.0,1057,0.029044004690774047,1858.8163002095391,1818.4320006462083,40.38429956333073,0.009085539341740858,0.0003634215736696343,5.678462088588036e-06,0.1473007734892682,64
6144,95,96,398.71206845462734,6.229876069603552,0.7548611111111111,0.7548611111111111,1440,1087,349,0,58.515625,3745.0,3.4452621895124196,5.0,1087,0.030553086960971358,1955.397565502167,1909.8894500495915,45.508115452575,0.009640818223120098,0.00038563272892480394,6.0255113894500615e-06,0.14655674938323038,64
6208,96,97,413.98757790931325,6.4685559048330195,0.7738095238095238,0.7738095238095238,1428,1105,312,0,58.890625,3769.0,3.410859728506787,5.0,1105,0.03096923502644066,1982.0310416922023,1937.163951423537,44.867090268665265,0.009768032858376456,0.0003907213143350582,6.105020536485285e-06,0.1454247555533283,64
6272,97,98,402.73953245184396,6.292805194560062,0.7780979827089337,0.7780979827089337,1388,1080,315,0,55.84375,3574.0,3.3092592592592593,5.0,1080,0.02991596861863998,1914.6219915929587,1871.8383549626037,42.78363663035466,0.009832623663475834,0.0003933049465390333,6.145389789672396e-06,0.14410243926127864,64
6336,98,99,426.08675754193246,6.657605586592695,0.7773224043715847,0.7773224043715847,1464,1138,323,0,57.65625,3690.0,3.242530755711775,5.0,1138,0.033532064961476066,2146.0521575344683,2105.3500502007773,40.70210733369079,0.010331663980147409,0.00041326655920589635,6.4572899875921304e-06,0.1439866980766663,64
6400,99,100,418.33916987722455,6.536549529331634,0.8115727002967359,0.8115727002967359,1348,1094,268,0,53.953125,3453.0,3.156307129798903,5.0,1094,0.030070740412576267,1924.527386404881,1888.278901014222,36.248485390659376,0.009381635067587872,0.0003752654027035149,5.8635219172424205e-06,0.1441348093280627,64
6464,100,101,397.4374671616072,6.209960424400112,0.7798232695139912,0.7798232695139912,1358,1059,298,0,53.296875,3411.0,3.2209631728045327,5.0,1059,0.0281399590020607,1800.957376131885,1761.2810382731775,39.67633785870754,0.008989015850527473,0.0003595606340210989,5.61813490657967e-06,0.1438477757775764,64
6528,101,102,419.55331417451464,6.555520533976791,0.7779329608938548,0.7779329608938548,1432,1114,305,0,56.890625,3641.0,3.2684021543985637,5.0,1114,0.030573181492677067,1956.6836155313324,1913.7862553084497,42.89736022288279,0.009965810399637929,0.0003986324159855172,6.228631499773706e-06,0.14409409618702895,64
6592,102,103,421.20983181830275,6.58140362216098,0.7775482093663911,0.7775482093663911,1452,1129,325,0,57.84375,3702.0,3.279007971656333,5.0,1129,0.03233788503191799,2069.6246420427515,2026.4365185143815,43.18812352837027,0.010577931369824444,0.00042311725479297777,6.611207106140278e-06,0.1443720158983724,64
6656,103,104,398.3476943818001,6.224182724715627,0.7552155771905424,0.7552155771905424,1438,1086,347,0,54.8125,3508.0,3.2302025782688766,5.0,1086,0.031282010054722,2002.0486435022076,1960.3003068816963,41.74833662051153,0.010520476484106185,0.0004208190593642474,6.575297802566366e-06,0.1443155429419527,64
6720,104,105,438.56597905349383,6.852593422710841,0.8168210976478973,0.8168210976478973,1403,1146,279,0,58.046875,3715.0,3.2417102966841185,5.0,1146,0.031977536693381846,2046.5623483764382,2007.3435022768122,39.21884609962551,0.010352002984150416,0.0004140801193660167,6.470001865094011e-06,0.14439089498696794,64
6784,105,106,398.8126005808362,6.231446884075566,0.7798972853998533,0.7798972853998533,1363,1063,295,0,54.234375,3471.0,3.2652869238005646,5.0,1063,0.031336489361939335,2005.5353191641173,1966.0371359895194,39.4981831745981,0.010357309047888022,0.0004142923619155209,6.473318154930014e-06,0.144870412398512,64
6848,106,107,406.00773927789305,6.343870926217079,0.7671809256661991,0.7671809256661991,1426,1094,324,0,56.5625,3620.0,3.3089579524680075,5.0,1094,0.032186141080816334,2059.9130291722454,2017.0087804845139,42.90424868773148,0.01110108782294151,0.00044404351291766036,6.938179889338443e-06,0.14578108956734506,64
6912,107,108,372.9236485337095,5.826932008339211,0.7730061349693251,0.7730061349693251,1304,1008,307,0,54.359375,3479.0,3.451388888888889,5.0,1008,0.026845346909071685,1718.102202180588,1676.9668110093946,41.135391171193746,0.009045152773561691,0.0003618061109424676,5.6532204834760565e-06,0.14670262639649928,64
6976,108,109,388.3375388638462,6.067774044747597,0.759393063583815,0.759393063583815,1384,1051,319,0,54.5,3488.0,3.318744053282588,5.0,1051,0.030287534561804143,1938.4022119554652,1896.1707526990283,42.23145925643696,0.010570559615461599,0.000422822384618464,6.6065997596635e-06,0.14718277148980458,64
7040,109,110,420.56081507891037,6.5712627356079745,0.7823652904128762,0.7823652904128762,1429,1118,309,0,59.390625,3801.0,3.3998211091234345,5.0,1118,0.03151867287287738,2017.1950638641524,1973.0724413575415,44.12262250661048,0.010592496490155121,0.00042369985960620483,6.6203103063469505e-06,0.14748460576336847,64
7104,110,111,393.7738088004402,6.152715762506878,0.7733236151603499,0.7733236151603499,1372,1061,316,0,56.90625,3642.0,3.4326107445805842,5.0,1061,0.03005772242562641,1923.6942352400904,1881.5019721608658,42.19226307922406,0.009990916339058211,0.0003996366535623285,6.2443227119113825e-06,0.1474671101236626,64
7168,111,112,385.27200369571483,6.019875057745544,0.7636761487964989,0.7636761487964989,1371,1047,329,0,53.125,3400.0,3.2473734479465137,5.0,1047,0.029245233538626823,1871.6949464721167,1831.864897682552,39.83004878956427,0.009948147327486896,0.00039792589309947587,6.21759207967931e-06,0.14700184069146877,64
7232,112,113,410.58638545163745,6.415412272681835,0.7727910238429172,0.7727910238429172,1426,1102,315,0,57.8125,3700.0,3.3575317604355717,5.0,1102,0.03243916840622512,2076.106777998408,2033.1986807725552,42.90809722585264,0.011340051184720704,0.00045360204738882816,7.08753199045044e-06,0.14659051573020132,64
7296,113,114,405.468054438053,6.335438350594578,0.7617728531855956,0.7617728531855956,1444,1100,334,0,58.359375,3735.0,3.3954545454545455,5.0,1100,0.032476033050140345,2078.466115208982,2032.9469661935814,45.51914901540066,0.011710506000010121,0.00046842024000040485,7.319066250006326e-06,0.1475985690979439,64
7360,114,115,364.4912482820854,5.695175754407584,0.7387518142235123,0.7387518142235123,1378,1018,367,0,55.265625,3537.0,3.474459724950884,5.0,1018,0.026721496758683187,1710.175792555724,1664.9118533086153,45.26393924710856,0.00983721900032051,0.0003934887600128204,6.148261875200319e-06,0.14850274246212897,64
7424,115,116,404.86426057682263,6.326004071512854,0.7682072829131653,0.7682072829131653,1428,1097,330,0,59.734375,3823.0,3.4849589790337285,5.0,1097,0.033339938769871166,2133.7560812717547,2088.840218591636,44.915862680117804,0.012200652775208102,0.0004880261110083241,7.625407984505064e-06,0.149118552101466,64
7488,116,117,397.866578626844,6.216665291044437,0.7700496806245565,0.7700496806245565,1409,1085,338,0,57.109375,3655.0,3.3686635944700463,5.0,1085,0.03265850874638558,2090.144559768677,2047.9433408264183,42.20121894225917,0.011981598750370899,0.00047926395001483596,7.488499218981812e-06,0.14942027496601828,64
7552,117,118,388.37691152039355,6.068389242506149,0.774074074074074,0.774074074074074,1350,1045,306,0,55.125,3528.0,3.3760765550239236,5.0,1045,0.02772893361530792,1774.6517513797069,1733.1909377208856,41.460813658820875,0.010263227304630609,0.0004105290921852244,6.414517065394131e-06,0.15009110264225434,64
7616,118,119,399.0260925948283,6.234782696794192,0.7592205984690327,0.7592205984690327,1437,1091,345,0,55.53125,3554.0,3.2575618698441797,5.0,1091,0.03214525609286179,2057.2963899431547,2014.9929458420136,42.303444101140826,0.012132845461495756,0.00048531381845983026,7.583028413434848e-06,0.15085204408389855,64
7680,119,120,388.1810791821757,6.065329362221496,0.774888558692422,0.774888558692422,1346,1043,299,0,51.65625,3306.0,3.1697027804410354,5.0,1043,0.028950558043228207,1852.8357147666052,1814.8743632555959,37.961351511008715,0.011014593555955543,0.00044058374223822176,6.884120972472215e-06,0.1512768910466836,64
7744,120,121,395.78348302523614,6.184116922269315,0.7767272727272727,0.7767272727272727,1375,1068,309,0,52.03125,3330.0,3.1179775280898876,5.0,1068,0.03305674665872716,2115.6317861585385,2077.7287934058745,37.902992752663934,0.012763957693736208,0.0005105583077494484,7.97747355858513e-06,0.15228845111462508,64
7808,121,122,409.736378865197,6.4021309197687035,0.7911530094271211,0.7911530094271211,1379,1091,292,0,54.453125,3485.0,3.1943171402383133,5.0,1091,0.03157607538015638,2020.8688243300082,1982.535901249169,38.33292308083851,0.012171750306375422,0.00048687001225501686,7.607343941484638e-06,0.1533595484893486,64
7872,122,123,428.29494285993076,6.692108482186418,0.7914625612316305,0.7914625612316305,1429,1131,282,0,56.5625,3620.0,3.2007073386383733,5.0,1131,0.03551714069739718,2273.097004633419,2234.196867997078,38.90013663634218,0.013691591839158605,0.0005476636735663442,8.557244899474128e-06,0.15407804892393154,64
7936,123,124,442.5910762965618,6.9154855671337785,0.8211206896551724,0.8211206896551724,1392,1143,241,0,57.5625,3684.0,3.2230971128608923,5.0,1143,0.032235492944664705,2063.071548458541,2023.820487351561,39.251061106979435,0.012318870747134603,0.0004927548298853841,7.699294216959127e-06,0.1544275550387946,64
8000,124,125,435.038526239843,6.797476972497547,0.7983539094650206,0.7983539094650206,1458,1164,316,0,56.53125,3618.0,3.1082474226804124,5.0,1164,0.03601639985624725,2305.0495907998243,2267.646849777747,37.40274102207785,0.01427148818636087,0.0005708595274544348,8.919680116475544e-06,0.1545765179139151,64
8064,125,126,409.56843244160416,6.399506756900065,0.7776193870277975,0.7776193870277975,1403,1091,293,0,52.96875,3390.0,3.1072410632447296,5.0,1091,0.031651440199118856,2025.692172743607,1987.5212767663577,38.1708959772496,0.012159189266802978,0.0004863675706721191,7.599493291751861e-06,0.15515656964344984,64
8128,126,127,403.90197209394114,6.31096831396783,0.7860230547550432,0.7860230547550432,1388,1091,320,0,56.1875,3596.0,3.296058661778185,5.0,1091,0.03242495741993143,2075.197274875611,2034.5386287801102,40.658646095500885,0.012647064554015082,0.0005058825821606033,7.904415346259426e-06,0.15562239251227666,64
8192,127,128,380.32288569508347,5.942545088985679,0.7505454545454545,0.7505454545454545,1375,1032,314,0,53.75,3440.0,3.3333333333333335,5.0,1032,0.02879008780946951,1842.5656198060487,1799.0817359268779,43.48388387917212,0.010771697397089018,0.00043086789588356073,6.732310873180636e-06,0.1556189415902208,64
8256,128,129,385.3644049955205,6.021318828055008,0.7629682997118156,0.7629682997118156,1388,1059,337,0,54.71875,3502.0,3.3068932955618506,5.0,1059,0.03195435920893597,2045.078989371902,2003.4661535389412,41.6128358329605,0.01343994795720069,0.0005375979182880276,8.39996747325043e-06,0.1552391514708282,64
8320,129,130,395.8490115866333,6.1851408060411455,0.7684659090909091,0.7684659090909091,1408,1082,336,0,58.6875,3756.0,3.4713493530499075,5.0,1082,0.03208907495694275,2053.700797244336,2009.7978425600697,43.90295468426625,0.01346549875490292,0.0005386199501961168,8.415936721814325e-06,0.15463890204536296,64
8384,130,131,402.19875386741626,6.284355529178379,0.7873900293255132,0.7873900293255132,1364,1074,288,0,56.015625,3585.0,3.3379888268156424,5.0,1074,0.03186971971360655,2039.6620616708192,1999.02635864565,40.63570302517077,0.012956419550040713,0.0005182567820016285,8.097762218775446e-06,0.15373757351621992,64
8448,131,132,411.25411061595696,6.4258454783743275,0.7810063784549964,0.7810063784549964,1411,1102,304,0,57.171875,3659.0,3.32032667876588,5.0,1102,0.03211460343116768,2055.3346195947315,2013.1090072382822,42.2256123564489,0.01293022544413228,0.0005172090177652912,8.081390902582675e-06,0.1524982540921058,64
8512,132,133,416.8774419319179,6.513710030186217,0.7910447761194029,0.7910447761194029,1407,1113,297,0,56.328125,3605.0,3.238993710691824,5.0,1113,0.03306186116294209,2115.9591144282936,2076.7386049058696,39.22050952242415,0.013571482707364003,0.0005428593082945602,8.482176692102502e-06,0.15175696659087623,64
8576,133,134,411.25756519095023,6.425899456108597,0.7940536620739667,0.7940536620739667,1379,1095,285,0,55.875,3576.0,3.265753424657534,5.0,1095,0.031053657969158127,1987.4341100261202,1947.9580162437906,39.47609378232905,0.013903882816434824,0.0005561553126573929,8.689926760271765e-06,0.15268925335816258,64
8640,134,135,424.3547415045051,6.630542836007892,0.7870563674321504,0.7870563674321504,1437,1131,291,0,56.109375,3591.0,3.1750663129973473,5.0,1131,0.03470400209665687,2221.0561341860393,2181.700220383291,39.35591380274785,0.015488874492256352,0.0006195549796902541,9.68054655766022e-06,0.15379142205412286,64
8704,135,136,417.2595170345137,6.519679953664276,0.7947443181818182,0.7947443181818182,1408,1119,301,0,56.125,3592.0,3.2100089365504916,5.0,1119,0.033769339850324834,2161.2377504207893,2122.58462704841,38.65312337238017,0.01583743155642805,0.000633497262257122,9.89839472276753e-06,0.1546297335370111,64
8768,136,137,390.06559064731164,6.094774853864244,0.7816432272390822,0.7816432272390822,1351,1056,300,0,53.765625,3441.0,3.258522727272727,5.0,1056,0.03297619538470596,2110.4765046211814,2071.0347197947403,39.44178482644233,0.01533342900660508,0.0006133371602642032,9.583393129128175e-06,0.15503680373775758,64
8832,137,138,416.7825996832005,6.512228120050008,0.7839160839160839,0.7839160839160839,1430,1121,305,0,54.453125,3485.0,3.1088314005352364,5.0,1121,0.0347971735256742,2227.0191056431486,2190.3440156858,36.67508995734925,0.01611540342604723,0.0006446161370418892,1.0072127141279519e-05,0.15527030970140784,64
8896,138,139,420.4429585790965,6.569421227798383,0.7875611460517121,0.7875611460517121,1431,1127,304,0,56.90625,3642.0,3.2315882874889086,5.0,1127,0.03391007067118549,2170.244522955871,2129.939106676371,40.30541627949997,0.014929967433114142,0.0005971986973245657,9.331229645696339e-06,0.15605601761389173,64
8960,139,140,386.41558470912145,6.037743511080023,0.7716593245227606,0.7716593245227606,1362,1051,315,0,54.28125,3474.0,3.3054234062797336,5.0,1051,0.02916517053589111,1866.570914297031,1825.882819477215,40.68809481981554,0.013094248044908139,0.0005237699217963256,8.183905028067587e-06,0.15655782331404677,64
9024,140,141,426.8873175582428,6.6701143368475435,0.7936066712995136,0.7936066712995136,1439,1142,299,0,59.53125,3810.0,3.3362521891418564,5.0,1142,0.03674214413310702,2351.4972245188496,2310.062235290108,41.43498922874139,0.016758413215129445,0.0006703365286051778,1.0474008259455902e-05,0.15743052509554617,64
9088,141,142,413.83235607373234,6.466130563652068,0.8161434977578476,0.8161434977578476,1338,1092,262,0,53.859375,3447.0,3.1565934065934065,5.0,1092,0.03308912066553688,2117.7037225943604,2082.4352932560764,35.26842933828503,0.014928737666627348,0.0005971495066650939,9.330461041642093e-06,0.15850695007370907,64
9152,142,143,436.7578893639213,6.824342021311271,0.8184438040345822,0.8184438040345822,1388,1136,245,0,54.171875,3467.0,3.05193661971831,5.0,1136,0.03459735459076527,2214.230693808977,2178.043328673294,36.18736513568336,0.014642106848618688,0.0005856842739447475,9.15131678038668e-06,0.15911055911295055,64
9216,143,144,408.3425611447163,6.380352517886192,0.7783321454027085,0.7783321454027085,1403,1092,298,0,55.359375,3543.0,3.2445054945054945,5.0,1092,0.03135431292912345,2006.6760274639007,1968.695142446075,37.98088501782523,0.012974957354022786,0.0005189982941609115,8.109348346264242e-06,0.15935028323322592,64
9280,144,145,429.6181370340165,6.712783391156508,0.7878165639972622,0.7878165639972622,1461,1151,308,0,54.90625,3514.0,3.052997393570808,5.0,1151,0.035515189709056066,2272.9721413795883,2235.99996338498,36.97217799460724,0.015641970357970242,0.0006256788143188097,9.776231473731402e-06,0.15929955777955732,64
9344,145,146,404.48914959881876,6.320142962481543,0.7943994104642594,0.7943994104642594,1357,1078,287,0,52.21875,3342.0,3.1001855287569575,5.0,1078,0.032473801558172095,2078.3232997230143,2041.7971241958303,36.526175527183966,0.01352826697304326,0.0005411306789217304,8.455166858152037e-06,0.1590543707687007,64
9408,146,147,414.79270285139376,6.481135982053027,0.7810734463276836,0.7810734463276836,1416,1106,295,0,55.15625,3530.0,3.1916817359855334,5.0,1106,0.033197445542314095,2124.636514708102,2084.665040050132,39.971474657969566,0.013166548695264613,0.0005266619478105846,8.229092934540384e-06,0.15851143996252215,64
9472,147,148,421.2726567179502,6.582385261217972,0.8001432664756447,0.8001432664756447,1396,1117,283,0,55.0625,3524.0,3.154879140555058,5.0,1117,0.03363899749527251,2152.8958396974404,2115.782347289391,37.11349240804908,0.014046122799084983,0.0005618449119633994,8.778826749428115e-06,0.15861321633059827,64
9536,148,149,434.9031846189242,6.79536225967069,0.8089807555238774,0.8089807555238774,1403,1135,258,0,54.359375,3479.0,3.0651982378854625,5.0,1135,0.032518004997644824,2081.1523198492687,2045.476702146034,35.6756177032342,0.01297792071236079,0.0005191168284944316,8.111200445225494e-06,0.15849227302042224,64
9600,149,150,433.8066834662465,6.778229429160102,0.8114406779661016,0.8114406779661016,1416,1149,291,0,56.875,3640.0,3.1679721496953874,5.0,1149,0.034385819309355435,2200.6924357987477,2162.672546926712,38.01988887203557,0.01396285963463963,0.0005585143853855852,8.726787271649768e-06,0.15803749402452244,64
9664,150,151,415.4472573300711,6.491363395782361,0.7948350071736011,0.7948350071736011,1394,1108,293,0,54.390625,3481.0,3.141696750902527,5.0,1108,0.03339189694195527,2137.081404285137,2099.281614876282,37.79978940885438,0.013813279798463661,0.0005525311919385464,8.633299874039788e-06,0.15715582956873198,64
9728,151,152,410.7499617567993,6.417968152449989,0.7782515991471215,0.7782515991471215,1407,1095,294,0,52.296875,3347.0,3.05662100456621,5.0,1095,0.031248945095081266,1999.932486085201,1964.1912811481639,35.74120493703582,0.012559308573746018,0.0005023723429498407,7.84956785859126e-06,0.15601178430586757,64
9792,152,153,408.2561983748032,6.3790030996063,0.8126888217522659,0.8126888217522659,1324,1076,262,0,52.671875,3371.0,3.132899628252788,5.0,1076,0.03284229312321402,2101.9067598856973,2067.0499589161955,34.85680096950255,0.013358727179887177,0.0005343490871954871,8.349204487429486e-06,0.1544753377506827,64
9856,153,154,427.0205790297043,6.67219654733913,0.8034433285509326,0.8034433285509326,1394,1120,265,0,53.421875,3419.0,3.0526785714285714,5.0,1120,0.03255367775524236,2083.4353763355107,2046.7375373705656,36.69783896494488,0.012807540524907386,0.0005123016209962955,8.004712828067116e-06,0.15324005694881687,64
9920,154,155,395.52734985199305,6.180114841437391,0.7894345238095238,0.7894345238095238,1344,1061,301,0,51.421875,3291.0,3.1017907634307256,5.0,1061,0.02961880271832172,1895.6033739725901,1859.2357214203869,36.36765255220254,0.011589650338518755,0.00046358601354075016,7.243531461574221e-06,0.15200596676350203,64
9984,155,156,390.85901956264786,6.107172180666373,0.7526501766784452,0.7526501766784452,1415,1065,329,0,52.78125,3378.0,3.171830985915493,5.0,1065,0.03136815599540649,2007.5619837060153,1967.9036064065745,39.6583772994415,0.012156273692435472,0.0004862509476974189,7.59767105777217e-06,0.150982906226656,64
10048,156,157,403.2521042463512,6.300814128849238,0.7777777777777778,0.7777777777777778,1395,1085,310,0,55.90625,3578.0,3.297695852534562,5.0,1085,0.03241972380965454,2074.8623238178907,2033.3422477609101,41.52007605698123,0.01235555009941744,0.0004942220039766976,7.7222188121359e-06,0.15019483778584214,64
10112,157,158,418.6520372670842,6.541438082298191,0.7828212290502793,0.7828212290502793,1432,1121,314,0,61.40625,3930.0,3.505798394290812,5.0,1121,0.033823354557318164,2164.6946916683623,2119.3081585434898,45.3865331248732,0.011914342328080734,0.0004765736931232294,7.446463955050459e-06,0.14911534782645788,64
10176,158,159,402.53246598580597,6.289569781028218,0.7707006369426752,0.7707006369426752,1413,1089,327,0,59.234375,3791.0,3.481175390266299,5.0,1089,0.030652378241781998,1961.752207474048,1915.5887477287258,46.16345974532164,0.011417483775888628,0.0004566993510355451,7.135927359930392e-06,0.14773431337542373,64
10240,159,160,351.751891351817,5.4961233023721405,0.741837509491268,0.741837509491268,1317,977,342,0,53.953125,3453.0,3.534288638689867,5.0,977,0.027229911840831452,1742.714357813213,1699.6569622007294,43.057395612482786,0.009756645583674286,0.00039026582334697143,6.097903489796429e-06,0.14589650028074425,64
10304,160,161,361.93854214460515,5.6552897210094555,0.7407132243684993,0.7407132243684993,1346,997,341,0,56.3125,3604.0,3.6148445336008024,5.0,997,0.025208201261133246,1613.3248807125278,1566.5575932802185,46.76728743231009,0.008703943556704813,0.00034815774226819253,5.439964722940508e-06,0.14375915151360835,64
10368,161,162,366.32180206027414,5.723778157191783,0.745575221238938,0.745575221238938,1356,1011,342,0,57.390625,3673.0,3.6330365974282888,5.0,1011,0.028958109434550044,1853.319003811203,1805.512647751095,47.80635606010842,0.009992432694956541,0.00039969730779826167,6.245270434347839e-06,0.14222364476710303,64
10432,162,163,381.0546193615728,5.953978427524575,0.7389473684210527,0.7389473684210527,1425,1053,361,0,61.5,3936.0,3.737891737891738,5.0,1053,0.030699565112915512,1964.7721672265927,1914.3453114381616,50.426855788430565,0.010533406410264925,0.000421336256410597,6.583379006415578e-06,0.14108496843582607,64
10496,163,164,400.3434910170949,6.255367047142108,0.7466307277628033,0.7466307277628033,1484,1108,380,0,63.625,4072.0,3.675090252707581,5.0,1108,0.03417891059322379,2187.4502779663226,2135.0488321547527,52.40144581156849,0.01136685518382791,0.0004546742073531164,7.104284489892444e-06,0.14041537837549792,64
10560,164,165,380.9807291197909,5.952823892496733,0.734020618556701,0.734020618556701,1455,1068,391,0,61.140625,3913.0,3.6638576779026217,5.0,1068,0.03158344489078441,2021.340473010202,1970.3929016300672,50.947571380134335,0.010933743927511497,0.0004373497571004599,6.833589954694686e-06,0.1396058349860906,64
10624,165,166,374.0613946902061,5.84470929203447,0.736140350877193,0.736140350877193,1425,1049,389,0,61.078125,3909.0,3.726406101048618,5.599999999999909,1049,0.029465765717761,1885.8090059367041,1834.3234720678342,51.485533868869986,0.010173225447535655,0.0004069290179014262,6.3582659047097845e-06,0.13937906798066102,64
10688,166,167,350.77451154598214,5.480851742905971,0.7321830457614403,0.7321830457614403,1333,976,343,0,56.15625,3594.0,3.682377049180328,5.0,976,0.02986192979129727,1911.1635066430254,1863.5093098824898,47.65419676053557,0.010135022798511285,0.0004054009119404514,6.334389249069553e-06,0.1394897454079139,64
10752,167,168,372.5654957554739,5.821335871179279,0.7292393579902303,0.7292393579902303,1433,1045,382,0,62.421875,3995.0,3.8229665071770333,6.0,1045,0.03319860881750992,2124.710964320635,2071.8364719902997,52.874492330334526,0.011581788211214774,0.00046327152844859095,7.2386176320092335e-06,0.13944397390083785,64
10816,168,169,373.87338335981445,5.841771614997101,0.7375886524822695,0.7375886524822695,1410,1040,368,0,60.84375,3894.0,3.7442307692307693,5.0499999999999545,1040,0.030761038947377303,1968.7064926321473,1918.264890095796,50.441602536351176,0.01030131641288396,0.00041205265651535834,6.438322758052474e-06,0.13925544472424836,64
10880,169,170,417.1286293872684,6.517634834176069,0.7670954637779283,0.7670954637779283,1477,1133,355,0,68.046875,4355.0,3.8437775816416595,5.399999999999864,1133,0.03217079771885933,2058.931054006997,2003.987013227934,54.94404077906185,0.010734419625309941,0.0004293767850123976,6.709012265818713e-06,0.13952370753613827,64
10944,170,171,359.9959241495243,5.624936314836317,0.7102351313969572,0.7102351313969572,1446,1027,408,0,62.328125,3989.0,3.88412852969815,6.0,1027,0.030843670705112115,1973.9949251271753,1921.0847749864508,52.910150140724326,0.010250891867715148,0.00041003567470860593,6.406807417321968e-06,0.13957906545415205,64
11008,171,172,345.91252774507393,5.40488324601678,0.7128571428571429,0.7128571428571429,1400,998,415,0,57.609375,3687.0,3.69438877755511,5.0,998,0.029861162315634012,1911.1143882005767,1860.5019073901117,50.612480810464426,0.010330693591611189,0.0004132277436644476,6.456683494756993e-06,0.1393339292794407,64
11072,172,173,380.5482054497736,5.946065710152713,0.7129750982961992,0.7129750982961992,1526,1088,435,0,64.84375,4150.0,3.8143382352941178,6.0,1088,0.035380038543065526,2264.3224667561935,2207.9917156763076,56.330751079887335,0.011758259891020044,0.0004703303956408018,7.348912431887528e-06,0.13889283576493125,64
11136,173,174,389.9863305618189,6.09353641502842,0.7475728155339806,0.7475728155339806,1442,1078,371,0,63.46875,4062.0,3.7680890538033394,5.0,1078,0.031171121471637402,1994.9517741847937,1942.0511598031783,52.90061438161523,0.010331189177839066,0.0004132475671135626,6.4569932361494156e-06,0.13814757506892203,64
11200,174,175,387.81205684057846,6.0595633881340385,0.7441054091539528,0.7441054091539528,1442,1073,368,0,63.734375,4079.0,3.8014911463187326,6.0,1073,0.030792045347303048,1970.690902227395,1917.6106475732445,53.08025465415082,0.010641611864405442,0.0004256644745762177,6.651007415253402e-06,0.1369859144558538,64
11264,175,176,386.08962151686274,6.03265033620098,0.7420470262793915,0.7420470262793915,1446,1073,380,0,63.265625,4049.0,3.7735321528424977,5.0,1073,0.030049576648195398,1923.1729054845055,1871.178097753537,51.99480773096968,0.010007339050295277,0.0004002935620118111,6.254586906434548e-06,0.13568584176646203,64
11328,176,177,362.27689442940476,5.660576475459449,0.7276657060518732,0.7276657060518732,1388,1010,362,0,60.59375,3878.0,3.8396039603960395,5.0,1010,0.029272515589605128,1873.4409977347282,1822.8097130084027,50.63128472632599,0.009680367995519816,0.00038721471982079264,6.050229997199885e-06,0.13460544706495758,64
11392,177,178,366.9425239162789,5.733476936191858,0.7324749642346209,0.7324749642346209,1398,1024,368,0,59.109375,3783.0,3.6943359375,5.0,1024,0.02959820421786047,1894.28506994307,1844.328714834141,49.956355108929756,0.009909597153965282,0.00039638388615861127,6.193498221228301e-06,0.13370629565338246,64
11456,178,179,366.10572249426457,5.720401913972884,0.7428987618353969,0.7428987618353969,1373,1020,369,0,59.421875,3803.0,3.7284313725490197,5.0,1020,0.027387319975936027,1752.7884784599057,1703.792832917505,48.9956455424001,0.008619764203656344,0.00034479056814625377,5.387352627285215e-06,0.1331379211493698,64
11520,179,180,369.3919916045745,5.771749868821477,0.7317246273953159,0.7317246273953159,1409,1031,373,0,60.03125,3842.0,3.7264791464597478,6.0,1031,0.02942953690241196,1883.4903617543655,1833.3488629533474,50.14149880101854,0.009932289226466488,0.00039729156905865954,6.207680766541555e-06,0.13238998085724626,64
11584,180,181,394.6975090586345,6.167148579041164,0.7468879668049793,0.7468879668049793,1446,1080,354,0,61.515625,3937.0,3.64537037037037,6.0,1080,0.029614796767622836,1895.3469931278614,1845.468598042348,49.87839508551326,0.00982062807992816,0.00039282512319712635,6.137892549955099e-06,0.1314207928778232,64
11648,181,182,380.94015327043064,5.952189894850479,0.7491115849324804,0.7491115849324804,1407,1054,363,0,60.3125,3860.0,3.6622390891840606,6.0,1054,0.03238494627912192,2072.636561863803,2023.5326029452847,49.1039589185189,0.010849691281303031,0.00043398765125212123,6.781057050814394e-06,0.13093295624359366,64
11712,182,183,387.3663542548172,6.052599285231519,0.7530163236337828,0.7530163236337828,1409,1061,347,0,61.1875,3916.0,3.6908576814326106,5.0,1061,0.031009949216801426,1984.6367498752913,1935.087095850539,49.549654024752506,0.010129884120991759,0.00040519536483967037,6.3311775756198495e-06,0.13044458206348242,64
11776,183,184,377.729989813291,5.902031090832672,0.7292666209732693,0.7292666209732693,1459,1064,403,0,57.71875,3694.0,3.4718045112781954,5.0,1064,0.03187729043315791,2040.146587722106,1992.2314332345798,47.91515448752621,0.009962084457597751,0.00039848337830391005,6.2263027859985945e-06,0.12987514888856846,64
11840,184,185,392.28979191629503,6.12952799869211,0.754225352112676,0.754225352112676,1420,1071,349,0,62.21875,3982.0,3.7180205415499534,6.0,1071,0.0298077275479357,1907.6945630678847,1858.8732764711087,48.8212865967753,0.00970145088044853,0.0003880580352179412,6.063406800280331e-06,0.12971817603195207,64
11904,185,186,381.0423943797386,5.953787412183416,0.7408450704225352,0.7408450704225352,1420,1052,360,0,59.8125,3828.0,3.6387832699619773,5.0,1052,0.029439880677331987,1884.1523633492473,1834.9666607826746,49.1857025665734,0.009728635257935927,0.00038914541031743707,6.080397036209954e-06,0.1298553654432832,64
11968,186,187,365.2275845024247,5.706681007850386,0.7470414201183432,0.7470414201183432,1352,1010,350,0,56.0,3584.0,3.5485148514851486,5.0,1010,0.02843548117617323,1819.8707952750867,1775.2080335277774,44.662761747309766,0.009113896005811304,0.00036455584023245216,5.696185003632065e-06,0.13018683135094095,64
12032,187,188,369.59486625708115,5.774919785266893,0.7432530999270606,0.7432530999270606,1371,1019,353,0,59.203125,3789.0,3.718351324828263,6.0,1019,0.0266431592713838,1705.1621933685633,1656.3588996501958,48.80329371836758,0.008590384238751934,0.0003436153695500774,5.3689901492199595e-06,0.1300881030324697,64
12096,188,189,369.0056306411976,5.765712978768713,0.7450693937180424,0.7450693937180424,1369,1020,356,0,57.71875,3694.0,3.6215686274509804,5.0,1020,0.025405339194591915,1625.9417084538825,1578.9907786643596,46.95092978952328,0.008284702223997471,0.00033138808895989886,5.17793888999842e-06,0.12992895524331072,64
12160,189,190,387.02529000345106,6.047270156303923,0.7359009628610729,0.7359009628610729,1454,1070,369,0,63.0,4032.0,3.7682242990654204,5.0,1070,0.030331660255377486,1941.226256344159,1890.9760113952186,50.250244948940086,0.009911546814945492,0.00039646187259781966,6.194716759340932e-06,0.1302668306709453,64
12224,190,191,353.6356707885078,5.5255573560704345,0.7183702644746247,0.7183702644746247,1399,1005,397,0,59.703125,3821.0,3.801990049751244,5.0,1005,0.02802551198340666,1793.6327669380264,1742.4779075204756,51.15485941755047,0.009324954311282333,0.00037299817245129335,5.828096444551459e-06,0.13115912598187607,64
12288,191,192,372.7977074390139,5.824964178734592,0.727719298245614,0.727719298245614,1425,1037,369,0,60.96875,3902.0,3.7627772420443586,5.0,1037,0.02861320528777478,1831.2451384175858,1779.8653575054336,51.37978091215161,0.009539313869711531,0.00038157255478846126,5.962071168569707e-06,0.13202606360045116,64
12352,192,193,366.80504616045835,5.731328846257162,0.7174362508614749,0.7174362508614749,1451,1041,408,0,63.3125,4052.0,3.8924111431316044,5.0,1041,0.029251740815169267,1872.111412170833,1818.8287616155974,53.28265055523577,0.009440462735930915,0.0003776185094372366,5.900289209956822e-06,0.13270570535437057,64
12416,193,194,355.41733417987905,5.55339584656061,0.7127955493741307,0.7127955493741307,1438,1025,427,0,62.421875,3995.0,3.897560975609756,5.0,1025,0.02814183109050389,1801.077189792249,1747.1544681711514,53.922721621097836,0.009668055143606599,0.00038672220574426395,6.042534464754124e-06,0.13295999333867942,64
12480,194,195,376.53130819494925,5.883301690546082,0.7383966244725738,0.7383966244725738,1422,1050,376,0,63.1875,4044.0,3.8514285714285714,5.0,1050,0.029182631957772466,1867.6884452974377,1815.7203849737539,51.968060323684576,0.010535130506784906,0.00042140522027139625,6.584456566740566e-06,0.13296360070345475,64
12544,195,196,375.9872555666235,5.874800868228492,0.7185588035350102,0.7185588035350102,1471,1057,396,0,63.46875,4062.0,3.8429517502365185,6.0,1057,0.02993979666739856,1916.1469867135079,1864.596281022298,51.55070569120962,0.010263415154401568,0.0004105366061760627,6.41463447150098e-06,0.13267195724236935,64
12608,196,197,346.3128850563486,5.411138829005447,0.7218591140159768,0.7218591140159768,1377,994,406,0,59.921875,3835.0,3.858148893360161,5.0,994,0.029033728419118054,1858.1586188235556,1807.7360915805393,50.422527243015956,0.010124628994846868,0.0004049851597938747,6.327893121779292e-06,0.1320575576115477,64
12672,197,198,332.5749575456008,5.196483711650012,0.7010233918128655,0.7010233918128655,1368,959,401,0,58.390625,3737.0,3.8967674661105316,5.0,959,0.026905806719094184,1721.9716300220277,1671.5754863100901,50.39614371193782,0.009712796991446955,0.0003885118796578782,6.070498119654347e-06,0.13178620871238517,64
12736,198,199,359.62631685079236,5.619161200793631,0.7108183079056866,0.7108183079056866,1442,1025,408,0,62.65625,4010.0,3.9121951219512194,5.0,1025,0.02677624095833015,1713.6794213331298,1660.608892591028,53.070528742102944,0.009382393384283007,0.0003752957353713203,5.86399586517688e-06,0.13166582446052108,64
12800,199,200,358.76012263791444,5.605626916217413,0.7066031313818925,0.7066031313818925,1469,1038,434,0,64.6875,4140.0,3.9884393063583814,6.0,1038,0.030316546583121832,1940.2589813197972,1883.8933385403382,56.36564277945933,0.011203864648714989,0.00044815458594859957,7.002415405446868e-06,0.13214719328746258,64
12864,200,201,384.39129465868314,6.006113979041924,0.7347498286497601,0.7347498286497601,1459,1072,378,0,66.609375,4263.0,3.9766791044776117,6.0,1072,0.03130690797598948,2003.6421104633268,1949.6725205255896,53.96958993773661,0.011857983147186417,0.0004743193258874567,7.411239466991511e-06,0.13251562169571693,64
12928,201,202,344.2774183562983,5.379334661817161,0.7070921985815602,0.7070921985815602,1410,997,420,0,61.75,3952.0,3.9638916750250752,5.0,997,0.028264959690332048,1808.957420181251,1755.3222177546127,53.635202426638614,0.010332786786430782,0.00041331147145723125,6.457991741519238e-06,0.13328020907562457,64
12992,202,203,377.65785329064136,5.900903957666271,0.7412095639943741,0.7412095639943741,1422,1054,380,0,63.265625,4049.0,3.8415559772296017,5.0,1054,0.02856197633532783,1827.9664854609812,1775.942335552845,52.02414990813531,0.009878074345055457,0.00039512297380221825,6.17379646565966e-06,0.13398871856619493,64
13056,203,204,352.07636152013214,5.501193148752065,0.7134670487106017,0.7134670487106017,1396,996,382,0,60.71875,3886.0,3.9016064257028114,5.0,996,0.027312914322701724,1748.0265166529102,1695.9730166507065,52.0535000022031,0.009603266442623961,0.0003841306577049584,6.002041526639975e-06,0.13443216121788643,64
13120,204,205,356.11682771964655,5.564325433119477,0.7203690560681334,0.7203690560681334,1409,1015,402,0,61.734375,3951.0,3.892610837438424,5.0,1015,0.02755599821673637,1763.5838858711277,1710.2193355638633,53.3645503072648,0.010008672898069513,0.0004003469159227805,6.255420561293445e-06,0.13535931031048876,64
13184,205,206,351.9866010427186,5.499790641292478,0.7002762430939227,0.7002762430939227,1448,1014,421,0,62.453125,3997.0,3.9418145956607495,6.0,1014,0.027601539393028635,1766.4985211538326,1712.3231180928078,54.1754030610246,0.010215547286830032,0.00040862189147320127,6.38471705426877e-06,0.13625474215255381,64
13248,206,207,370.5029281502642,5.789108252347878,0.7189631650750341,0.7189631650750341,1466,1054,408,0,64.109375,4103.0,3.8927893738140416,5.0,1054,0.031244614420858307,1999.6553229349317,1944.165603088777,55.48971984615456,0.01135048414575824,0.0004540193658303296,7.0940525910989e-06,0.1369053171577615,64
13312,207,208,371.07615173726896,5.7980648708948275,0.7411347517730497,0.7411347517730497,1410,1045,392,0,63.671875,4075.0,3.8995215311004783,5.0,1045,0.028322997034700783,1812.6718102208501,1760.7264906423752,51.945319578474056,0.010080207407217597,0.00040320829628870386,6.300129629510998e-06,0.13717305517815986,64
13376,208,209,361.0881423878479,5.642002224810123,0.70297699594046,0.70297699594046,1478,1039,429,0,63.453125,4061.0,3.9085659287776706,5.0,1039,0.028955721185721022,1853.1661558861454,1797.6810579348169,55.48509795132852,0.010063484071715992,0.0004025393628686397,6.289677544822495e-06,0.13699183946610963,64
13440,209,210,355.8039767944317,5.559437137412996,0.7375366568914956,0.7375366568914956,1364,1006,388,0,62.296875,3987.0,3.963220675944334,5.0,1006,0.025857684596239945,1654.8918141593565,1604.0502890772932,50.84152508206289,0.008852389075232617,0.00035409556300930467,5.5327431720203854e-06,0.13652729781751524,64
13504,210,211,342.85957967665064,5.357180932447666,0.7105069801616458,0.7105069801616458,1361,967,364,0,57.546875,3683.0,3.8086866597724924,5.0,967,0.026002633717052963,1664.1685578913896,1614.05136525144,50.11719263994872,0.009733470074189957,0.00038933880296759826,6.083418796368723e-06,0.13572517678542304,64
13568,211,212,350.1808216640825,5.471575338501289,0.7185929648241206,0.7185929648241206,1393,1001,404,0,60.140625,3849.0,3.845154845154845,5.0,1001,0.026983833356302573,1726.9653348033646,1675.7289361152366,51.236398688128745,0.009250314854552145,0.0003700125941820858,5.781446784095091e-06,0.13541936901339385,64
13632,212,213,404.12643026491276,6.314475472889262,0.7525354969574036,0.7525354969574036,1479,1113,375,0,66.6875,4268.0,3.834681042228212,5.0,1113,0.03139030132082386,2008.9792845327274,1955.5190794542564,53.4602050784708,0.011020081593035223,0.0004408032637214089,6.887550995647014e-06,0.13512105874498562,64
13696,213,214,370.31142677707965,5.7861160433918695,0.7309064953604568,0.7309064953604568,1401,1024,354,0,61.140625,3913.0,3.8212890625,5.0,1024,0.02750741406973263,1760.4745004628883,1710.476158115813,49.99834234707579,0.009752119479123099,0.00039008477916492395,6.095074674451937e-06,0.1353489311850466,64
13760,214,215,353.3120393793473,5.520500615302302,0.7340267459138187,0.7340267459138187,1346,988,359,0,58.484375,3743.0,3.7884615384615383,5.0,988,0.027913062321502025,1786.4359885761296,1737.923042510879,48.51294606525075,0.009750783138752979,0.00039003132555011914,6.0942394617206115e-06,0.13546575935517052,64
13824,215,216,377.77898737578505,5.902796677746641,0.7410526315789474,0.7410526315789474,1425,1056,383,0,63.34375,4054.0,3.8390151515151514,5.0,1056,0.028164595243584466,1802.5340955894058,1749.9604529393007,52.57364265010477,0.009991245366702662,0.0003996498146681065,6.244528354189164e-06,0.13515463773067954,64
13888,216,217,376.7882827888475,5.887316918575742,0.7363253856942497,0.7363253856942497,1426,1050,371,0,64.65625,4138.0,3.940952380952381,5.0,1050,0.03156902469721306,2020.4175806216358,1966.217976686588,54.19960393504794,0.011385441171521368,0.0004554176468608547,7.115900732200855e-06,0.13465910003166115,64
13952,217,218,364.7067996944283,5.698543745225442,0.7248939179632249,0.7248939179632249,1414,1025,381,0,61.859375,3959.0,3.862439024390244,5.0,1025,0.028365277458093374,1815.377757317976,1764.1932549415574,51.18450237641888,0.009792739618657469,0.00039170958474629876,6.120462261660918e-06,0.13458082463238807,64
14016,218,219,370.8390624800891,5.794360351251393,0.7420977011494253,0.7420977011494253,1392,1033,370,0,63.015625,4033.0,3.904162633107454,5.0,1033,0.026790642617843544,1714.601127541987,1661.455240106789,53.145887435199334,0.009305824351279685,0.00037223297405118743,5.8161402195498036e-06,0.13525922877265925,64
14080,219,220,363.71641053604094,5.68306891462564,0.7331902718168812,0.7331902718168812,1398,1025,388,0,61.96875,3966.0,3.8692682926829267,5.0,1025,0.028074910853319385,1796.7942946124406,1743.4223047460769,53.37198986636363,0.009339070465170709,0.00037356281860682835,5.836919040731693e-06,0.13588870909058764,64
14144,220,221,355.70264294496036,5.557853796015006,0.705110497237569,0.705110497237569,1448,1021,414,0,62.046875,3971.0,3.889324191968658,5.0,1021,0.03148406442817969,2014.9801234035003,1960.7708869897613,54.20923641373984,0.01093582432129174,0.0004374329728516696,6.834890200807337e-06,0.13630356091318307,64
14208,221,222,354.9206747040445,5.545635542250695,0.725018234865062,0.725018234865062,1371,994,366,0,60.625,3880.0,3.903420523138833,5.0,994,0.025798935853829395,1651.1318946450813,1599.0849867197392,52.04690792534237,0.00904399981044169,0.0003617599924176676,5.652499881526056e-06,0.13628268632789378,64
14272,222,223,372.790273406169,5.82484802197139,0.734965034965035,0.734965034965035,1430,1051,394,0,64.953125,4157.0,3.955280685061846,5.0,1051,0.02972206094214372,1902.211900297198,1847.1757421812747,55.03615811592351,0.010610220024202038,0.00042440880096808155,6.631387515126274e-06,0.13615712068642638,64
14336,223,224,335.7099758009327,5.245468371889573,0.7,0.7,1390,973,416,0,60.71875,3886.0,3.9938335046248716,6.0,973,0.027288409267446873,1746.4581931166,1693.1746067846052,53.28358633199468,0.009307554883209513,0.0003723021953283805,5.817221802005945e-06,0.13644420310714228,64
14400,224,225,337.72214445712575,5.27690850714259,0.7047272727272728,0.7047272727272728,1375,969,399,0,59.15625,3786.0,3.9071207430340555,5.0,969,0.024940619238220305,1596.1996312460994,1544.1601146462624,52.03951659983658,0.00839111207106703,0.0003356444828426812,5.244445044416894e-06,0.13651571901500398,64
14464,225,226,360.08468117756684,5.626323143399482,0.7202549575070821,0.7202549575070821,1412,1017,389,0,61.71875,3950.0,3.8839724680432646,5.0,1017,0.028641923474381787,1833.0831023604344,1780.2527507773016,52.83035158313314,0.009962767894140407,0.00039851071576561624,6.226729933837754e-06,0.13716694956919212,64
14528,226,227,357.6833459658896,5.588802280717025,0.7187060478199718,0.7187060478199718,1422,1022,409,0,63.046875,4035.0,3.948140900195695,5.0,1022,0.029581552730401833,1893.2193747457172,1838.605451681507,54.613923064210844,0.009984728778088247,0.00039938915112352986,6.240455486305154e-06,0.137765694878615,64
14592,227,228,361.6107869536393,5.650168546150614,0.7313540912382331,0.7313540912382331,1381,1010,366,0,60.390625,3865.0,3.8267326732673266,5.0,1010,0.02748951880372211,1759.329203438215,1708.1017117545755,51.227491683640125,0.009384776858169396,0.00037539107432677584,5.8654855363558725e-06,0.137969077970689,64
14656,228,229,367.68630696464425,5.745098546322566,0.7303609341825902,0.7303609341825902,1413,1032,386,0,62.046875,3971.0,3.8478682170542635,5.0,1032,0.02802096925250544,1793.3420321603483,1740.8986798403287,52.443352320019706,0.009431516029701483,0.00037726064118805933,5.894697518563427e-06,0.13791977432770253,64
14720,229,230,349.72403052469315,5.4644379769483304,0.7286245353159851,0.7286245353159851,1345,980,363,0,56.125,3592.0,3.6653061224489796,5.0,980,0.025721641198427243,1646.1850366993435,1598.9918012226974,47.19323547664618,0.008779246424037945,0.0003511698569615178,5.487029015023715e-06,0.13747520076172826,64
14784,230,231,387.7989217983547,6.059358153099292,0.7583988563259471,0.7583988563259471,1399,1061,345,0,60.96875,3902.0,3.6776625824693685,5.0,1061,0.028946715603368152,1852.5897986155617,1804.8207348121093,47.76906380345217,0.009809578278385595,0.0003923831311354238,6.130986423990997e-06,0.13680266479872372,64
14848,231,232,363.2959731306893,5.67649958016702,0.7440652818991098,0.7440652818991098,1348,1003,342,0,58.109375,3719.0,3.707876370887338,5.0,1003,0.029032604504458617,1858.0866882853516,1809.8266143788155,48.26007390653502,0.009673840677480514,0.0003869536270992206,6.0461504234253216e-06,0.1366564673157942,64
14912,232,233,360.6928520783057,5.635825813723526,0.7344093910491563,0.7344093910491563,1363,1001,356,0,58.71875,3758.0,3.7542457542457544,5.0,1001,0.024865511248159545,1591.392719882211,1543.1258225850972,48.26689729711449,0.008199349964289305,0.0003279739985715722,5.124593727680815e-06,0.13651005933824104,64
14976,233,234,347.3162353294351,5.426816177022423,0.7141823444283647,0.7141823444283647,1382,987,387,0,56.953125,3645.0,3.6930091185410334,5.0,987,0.026945994447092943,1724.5436446139483,1676.816706724501,47.72693788944725,0.009346369838525898,0.00037385479354103596,5.841481149078687e-06,0.13689056783022296,64
15040,234,235,375.3259381882749,5.864467784191795,0.7355601948503827,0.7355601948503827,1437,1057,400,0,62.3125,3988.0,3.7729422894985807,5.0,1057,0.028130117756139248,1800.327536392912,1749.4496032096265,50.87793318328562,0.009444653323525605,0.0003777861329410242,5.902908327203503e-06,0.13706926278653347,64
15104,235,236,365.96761259078426,5.718243946731004,0.7270788912579957,0.7270788912579957,1407,1023,372,0,61.25,3920.0,3.8318670576735094,5.0,1023,0.027949892662985486,1788.7931304310712,1736.4667212792397,52.326409151831314,0.009530961451231274,0.000381238458049251,5.9568509070195465e-06,0.1373990900290872,64
15168,236,237,352.5497322062027,5.508589565721917,0.725018234865062,0.725018234865062,1371,994,375,0,59.71875,3822.0,3.8450704225352115,5.0,994,0.027180691471299756,1739.5642541631844,1688.510352591737,51.053901571447774,0.009716289351361644,0.00038865157405446575,6.072680844601027e-06,0.13799028789296613,64
15232,237,238,369.7258432409851,5.776966300640392,0.7140902872777017,0.7140902872777017,1462,1044,402,0,61.875,3960.0,3.793103448275862,5.0,1044,0.026583576862593678,1701.3489192059953,1648.5195102234993,52.82940898249603,0.00879513791769369,0.0003518055167077476,5.4969611985585565e-06,0.13828348489855585,64
15296,238,239,394.0505303723105,6.157039537067352,0.7745664739884393,0.7745664739884393,1384,1072,340,0,61.96875,3966.0,3.699626865671642,5.0,1072,0.029241852321798836,1871.4785485951256,1823.5774768818405,47.90107171328452,0.009601329324062425,0.000384053172962497,6.000830827539016e-06,0.13819730883512343,64
15360,239,240,379.8171753296921,5.934643364526439,0.7397743300423131,0.7397743300423131,1418,1049,359,0,60.453125,3869.0,3.688274547187798,5.0,1049,0.030117638669513905,1927.52887484889,1878.4776484651413,49.05122638374761,0.01019278296299896,0.00040771131851995835,6.370489351874349e-06,0.13782576469963326,64
15424,240,241,403.50810520779044,6.304814143871726,0.7542896362388469,0.7542896362388469,1457,1099,347,0,64.953125,4157.0,3.7825295723384897,5.0,1099,0.03230188048555136,2067.320351075287,2016.0473115223192,51.273039552968044,0.011092778460626685,0.0004437111384250674,6.9329865378916785e-06,0.13719405020272138,64
15488,241,242,380.15380788409107,5.939903248188923,0.7419127988748242,0.7419127988748242,1422,1055,374,0,60.375,3864.0,3.662559241706161,5.0,1055,0.027869210746304524,1783.6294877634896,1735.214330688358,48.41515707513269,0.00976571102422951,0.00039062844096918046,6.103569390143445e-06,0.1361755397282271,64
15552,242,243,364.0531010665149,5.688329704164295,0.7373371924746743,0.7373371924746743,1382,1019,373,0,58.890625,3769.0,3.6987242394504416,5.0,1019,0.028073211954136163,1796.6855650647144,1748.582214695409,48.10335036930496,0.009417731401757837,0.00037670925607031353,5.886082126098649e-06,0.13523349893907344,64
15616,243,244,373.8933474295119,5.842083553586123,0.7237113402061855,0.7237113402061855,1455,1053,396,0,60.953125,3901.0,3.704653371320038,5.0,1053,0.03077711314038479,1969.7352409846264,1918.9324107827313,50.802830201894714,0.010046712207202282,0.0004018684882880913,6.279195129501427e-06,0.13553791161146814,64
15680,244,245,375.2331275462875,5.863017617910742,0.7355021216407355,0.7355021216407355,1414,1040,366,0,56.25,3600.0,3.4615384615384617,5.0,1040,0.02817681440270543,1803.3161217731474,1756.800351979679,46.51576979346923,0.009169831628925757,0.00036679326515703025,5.731144768078598e-06,0.13564756562870345,64
15744,245,246,385.5442934687499,6.024129585449217,0.7647058823529411,0.7647058823529411,1377,1053,341,0,56.453125,3613.0,3.4311490978157644,5.0,1053,0.02868303565353363,1835.7142818261523,1790.4809284549924,45.23335337115969,0.009612824971171236,0.00038451299884684946,6.008015606982023e-06,0.13541239955311798,64
15808,246,247,379.4020404772619,5.928156882457217,0.7538349159970782,0.7538349159970782,1369,1032,329,0,56.796875,3635.0,3.522286821705426,5.0,1032,0.027344028182517008,1750.0178036810885,1704.9864035597154,45.03140012137229,0.00867731749450837,0.0003470926997803348,5.423323434067732e-06,0.13536104836135568,64
15872,247,248,417.27606393526156,6.519938498988462,0.7876420454545454,0.7876420454545454,1408,1109,301,0,61.5625,3940.0,3.552750225428314,5.0,1109,0.03291201573748752,2106.369007199201,2060.340083331115,46.02892386808506,0.010787850285290751,0.00043151401141163,6.742406428306719e-06,0.13561141596129167,64
15936,248,249,392.95049688398433,6.139851513812255,0.758694109297374,0.758694109297374,1409,1069,337,0,59.9375,3836.0,3.588400374181478,5.0,1069,0.030269274352734167,1937.2335585749868,1890.612212320512,46.62134625447373,0.010055653173399489,0.00040222612693597957,6.284783233374681e-06,0.13568182752698457,64
16000,249,250,409.9634137228014,6.405678339418772,0.753004005340454,0.753004005340454,1498,1128,379,0,64.703125,4141.0,3.6710992907801416,5.0,1128,0.032951289380497156,2108.882520351818,2057.2662885319,51.61623181991747,0.010632147669877459,0.00042528590679509834,6.6450922936734115e-06,0.13596628393096508,64
16064,250,251,391.4745566293438,6.116789947333497,0.7556497175141242,0.7556497175141242,1416,1070,347,0,61.78125,3954.0,3.695327102803738,5.0,1070,0.029452522553452095,1884.961443420934,1835.016539869276,49.94490355165797,0.009720504630592788,0.0003888201852237115,6.075315394120492e-06,0.13652036467156636,64
16128,251,252,395.54564580544604,6.180400715710094,0.7513812154696132,0.7513812154696132,1448,1088,361,0,62.84375,4022.0,3.6966911764705883,6.0,1088,0.03153735602642581,2018.390785691252,1967.7801958147784,50.61058987647291,0.010894067868990744,0.00043576271475962976,6.808792418119215e-06,0.13664294389348514,64
16192,252,253,377.8254255101349,5.903522273595858,0.7308228730822873,0.7308228730822873,1434,1048,368,0,60.140625,3849.0,3.6727099236641223,5.0,1048,0.02843621001231583,1819.917440788213,1768.3489630799438,51.56847770826882,0.009433424088645767,0.00037733696354583067,5.895890055403604e-06,0.13697175538474782,64
16256,253,254,373.38731023400925,5.8341767224063945,0.7297486033519553,0.7297486033519553,1432,1045,384,0,61.03125,3906.0,3.737799043062201,5.0,1045,0.030505182222286667,1952.3316622263467,1902.110320483017,50.22134174332968,0.009866460569670665,0.0003946584227868266,6.166537856044165e-06,0.13757095544525788,64
16320,254,255,349.4060833157854,5.459470051809147,0.7073342736248237,0.7073342736248237,1418,1003,414,0,59.734375,3823.0,3.8115653040877366,5.0,1003,0.026848334522909426,1718.2934094662032,1666.0014935017666,52.29191596443654,0.009104159826120601,0.00036416639304482403,5.6900998913253755e-06,0.13782350433665347,64
16384,255,256,354.9840381942671,5.546625596785423,0.729121278140886,0.729121278140886,1377,1004,386,0,60.109375,3847.0,3.8316733067729083,5.0,1004,0.02825626546333464,1808.400989653417,1755.533013180517,52.86797647289936,0.009585151956355445,0.0003834060782542178,5.990719972722153e-06,0.13775609800673103,64
16448,256,257,358.4612410908087,5.600956892043886,0.7217081850533807,0.7217081850533807,1405,1014,388,0,63.171875,4043.0,3.9871794871794872,5.0,1014,0.02937910444251764,1880.262684321129,1825.418535061375,54.84414925975343,0.009903288032430936,0.00039613152129723745,6.189555020269335e-06,0.13739142762499593,64
16512,257,258,345.2856529012623,5.395088326582224,0.697350069735007,0.697350069735007,1434,1000,424,0,62.296875,3987.0,3.987,5.0,1000,0.029090873658436493,1861.8159141399356,1805.2105460315,56.605368108435805,0.010303714171038878,0.0004121485668415551,6.439821356899299e-06,0.13710434075451058,64
16576,258,259,362.95647037085126,5.671194849544551,0.745775165319618,0.745775165319618,1361,1015,370,0,63.265625,4049.0,3.9891625615763546,5.0,1015,0.02961069753238517,1895.084642072651,1841.3003965961682,53.78424547648298,0.009946095971650911,0.0003978438388660364,6.216309982281819e-06,0.137225404457811,64
16640,259,260,369.5339891687025,5.773968580760976,0.696969696969697,0.696969696969697,1518,1058,431,0,65.421875,4187.0,3.9574669187145557,5.0,1058,0.02915087657243229,1865.6561006356667,1807.9612138143932,57.69488682127341,0.009936573170055349,0.0003974629268022139,6.2103582312845926e-06,0.1369208531559071,64
16704,260,261,339.2614169844984,5.300959640382787,0.7100506146059291,0.7100506146059291,1383,982,421,0,59.171875,3787.0,3.8564154786150713,5.0,982,0.027382203141799205,1752.4610010751492,1700.7150956478163,51.74590542733273,0.008750252486781658,0.00035001009947126634,5.4689078042385365e-06,0.13647674855136502,64
16768,261,262,355.3453289301422,5.552270764533472,0.7137834036568214,0.7137834036568214,1422,1015,412,0,60.59375,3878.0,3.820689655172414,5.0,1015,0.0279762911807422,1790.4826355675007,1738.265257423294,52.2173781442061,0.009212013965119786,0.00036848055860479146,5.7575087281998666e-06,0.13650220951566372,64
16832,262,263,345.3055478514076,5.395399185178244,0.6986013986013986,0.6986013986013986,1430,999,423,0,59.3125,3796.0,3.7997997997998,5.0,999,0.030062553142192788,1924.0034011003384,1870.4075572095235,53.595843890814436,0.009622977041694509,0.00038491908166778035,6.014360651059068e-06,0.13630487460994195,64
16896,263,264,367.6262822421445,5.744160660033508,0.7347232207045291,0.7347232207045291,1391,1022,361,0,61.046875,3907.0,3.8228962818003915,5.0,1022,0.030268380434923508,1937.1763478351045,1885.5791653505928,51.59718248451127,0.009779992697202538,0.00039119970788810155,6.112495435751587e-06,0.13651541115861643,64
16960,264,265,368.7774701166477,5.76214797057262,0.7405523255813954,0.7405523255813954,1376,1019,351,0,59.9375,3836.0,3.7644749754661433,5.0,1019,0.028703669630018087,1837.0348563211576,1786.2952995853082,50.739556735848964,0.00928646964237507,0.0003714587856950028,5.8040435264844185e-06,0.13681597728440723,64
17024,265,266,362.963460125564,5.671304064461937,0.7490774907749077,0.7490774907749077,1355,1015,370,0,60.703125,3885.0,3.8275862068965516,6.0,1015,0.029536016685578426,1890.3050678770192,1839.5886509901632,50.71641688685667,0.009715408830370705,0.00038861635321482815,6.07213051898169e-06,0.1367263292112059,64
17088,266,267,351.26303482782083,5.4884849191847005,0.7117310443490701,0.7117310443490701,1398,995,393,0,59.25,3792.0,3.8110552763819094,6.0,995,0.028358724073391014,1814.9583406970248,1763.6043679338613,51.35397276316313,0.009148535184082105,0.0003659414073632842,5.717834490051316e-06,0.1369209345962374,64
17152,267,268,352.3520095342652,5.505500148972894,0.7099505998588568,0.7099505998588568,1417,1006,402,0,60.21875,3854.0,3.831013916500994,5.0,1006,0.031220523448983604,1998.1135007349505,1944.7404053682972,53.37309536665411,0.010029265911936189,0.0004011706364774475,6.2682911949601176e-06,0.13734944125622983,64
17216,268,269,363.688687156696,5.682635736823375,0.7160927617709065,0.7160927617709065,1423,1019,377,0,62.15625,3978.0,3.903827281648675,5.0,1019,0.029810316022035502,1907.860225410272,1854.0796946335686,53.780530776704225,0.009349927427947961,0.0003739970971179184,5.843704642467475e-06,0.13742234873946696,64
17280,269,270,368.93498095810884,5.764609077470451,0.7342215988779803,0.7342215988779803,1426,1047,407,0,62.5625,4004.0,3.824259789875836,5.0,1047,0.03222998210814781,2062.7188549214598,2009.6300945251087,53.088760396351994,0.01038880836381038,0.0004155523345524152,6.4930052273814875e-06,0.13773681193439272,64
17344,270,271,368.5631450809578,5.758799141889965,0.730225988700565,0.730225988700565,1416,1034,386,0,61.265625,3921.0,3.7920696324951644,6.0,1034,0.030770215067727535,1969.2937643345622,1918.2826665273444,51.01109780721719,0.00910020186590982,0.0003640080746363928,5.6876261661936375e-06,0.13832631067983758,64
17408,271,272,379.0181825371418,5.922159102142841,0.7454031117397454,0.7454031117397454,1414,1054,375,0,62.21875,3982.0,3.777988614800759,5.0,1054,0.03313896345440813,2120.89366108212,2070.926285408407,49.96737567371304,0.01000074149423079,0.0004000296597692316,6.2504634338942435e-06,0.1385769599988574,64
17472,272,273,358.0074748644199,5.593866794756561,0.7105997210599722,0.7105997210599722,1434,1019,405,0,60.609375,3879.0,3.8066732090284594,5.0,1019,0.03246855476824393,2077.9875051676117,2025.3152013509653,52.67230381664578,0.009342202065301826,0.000373688082612073,5.838876290813641e-06,0.13844359171738221,64
17536,273,274,369.7301501137042,5.777033595526628,0.7336683417085427,0.7336683417085427,1393,1022,357,0,60.421875,3867.0,3.783757338551859,5.0,1022,0.028212940170304766,1805.628170899505,1754.4284349315842,51.19973596792036,0.008611044220531393,0.00034444176882125575,5.381902637832121e-06,0.13793917380387472,64
17600,274,275,386.61753015304555,6.040898908641337,0.7535612535612536,0.7535612535612536,1404,1058,347,0,63.421875,4059.0,3.83648393194707,6.0,1058,0.03171733992774625,2029.90975537576,1979.001959462502,50.907795913257296,0.009919890308801672,0.0003967956123520669,6.199931443001046e-06,0.13799674773860576,64
17664,275,276,386.0701457639212,6.032346027561268,0.7313432835820896,0.7313432835820896,1474,1078,393,0,62.75,4016.0,3.725417439703154,5.0,1078,0.029645409158502726,1897.3061861441745,1844.8316237052322,52.4745624389423,0.009485615571522157,0.0003794246228608863,5.9285097322013484e-06,0.13889441120512902,64
17728,276,277,359.21437574837773,5.612724621068402,0.7224982256919801,0.7224982256919801,1409,1018,395,0,60.296875,3859.0,3.7907662082514735,5.0,1018,0.028819889179581577,1844.4729074932209,1791.9173391189697,52.555568374250406,0.009543440453343743,0.0003817376181337497,5.964650283339839e-06,0.1397706716284113,64
17792,277,278,354.90806378145226,5.5454384965851915,0.711484593837535,0.711484593837535,1428,1016,414,0,60.40625,3866.0,3.8051181102362204,5.0,1016,0.02926985654875466,1873.2708191202983,1820.2660256331033,53.004793487194654,0.009355650128145439,0.00037422600512581754,5.847281330090899e-06,0.14028155782167517,64
17856,278,279,367.6722008397293,5.744878138120771,0.735,0.735,1400,1029,377,0,61.109375,3911.0,3.8007774538386783,5.0,1029,0.03136209716411708,2007.174218503493,1955.538706826603,51.63551167689044,0.010425517542591071,0.0004170207017036428,6.515948464119419e-06,0.1404723164684639,64
17920,279,280,384.41067672016715,6.006416823752612,0.7404314544189283,0.7404314544189283,1437,1064,370,0,64.984375,4159.0,3.9088345864661656,6.0,1064,0.032502470794198816,2080.158130828724,2024.37580496136,55.78232586736384,0.010593908980209928,0.00042375635920839714,6.621193112631205e-06,0.1404322444121237,64
17984,280,281,377.15770917190076,5.893089205810949,0.7105960264900663,0.7105960264900663,1510,1073,426,0,65.09375,4166.0,3.882572227399814,5.0,1073,0.030287766318364294,1938.4170443753148,1881.5427819374124,56.87426243790231,0.009761415412322096,0.00039045661649288383,6.10088463270131e-06,0.14000443025716536,64
18048,281,282,375.74951312097977,5.871086142515309,0.7232876712328767,0.7232876712328767,1460,1056,392,0,63.0625,4036.0,3.821969696969697,5.0,1056,0.03150680079885883,2016.435251126965,1962.8380496699385,53.597201457026614,0.010591064044455511,0.00042364256177822047,6.619415027784695e-06,0.1394391509863488,64
18112,282,283,401.74089767077544,6.277201526105866,0.7532203389830509,0.7532203389830509,1475,1111,385,0,67.25,4304.0,3.873987398739874,5.0,1111,0.03140002504169188,2009.6016026682803,1954.8733620187966,54.7282406494835,0.01039568764228514,0.0004158275056914056,6.497304776428212e-06,0.13981817810638464,64
18176,283,284,363.12617301689966,5.673846453389057,0.7455223880597015,0.7455223880597015,1340,999,338,0,59.75,3824.0,3.8278278278278277,5.0,999,0.026742065516352973,1711.4921930465903,1661.4729205802644,50.01927246632664,0.008609699307042883,0.0003443879722817153,5.3810620669018015e-06,0.1405186369779595,64
18240,284,285,359.9053246568587,5.623520697763417,0.7388441843452817,0.7388441843452817,1367,1010,377,0,60.296875,3859.0,3.8207920792079206,6.0,1010,0.02608339255694632,1669.3371236445644,1620.8256415527626,48.51148209180202,0.008884659741129154,0.00035538638964516614,5.552912338205721e-06,0.14094301825437566,64
18304,285,286,379.1628667157102,5.924419792432972,0.7213225371120108,0.7213225371120108,1482,1069,407,0,65.421875,4187.0,3.9167446211412535,5.0,1069,0.03262145457657432,2087.773092900756,2032.6520878977788,55.121005002976524,0.011153475578731004,0.00044613902314924014,6.970922236706877e-06,0.14112137780178544,64
18368,286,287,358.2382527546787,5.597472699291854,0.7291817523533671,0.7291817523533671,1381,1007,378,0,60.46875,3870.0,3.843098311817279,6.0,1007,0.027577413100810466,1764.95443845187,1713.7459043506174,51.20853410125176,0.009381686378672172,0.00037526745514688685,5.863553986670107e-06,0.14192033419339445,64
18432,287,288,333.33594985198835,5.208374216437318,0.6986100950987564,0.6986100950987564,1367,955,386,0,57.796875,3699.0,3.8732984293193717,5.0,955,0.027589052953207734,1765.699389005295,1715.2771921378885,50.422196867406974,0.009448161280514619,0.0003779264512205847,5.905100800321636e-06,0.14244923903484918,64
18496,288,289,394.08809946396167,6.157626554124401,0.7646643109540636,0.7646643109540636,1415,1082,357,0,63.765625,4081.0,3.7717190388170057,5.0,1082,0.030047998618560147,1923.0719115878494,1871.4374385819947,51.634473005854595,0.010654528217073123,0.0004261811286829249,6.659080135670702e-06,0.14292837060948083,64
18560,289,290,372.7271702975898,5.8238620358998405,0.7192016517549896,0.7192016517549896,1453,1045,380,0,63.21875,4046.0,3.8717703349282298,5.0,1045,0.03222898467164392,2062.655018985211,2008.4414752952218,54.21354368998881,0.011366698337691864,0.00045466793350767455,7.104186461057415e-06,0.14404423327493476,64
18624,290,291,368.24198691012333,5.753781045470677,0.7366926898509581,0.7366926898509581,1409,1038,391,0,60.375,3864.0,3.722543352601156,6.0,1038,0.02762582047990765,1768.0525107140897,1719.529379389801,48.52313132428835,0.009891367542379233,0.00039565470169516937,6.182104713987021e-06,0.14492290684658782,64
18688,291,292,382.4829953125334,5.976296801758334,0.7311901504787962,0.7311901504787962,1462,1069,381,0,62.546875,4003.0,3.744621141253508,6.0,1069,0.03247775089822478,2078.5760574863857,2028.0903898237807,50.485667662604946,0.012265482358962465,0.0004906192943584986,7.66592647435154e-06,0.14545451346625107,64
18752,292,293,359.3508112744689,5.614856426163577,0.7159971811134602,0.7159971811134602,1419,1016,386,0,59.828125,3829.0,3.768700787401575,5.0,1016,0.02990742624469634,1914.0752796605657,1863.1682274799664,50.90705218059877,0.010879216754642838,0.00043516867018571356,6.799510471651774e-06,0.14568957758416207,64
18816,293,294,387.5234509337301,6.055053920839533,0.7566807313642757,0.7566807313642757,1422,1076,369,0,64.25,4112.0,3.8215613382899627,6.0,1076,0.03416338617012667,2186.4567148881065,2134.72358666696,51.73312822114765,0.012193390908361714,0.00048773563633446856,7.620869317726071e-06,0.14554654284142118,64
18880,294,295,365.8155271761592,5.715867612127488,0.7393808495320374,0.7393808495320374,1389,1027,380,0,59.6875,3820.0,3.7195715676728334,5.0,1027,0.030474773400786446,1950.3854976503326,1902.1653252260767,48.22017242425581,0.010807139793188633,0.0004322855917275453,6.754462370742895e-06,0.14516351645487907,64
18944,295,296,366.8100510903575,5.731407048286836,0.7317596566523605,0.7317596566523605,1398,1023,363,0,58.890625,3769.0,3.684261974584555,5.0,1023,0.02991777412885198,1914.7375442465266,1866.5035061737744,48.23403807275248,0.011280819480193287,0.00045123277920773147,7.050512175120804e-06,0.14515619681170874,64
19008,296,297,377.3296374432565,5.895775585050883,0.7525325615050651,0.7525325615050651,1382,1040,337,0,59.96875,3838.0,3.6903846153846156,5.0,1040,0.03319888000357397,2124.728320228734,2076.772436291093,47.95588393764116,0.012917156492580788,0.0005166862597032315,8.073222807862992e-06,0.14542440869752685,64
19072,297,298,374.5229990050311,5.851921859453611,0.749098774333093,0.749098774333093,1387,1039,356,0,60.3125,3860.0,3.7151106833493746,5.0,1039,0.03134464690239432,2006.0574017532367,1958.3920937200846,47.665308033152044,0.012078176649901897,0.00048312706599607587,7.5488604061886855e-06,0.14624322926145084,64
19136,298,299,347.30289895648315,5.426607796195049,0.712338593974175,0.712338593974175,1394,993,390,0,59.15625,3786.0,3.812688821752266,5.0,993,0.02928223646793186,1874.063133947639,1824.0471878608378,50.015946086800945,0.011428393434773866,0.0004571357373909547,7.142745896733667e-06,0.1466221736857207,64
19200,299,300,372.9756092929017,5.827743895201589,0.7453505007153076,0.7453505007153076,1398,1042,367,0,64.515625,4129.0,3.9625719769673706,6.0,1042,0.03188754712253241,2040.8030158420743,1988.0057774672166,52.797238374858075,0.012023223743587467,0.0004809289497434987,7.514514839742167e-06,0.14673174701428565,64
19264,300,301,349.9226984625915,5.467542163477992,0.7119370979270908,0.7119370979270908,1399,996,393,0,61.359375,3927.0,3.9427710843373496,6.0,996,0.02874207527436186,1839.492817559159,1788.8073138030634,50.68550375609447,0.010671742137511984,0.0004268696855004794,6.66983883594499e-06,0.14646340427683446,64
19328,301,302,359.70915341599357,5.6204555221248995,0.7223776223776224,0.7223776223776224,1430,1033,411,0,62.859375,4023.0,3.8944820909970956,6.0,1033,0.032831421696377705,2101.210988568173,2048.1553893624314,53.05559920574178,0.013069632829807238,0.0005227853131922895,8.168520518629523e-06,0.14619055159626687,64
19392,302,303,334.2188705339726,5.222169852093322,0.6950959488272921,0.6950959488272921,1407,978,423,0,62.484375,3999.0,4.088957055214724,6.0,978,0.031260542871368834,2000.6747437676052,1949.371575508997,51.30316825860819,0.01256858516210246,0.0005027434064840984,7.855365726314037e-06,0.14735939734451903,64
19456,303,304,347.84109926449,5.435017176007657,0.7119487908961594,0.7119487908961594,1406,1001,405,0,59.5,3808.0,3.804195804195804,5.0,1001,0.028567251021222567,1828.3040653582443,1777.9110657408942,50.392999617350725,0.01177742290782076,0.0004710969163128304,7.360889317387975e-06,0.14843107109695253,64
19520,304,305,379.92187723016923,5.936279331721394,0.7426573426573426,0.7426573426573426,1430,1062,371,0,63.421875,4059.0,3.8220338983050848,5.0,1062,0.031289769078880314,2002.54522104834,1951.0969844881838,51.44823656015616,0.013062681144613926,0.0005225072457845571,8.164175715383704e-06,0.14904727328340306,64
19584,305,306,335.72681098108444,5.245731421579444,0.7165295437546746,0.7165295437546746,1337,958,376,0,57.875,3704.0,3.8663883089770357,5.0,958,0.026225809535767204,1678.451810289101,1628.594863485131,49.8569468039702,0.010436516437166166,0.00041746065748664665,6.522822773228854e-06,0.14931220899739164,64
19648,306,307,328.1074090077783,5.126678265746536,0.7054896142433235,0.7054896142433235,1348,951,391,0,57.359375,3671.0,3.8601472134595163,5.0,951,0.02883459805322753,1845.414275406562,1795.909726017301,49.50454938926164,0.012163630008588408,0.0004865452003435363,7.602268755367755e-06,0.14969686362945345,64
19712,307,308,368.12644155523196,5.751975649300499,0.7410586552217453,0.7410586552217453,1398,1036,377,0,62.328125,3989.0,3.8503861003861,5.0,1036,0.03003440274425556,1922.201775632356,1871.165798517465,51.03597711489158,0.012007401539339617,0.0004802960615735847,7.5046259620872605e-06,0.15040200947420476,64
19776,308,309,360.07378448167015,5.626152882526096,0.7260371959942775,0.7260371959942775,1398,1015,371,0,60.28125,3858.0,3.800985221674877,5.0,1015,0.028009920045254193,1792.6348828962684,1743.2716184011056,49.36326449516358,0.012092776167818616,0.0004837110467127446,7.557985104886635e-06,0.15115441961924125,64
19840,309,310,388.1026610951573,6.064104079611833,0.7446514837819186,0.7446514837819186,1449,1079,365,0,64.75,4144.0,3.840593141797961,6.0,1079,0.032380644894655565,2072.3612732579563,2020.896159604394,51.46511365356232,0.013684846167528452,0.0005473938467011381,8.553028854705283e-06,0.1524177710009384,64
19904,310,311,345.5249696268356,5.398827650419307,0.724087591240876,0.724087591240876,1370,992,390,0,60.859375,3895.0,3.9264112903225805,6.0,992,0.03153271038937804,2018.0934649201945,1969.4051615543447,48.68830336584896,0.013852889318552698,0.000554115572742108,8.658055824095437e-06,0.15343610103718466,64
19968,311,312,326.52662714574717,5.1019785491522995,0.6805949008498584,0.6805949008498584,1412,961,421,0,58.5,3744.0,3.8959417273673256,6.0,961,0.027483413709541202,1758.938477410637,1708.2427747284023,50.69570268223426,0.011830975281741398,0.0004732390112696559,7.394359551088374e-06,0.15399680835631802,64
20032,312,313,354.0512490979023,5.532050767154724,0.742836149889787,0.742836149889787,1361,1011,391,0,62.53125,4002.0,3.9584569732937687,6.0,1011,0.031149528472904323,1993.5698222658766,1942.9549627110357,50.614859554840834,0.013397931692932488,0.0005359172677172995,8.373707308082805e-06,0.15421820248173918,64
20096,313,314,326.4199666651308,5.100311979142669,0.6824034334763949,0.6824034334763949,1398,954,409,0,58.390625,3737.0,3.9171907756813416,6.0,954,0.028308144988277235,1811.721279249743,1762.058760263375,49.66251898636806,0.01144440287785323,0.0004577761151141292,7.1527517986582685e-06,0.15405589837328618,64
20160,314,315,356.3450648876691,5.567891638869829,0.7219477769936485,0.7219477769936485,1417,1023,403,0,61.453125,3933.0,3.844574780058651,5.899999999999977,1023,0.031227423820552627,1998.555124515368,1949.6121879439374,48.94293657143073,0.013688224532506149,0.000547528981300246,8.555140332816343e-06,0.1536586485332529,64
20224,315,316,340.28790567360625,5.316998526150098,0.7033356990773598,0.7033356990773598,1409,991,408,0,62.453125,3997.0,4.0332996972754795,6.0,991,0.03244812626322938,2076.68008084668,2023.0347732167181,53.64530762996178,0.014682836983213736,0.0005873134793285494,9.176773114508584e-06,0.1528921725298171,64
20288,316,317,362.5985050951957,5.665601642112433,0.7378223495702005,0.7378223495702005,1396,1030,390,0,63.5,4064.0,3.9456310679611653,6.0,1030,0.030777358520758743,1969.7509453285595,1918.4604867211726,51.29045860738721,0.013407279698795493,0.0005362911879518197,8.379549811747183e-06,0.15191573641932998,64
20352,317,318,353.5927855558389,5.524887274309982,0.722664735698769,0.722664735698769,1381,998,365,0,60.265625,3857.0,3.864729458917836,6.0,998,0.03158272578658042,2021.2944503411468,1972.0195121434506,49.27493819769666,0.013402147949566038,0.0005360859179826416,8.376342468478774e-06,0.15173827680379667,64
20416,318,319,378.17180668653873,5.908934479477168,0.7395251396648045,0.7395251396648045,1432,1059,371,0,62.125,3976.0,3.7544853635505193,6.0,1059,0.03146712999983768,2013.8963199896116,1962.7821119031235,51.114208086488006,0.01393164523043925,0.00055726580921757,8.707278269024532e-06,0.15222443575154765,64
20480,319,320,386.81532846403724,6.043989507250582,0.7585227272727273,0.7585227272727273,1408,1068,352,0,60.90625,3898.0,3.649812734082397,5.0,1068,0.03198909684693452,2047.3021982038092,1997.7126806697818,49.58951753402791,0.012627044230773042,0.0005050817692309217,7.891902644233151e-06,0.15241579198180472,64
20544,320,321,381.1456325058165,5.9554005079033825,0.739221140472879,0.739221140472879,1438,1063,375,0,60.0,3840.0,3.61241768579492,5.0,1063,0.030416468625347647,1946.6539920222494,1896.6893314665458,49.96466055570353,0.01224141292840813,0.0004896565171363252,7.650883080255081e-06,0.15301873875023433,64
20608,321,322,367.5153378532767,5.742427153957449,0.7409288824383164,0.7409288824383164,1378,1021,353,0,57.828125,3701.0,3.624877571008815,5.0,1021,0.028680978811265283,1835.5826439209782,1789.1297217320966,46.45292218888168,0.010917666308854036,0.0004367066523541614,6.823541443033772e-06,0.15352427077243908,64
20672,322,323,369.31060371356443,5.770478183024444,0.740343347639485,0.740343347639485,1398,1035,379,0,57.3125,3668.0,3.543961352657005,5.0,1035,0.029431475447232167,1883.6144286228587,1837.7269443247662,45.88748429809271,0.011860420548623034,0.0004744168219449214,7.4127628428893965e-06,0.15361954281892903,64
20736,323,324,350.1432372898439,5.470988082653811,0.7317806160781367,0.7317806160781367,1331,974,339,0,54.21875,3470.0,3.5626283367556466,5.0,974,0.026312912868054494,1684.0264235554876,1638.6033950767635,45.42302847872453,0.010711229139297729,0.0004284491655719092,6.694518212061081e-06,0.15335912934745222,64
20800,324,325,370.12471912538354,5.783198736334118,0.7430007178750897,0.7430007178750897,1393,1035,366,0,60.328125,3861.0,3.7304347826086954,5.0,1035,0.03103227174088906,1986.0653914168997,1938.0008873797012,48.064504037199896,0.0127269642958521,0.000509078571834084,7.954352684907563e-06,0.1527676733357924,64
20864,325,326,379.54272529764995,5.9303550827757805,0.7371349095966621,0.7371349095966621,1438,1060,372,0,60.890625,3897.0,3.6764150943396228,5.0,1060,0.03134793622108889,2006.267918149689,1956.4389910207012,49.82892712898757,0.012775269824385545,0.0005110107929754218,7.984543640240965e-06,0.1519884126511585,64
20928,326,327,388.1558160581696,6.0649346259089,0.7423103212576897,0.7423103212576897,1463,1086,386,0,61.65625,3946.0,3.6335174953959486,5.0,1086,0.033878078145919165,2168.1970013388263,2118.2624354054233,49.934565933403285,0.012912033056439743,0.0005164813222575897,8.070020660274839e-06,0.1510175592600328,64
20992,327,328,384.745296018164,6.011645250283813,0.7530509691313712,0.7530509691313712,1393,1049,328,0,59.53125,3810.0,3.6320305052430886,5.0,1049,0.0294235483307863,1883.1070931703232,1838.2559729073857,44.85112026293753,0.011479625140264722,0.00045918500561058885,7.174765712665451e-06,0.15027080175367996,64
21056,328,329,372.11776036386897,5.814340005685453,0.7358757062146892,0.7358757062146892,1416,1042,373,0,58.15625,3722.0,3.5719769673704413,5.0,1042,0.030453302258402162,1949.0113445377383,1902.8702008758112,46.14114366192781,0.011808996836307872,0.0004723598734523149,7.380623022692421e-06,0.1499764887866057,64
21120,329,330,414.6281530322076,6.478564891128244,0.7871740662438337,0.7871740662438337,1419,1117,327,0,60.5625,3876.0,3.4700089525514772,5.0,1117,0.03179019006725945,2034.572164304605,1988.8612729413942,45.710891363211445,0.01174037658358781,0.0004696150633435124,7.337735364742381e-06,0.14989603319735828,64
21184,330,331,392.95758274186824,6.139962230341691,0.7592329545454546,0.7592329545454546,1408,1069,329,0,58.5,3744.0,3.502338634237605,5.0,1069,0.03153414024217202,2018.1849754990092,1972.7320178608381,45.452957638170524,0.012318780171560986,0.0004927512068624394,7.699237607225616e-06,0.14952803569930578,64
21248,331,332,387.1747157944542,6.049604934288347,0.737449118046133,0.737449118046133,1474,1087,395,0,59.625,3816.0,3.5105795768169274,5.0,1087,0.03475345554512182,2224.2211548877963,2177.5635721329636,46.65758275483157,0.012495509941345498,0.0004998203976538199,7.809693713340936e-06,0.14944109582671747,64
21312,332,333,400.45411709371893,6.257095579589358,0.7496607869742198,0.7496607869742198,1474,1105,371,0,61.203125,3917.0,3.5447963800904976,5.0,1105,0.031044820071724186,1986.8684845903479,1939.6924653278638,47.176019262484175,0.011424898981158508,0.0004569959592463403,7.1405618632240674e-06,0.14955364610917754,64
21376,333,334,380.58589518946405,5.946654612335376,0.7434628975265017,0.7434628975265017,1415,1052,356,0,58.5625,3748.0,3.5627376425855513,5.0,1052,0.03200705717232249,2048.4516590286394,2001.5746460106366,46.877013018002515,0.011181470361612907,0.00044725881446451625,6.988418976008066e-06,0.14928094611437037,64
21440,334,335,387.555662955214,6.055557233675219,0.762589928057554,0.762589928057554,1390,1060,339,0,58.109375,3719.0,3.508490566037736,5.0,1060,0.02892601636473104,1851.2650473427866,1807.9631041639486,43.30194317883927,0.010914780786568911,0.00043659123146275647,6.82173799160557e-06,0.14870695669529177,64
21504,335,336,367.30968951299815,5.739213898640596,0.7476014760147601,0.7476014760147601,1355,1013,337,0,56.203125,3597.0,3.550839091806515,5.0,1013,0.02918192774530925,1867.6433756997922,1824.4055502813142,43.23782541847868,0.01107828723430737,0.0004431314893722948,6.923929521442106e-06,0.14784726075787408,64
21568,336,337,380.5497561189187,5.946089939358105,0.7580174927113703,0.7580174927113703,1372,1040,337,0,58.59375,3750.0,3.605769230769231,5.0,1040,0.026551650287715563,1699.305618413796,1652.4892765433804,46.8163418704156,0.0095354911342842,0.00038141964537136803,5.9596819589276255e-06,0.14653372402668347,64
21632,337,338,387.1220863051949,6.04878259851867,0.7435178696566223,0.7435178696566223,1427,1061,344,0,59.328125,3797.0,3.578699340245052,5.0,1061,0.030809788298192888,1971.8264510843449,1925.0809609093913,46.74549017495406,0.011335885875736185,0.0004534354350294474,7.084928672335115e-06,0.14585375413941076,64
21696,338,339,427.18838575666564,6.674818527447901,0.7783783783783784,0.7783783783783784,1480,1152,342,0,63.15625,4042.0,3.5086805555555554,5.0,1152,0.03550371995173764,2272.238076911209,2227.0055795307035,45.2324973805064,0.011781479025598077,0.00047125916102392306,7.363424390998798e-06,0.1463281880974382,64
21760,339,340,401.8365050117404,6.278695390808444,0.7726618705035971,0.7726618705035971,1390,1074,309,0,59.234375,3791.0,3.5297951582867784,5.0,1074,0.02736237056210121,1751.1917159744773,1706.9464811629455,44.245234811531624,0.008731148478445302,0.0003492459391378121,5.456967799028314e-06,0.14633404601445452,64
21824,340,341,428.6986484974452,6.698416382772582,0.7773251866938221,0.7773251866938221,1473,1145,319,0,64.125,4104.0,3.584279475982533,5.0,1145,0.03383286546989906,2165.30339007354,2117.6947946735704,47.60859539997023,0.011245336434628746,0.00044981345738514985,7.0283352716429665e-06,0.1460119919462119,64
21888,341,342,388.7909031019094,6.0748578609673345,0.7465277777777778,0.7465277777777778,1440,1075,368,0,60.671875,3883.0,3.612093023255814,5.0,1075,0.03280969055887112,2099.8201957677516,2051.9639398577256,47.856255910026675,0.010511432498547801,0.0004204572999419121,6.569645311592376e-06,0.14547969063596655,64
21952,342,343,400.4746877609232,6.257416996264425,0.7650771388499299,0.7650771388499299,1426,1091,345,0,59.640625,3817.0,3.4986251145737857,5.0,1091,0.033287576958360016,2130.404925335041,2084.324738492444,46.0801868425967,0.011116458781536937,0.0004446583512614775,6.947786738460586e-06,0.1446387411008236,64
22016,343,344,400.1449455739885,6.25226477459357,0.7555401662049861,0.7555401662049861,1444,1091,349,0,58.96875,3774.0,3.459211732355637,5.0,1091,0.031224466670402504,1998.3658669057602,1952.6170214069837,45.74884549877576,0.010226701112671816,0.00040906804450687264,6.391688195419885e-06,0.14353566707554952,64
22080,344,345,383.2951953104291,5.988987426725455,0.7559224694903087,0.7559224694903087,1393,1053,356,0,57.828125,3701.0,3.5147198480531814,5.0,1053,0.029447837386755722,1884.6615927523662,1839.3684330069525,45.29315974541369,0.009199497504002264,0.00036797990016009056,5.749685940001415e-06,0.14204123935442364,64
22144,345,346,382.18282610593246,5.971606657905195,0.7616580310880829,0.7616580310880829,1351,1029,308,0,55.953125,3581.0,3.480077745383868,5.0,1029,0.0283999090258865,1817.5941776567358,1773.8608640230386,43.73331363369638,0.008888860708307413,0.0003555544283322965,5.555537942692133e-06,0.14059702533305765,64
22208,346,347,414.5209941130804,6.476890533016881,0.7792571829011913,0.7792571829011913,1427,1112,326,0,58.328125,3733.0,3.3570143884892087,5.0,1112,0.03075782310767356,1968.500678891108,1925.190780171076,43.30989872003231,0.00962887971273277,0.00038515518850931084,6.018049820457982e-06,0.13937840035155968,64
22272,347,348,400.17107157969656,6.252672993432759,0.7640845070422535,0.7640845070422535,1420,1085,340,0,58.75,3760.0,3.4654377880184333,5.0,1085,0.030495823201529586,1951.7326848978935,1905.6585030276428,46.074181870250776,0.00940327999859767,0.00037613119994390684,5.8770499991235444e-06,0.13826475825127502,64
22336,348,349,411.0655901882918,6.42289984669206,0.7545638945233266,0.7545638945233266,1479,1116,354,0,61.734375,3951.0,3.5403225806451615,5.0,1116,0.03115793433759793,1994.1077976062675,1945.583876599831,48.52392100643646,0.009528513104285357,0.00038114052417141425,5.955320690178348e-06,0.13754439475872832,64
22400,349,350,371.3623981909955,5.802537471734305,0.731311706629055,0.731311706629055,1418,1037,377,0,57.8125,3700.0,3.5679845708775315,5.0,1037,0.030885255580017947,1976.6563571211486,1929.1731583426297,47.483198778518904,0.009775320910756486,0.00039101283643025946,6.109575569222804e-06,0.13650852167125654,64
22464,350,351,393.79758690994214,6.153087295467846,0.7793357933579336,0.7793357933579336,1355,1056,311,0,58.6875,3756.0,3.5568181818181817,5.0,1056,0.02833009056837426,1813.1257963759526,1768.1402608206142,44.985535555337954,0.008708808466748555,0.0003483523386699422,5.443005291717847e-06,0.1354031916727871,64
22528,351,352,402.28742671018915,6.2857410423467055,0.7605042016806722,0.7605042016806722,1428,1086,330,0,59.734375,3823.0,3.520257826887661,5.0,1086,0.03110779084386605,1990.898614007427,1946.4766281058746,44.42198590155202,0.009669806179740137,0.0003867922471896055,6.043628862337586e-06,0.13495577464509015,64
22592,352,353,376.136587521382,5.877134180021594,0.753294289897511,0.753294289897511,1366,1029,336,0,55.796875,3571.0,3.4703595724003886,5.0,1029,0.03078087615277459,1969.9760737775737,1925.3473287057175,44.62874507185609,0.009459136863980278,0.00037836547455921113,5.911960539987674e-06,0.1351032091274705,64
22656,353,354,370.6108073686693,5.790793865135458,0.7657794676806083,0.7657794676806083,1315,1007,321,0,54.5625,3492.0,3.46772591857001,5.0,1007,0.028233898843845535,1806.9695260061142,1765.6850937413642,41.284432264750684,0.008244281094650644,0.0003297712437860258,5.152675684156653e-06,0.13487161917997997,64
22720,354,355,377.8220805909978,5.903470009234341,0.7520235467255335,0.7520235467255335,1359,1022,317,0,55.390625,3545.0,3.468688845401174,5.0,1022,0.02898255161087922,1854.88330309627,1811.1223726203873,43.76093047588362,0.008616014193861122,0.00034464056775444486,5.385008871163201e-06,0.13428421181317524,64
22784,355,356,380.0428697187763,5.938169839355879,0.7660516605166051,0.7660516605166051,1355,1038,338,0,56.53125,3618.0,3.485549132947977,5.0,1038,0.03066247820123474,1962.3986048790234,1918.422007611225,43.97659726779838,0.009675536998020049,0.0003870214799208019,6.04721062376253e-06,0.1341124983118698,64
22848,356,357,381.542150959331,5.961596108739547,0.7467625899280576,0.7467625899280576,1390,1038,331,0,56.109375,3591.0,3.459537572254335,5.0,1038,0.02979569074238147,1906.924207512414,1861.7225390091444,45.201668503268955,0.009371181033141886,0.00037484724132567546,5.856988145713679e-06,0.13400242926884504,64
22912,357,358,384.1152490247466,6.001800766011666,0.7566213314244811,0.7566213314244811,1397,1057,360,0,55.09375,3526.0,3.335856196783349,5.0,1057,0.03038858432096422,1944.86939654171,1904.933537743202,39.935858798508455,0.00897535566856979,0.0003590142267427916,5.609597292856119e-06,0.13359894612142867,64
22976,358,359,399.3086149221826,6.239197108159103,0.7541666666666667,0.7541666666666667,1440,1086,344,0,59.0,3776.0,3.4769797421731123,5.0,1086,0.032450545026594425,2076.8348817020433,2031.1473104703953,45.687571231647524,0.010157369256544787,0.00040629477026179144,6.348355785340491e-06,0.13371741012174165,64
23040,359,360,380.8645793631747,5.951009052549605,0.7543352601156069,0.7543352601156069,1384,1044,342,0,57.109375,3655.0,3.5009578544061304,5.0,1044,0.03248391596067656,2078.9706214833,2031.944637437308,47.02598404599179,0.01010959149460294,0.0004043836597841176,6.318494684126838e-06,0.13467144435111622,64
23104,360,361,393.6911834266691,6.151424741041705,0.7503486750348675,0.7503486750348675,1434,1076,346,0,60.828125,3893.0,3.6180297397769516,5.25,1076,0.031933627523660774,2043.7521615142896,1994.726871268487,49.02529024580295,0.010572977385224369,0.0004229190954089748,6.608110865765231e-06,0.13576080581637287,64
23168,361,362,401.2197468067917,6.26905854385612,0.7642105263157895,0.7642105263157895,1425,1089,344,0,60.796875,3891.0,3.5730027548209367,5.0,1089,0.028391987884872426,1817.0872246318352,1768.964955189558,48.12226944227736,0.009204842085809998,0.00036819368343239987,5.753026303631248e-06,0.13643348463535385,64
23232,362,363,383.8900569253573,5.998282139458708,0.7561327561327561,0.7561327561327561,1386,1048,341,0,59.65625,3818.0,3.6431297709923665,5.0,1048,0.02815980899072709,1802.2277754065337,1755.9383375308944,46.28943787563922,0.0088501397274924,0.00035400558909969595,5.531337329682749e-06,0.1366636658121877,64
23296,363,364,367.49697513920466,5.742140236550073,0.7356987690079653,0.7356987690079653,1381,1016,350,0,59.09375,3782.0,3.72244094488189,5.25,1016,0.02930688670017966,1875.6407488114983,1826.8595981722046,48.78115063929391,0.009775631491410947,0.0003910252596564379,6.109769682131842e-06,0.1365652956100403,64
23360,364,365,365.5273788829778,5.711365295046528,0.7158620689655173,0.7158620689655173,1450,1038,408,0,63.59375,4070.0,3.9210019267822736,6.0,1038,0.031681666894631304,2027.6266812564033,1974.1157848009636,53.510896455440296,0.010241850266711216,0.00040967401066844866,6.40115641669451e-06,0.136268799933139,64
23424,365,366,349.390908880908,5.4592329512641875,0.7301115241635687,0.7301115241635687,1345,982,369,0,58.015625,3713.0,3.781059063136456,5.0,982,0.029282072624266884,1874.0526479530806,1825.8811552031727,48.171492749908154,0.009419039867114978,0.0003767615946845991,5.886899916946861e-06,0.1356800496396888,64
23488,366,367,369.62479834273176,5.775387474105184,0.747093023255814,0.747093023255814,1376,1028,365,0,61.125,3912.0,3.8054474708171204,5.0,1028,0.03056091348271126,1955.8984628935204,1906.1278089520897,49.770653941430325,0.00982915023696549,0.0003931660094786196,6.143218898103432e-06,0.1358705638647563,64
23552,367,368,362.1804745392201,5.659069914675314,0.7317425885755604,0.7317425885755604,1383,1012,365,0,59.125,3784.0,3.739130434782609,5.0,1012,0.029229627421739006,1870.6961549912965,1823.1905584719175,47.50559651937862,0.010084829236195464,0.00040339316944781856,6.303018272622165e-06,0.1367637448425995,64
23616,368,369,351.07872202091966,5.48560503157687,0.7030598052851182,0.7030598052851182,1438,1011,420,0,59.765625,3825.0,3.7833827893175074,6.0,1011,0.03029552392873105,1938.9135314387872,1887.172147827459,51.74138361132728,0.010897473669013752,0.00043589894676055005,6.8109210431335945e-06,0.1374659559608457,64
23680,369,370,350.42765580531363,5.4754321219580255,0.7097004279600571,0.7097004279600571,1402,995,385,0,60.171875,3851.0,3.8703517587939698,6.0,995,0.030637501104779755,1960.8000707059043,1909.692986939442,51.10708376646363,0.010715415002458609,0.0004286166000983443,6.69713437653663e-06,0.13822604681949224,64
23744,370,371,348.9757412062866,5.452745956348228,0.7161290322580646,0.7161290322580646,1395,999,402,0,62.015625,3969.0,3.972972972972973,6.0,999,0.03226065077669922,2064.6816497087502,2014.1916729619884,50.48997674676192,0.011502641300819856,0.0004601056520327942,7.18915081301241e-06,0.1394546909737007,64
23808,371,372,353.1560999376745,5.5180640615261645,0.7244604316546762,0.7244604316546762,1390,1007,399,0,65.25,4176.0,4.146971201588878,6.0,1007,0.035520127743563674,2273.2881755880753,2220.8611134616035,52.427062126471505,0.01268104862380441,0.0005072419449521764,7.925655389877756e-06,0.14045836711113197,64
23872,372,373,347.37734714203674,5.427771049094324,0.6955922865013774,0.6955922865013774,1452,1010,435,0,64.265625,4113.0,4.072277227722772,6.0,1010,0.034238561055903866,2191.2679075778474,2138.226724356296,53.04118322155196,0.012042629275804632,0.0004817051710321853,7.526643297377895e-06,0.14165330095768472,64
23936,373,374,347.0086464836331,5.422010101306767,0.7034193998604327,0.7034193998604327,1433,1008,435,0,62.125,3976.0,3.9444444444444446,6.0,1008,0.03168205401704764,2027.651457091049,1976.7687144236756,50.882742667373485,0.010960767222743707,0.0004384306889097483,6.850479514214817e-06,0.14311231976777353,64
24000,374,375,357.32120792544333,5.583143873835052,0.7145847871598046,0.7145847871598046,1433,1024,415,0,62.15625,3978.0,3.884765625,6.0,1024,0.032430279753278494,2075.537904209824,2025.5828597790091,49.95504443081394,0.011941312803991038,0.0004776525121596415,7.463320502494398e-06,0.14420593531408188,64
24064,375,376,362.41643459654875,5.662756790571074,0.7026121902210315,0.7026121902210315,1493,1049,435,0,65.734375,4207.0,4.0104861773117255,6.0,1049,0.03744083785299881,2396.213622591924,2341.943019729036,54.27060286288779,0.013970782662838304,0.0005588313065135322,8.73173916427394e-06,0.14510135389177198,64
24128,376,377,342.0211123393839,5.344079880302873,0.700709219858156,0.700709219858156,1410,988,402,0,61.875,3960.0,4.008097165991903,6.0,988,0.03363918005811665,2152.9075237194656,2102.4378024909092,50.46972122855756,0.01258642579867225,0.00050345703194689,7.866516124170157e-06,0.14568576197577285,64
24192,377,378,341.3111424425389,5.33298660066467,0.7155361050328227,0.7155361050328227,1371,981,397,0,60.65625,3882.0,3.9571865443425076,6.0,981,0.030971535591869822,1982.1782778796687,1932.7843195023818,49.39395837728662,0.011506721997165242,0.0004602688798866097,7.191701248228277e-06,0.14576095956612506,64
24256,378,379,346.0485266980104,5.407008229656412,0.7298297557364914,0.7298297557364914,1351,986,384,0,62.625,4008.0,4.064908722109534,6.0,986,0.03355898801077013,2147.7752326892887,2097.258892041024,50.5163406482643,0.012915074879166495,0.0005166029951666598,8.07192179947906e-06,0.14597789202234915,64
24320,379,380,342.6310146898362,5.353609604528691,0.699290780141844,0.699290780141844,1410,986,399,0,61.765625,3953.0,4.009127789046653,6.0,986,0.03381694204474173,2164.2842908634707,2113.750879020428,50.533411843041605,0.013233987131213739,0.0005293594852485495,8.271241957008587e-06,0.14663156601732055,64
24384,380,381,370.98998810576916,5.796718564152643,0.7560262965668371,0.7560262965668371,1369,1035,358,0,62.921875,4027.0,3.8908212560386475,6.0,1035,0.03660040086658403,2342.425655461378,2295.126663394016,47.298992067363535,0.014328373515706564,0.0005731349406282626,8.955233447316602e-06,0.14697005232804916,64
24448,381,382,335.3503049718791,5.239848515185611,0.7020818377602297,0.7020818377602297,1393,978,412,0,59.1875,3788.0,3.8732106339468304,6.0,978,0.03455468310403736,2211.499718658391,2163.6692357453326,47.83048291305877,0.013159514979167349,0.0005263805991666939,8.224696861979592e-06,0.14736201180707825,64
24512,382,383,329.8497393360793,5.153902177126239,0.6870120652945352,0.6870120652945352,1409,968,426,0,59.359375,3799.0,3.924586776859504,6.0,968,0.03193205677347038,2043.6516335021042,1995.0667429228579,48.584890579246014,0.012450156439033187,0.0004980062575613275,7.781347774395742e-06,0.14803121009950718,64
24576,383,384,390.4534019956135,6.100834406181461,0.7474402730375427,0.7474402730375427,1465,1095,384,0,64.578125,4133.0,3.774429223744292,6.0,1095,0.0406093269353992,2598.9969238655485,2551.7905751392746,47.20634872627368,0.016469556288480347,0.0006587822515392138,1.0293472680300216e-05,0.1485702304176882,64
24640,384,385,359.50065972210194,5.617197808157843,0.7243816254416962,0.7243816254416962,1415,1025,392,0,61.359375,3927.0,3.831219512195122,6.0,1025,0.0339066335126651,2170.0245448105666,2120.970378491048,49.05416631951858,0.014181685805771723,0.0005672674322308689,8.863553628607327e-06,0.14886928019887913,64
24704,385,386,340.0623162855307,5.313473691961417,0.7194139194139194,0.7194139194139194,1365,982,399,0,59.171875,3787.0,3.8564154786150713,6.0,982,0.03282625581585374,2100.880372214639,2056.2467922091823,44.63358000545539,0.014043422221082385,0.0005617368888432954,8.77713888817649e-06,0.1495780401788317,64
24768,386,387,319.4355034661806,4.991179741659072,0.6838288614938361,0.6838288614938361,1379,943,413,0,55.921875,3579.0,3.795334040296925,6.0,943,0.0314638400918135,2013.6857658760641,1966.7624221413666,46.92334373469819,0.014219619481695757,0.0005687847792678303,8.887262176059848e-06,0.1508076246507487,64
24832,387,388,353.6123915276023,5.525193617618786,0.728788977519942,0.728788977519942,1379,1005,381,0,59.625,3816.0,3.7970149253731345,6.0,1005,0.03339594631692951,2137.3405642834887,2089.6775261513685,47.66303813211914,0.014616875769653216,0.0005846750307861286,9.13554735603326e-06,0.15217635306598642,64
24896,388,389,382.8452743746709,5.981957412104233,0.7302231237322515,0.7302231237322515,1479,1080,390,0,64.59375,4134.0,3.827777777777778,6.0,1080,0.03572593977794904,2286.4601457887384,2236.7020183191216,49.75812746961687,0.01638123095099598,0.0006552492380398391,1.0238269344372487e-05,0.15320658338459872,64
24960,389,390,386.0987480845721,6.032792938821439,0.7649173256649893,0.7649173256649893,1391,1064,337,0,61.421875,3931.0,3.694548872180451,6.0,1064,0.03380652178445915,2163.6173942053856,2119.945611387327,43.67178281805902,0.015820278707591583,0.0006328111483036632,9.887674192244738e-06,0.153951788706302,64
25024,390,391,387.3813179089303,6.052833092327036,0.7386594448205822,0.7386594448205822,1477,1091,376,0,65.640625,4201.0,3.850595783684693,6.0,1091,0.03843006290338967,2459.524025816939,2409.709682739614,49.81434307732445,0.01871378536778657,0.0007485514147114627,1.1696115854866605e-05,0.154589606105048,64
25088,391,392,357.16207538112553,5.5806574278300864,0.7147814018043026,0.7147814018043026,1441,1030,401,0,61.03125,3906.0,3.792233009708738,6.0,1030,0.03665569407587338,2345.964420855896,2297.108621502524,48.855799353372234,0.017941815168733055,0.0007176726067493222,1.1213634480458159e-05,0.15586081532956966,64
25152,392,393,374.74380174369753,5.855371902245274,0.7581227436823105,0.7581227436823105,1385,1050,363,0,60.28125,3858.0,3.6742857142857144,6.0,1050,0.03368653226240802,2155.938064794113,2109.9544967880393,45.98356800607505,0.016473324901891538,0.0006589329960756615,1.0295828063682211e-05,0.156692818245319,64
25216,393,394,354.98942653127517,5.5467097895511746,0.7196593328601846,0.7196593328601846,1409,1014,378,0,59.515625,3809.0,3.7564102564102564,6.0,1014,0.03524596096180519,2255.741501555532,2209.285046312896,46.45645524263624,0.016930420296066877,0.0006772168118426751,1.0581512685041799e-05,0.15793604228093527,64
25280,394,395,387.73342461523623,6.058334759613066,0.7486111111111111,0.7486111111111111,1440,1078,360,0,60.875,3896.0,3.614100185528757,5.0,1078,0.0332264145199267,2126.4905292753087,2078.162729106994,48.327800168314994,0.015491119721771304,0.0006196447888708521,9.681949826107065e-06,0.15924121214903905,64
25344,395,396,371.59987919366347,5.806248112400992,0.7323549965059399,0.7323549965059399,1431,1048,379,0,59.75,3824.0,3.648854961832061,6.0,1048,0.03198279157507718,2046.8986608049395,1999.4541654058726,47.44449539906671,0.014458250982145504,0.0005783300392858202,9.03640686384094e-06,0.1600030753509172,64
25408,396,397,385.4287469127546,6.022324170511791,0.7583511016346838,0.7583511016346838,1407,1067,349,0,60.4375,3868.0,3.625117150890347,6.0,1067,0.03258352120593164,2085.345357179625,2039.0870082884014,46.25834889122404,0.01477385340856701,0.0005909541363426804,9.233658380354381e-06,0.16043293059480582,64
25472,397,398,366.2216470680312,5.722213235437987,0.7298810356892932,0.7298810356892932,1429,1043,388,0,61.3125,3924.0,3.7622243528283796,6.0,1043,0.03478348564721837,2226.1430814219757,2180.34754939399,45.795532027986475,0.015686802988572168,0.0006274721195428868,9.804251867857606e-06,0.1605791908823525,64
25536,398,399,365.6764693270849,5.713694833235701,0.7448830409356725,0.7448830409356725,1368,1019,346,0,58.890625,3769.0,3.6987242394504416,5.0,1019,0.030701613764991583,1964.9032809594614,1919.054895830836,45.848385128625324,0.013742972818641395,0.0005497189127456558,8.589358011650872e-06,0.16033795932475914,64
25600,399,400,384.8005139688567,6.012508030763386,0.7578125,0.7578125,1408,1067,351,0,61.34375,3926.0,3.6794751640112464,6.0,1067,0.034207211932584684,2189.26156368542,2142.6123076902077,46.649255995212435,0.014853892078584379,0.0005941556831433752,9.283682549115237e-06,0.15985363879568926,64
25664,400,401,386.70341881895763,6.042240919046213,0.7372413793103448,0.7372413793103448,1450,1069,350,0,61.71875,3950.0,3.695042095416277,6.0,1069,0.03298309314880297,2110.9179615233897,2064.366690977322,46.551270546067045,0.013955537441967685,0.0005582214976787074,8.722210901229803e-06,0.15895599397821286,64
25728,401,402,401.4400667373902,6.272501042771722,0.770891364902507,0.770891364902507,1436,1107,354,0,63.78125,4082.0,3.687443541102078,6.0,1107,0.03736858480971803,2391.589427821954,2343.672907611547,47.916520210407334,0.015473076921619595,0.0006189230768647838,9.670673076012247e-06,0.15867253594788006,64
25792,402,403,353.9893040319441,5.531082875499126,0.7157001414427157,0.7157001414427157,1414,1012,383,0,57.578125,3685.0,3.641304347826087,6.0,1012,0.03351061795667603,2144.679549227266,2098.0234327495104,46.65611647775588,0.01436124780039743,0.0005744499120158971,8.975779875248393e-06,0.15871678550765317,64
25856,403,404,370.0185491962053,5.781539831190708,0.7419814682822523,0.7419814682822523,1403,1041,385,0,59.5625,3812.0,3.6618635926993277,6.0,1041,0.030313547186002425,1940.0670199041551,1893.2989699832738,46.76804992088242,0.012787593616514473,0.0005115037446605789,7.992246010321546e-06,0.15899694636501513,64
25920,404,405,371.1909747400807,5.799858980313761,0.7409252669039146,0.7409252669039146,1405,1041,371,0,59.625,3816.0,3.6657060518731988,5.0,1041,0.030115128133073935,1927.3682005167318,1878.245865250287,49.12233526644566,0.01263004559556968,0.0005052018238227872,7.89377849723105e-06,0.159520693327311,64
25984,405,406,389.75919781201856,6.08998746581279,0.7435897435897436,0.7435897435897436,1443,1073,346,0,61.59375,3942.0,3.67381174277726,5.0,1073,0.031492173911394895,2015.4991303292734,1966.3064156975609,49.19271463171216,0.013081313641576602,0.0005232525456630641,8.175821025985376e-06,0.1602083518759008,64
26048,406,407,400.5434918989099,6.258492060920467,0.7765124555160142,0.7765124555160142,1405,1091,333,0,61.296875,3923.0,3.5957836846929423,5.0,1091,0.030859241661372747,1974.9914663278557,1929.1899204343642,45.801545893491905,0.012811327529300531,0.0005124531011720212,8.007079705812832e-06,0.16063649870134739,64
26112,407,408,390.1638073850963,6.096309490392129,0.7620071684587814,0.7620071684587814,1395,1063,332,0,58.234375,3727.0,3.506114769520226,5.0,1063,0.029444788143672674,1884.4664411950512,1839.5166564595868,44.94978473546395,0.011312412892509033,0.0004524965157003613,7.070258057818145e-06,0.1605937895254484,64
26176,408,409,392.4837137375307,6.132558027148917,0.7398097826086957,0.7398097826086957,1472,1089,369,0,60.015625,3841.0,3.527089072543618,5.0,1089,0.03357248035133559,2148.6387424854775,2099.6852946162226,48.95344786925534,0.01304341314029692,0.0005217365256118768,8.152133212685575e-06,0.16026692903683015,64
26240,409,410,373.8226940909842,5.840979595171628,0.7555228276877761,0.7555228276877761,1358,1026,329,0,54.109375,3463.0,3.375243664717349,5.0,1026,0.03130952736584372,2003.8097514139981,1960.9962770219493,42.81347439204886,0.01207953486745779,0.00048318139469831164,7.549709292161119e-06,0.15969746384717587,64
26304,410,411,389.03904140447844,6.078735021944976,0.772992700729927,0.772992700729927,1370,1059,326,0,57.15625,3658.0,3.4542020774315394,5.0,1059,0.030445211109041075,1948.4935109786288,1905.0281169740763,43.46539400455331,0.01164980284002377,0.00046599211360095084,7.281126775014857e-06,0.15863463318231882,64
26368,411,412,415.55371469520367,6.493026792112557,0.782274947662247,0.782274947662247,1433,1121,325,0,61.46875,3934.0,3.5093666369313112,5.0,1121,0.03342690914451592,2139.3221852490187,2094.624515880045,44.69766936897363,0.012725077696111954,0.0005090031078444782,7.953173560069972e-06,0.15735165612856755,64
26432,412,413,426.4690115330882,6.663578305204503,0.7707349966284558,0.7707349966284558,1483,1143,326,0,60.1875,3852.0,3.37007874015748,5.0,1143,0.030867816407578994,1975.5402500850557,1930.876991034645,44.663259050410495,0.011437559785961109,0.00045750239143844436,7.148474866225693e-06,0.15573956351448348,64
26496,413,414,395.74543164587953,6.183522369466868,0.7709978463747308,0.7709978463747308,1393,1074,327,0,55.203125,3533.0,3.2895716945996276,5.0,1074,0.032989937480329724,2111.355998741102,2069.8701166854753,41.48588205562686,0.01159757550343017,0.0004639030201372068,7.248484689643856e-06,0.1547900137827215,64
26560,414,415,414.461962384261,6.475968162254079,0.7917867435158501,0.7917867435158501,1388,1099,289,0,56.40625,3610.0,3.2848043676069154,5.0,1099,0.03311880048753243,2119.603231202075,2078.8105172493224,40.792713952753246,0.011700938029603057,0.00046803752118412226,7.31308626850191e-06,0.15437874573871085,64
26624,415,416,428.2015175910321,6.690648712359876,0.7845836200963524,0.7845836200963524,1453,1140,309,0,59.75,3824.0,3.354385964912281,5.0,1140,0.034363815561315646,2199.2841959242014,2155.603896096709,43.68029982749138,0.01193524606523562,0.0004774098426094248,7.459528790772263e-06,0.15436966122881995,64
26688,416,417,426.09929346201125,6.657801460343926,0.7981651376146789,0.7981651376146789,1417,1131,301,0,58.21875,3726.0,3.2944297082228116,5.0,1131,0.03267138351604324,2090.9685450267675,2049.633754288557,41.334790738210394,0.011600635311639828,0.0004640254124655931,7.250397069774892e-06,0.15460186290692293,64
26752,417,418,415.26965029562916,6.488588285869206,0.7849002849002849,0.7849002849002849,1404,1102,286,0,54.5,3488.0,3.165154264972777,5.0,1102,0.034094751330164735,2182.064085130543,2144.072069831235,37.992015299309344,0.012699729133640035,0.0005079891653456014,7.937330708525022e-06,0.15446713479352758,64
26816,418,419,424.61894359315806,6.634670993643095,0.8024337866857552,0.8024337866857552,1397,1121,288,0,53.75,3440.0,3.0686886708296166,5.0,1121,0.034651443243745854,2217.6923675997346,2183.4385501430993,34.253817456635,0.011170692810305551,0.00044682771241222205,6.9816830064409696e-06,0.1540920447149803,64
26880,419,420,431.1023389971508,6.735974046830481,0.7705685618729097,0.7705685618729097,1495,1152,317,0,56.421875,3611.0,3.134548611111111,5.0,1152,0.038204087550734636,2445.0616032470166,2405.5398748196767,39.52172842734049,0.013116303968101014,0.0005246521587240405,8.197689980063134e-06,0.15340203855526668,64
26944,420,421,432.99211787346474,6.7655018417728865,0.7906976744186046,0.7906976744186046,1462,1156,316,0,58.890625,3769.0,3.26038062283737,5.0,1156,0.037214486744530595,2381.727151649958,2340.736279297113,40.990872352844654,0.01304567206758482,0.0005218268827033928,8.153545042240512e-06,0.15249529024295222,64
27008,421,422,391.83993925184825,6.122499050810129,0.7718023255813954,0.7718023255813954,1376,1062,326,0,54.8125,3508.0,3.303201506591337,5.0,1062,0.03216115227425591,2058.313745552378,2019.0732352650407,39.240510287336726,0.010604974516960096,0.0004241989806784038,6.6281090731000595e-06,0.15167171358495374,64
27072,422,423,420.97715303158964,6.577768016118588,0.7958600999286224,0.7958600999286224,1401,1115,292,0,55.390625,3545.0,3.179372197309417,5.0,1115,0.03432311533609101,2196.6793815098245,2158.14190643581,38.5374750740131,0.011590662828899792,0.0004636265131559917,7.24416426806237e-06,0.15107510235559957,64
27136,423,424,408.6713871682867,6.3854904245044795,0.7877906976744186,0.7877906976744186,1376,1084,286,0,56.421875,3611.0,3.331180811808118,5.0,1084,0.034251404976316215,2192.089918484238,2152.486944782164,39.60297370207474,0.011537548906054886,0.0004615019562421954,7.210968066284303e-06,0.1509267676697153,64
27200,424,425,393.72070371638705,6.151885995568548,0.7655122655122655,0.7655122655122655,1386,1061,311,0,57.15625,3658.0,3.4476908576814327,5.0,1061,0.032617868938899536,2087.54361208957,2045.0441671918263,42.499444897743864,0.011020091797030368,0.0004408036718812147,6.88755737314398e-06,0.15088672486372542,64
27264,425,426,416.6706507590253,6.51047891810977,0.764266304347826,0.764266304347826,1472,1125,334,0,60.328125,3861.0,3.432,5.0,1125,0.033632421153581525,2152.4749538292176,2107.898145399173,44.57680843004458,0.01157387795629294,0.00046295511825171764,7.233673722683088e-06,0.15054210480275826,64
27328,426,427,383.5745647225308,5.993352573789544,0.782312925170068,0.782312925170068,1323,1035,306,0,53.453125,3421.0,3.305314009661836,5.0,1035,0.031719418737816946,2030.0427992202847,1990.3696944083856,39.67310481189913,0.010753350309856842,0.0004301340123942737,6.720843943660526e-06,0.1499178755854234,64
27392,427,428,400.41798521058223,6.256531018915347,0.7713874910136592,0.7713874910136592,1391,1073,307,0,58.140625,3721.0,3.4678471575023297,5.0,1073,0.031595248622529604,2022.0959118418948,1979.0804034356756,43.01550840621936,0.010435782603316558,0.0004174313041326623,6.522364127072849e-06,0.14888739235001264,64
27456,428,429,405.40733673489825,6.334489636482785,0.779842744817727,0.779842744817727,1399,1091,319,0,59.078125,3781.0,3.465627864344638,5.0,1091,0.03444682305438314,2204.596675480521,2160.887111621625,43.70956385889731,0.011236410111134893,0.00044945640444539573,7.022756319459308e-06,0.14759335072007368,64
27520,429,430,384.9989410088742,6.01560845326366,0.7666174298375185,0.7666174298375185,1354,1038,313,0,55.078125,3525.0,3.3959537572254335,5.0,1038,0.029129142377884585,1864.2651121846134,1821.4705736378214,42.79453854679234,0.009465356656845074,0.00037861426627380296,5.915847910528171e-06,0.14597183935795624,64
27584,430,431,378.78239431085706,5.9184749111071415,0.7614138438880707,0.7614138438880707,1358,1034,333,0,54.75,3504.0,3.388781431334623,5.0,1034,0.030402980319803805,1945.7907404674436,1903.370836465973,42.41990400147051,0.009609803916123266,0.00038439215664493064,6.006127447577041e-06,0.14394291754516925,64
27648,431,432,410.87243092193665,6.41988173315526,0.7694986072423399,0.7694986072423399,1436,1105,329,0,59.65625,3818.0,3.4552036199095024,5.0,1105,0.031659590299329514,2026.213779157089,1979.0386244414465,47.17515471564324,0.010031541336277653,0.00040126165345110614,6.269713335173533e-06,0.14218152708151094,64
27712,432,433,395.93897222225553,6.186546440972743,0.7773668639053254,0.7773668639053254,1352,1051,286,0,55.28125,3538.0,3.3663177925784966,5.0,1051,0.028634978526071622,1832.638625668584,1790.8268113984695,41.811814270114255,0.009219606608502264,0.0003687842643400906,5.762254130313916e-06,0.14149282826166154,64
27776,433,434,416.51272810914213,6.508011376705346,0.7865248226950354,0.7865248226950354,1410,1109,309,0,58.359375,3735.0,3.3678990081154194,5.0,1109,0.03263708718224354,2088.7735796635866,2044.9118013985656,43.861778265020405,0.010322317662577154,0.00041289270650308617,6.451448539110721e-06,0.14054930954229036,64
27840,434,435,399.00467278538497,6.23444801227164,0.7781818181818182,0.7781818181818182,1375,1070,315,0,56.359375,3607.0,3.3710280373831774,5.0,1070,0.030084397631970444,1925.4014484461084,1883.3757489682037,42.02569947790439,0.009354865155595448,0.00037419460622381795,5.846790722247155e-06,0.1393059887555343,64
27904,435,436,377.9006664895468,5.904697913899168,0.75127644055434,0.75127644055434,1371,1030,333,0,54.46875,3486.0,3.384466019417476,5.0,1030,0.030353231440220178,1942.6068121740914,1899.820195760824,42.786616413267375,0.009083021658930929,0.0003633208663572372,5.676888536831831e-06,0.1378340703961963,64
27968,436,437,399.78002330330116,6.246562864114081,0.766737138830162,0.766737138830162,1419,1088,347,0,58.015625,3713.0,3.4126838235294117,5.0,1088,0.03317057536119654,2122.9168231165786,2079.0962109838047,43.82061213277376,0.009970701585042653,0.00039882806340170614,6.231688490651658e-06,0.13720735146821783,64
28032,437,438,380.85790608787795,5.950904782623093,0.7610619469026548,0.7610619469026548,1356,1032,323,0,54.234375,3471.0,3.363372093023256,5.0,1032,0.029232844467608567,1870.9020459269484,1828.1247346532616,42.777311273686365,0.00896907128109805,0.000358762851243922,5.605669550686282e-06,0.1370723488820743,64
28096,438,439,389.261331115276,6.082208298676187,0.7654320987654321,0.7654320987654321,1377,1054,329,0,56.53125,3618.0,3.4326375711574952,5.0,1054,0.030860070933604326,1975.044539750677,1930.864222014216,44.18031773646068,0.009688409024267902,0.0003875363609707161,6.055255640167439e-06,0.13684296175256314,64
28160,439,440,387.57629974686466,6.05587968354476,0.7568542568542569,0.7568542568542569,1386,1049,322,0,56.25,3600.0,3.4318398474737846,5.0,1049,0.03055199872677191,1955.3279185134022,1911.3008769289975,44.02704158440489,0.009672095827391838,0.0003868838330956735,6.045059892119898e-06,0.13709573975454706,64
28224,440,441,389.72029836555555,6.0893796619618055,0.759942154736081,0.759942154736081,1383,1051,319,0,55.953125,3581.0,3.4072312083729783,5.0,1051,0.03077948605558719,1969.88710755758,1926.4637766329695,43.423330924610745,0.00905113981941217,0.00036204559277648677,5.656962387132606e-06,0.1372308325829627,64
28288,441,442,396.76757902758465,6.19949342230601,0.765791341376863,0.765791341376863,1409,1079,340,0,57.34375,3670.0,3.4012974976830397,5.0,1079,0.03587397388671925,2295.934328750032,2254.735522942634,41.19880580739829,0.01020123756159105,0.000408049502463642,6.375773475994406e-06,0.1370126363517905,64
28352,442,443,396.0617100435503,6.1884642194304735,0.7590361445783133,0.7590361445783133,1411,1071,331,0,56.078125,3589.0,3.351073762838469,5.0,1071,0.03158154793490397,2021.2190678338538,1979.9090837204496,41.3099841134041,0.009407974331485968,0.00037631897325943875,5.8799839571787305e-06,0.1372644779027659,64
28416,443,444,385.77291456857984,6.02770179013406,0.7617328519855595,0.7617328519855595,1385,1055,345,0,55.8125,3572.0,3.385781990521327,5.0,1055,0.033928121550901726,2171.3997792577106,2130.559232863517,40.840546394193055,0.01007367090998447,0.0004029468363993788,6.296044318740294e-06,0.13788804065161353,64
28480,444,445,370.42894015310685,5.7879521898922945,0.7441690962099126,0.7441690962099126,1372,1021,349,0,54.359375,3479.0,3.407443682664055,5.0,1021,0.031796831819178265,2034.9972364274088,1993.7342740154538,41.26296241195437,0.009928152498824326,0.00039712609995297307,6.205095311765204e-06,0.13899548926842037,64
28544,445,446,390.1168585326732,6.095575914573018,0.7328348062542488,0.7328348062542488,1471,1078,370,0,59.265625,3793.0,3.518552875695733,5.0,1078,0.03320307749156322,2124.996959460046,2078.9936257069467,46.003333753100364,0.010515523589851222,0.0004206209435940489,6.572202243657014e-06,0.13987944528166638,64
28608,446,447,393.4229954945091,6.147234304601705,0.7750362844702468,0.7750362844702468,1378,1068,334,0,57.734375,3695.0,3.459737827715356,5.0,1068,0.03284780622886254,2102.2595986472024,2059.9420507884397,42.31754785876251,0.010041009792864361,0.00040164039171457444,6.275631120540226e-06,0.14033510332754434,64
28672,447,448,387.5793682275663,6.0559276285557235,0.745125348189415,0.745125348189415,1436,1070,363,0,59.6875,3820.0,3.5700934579439254,5.0,1070,0.0338954694132988,2169.3100424511235,2123.6324831990723,45.67755925205134,0.010968727203438085,0.00043874908813752337,6.855454502148803e-06,0.14055897648055793,64
28736,448,449,388.07148290312875,6.063616920361387,0.7606038820992091,0.7606038820992091,1391,1058,336,0,59.765625,3825.0,3.61531190926276,5.0,1058,0.03294721081275564,2108.6214920163607,2063.749032523649,44.87245949271098,0.010393560987157806,0.00041574243948631223,6.495975616973629e-06,0.14052736153844114,64
28800,449,450,372.68116189052034,5.82314315453938,0.7218406593406593,0.7218406593406593,1456,1051,399,0,62.171875,3979.0,3.785918173168411,6.0,1051,0.034926079965281166,2235.269117777995,2186.217008772728,49.052109005266686,0.011481253280127,0.00045925013120508,7.175783300079375e-06,0.14009277044504684,64
28864,450,451,380.0770923293726,5.938704567646447,0.7341242149337055,0.7341242149337055,1433,1052,368,0,62.046875,3971.0,3.7747148288973382,6.0,1052,0.03175099690501244,2032.063801920796,1984.172440030323,47.89136189047222,0.010271182269295829,0.00041084729077183314,6.419488918309893e-06,0.13993857400987106,64
28928,451,452,386.2631554285317,6.035361803570808,0.7498238195912614,0.7498238195912614,1419,1064,355,0,62.265625,3985.0,3.7453007518796992,6.0,1064,0.03441274105610615,2202.4154275907936,2152.6790033069824,49.73642428381142,0.011022720462330186,0.00044090881849320746,6.8892002889563665e-06,0.14052190472089507,64
28992,452,453,367.82285073081334,5.7472320426689585,0.7334754797441365,0.7334754797441365,1407,1032,381,0,60.921875,3899.0,3.7781007751937983,6.0,1032,0.030258073988205073,1936.5167352451247,1888.6720015668757,47.844733678248915,0.010132669116455622,0.0004053067646582249,6.332918197784764e-06,0.1414452057702692,64
29056,453,454,378.4962397218504,5.914003745653912,0.736696613683483,0.736696613683483,1447,1066,396,0,62.703125,4013.0,3.7645403377110696,5.0,1066,0.034309445914348716,2195.8045385183177,2146.0393592180094,49.76517930030819,0.01216190513780184,0.0004864762055120736,7.60119071112615e-06,0.14198051298940823,64
29120,454,455,381.653676042004,5.963338688156313,0.7246278755074425,0.7246278755074425,1478,1071,396,0,63.078125,4037.0,3.76937441643324,5.0,1071,0.03338728236340726,2136.7860712580646,2084.674586348121,52.11148490994313,0.011614985954103672,0.0004645994381641469,7.259366221314795e-06,0.14299089421826178,64
29184,455,456,383.6219733764072,5.9940933340063625,0.7580760947595119,0.7580760947595119,1393,1056,350,0,62.921875,4027.0,3.8134469696969697,6.0,1056,0.031496466342650575,2015.773845929637,1967.7830510233912,47.990794906246315,0.011153701453490216,0.00044614805813960863,6.971063408431385e-06,0.14399750854072838,64
29248,456,457,369.9077413514231,5.779808458615986,0.7222609909281228,0.7222609909281228,1433,1035,370,0,61.21875,3918.0,3.785507246376812,6.0,1035,0.03155322630305754,2019.4064833956825,1969.4863310902485,49.92015230543488,0.011446509022115744,0.0004578603608846298,7.15406813882234e-06,0.14480193265368496,64
29312,457,458,364.74139286408683,5.699084263501357,0.7237762237762237,0.7237762237762237,1430,1035,396,0,62.953125,4029.0,3.8927536231884057,6.0,1035,0.030946454986349584,1980.5731191263733,1930.8350188667816,49.738100259592144,0.011409732703032449,0.000456389308121298,7.131082939395281e-06,0.14602064826272182,64
29376,458,459,376.0538526126452,5.875841447072581,0.7373949579831933,0.7373949579831933,1428,1053,382,0,63.90625,4090.0,3.8841405508072175,6.0,1053,0.03132870526566225,2005.037137002384,1954.8227570591114,50.214379943272,0.011530550209324208,0.00046122200837296834,7.20659388082763e-06,0.14718461173932212,64
29440,459,460,391.7464821740896,6.12103878397015,0.7436773752563226,0.7436773752563226,1463,1088,372,0,64.609375,4135.0,3.8005514705882355,6.0,1088,0.034902474711262586,2233.7583815208054,2183.4470803865006,50.31130113430566,0.013110213168032448,0.000524408526721298,8.19388323002028e-06,0.14796691623099067,64
29504,460,461,405.61321105607936,6.33770642275124,0.7623007623007623,0.7623007623007623,1443,1100,335,0,62.78125,4018.0,3.652727272727273,5.0,1100,0.03168372383321993,2027.7583253260752,1978.1160032701816,49.64232205589352,0.01152235132425276,0.0004608940529701104,7.201469577657975e-06,0.14851138522768254,64
29568,461,462,388.29423864817426,6.067097478877723,0.7565095003518649,0.7565095003518649,1421,1075,367,0,59.796875,3827.0,3.56,5.0,1075,0.032297994533752816,2067.07165016018,2019.6506090574671,47.42104110271382,0.011940861389881981,0.0004776344555952792,7.463038368676238e-06,0.14869423449851865,64
29632,462,463,413.0476140585772,6.453868969665269,0.7585743106926698,0.7585743106926698,1487,1128,358,0,62.328125,3989.0,3.5363475177304964,5.0,1128,0.03176280019038146,2032.8192121844136,1983.330249443747,49.4889627406669,0.011700349422953926,0.000468013976918157,7.3127183893462035e-06,0.1490690883795861,64
29696,463,464,402.967287988453,6.296363874819578,0.7723404255319148,0.7723404255319148,1410,1089,323,0,59.796875,3827.0,3.514233241505969,5.0,1089,0.030725689630450713,1966.4441363488456,1919.8706479487228,46.57348840012229,0.011503133207177399,0.00046012532828709594,7.189458254485874e-06,0.14966136596278376,64
29760,464,465,398.1278715237498,6.22074799255859,0.7693950177935943,0.7693950177935943,1405,1081,329,0,58.5,3744.0,3.463459759481961,5.0,1081,0.030526261475814782,1953.680734452146,1909.5459872681731,44.13474718397328,0.011608055218217384,0.0004643222087286954,7.255034511385865e-06,0.1497602784015415,64
29824,465,466,407.9048050258397,6.373512578528746,0.7640603566529492,0.7640603566529492,1458,1114,353,0,61.703125,3949.0,3.544883303411131,5.0,1114,0.03162232587803713,2023.8288561943762,1977.8874514165427,45.94140477783271,0.01161075620818541,0.0004644302483274164,7.256722630115881e-06,0.14959975381431478,64
29888,466,467,388.03334225936203,6.063020972802532,0.7533856022808268,0.7533856022808268,1403,1057,329,0,60.421875,3867.0,3.6584673604541154,6.0,1057,0.030896709669556672,1977.389418851627,1930.5954056599833,46.79401319164339,0.011570624163855767,0.0004628249665542307,7.231640102409855e-06,0.14915560654938587,64
29952,467,468,407.55695409232004,6.368077407692501,0.7447089947089947,0.7447089947089947,1512,1126,380,0,64.046875,4099.0,3.6403197158081704,5.0,1126,0.0323588203776819,2070.9645041716417,2021.243185679381,49.72131849226134,0.012406361826834729,0.0004962544730733892,7.753976141771706e-06,0.14862568751622313,64
30016,468,469,376.9336554178412,5.889588365903768,0.7425531914893617,0.7425531914893617,1410,1047,359,0,58.453125,3741.0,3.5730659025787967,5.0,1047,0.031311589693388195,2003.9417403768443,1956.2139462950088,47.72779408183497,0.01215550188240592,0.0004862200752962368,7.5971886765037e-06,0.14852137259227416,64
30080,469,470,388.5550861029698,6.0711732203589035,0.7480809490579204,0.7480809490579204,1433,1072,358,0,59.59375,3814.0,3.5578358208955225,5.0,1072,0.03094733869641994,1980.6296765708762,1934.6052313630728,46.02444520780343,0.011506398021218799,0.0004602559208487519,7.191498763261749e-06,0.14812721312339497,64
30144,470,471,361.53525515125796,5.648988361738406,0.7443554260742898,0.7443554260742898,1373,1022,381,0,55.03125,3522.0,3.4461839530332683,5.0,1022,0.030573347962487292,1956.6942695991868,1913.037326435118,43.6569431640689,0.012044965314686856,0.0004817986125874742,7.5281033216792845e-06,0.14830566356965172,64
30208,471,472,399.4363733092905,6.241193332957664,0.7673928320449754,0.7673928320449754,1423,1092,339,0,59.890625,3833.0,3.51007326007326,5.0,1092,0.033552799264888064,2147.379152952836,2103.130253929325,44.24889902351119,0.013458657541704926,0.000538346301668197,8.411660963565579e-06,0.14949708418382013,64
30272,472,473,375.6750477086899,5.869922620448279,0.740343347639485,0.740343347639485,1398,1035,343,0,56.375,3608.0,3.4859903381642514,5.0,1035,0.029053711894521047,1859.437561249347,1814.6778070819178,44.759754167428504,0.011153702746266755,0.00044614810985067017,6.971064216416721e-06,0.1503295163768709,64
30336,473,474,395.57758787444953,6.180899810538274,0.7519004837595025,0.7519004837595025,1447,1088,348,0,59.84375,3830.0,3.520220588235294,5.0,1088,0.03364397682883378,2153.214517045362,2107.601284730737,45.61323231462434,0.013899341900976157,0.0005559736760390463,8.687088688110099e-06,0.15077452358039364,64
30400,474,475,396.3985502388791,6.193727347482486,0.7692862292718097,0.7692862292718097,1387,1067,308,0,57.1875,3660.0,3.4301780693533273,5.0,1067,0.028187448753488102,1803.9967202232385,1760.0507125451654,43.94600767807288,0.011375448217244205,0.0004550179286897682,7.109655135777628e-06,0.15092415488017458,64
30464,475,476,396.5160665785147,6.195563540289292,0.782798833819242,0.782798833819242,1372,1074,321,0,57.828125,3701.0,3.4459962756052143,5.0,1074,0.030220276898198943,1934.0977214847323,1891.0556747747235,43.042046710009515,0.012200702469576762,0.0004880280987830705,7.625439043485476e-06,0.15139194175209475,64
30528,476,477,376.0809148579174,5.876264294654959,0.7691154422788605,0.7691154422788605,1334,1026,319,0,55.078125,3525.0,3.435672514619883,5.0,1026,0.029213158011947158,1869.642112764618,1827.9335317545977,41.70858101002088,0.011530075914993313,0.0004612030365997325,7.20629744687082e-06,0.1518972581968512,64
30592,477,478,385.60157160836513,6.025024556380705,0.760522496371553,0.760522496371553,1378,1048,318,0,56.9375,3644.0,3.4770992366412212,5.0,1048,0.02936049675059958,1879.0717920383731,1835.1339761965994,43.937815841773805,0.011943881507184902,0.0004777552602873961,7.464925941990564e-06,0.15225507890797824,64
30656,478,479,395.69549322765545,6.182742081682116,0.7751824817518248,0.7751824817518248,1370,1062,297,0,59.46875,3806.0,3.583804143126177,5.0,1062,0.02977070862412146,1905.3253519437733,1859.782381702898,45.54297024087505,0.012190409690232197,0.0004876163876092879,7.619006056395123e-06,0.1531038726644831,64
30720,479,480,364.6863573232664,5.698224333176038,0.7712724434035909,0.7712724434035909,1281,988,297,0,53.09375,3398.0,3.4392712550607287,5.0,988,0.025958883450312914,1661.3685408200265,1620.4082177364314,40.96032308359509,0.010669512901647962,0.0004267805160659185,6.668445563529976e-06,0.15369917198475774,64
30784,480,481,402.64369794502716,6.291307780391049,0.7674581005586593,0.7674581005586593,1432,1099,344,0,61.421875,3931.0,3.5768880800727936,5.0,1099,0.03032867872765854,1941.0354385701464,1893.4191539620294,47.616284608116274,0.012099190265965735,0.00048396761063862937,7.561993916228584e-06,0.1539847058926893,64
30848,481,482,416.45390424891167,6.507092253889245,0.7805730258560447,0.7805730258560447,1431,1117,311,0,61.640625,3945.0,3.531781557743957,5.0,1117,0.031240282969094098,1999.3781100220222,1952.5088503106663,46.869259711356435,0.013012392976145322,0.0005204957190458129,8.132745610090826e-06,0.15401084461883963,64
30912,482,483,397.0433794677123,6.203802804183005,0.7612676056338028,0.7612676056338028,1420,1081,339,0,58.71875,3758.0,3.4764107308048104,5.0,1081,0.03048782787295487,1951.2209838691117,1906.7401483334218,44.48083553569019,0.011590827190023785,0.00046363308760095137,7.244266993764865e-06,0.1537901282482222,64
30976,483,484,382.47627376424623,5.976191777566347,0.7554585152838428,0.7554585152838428,1374,1038,316,0,56.3125,3604.0,3.4720616570327554,5.0,1038,0.02899392181826242,1855.6109963687948,1812.9990292397954,42.61196712899971,0.011354014256986594,0.0004541605702794638,7.096258910616622e-06,0.15309502041501774,64
31040,484,485,402.26429466477555,6.285379604137118,0.7850877192982456,0.7850877192982456,1368,1074,297,0,59.1875,3788.0,3.527001862197393,5.0,1074,0.029299909665184892,1875.194218571833,1829.6656297836957,45.5285887881376,0.011077878711826755,0.0004431151484730702,6.923674194891722e-06,0.15234246269880025,64
31104,485,486,402.18063246967,6.284072382338594,0.7618069815195072,0.7618069815195072,1461,1113,373,0,62.09375,3974.0,3.5705300988319855,5.0,1113,0.03299745707752248,2111.837252961439,2064.1612232620178,47.676029699421065,0.013176759292591654,0.0005270703717036661,8.235474557869784e-06,0.15212801095339598,64
31168,486,487,387.65465301357915,6.057103953337174,0.7378976486860305,0.7378976486860305,1446,1067,352,0,59.5625,3812.0,3.572633552014995,5.0,1067,0.031262850070205385,2000.8224044931446,1953.050433361096,47.77197113204885,0.011750728686419406,0.00047002914745677624,7.344205429012129e-06,0.15167226746681173,64
31232,487,488,398.3594036383065,6.224365681848539,0.7703862660944206,0.7703862660944206,1398,1077,320,0,60.265625,3857.0,3.5812441968430826,6.0,1077,0.031688571310912385,2028.0685638983928,1984.1621172187943,43.90644667959844,0.011752446142462292,0.0004700978456984917,7.345278839038933e-06,0.15102228191061556,64
31296,488,489,386.32958338425567,6.036399740378995,0.7471988795518207,0.7471988795518207,1428,1067,357,0,58.859375,3767.0,3.5304592314901595,5.0,1067,0.03087939031241828,1976.2809799947697,1930.8130554873003,45.46792450746871,0.012057931459788928,0.00048231725839155713,7.53620716236808e-06,0.15077244614558347,64
31360,489,490,390.4848058400655,6.101325091251024,0.7440273037542662,0.7440273037542662,1465,1090,392,0,62.875,4024.0,3.691743119266055,5.0,1090,0.02955481396767733,1891.508093931349,1841.5291408176402,49.978953113708705,0.01084454940121152,0.0004337819760484608,6.7778433757572e-06,0.150837085047397,64
31424,490,491,381.3748770134134,5.958982453334585,0.7545126353790613,0.7545126353790613,1385,1045,339,0,58.203125,3725.0,3.5645933014354068,5.0,1045,0.028752613924965295,1840.167291197779,1793.900380926978,46.26691027079981,0.010498978043818549,0.0004199591217527419,6.5618612773865925e-06,0.15123551140888308,64
31488,491,492,390.913234050242,6.108019282035031,0.778023598820059,0.778023598820059,1356,1055,309,0,57.015625,3649.0,3.458767772511848,5.0,1055,0.030941087651625645,1980.2296097040412,1936.9040481298268,43.3255615742145,0.01142163078476558,0.00045686523139062317,7.138519240478487e-06,0.15121438600471254,64
31552,492,493,409.40942799774314,6.3970223124647365,0.7627235213204951,0.7627235213204951,1454,1109,339,0,62.359375,3991.0,3.5987376014427412,5.0,1109,0.029803070243597456,1907.3964955902372,1859.4106643548912,47.98583123534568,0.010841787957377022,0.00043367151829508085,6.776117473360638e-06,0.1509375927639754,64
31616,493,494,374.78286145820863,5.85598221028451,0.7316735822959889,0.7316735822959889,1446,1058,393,0,59.125,3784.0,3.5765595463137996,5.0,1058,0.0326355001158371,2088.6720074135746,2039.5004004285333,49.1716069850418,0.012120043410502946,0.00048480173642011785,7.575027131564341e-06,0.15032775343659394,64
31680,494,495,367.74981685028683,5.746090888285732,0.7476014760147601,0.7476014760147601,1355,1013,340,0,57.125,3656.0,3.6090819348469894,5.0,1013,0.02602397363125266,1665.5343124001702,1619.589385456356,45.94492694381528,0.009725216650168404,0.00038900866600673613,6.078260406355252e-06,0.1493107589277231,64
31744,495,496,358.96660266291246,5.608853166608007,0.7262330235882773,0.7262330235882773,1399,1016,388,0,59.375,3800.0,3.7401574803149606,5.0,1016,0.03056753672852863,1956.3223506258323,1906.2617940429122,50.060556582919475,0.011014247431807081,0.00044056989727228325,6.883904644879426e-06,0.14798411808158957,64
31808,496,497,365.49590092514165,5.710873451955338,0.7285613040396882,0.7285613040396882,1411,1028,382,0,61.234375,3919.0,3.812256809338521,6.0,1028,0.028710223214678872,1837.4542857394479,1787.3110908867855,50.14319485266223,0.01015207851555643,0.0004060831406222572,6.345049072222768e-06,0.14718697770467562,64
31872,497,498,371.9752077556392,5.812112621181862,0.7415891195418755,0.7415891195418755,1397,1036,367,0,60.203125,3853.0,3.719111969111969,5.0,1036,0.029076958298100048,1860.9253310784031,1811.9427366153172,48.98259446308625,0.010355483248938811,0.00041421932995755245,6.472177030586757e-06,0.1463265201080185,64
31936,498,499,390.65804337641566,6.104031927756495,0.7352742044685172,0.7352742044685172,1477,1086,379,0,65.09375,4166.0,3.8360957642725597,6.0,1086,0.03189055862642111,2040.9957520909509,1987.2009532549657,53.79479883598517,0.011377111901314694,0.0004550844760525877,7.110694938321683e-06,0.14518244322991847,64
32000,499,500,379.807456722891,5.934491511295172,0.7283437283437283,0.7283437283437283,1443,1051,367,0,64.328125,4117.0,3.9172216936251187,5.0,1051,0.02835017950758396,1814.4114884853734,1759.6769582282568,54.734530257116,0.00916452189887908,0.00036658087595516325,5.727826186799426e-06,0.14375338008393285,64
