train_slots,rollout_index,updates,train_return,train_mean_slot_Rsys,train_satisfaction,train_cr,train_arrived,train_done,train_timeout,train_rejected,train_system_delay_overhead_s_per_slot,train_delay_sum_s,train_avg_completed_e2e_delay_s,train_p95_completed_e2e_delay_s,train_delay_samples,train_system_energy_overhead_kj_per_slot,train_total_dynamic_energy_j,train_energy_comp_j,train_energy_trans_j,train_cumulative_lifetime_loss,train_cum_hl_mean_satellite,train_avg_hl_per_sat_slot,train_avg_dod,train_n_slots
64,0,1,388.9645765070075,6.077571507921992,0.7454160789844851,0.7454160789844851,1418,1057,295,0,50.96875,3262.0,3.0860927152317883,5.0,1057,0.032254524765620865,2064.2895849997353,2026.2709218455805,38.018663154154325,0.01833357379726181,0.0007333429518904724,1.145848362328863e-05,0.3518646086633258,64
128,1,2,399.68321288053414,6.245050201258346,0.793205317577548,0.793205317577548,1354,1074,283,0,53.265625,3409.0,3.1741154562383613,5.0,1074,0.03138620280363488,2008.7169794326326,1969.7665154945598,38.95046393807182,0.017011981094564203,0.0006804792437825681,1.0632488184102627e-05,0.34799224180281235,64
192,2,3,400.3468121128368,6.255418939263075,0.7810480976310122,0.7810480976310122,1393,1088,301,0,53.375,3416.0,3.139705882352941,5.0,1088,0.03484583010489496,2230.1331267132778,2191.5457821909977,38.58734452228,0.019460977752443206,0.0007784391100977283,1.2163111095277004e-05,0.34411994857226064,64
256,3,4,410.8642397978796,6.419753746841868,0.7800421644413211,0.7800421644413211,1423,1110,302,0,54.546875,3491.0,3.145045045045045,5.0,1110,0.032655029307862744,2089.921875703216,2051.8312106945077,38.09066500870825,0.0178746179885699,0.000714984719542796,1.1171636242856188e-05,0.34043616299587365,64
320,4,5,439.94239135403603,6.874099864906813,0.8196491228070175,0.8196491228070175,1425,1168,278,0,58.375,3736.0,3.1986301369863015,5.0,1168,0.03356034197257974,2147.8618862451035,2108.0996136611075,39.76227258399661,0.0192775815864836,0.000771103263459344,1.204848849155225e-05,0.33657786686330965,64
384,5,6,419.17798823567364,6.549656066182401,0.7794729542302358,0.7794729542302358,1442,1124,289,0,54.265625,3473.0,3.0898576512455516,5.0,1124,0.03331934945004564,2132.4383648029207,2094.914688884105,37.52367591881517,0.018498254302223193,0.0007399301720889277,1.1561408938889496e-05,0.33277059011366705,64
448,6,7,428.77395306370477,6.699593016620387,0.8057705840957072,0.8057705840957072,1421,1145,291,0,55.4375,3548.0,3.098689956331878,5.0,1145,0.03502758074496827,2241.765167677969,2205.6426862681883,36.122481409781265,0.018657912559147442,0.0007463165023658977,1.1661195349467152e-05,0.32897293418497353,64
512,7,8,405.15832088654577,6.330598763852278,0.7786421499292786,0.7786421499292786,1414,1101,309,0,55.140625,3529.0,3.2052679382379656,5.0,1101,0.03393399923719461,2171.775951180455,2131.4702144434486,40.3057367370058,0.018284524076784547,0.0007313809630713819,1.1427827547990342e-05,0.32529968843738566,64
576,8,9,414.11219812958996,6.470503095774843,0.7640677966101694,0.7640677966101694,1475,1127,331,0,56.109375,3591.0,3.186335403726708,5.0,1127,0.031339050576639056,2005.6992369048994,1965.3094074287321,40.3898294761669,0.01723918820287244,0.0006895675281148976,1.0774492626795275e-05,0.3213576654644389,64
640,9,10,424.42507375266587,6.631641777385404,0.8006993006993007,0.8006993006993007,1430,1145,306,0,58.046875,3715.0,3.2445414847161573,5.0,1145,0.03316028463516861,2122.258216650791,2081.6857909694745,40.57242568131719,0.019085031499685292,0.0007634012599874117,1.1928144687303308e-05,0.3178226501726211,64
704,10,11,429.23209829430544,6.706751535848523,0.8109452736318408,0.8109452736318408,1407,1141,281,0,56.8125,3636.0,3.186678352322524,5.0,1141,0.031635354465124124,2024.662685767944,1985.4561130969628,39.20657267098112,0.017385366731549574,0.000695414669261983,1.0865854207218484e-05,0.3154426312487897,64
768,11,12,406.38778049803705,6.349809070281829,0.782051282051282,0.782051282051282,1404,1098,293,0,54.84375,3510.0,3.19672131147541,5.0,1098,0.033881711321672614,2168.429524587047,2128.901483549898,39.52804103715009,0.019376863683465834,0.0007750745473386333,1.2110539802166146e-05,0.31403479866998507,64
832,12,13,427.016826858891,6.672137919670172,0.7877747252747253,0.7877747252747253,1456,1147,298,0,57.578125,3685.0,3.212728857890148,5.0,1147,0.034185337384628416,2187.861592616219,2147.1816266307205,40.67996598549811,0.018694200821054458,0.0007477680328421783,1.1683875513159036e-05,0.31269602239585226,64
896,13,14,443.20796607222803,6.925124469878563,0.807928913192071,0.807928913192071,1463,1182,291,0,59.015625,3777.0,3.1954314720812182,5.0,1182,0.03492471316003852,2235.1816422424654,2195.645260092483,39.53638214998266,0.019949280464514028,0.0007979712185805611,1.2468300290321267e-05,0.31116232787410697,64
960,14,15,425.30062012516464,6.6453221894556975,0.7908587257617729,0.7908587257617729,1444,1142,298,0,57.328125,3669.0,3.212784588441331,5.0,1142,0.0343412790020038,2197.8418561282433,2158.611794495944,39.23006163229848,0.018410403288284465,0.0007364161315313786,1.150650205517779e-05,0.3104007584886669,64
1024,15,16,399.07703739205107,6.235578709250798,0.7774607703281027,0.7774607703281027,1402,1090,311,0,54.125,3464.0,3.1779816513761467,5.0,1090,0.03228768647006672,2066.41193408427,2026.907301481814,39.50463260245581,0.01932998164175609,0.0007731992656702435,1.2081238526097555e-05,0.31039862185347683,64
1088,16,17,427.01873101252295,6.672167672070671,0.7923611111111111,0.7923611111111111,1440,1141,291,0,57.671875,3691.0,3.2348816827344433,5.0,1141,0.030493321184267206,1951.5725557931012,1908.2775285100768,43.29502728302293,0.017181666063584518,0.0006872666425433808,1.0738541289740325e-05,0.31005419188241723,64
1152,17,18,398.99456402350825,6.234290062867316,0.7947406866325786,0.7947406866325786,1369,1088,308,0,55.890625,3577.0,3.2876838235294117,5.0,1088,0.032200422800361235,2060.8270592231192,2021.1308700549541,39.69618916816568,0.019680196024111304,0.0007872078409644521,1.2300122515069564e-05,0.3094896060359813,64
1216,18,19,395.1588647176585,6.174357261213414,0.7738693467336684,0.7738693467336684,1393,1078,305,0,54.40625,3482.0,3.230055658627087,5.0,1078,0.03163990474510819,2024.953903686924,1984.3233267938733,40.63057689305108,0.01906279844462227,0.0007625119377848908,1.1914249027888918e-05,0.30948017691888824,64
1280,19,20,408.8754962281774,6.388679628565272,0.7708764665286404,0.7708764665286404,1449,1117,321,0,57.796875,3699.0,3.3115487914055506,5.0,1117,0.030209900823208923,1933.433652685371,1889.111081595105,44.32257109026633,0.01863891782765001,0.0007455567131060003,1.1649323642281255e-05,0.3099878151663574,64
1344,20,21,382.29703725021557,5.973391207034618,0.7567375886524823,0.7567375886524823,1410,1067,350,0,55.96875,3582.0,3.357075913776945,5.0,1067,0.029074774997529897,1860.7855998419134,1817.3455547894755,43.44004505243817,0.017719250750119667,0.0007087700300047867,1.1074531718824792e-05,0.31051907532793066,64
1408,21,22,378.7682158273175,5.918253372301836,0.731081081081081,0.731081081081081,1480,1082,392,0,59.625,3816.0,3.5268022181146024,5.0,1082,0.03388867418424706,2168.875147791812,2120.173423889708,48.7017239021044,0.0206953954908145,0.00082781581963258,1.2934622181759062e-05,0.3108267370515205,64
1472,22,23,386.48609530266856,6.038845239104196,0.7793462109955424,0.7793462109955424,1346,1049,297,0,56.265625,3601.0,3.432793136320305,5.0,1049,0.025572992421893547,1636.6715150011871,1594.0809890923515,42.59052590883576,0.015830175209385733,0.0006332070083754294,9.893859505866084e-06,0.3107022437867708,64
1536,23,24,401.4672801988048,6.272926253106325,0.772027972027972,0.772027972027972,1430,1104,323,0,60.765625,3889.0,3.522644927536232,5.0,1104,0.03148836401362643,2015.2552968720915,1967.7447979749154,47.51049889717599,0.020197211412113947,0.0008078884564845579,1.2623257132571218e-05,0.31024722866653476,64
1600,24,25,369.15981426687176,5.768122097919871,0.7487401007919366,0.7487401007919366,1389,1040,357,0,57.828125,3701.0,3.558653846153846,5.0,1040,0.027808392551539246,1779.7371232985117,1733.9180627416624,45.81906055684973,0.017306388965418775,0.000692255558616751,1.0816493103386734e-05,0.30955462798563294,64
1664,25,26,361.5430792018427,5.649110612528792,0.7417461482024945,0.7417461482024945,1363,1011,335,0,55.78125,3570.0,3.5311572700296736,5.0,1011,0.026457410689706907,1693.274284141242,1647.8222499464819,45.4520341947607,0.016440199342365232,0.0006576079736946094,1.0275124588978271e-05,0.30933796445269623,64
1728,26,27,353.8027215100136,5.528167523593963,0.735357917570499,0.735357917570499,1383,1017,379,0,57.3125,3668.0,3.606686332350049,5.0,1017,0.027783815424874132,1778.1641871919444,1730.128403599562,48.035783592381684,0.018056998584813345,0.0007222799433925338,1.1285624115508341e-05,0.30899735988201793,64
1792,27,28,374.88499899430224,5.8575781092859724,0.7433751743375174,0.7433751743375174,1434,1066,377,0,59.78125,3826.0,3.5891181988742966,5.0,1066,0.028235500687397604,1807.0720439934466,1760.3925454493651,46.67949854408196,0.019098028416601163,0.0007639211366640465,1.1936267760375726e-05,0.30837688044203404,64
1856,28,29,382.72493912230357,5.980077173785993,0.7470300489168413,0.7470300489168413,1431,1069,359,0,60.390625,3865.0,3.6155285313376986,5.0,1069,0.0275419486766429,1762.6847153051458,1714.772472864145,47.912242441000444,0.016318717245347225,0.000652748689813889,1.0199198278342016e-05,0.3074388682086747,64
1920,29,30,364.57787669296465,5.696529323327573,0.7341411261582323,0.7341411261582323,1403,1030,356,0,57.296875,3667.0,3.5601941747572816,5.0,1030,0.029095399459575698,1862.1055654128447,1815.6315414077185,46.47402400512719,0.017673516347139092,0.0007069406538855636,1.1045947716961932e-05,0.306149907003586,64
1984,30,31,358.5926345398435,5.603009914685055,0.7412280701754386,0.7412280701754386,1368,1014,361,0,58.125,3720.0,3.668639053254438,5.0,1014,0.028574041632229936,1828.7386644627159,1780.1384950157378,48.600169446978136,0.015409442277135291,0.0006163776910854116,9.630901423209557e-06,0.3045681589938768,64
2048,31,32,354.3533319450007,5.536770811640636,0.7201704545454546,0.7201704545454546,1408,1014,383,0,58.265625,3729.0,3.6775147928994083,5.0,1014,0.028147467397667613,1801.4379134507271,1751.592456761812,49.84545668891459,0.015557085435337294,0.0006222834174134917,9.723178397085808e-06,0.30264760415450637,64
2112,32,33,352.9042770572079,5.514129329018873,0.7257264351523742,0.7257264351523742,1411,1024,405,0,60.234375,3855.0,3.7646484375,5.0,1024,0.03156338103966868,2020.0563865387953,1969.0454765493569,51.01090998943797,0.017235518433994967,0.0006894207373597987,1.0772199021246855e-05,0.300982820448922,64
2176,33,34,401.25298694967466,6.269577921088667,0.749667994687915,0.749667994687915,1506,1129,378,0,65.546875,4195.0,3.7156775907883084,5.0,1129,0.036479641357662136,2334.697046890377,2281.1494100428886,53.54763684748799,0.020908820822315422,0.0008363528328926169,1.306801301394714e-05,0.2999068758726591,64
2240,34,35,396.06663277293967,6.188541137077182,0.7536032944406315,0.7536032944406315,1457,1098,346,0,61.828125,3957.0,3.6038251366120218,5.0,1098,0.02910634143572468,1862.8058518863795,1812.9407747798853,49.865077106493686,0.017867092889672503,0.0007146837155869002,1.1166933056045316e-05,0.2985231116893763,64
2304,35,36,371.9763787782126,5.812130918409572,0.7731029301277235,0.7731029301277235,1331,1029,311,0,56.03125,3586.0,3.4849368318756073,5.0,1029,0.028655328751075647,1833.9410400688414,1790.8604401104176,43.08059995842443,0.018921195509145318,0.0007568478203658127,1.1825747193215823e-05,0.2967703539792616,64
2368,36,37,376.11388737525874,5.876779490238418,0.7736411020104245,0.7736411020104245,1343,1039,323,0,57.4375,3676.0,3.538017324350337,5.0,1039,0.028626307555698536,1832.0836835647062,1787.8392486647863,44.24443489991971,0.016934966411851073,0.0006773986564740429,1.0584354007406921e-05,0.2959822245200645,64
2432,37,38,382.6706904143236,5.979229537723806,0.7482468443197756,0.7482468443197756,1426,1067,339,0,57.5,3680.0,3.4489222118088096,5.0,1067,0.0316847536916739,2027.82423626713,1982.3354998526383,45.48873641449218,0.019342178216937445,0.0007736871286774978,1.2088861385585903e-05,0.2954086194414104,64
2496,38,39,387.4824905634375,6.054413915053711,0.7682838522809559,0.7682838522809559,1381,1061,304,0,55.875,3576.0,3.3704052780395855,5.0,1061,0.02951073685306906,1888.6871585964197,1846.2978233979616,42.38933519845787,0.018887860622178874,0.000755514424887155,1.1804912888861796e-05,0.2946274183887253,64
2560,39,40,405.4458200297077,6.335090937964183,0.7841625788367204,0.7841625788367204,1427,1119,336,0,58.890625,3769.0,3.3681858802502234,5.0,1119,0.03250153354010793,2080.0981465669074,2036.0664156906398,44.031730876267495,0.02043323880654196,0.0008173295522616784,1.2770774254088726e-05,0.2935113564729239,64
2624,40,41,402.5468580825514,6.289794657539866,0.775654635527247,0.775654635527247,1413,1096,304,0,57.875,3704.0,3.3795620437956204,5.0,1096,0.029809429825769004,1907.8035088492163,1864.4815048995883,43.32200394962802,0.01949434267759736,0.0007797737071038945,1.2183964173498352e-05,0.2921497645659897,64
2688,41,42,401.26292962854046,6.269733275445945,0.7680555555555556,0.7680555555555556,1440,1106,324,0,61.703125,3949.0,3.5705244122965643,5.0,1106,0.03243172833263739,2075.630613288793,2027.8270059326444,47.80360735614955,0.021475339145198388,0.0008590135658079355,1.3422086965748992e-05,0.2904218115435877,64
2752,42,43,378.3057872662556,5.911027926035244,0.7542735042735043,0.7542735042735043,1404,1059,346,0,59.484375,3807.0,3.594900849858357,5.0,1059,0.029015003494156442,1856.9602236260123,1809.969178102054,46.99104552395875,0.0186826591154716,0.000747306364618864,1.167666194716975e-05,0.28837919461088124,64
2816,43,44,369.9502400752678,5.780472501176059,0.7496392496392497,0.7496392496392497,1386,1039,346,0,58.578125,3749.0,3.60827718960539,5.0,1039,0.028026185769627582,1793.6758892561652,1747.3620167383958,46.3138725177702,0.01809380821096522,0.0007237523284386088,1.1308630131853263e-05,0.28616049564999757,64
2880,44,45,352.772811325211,5.512075176956422,0.7212885154061625,0.7212885154061625,1428,1030,411,0,60.734375,3887.0,3.7737864077669903,5.0,1030,0.030349656795218078,1942.378034893957,1889.6178444913483,52.76019040260766,0.018505385369388377,0.000740215414775535,1.1565865855867734e-05,0.2844306372835502,64
2944,45,46,340.07091313025614,5.313608017660252,0.7179115300942712,0.7179115300942712,1379,990,388,0,57.3125,3668.0,3.705050505050505,5.0,990,0.02957085657065225,1892.534820521744,1842.5722550414607,49.96256548028337,0.018093414647649075,0.0007237365859059631,1.1308384154780673e-05,0.2824248219058311,64
3008,46,47,373.0148874233946,5.828357615990541,0.7469793887704336,0.7469793887704336,1407,1051,359,0,59.5625,3812.0,3.6270218839200763,5.0,1051,0.029429904370932326,1883.513879739669,1836.2996068716755,47.2142728679939,0.018037684255361987,0.0007215073702144794,1.1273552659601241e-05,0.2801711579749272,64
3072,47,48,371.92479459466716,5.811324915541674,0.7487473156764496,0.7487473156764496,1397,1046,348,0,58.171875,3723.0,3.5592734225621414,5.0,1046,0.028267072698795012,1809.0926527228808,1761.8522180987209,47.24043462416058,0.01875225701437452,0.0007500902805749808,1.1720160633984075e-05,0.2776577750076348,64
3136,48,49,381.8711710057222,5.966737046964409,0.7670043415340086,0.7670043415340086,1382,1060,322,0,58.84375,3766.0,3.5528301886792453,5.0,1060,0.02983105012087424,1909.1872077359512,1864.8029295949505,44.38427814100066,0.020764850916701227,0.0008305940366680491,1.2978031822938267e-05,0.27492341350574917,64
3200,49,50,374.8424759673827,5.856913686990355,0.74,0.74,1450,1073,387,0,57.890625,3705.0,3.4529356943150047,5.0,1073,0.0315130098580195,2016.8326309132476,1971.8363329385602,44.99629797468836,0.020029975719340436,0.0008011990287736174,1.2518734824587772e-05,0.27197789214586215,64
3264,50,51,384.4410085137077,6.006890758026683,0.774264705882353,0.774264705882353,1360,1053,301,0,57.25,3664.0,3.479582146248813,5.0,1053,0.029568674716037496,1892.3951818263997,1848.5895584764944,43.805623349905595,0.01886348611369778,0.0007545394445479111,1.1789678821061111e-05,0.268828483421093,64
3328,51,52,416.5808062112437,6.509075097050683,0.7771701982228298,0.7771701982228298,1463,1137,317,0,62.140625,3977.0,3.4978012313104663,5.0,1137,0.03209989972339316,2054.393582297162,2007.5774244457511,46.816157851410594,0.020959690092534376,0.000838387603701375,1.3099806307833985e-05,0.26554145831575104,64
3392,52,53,385.8674622288985,6.029179097326539,0.7598591549295775,0.7598591549295775,1420,1079,346,0,60.609375,3879.0,3.5949953660797034,5.0,1079,0.031465629267216765,2013.8002731018728,1966.4241382944417,47.37613480743037,0.020474524284915877,0.0008189809713966351,1.2796577678072423e-05,0.2621073086013894,64
3456,53,54,362.5210901417207,5.664392033464386,0.7243055555555555,0.7243055555555555,1440,1043,397,0,58.953125,3773.0,3.61744966442953,5.0,1043,0.028984476479320447,1855.0064946765085,1805.4774707979034,49.5290238786055,0.01717552198586979,0.0006870208794347917,1.073470124116862e-05,0.2584315654981234,64
3520,54,55,386.04201438423,6.031906474753594,0.7607621736062103,0.7607621736062103,1417,1078,348,0,61.28125,3922.0,3.6382189239332097,5.0,1078,0.031593599647624974,2021.9903774479985,1975.0146145135693,46.97576293442912,0.019560390394870758,0.0007824156157948303,1.2225243996794224e-05,0.2546432043235272,64
3584,55,56,358.1260153258072,5.5957189894657375,0.7387190684133915,0.7387190684133915,1374,1015,358,0,58.40625,3738.0,3.682758620689655,5.0,1015,0.03016218713144618,1930.3799764125556,1884.2271801106447,46.15279630191093,0.017388590220233237,0.0006955436088093295,1.0867868887645774e-05,0.251318025552868,64
3648,56,57,349.22136447100274,5.456583819859418,0.7305433186490455,0.7305433186490455,1362,995,364,0,55.296875,3539.0,3.55678391959799,5.0,995,0.02936880951458232,1879.6038089332685,1835.0836397633022,44.520169169965634,0.01621058427255851,0.0006484233709023404,1.0131615170349069e-05,0.24843518213115404,64
3712,57,58,368.34016235591525,5.755315036811176,0.7389127324749643,0.7389127324749643,1398,1033,353,0,58.625,3752.0,3.6321393998063893,5.0,1033,0.027818360614518676,1780.3750793291952,1734.1185471991396,46.25653213005488,0.01575729849775086,0.0006302919399100344,9.848311561094288e-06,0.2453525855078526,64
3776,58,59,383.33304721364937,5.989578862713271,0.7650471356055112,0.7650471356055112,1379,1055,327,0,59.78125,3826.0,3.6265402843601895,5.0,1055,0.029706023745709256,1901.1855197253924,1853.7042962709772,47.48122345441581,0.015520502553238884,0.0006208201021295554,9.700314095774303e-06,0.2421163664834466,64
3840,59,60,371.2492073424359,5.800768864725561,0.7602941176470588,0.7602941176470588,1360,1034,340,0,55.921875,3579.0,3.4613152804642167,5.0,1034,0.028683543612222362,1835.7467911822312,1792.317348128745,43.4294430534869,0.01592639511636401,0.0006370558046545604,9.953996947727506e-06,0.2387251386398114,64
3904,60,61,387.4424688678861,6.05378857606072,0.7610241820768137,0.7610241820768137,1406,1070,341,0,58.953125,3773.0,3.5261682242990653,5.0,1070,0.03008959846992293,1925.7343020750675,1879.6311111926286,46.103190882438234,0.015295642742563575,0.000611825709702543,9.559776714102235e-06,0.2352720179303029,64
3968,61,62,395.49182269132336,6.179559729551928,0.7662616154395997,0.7662616154395997,1399,1072,308,0,56.375,3608.0,3.3656716417910446,5.0,1072,0.029563956326443826,1892.0932048924049,1848.7847827593075,43.30842213309702,0.014741632581994664,0.0005896653032797866,9.213520363746665e-06,0.2316787790929972,64
4032,62,63,430.59689178858275,6.7280764341966055,0.7886178861788617,0.7886178861788617,1476,1164,325,0,60.71875,3886.0,3.338487972508591,5.0,1164,0.03399565514614894,2175.7219293535322,2132.77501726021,42.9469120933222,0.017017794269773838,0.0006807117707909535,1.0636121418608648e-05,0.22817008550288023,64
4096,63,64,397.98531435256905,6.218520536758891,0.7909896602658789,0.7909896602658789,1354,1071,294,0,54.375,3480.0,3.249299719887955,5.0,1071,0.03152564619119435,2017.6413562364382,1978.786937324577,38.854418911860506,0.01483959496577373,0.0005935837986309492,9.274746853608581e-06,0.2246295406345146,64
4160,64,65,391.86462667452923,6.122884791789519,0.768451519536903,0.768451519536903,1382,1062,301,0,55.5625,3556.0,3.3483992467043313,5.0,1062,0.031345034209256044,2006.0821893923867,1964.8416223043773,41.24056708800905,0.015482793870060983,0.0006193117548024393,9.676746168788114e-06,0.2208303078308859,64
4224,65,66,390.7164363466819,6.104944317916905,0.7554157931516422,0.7554157931516422,1431,1081,348,0,57.75,3696.0,3.4190564292321923,5.0,1081,0.03206724044509164,2052.303388485865,2007.5959175734563,44.70747091240798,0.01563249676996198,0.0006252998707984792,9.770310481226237e-06,0.21700853857177457,64
4288,66,67,381.8113904390946,5.9658029756108535,0.7482369534555712,0.7482369534555712,1418,1061,356,0,57.421875,3675.0,3.463713477851084,5.0,1061,0.03071947307446756,1966.046276765924,1920.5822792020306,45.46399756389339,0.014188030876300276,0.000567521235052011,8.867519297687672e-06,0.21318785122445105,64
4352,67,68,390.00372614468347,6.093808221010679,0.7631205673758865,0.7631205673758865,1410,1076,346,0,59.796875,3827.0,3.556691449814126,5.0,1076,0.03168878766920928,2028.0824108293941,1982.5361974810169,45.54621334837688,0.014713538699702837,0.0005885415479881135,9.195961687314273e-06,0.20992579215893625,64
4416,68,69,376.25485903541437,5.8789821724283495,0.7505438723712835,0.7505438723712835,1379,1035,336,0,56.3125,3604.0,3.482125603864734,5.0,1035,0.0271666669524831,1738.6666849589183,1693.9075666859019,44.75911827301644,0.012030091182629106,0.00048120364730516426,7.5188069891431915e-06,0.20652817541601404,64
4480,69,70,411.2757846632315,6.426184135362992,0.7597315436241611,0.7597315436241611,1490,1132,362,0,60.78125,3890.0,3.4363957597173145,5.0,1132,0.03304890156485092,2115.129700150459,2068.892637036753,46.23706311370614,0.014916560514980998,0.0005966624205992399,9.322850321863123e-06,0.20293915636610485,64
4544,70,71,375.9343603747417,5.873974380855339,0.7385159010600707,0.7385159010600707,1415,1045,354,0,55.96875,3582.0,3.427751196172249,5.0,1045,0.030128044260393463,1928.1948326651816,1883.553259134864,44.64157353031746,0.01331941884237527,0.0005327767536950108,8.324636776484544e-06,0.19955605149747974,64
4608,71,72,406.0941882001822,6.345221690627847,0.7859725234996384,0.7859725234996384,1383,1087,300,0,56.53125,3618.0,3.328426862925483,5.0,1087,0.02984905105780277,1910.3392676993774,1867.2126487603389,43.126618939038394,0.012116832816116379,0.00048467331264465515,7.573020510072737e-06,0.19626353624021695,64
4672,72,73,410.8208345861299,6.419075540408279,0.7963898916967509,0.7963898916967509,1385,1103,307,0,58.171875,3723.0,3.3753399818676337,5.0,1103,0.03193327975627193,2043.7299044014035,2002.0264784164553,41.70342598494699,0.013339773737876308,0.0005335909495150523,8.337358586172693e-06,0.19272596567574243,64
4736,73,74,394.69254920498247,6.167071081327851,0.7774524158125915,0.7774524158125915,1366,1062,298,0,54.171875,3467.0,3.2645951035781544,5.0,1062,0.03236696928104307,2071.486033986757,2030.9177832960215,40.56825069073538,0.013164113842565564,0.0005265645537026226,8.227571151603478e-06,0.18922903271568942,64
4800,74,75,432.00397838618574,6.750062162284152,0.7919556171983356,0.7919556171983356,1442,1142,290,0,57.875,3704.0,3.2434325744308232,5.0,1142,0.033776355674464,2161.686763165696,2120.8415178929863,40.84524527270896,0.012965974042088496,0.0005186389616835399,8.10373377630531e-06,0.18600249782122658,64
4864,75,76,414.37336720899856,6.4745838626406025,0.7846481876332623,0.7846481876332623,1407,1104,296,0,55.59375,3558.0,3.222826086956522,5.0,1104,0.033307665965536984,2131.690621794367,2093.7947438647493,37.89587792961688,0.012466445358430306,0.0004986578143372123,7.791528349018941e-06,0.18264893732166682,64
4928,76,77,407.6732161185806,6.369894001852822,0.7951719092904169,0.7951719092904169,1367,1087,299,0,53.96875,3454.0,3.177552897884085,5.0,1087,0.02972227051530633,1902.2253129796052,1863.215322122996,39.00999085660926,0.011082526628814477,0.0004433010651525791,6.926579143009048e-06,0.17907823413275414,64
4992,77,78,410.2875703247795,6.41074328632468,0.7722143864598026,0.7722143864598026,1418,1095,298,0,55.046875,3523.0,3.217351598173516,5.0,1095,0.03226965528909761,2065.257938502247,2026.0343725738608,39.22356592838608,0.01225375755639594,0.0004901503022558376,7.658598472747463e-06,0.17538096136564774,64
5056,78,79,455.32813964152285,7.114502181898795,0.8269096005606167,0.8269096005606167,1427,1180,261,0,58.875,3768.0,3.1932203389830507,5.0,1180,0.034190258106294814,2188.176518802868,2150.6041657962646,37.57235300660382,0.012604122021749212,0.0005041648808699685,7.877576263593258e-06,0.17159746763867462,64
5120,79,80,420.7080781948477,6.573563721794495,0.7876230661040787,0.7876230661040787,1422,1120,300,0,54.453125,3485.0,3.111607142857143,5.0,1120,0.03342068882102587,2138.9240845456557,2101.6206149420627,37.30346960359226,0.0123197384590619,0.000492789538362476,7.699836536913688e-06,0.16784189798373256,64
5184,80,81,426.73266379826043,6.667697871847819,0.7949260042283298,0.7949260042283298,1419,1128,291,0,55.28125,3538.0,3.1365248226950353,5.0,1128,0.03383194916268394,2165.244746411772,2128.492460012075,36.75228639969749,0.011972934473154413,0.0004789173789261765,7.483084045721508e-06,0.16405346279451863,64
5248,81,82,420.1703890389713,6.565162328733926,0.7961511047754811,0.7961511047754811,1403,1117,300,0,54.484375,3487.0,3.1217547000895256,5.0,1117,0.03438252298488104,2200.4814710323863,2164.0489668465457,36.432504185840635,0.012100295289998474,0.00048401181159993896,7.562684556249046e-06,0.16046525187921865,64
5312,82,83,400.3199160415535,6.254998688149273,0.7763157894736842,0.7763157894736842,1368,1062,281,0,50.703125,3245.0,3.0555555555555554,5.0,1062,0.034264586682491056,2192.9335476794276,2157.578132392741,35.355415286686934,0.011323079554569024,0.000452923182182761,7.076924721605641e-06,0.15776603234068332,64
5376,83,84,424.5118028715247,6.632996919867574,0.812002892263196,0.812002892263196,1383,1123,290,0,53.8125,3444.0,3.066785396260018,5.0,1123,0.036227193606090925,2318.5403907898194,2284.897078781983,33.64331200783583,0.011958877063680607,0.0004783550825472243,7.4742981648003795e-06,0.1557975670650332,64
5440,84,85,409.89387783456993,6.404591841165155,0.7757274662881476,0.7757274662881476,1409,1093,303,0,52.625,3368.0,3.0814272644098812,5.0,1093,0.03369517072528173,2156.4909264180305,2120.9488182126734,35.542108205358545,0.010904667841314289,0.0004361867136525716,6.815417400821431e-06,0.1552231665544196,64
5504,85,86,423.18834668687,6.612317916982343,0.7989877078814173,0.7989877078814173,1383,1105,265,0,51.21875,3278.0,2.9665158371040725,5.0,1105,0.031238780947887037,1999.2819806647703,1965.3388069129371,33.943173751833434,0.010310199860439727,0.00041240799441758907,6.443874912774829e-06,0.154456208916092,64
5568,86,87,424.14520277302756,6.627268793328556,0.8053352559480894,0.8053352559480894,1387,1117,287,0,55.609375,3559.0,3.186213070725157,5.0,1117,0.03482972853039731,2229.1026259454275,2191.2884098180457,37.814216127381464,0.011230542832473277,0.00044922171329893107,7.019089270295798e-06,0.1536947684154754,64
5632,87,88,434.9396531995717,6.795932081243308,0.7913223140495868,0.7913223140495868,1452,1149,304,0,57.171875,3659.0,3.184508268059182,5.0,1149,0.032870431049241394,2103.7075871514494,2064.7418619598216,38.96572519162788,0.010175095377606034,0.00040700381510424134,6.359434611003771e-06,0.1527783990911863,64
5696,88,89,404.493651653514,6.320213307086156,0.7811594202898551,0.7811594202898551,1380,1078,300,0,53.203125,3405.0,3.1586270871985156,5.0,1078,0.030788063897641018,1970.436089449025,1933.8000372171293,36.63605223189539,0.0098095536735762,0.00039238214694304805,6.130971045985126e-06,0.15164713289098977,64
5760,89,90,426.7101427046445,6.6673459797600705,0.793661971830986,0.793661971830986,1420,1127,294,0,56.0,3584.0,3.1801242236024843,5.0,1127,0.035190931756563876,2252.219632420088,2213.5647075582374,38.65492486185093,0.010628971803358858,0.0004251588721343543,6.643107377099286e-06,0.15035812002445947,64
5824,90,91,420.29518964298603,6.567112338171657,0.8026315789473685,0.8026315789473685,1368,1098,267,0,54.265625,3473.0,3.163023679417122,5.0,1098,0.031715198727771496,2029.7727185773758,1990.9736151210968,38.79910345627898,0.009683589126024239,0.0003873435650409696,6.05224320376515e-06,0.14890003983443748,64
5888,91,92,412.5430060495851,6.445984469524767,0.7886710239651417,0.7886710239651417,1377,1086,282,0,51.890625,3321.0,3.0580110497237567,5.0,1086,0.030395101850280284,1945.2865184179382,1909.426164693053,35.86035372488497,0.009514018522577945,0.00038056074090311783,5.946261576611216e-06,0.1472683762765839,64
5952,92,93,455.55581598479796,7.118059624762468,0.7978793903247183,0.7978793903247183,1509,1204,319,0,58.609375,3751.0,3.1154485049833887,5.0,1204,0.03984002130286041,2549.761363383066,2510.22994435821,39.531419024856724,0.01175594725232932,0.0004702378900931728,7.347467032705825e-06,0.14677763697213797,64
6016,93,94,413.8886439404882,6.467010061570128,0.7829512893982808,0.7829512893982808,1396,1093,289,0,55.53125,3554.0,3.2516010978957,5.0,1093,0.02989689341343065,1913.4011784595616,1874.8356632233,38.56551523626099,0.009465036983112069,0.0003786014793244827,5.9156481144450425e-06,0.14674016010677088,64
6080,94,95,404.04157120040827,6.313149550006379,0.789860396767083,0.789860396767083,1361,1075,296,0,54.546875,3491.0,3.2474418604651163,5.0,1075,0.034331239854562164,2197.1993506919785,2158.721819257093,38.47753143488785,0.010434775404338742,0.00041739101617354967,6.521734627711714e-06,0.14636350997390823,64
6144,95,96,421.61026226140666,6.587660347834479,0.78125,0.78125,1440,1125,316,0,57.65625,3690.0,3.28,5.0,1125,0.03464228978536885,2217.1065462636066,2176.842565865111,40.26398039849556,0.010531864655109286,0.00042127458620437147,6.582415409443304e-06,0.14569103076686127,64
6208,96,97,416.70687965280547,6.5110449945750855,0.7787114845938375,0.7787114845938375,1428,1112,309,0,58.0,3712.0,3.338129496402878,5.0,1112,0.034111638680196794,2183.144875532595,2142.6468063205634,40.49806921203113,0.011000380213513275,0.000440015208540531,6.875237633445797e-06,0.14466435680280162,64
6272,97,98,387.91197220893747,6.061124565764648,0.7593659942363112,0.7593659942363112,1388,1054,330,0,55.4375,3548.0,3.366223908918406,5.0,1054,0.03356051217749457,2147.872779359652,2106.29144663533,41.581332724322976,0.010188540422944531,0.0004075416169177812,6.3678377643403315e-06,0.14383030665065483,64
6336,98,99,414.1076251087045,6.470431642323508,0.7636612021857924,0.7636612021857924,1464,1118,343,0,57.984375,3711.0,3.3193202146690517,5.0,1118,0.032860661599327275,2103.0823423569454,2061.7240701346846,41.35827222226101,0.010338546425526396,0.0004135418570210558,6.461591515953997e-06,0.14425121655363357,64
6400,99,100,408.0330402635079,6.375516254117311,0.8011869436201781,0.8011869436201781,1348,1080,287,0,56.65625,3626.0,3.3574074074074076,5.0,1080,0.030891178392996505,1977.0354171517763,1938.218395291594,38.81702186018232,0.010098137874840929,0.00040392551499363716,6.311336171775581e-06,0.14445710051041066,64
6464,100,101,386.2824346545066,6.035663041476665,0.7665684830633285,0.7665684830633285,1358,1041,310,0,54.875,3512.0,3.3736791546589817,5.0,1041,0.029521217448116515,1889.357916679457,1847.971198640326,41.38671803913164,0.0097651265207415,0.00039060506082965997,6.103204075463437e-06,0.1446462002708116,64
6528,101,102,416.16629676853955,6.5025983870084305,0.7779329608938548,0.7779329608938548,1432,1114,313,0,56.671875,3627.0,3.255834829443447,5.0,1114,0.0334631730772235,2141.6430769423037,2101.835156567327,39.80792037497756,0.011581360640114363,0.0004632544256045745,7.2383504000714765e-06,0.1453382883200976,64
6592,102,103,416.6773291926125,6.51058326863457,0.772038567493113,0.772038567493113,1452,1121,330,0,57.8125,3700.0,3.3006244424620874,5.0,1121,0.03338300424607456,2136.5122717487716,2094.9058111251943,41.60646062357779,0.010888739829036464,0.00043554959316145856,6.80546239314779e-06,0.1457418494032376,64
6656,103,104,397.1356843629631,6.2052450681712985,0.7545201668984701,0.7545201668984701,1438,1085,348,0,57.328125,3669.0,3.3815668202764977,5.0,1085,0.03279624791908531,2098.95986682146,2056.4072625021468,42.5526043193132,0.011105514888439567,0.0004442205955375827,6.940946805274729e-06,0.14574891159036343,64
6720,104,105,429.3953841800161,6.7093028778127515,0.8096935138987883,0.8096935138987883,1403,1136,293,0,59.109375,3783.0,3.330105633802817,5.0,1136,0.03552004257070287,2273.2827245249837,2232.723037481506,40.559687043477446,0.012336735174441317,0.0004934694069776527,7.710459484025824e-06,0.14595084122128243,64
6784,105,106,383.02736076627457,5.98480251197304,0.7608217168011738,0.7608217168011738,1363,1037,313,0,53.375,3416.0,3.2941176470588234,5.0,1037,0.03157896767615539,2021.0539312739447,1981.3178810283482,39.73605024559619,0.011003625657392055,0.00044014502629568223,6.877266035870035e-06,0.14673104058134318,64
6848,106,107,412.9084903856378,6.45169516227559,0.7762973352033661,0.7762973352033661,1426,1107,316,0,57.546875,3683.0,3.3270099367660344,5.0,1107,0.03317182750606612,2122.996960388232,2079.991406658294,43.00555372993751,0.011105396618883143,0.0004442158647553257,6.940872886801964e-06,0.1479122233093902,64
6912,107,108,384.00165884810974,6.000025919501715,0.786042944785276,0.786042944785276,1304,1025,288,0,53.140625,3401.0,3.3180487804878047,5.0,1025,0.029163050644564925,1866.4352412521553,1827.929893341289,38.50534791086661,0.009404004890533774,0.00037616019562135094,5.877503056583608e-06,0.14885478008667452,64
6976,108,109,377.37029873037454,5.896410917662102,0.7463872832369942,0.7463872832369942,1384,1033,334,0,54.46875,3486.0,3.3746369796708615,5.0,1033,0.03128903666940386,2002.498346841847,1960.3352826126156,42.163064229231566,0.010574813303216288,0.00042299253212865155,6.60925831451018e-06,0.14934437042080284,64
7040,109,110,420.95601195661845,6.577437686822163,0.7858642407277817,0.7858642407277817,1429,1123,310,0,57.734375,3695.0,3.290293855743544,5.0,1123,0.03425573018516947,2192.366731850846,2151.0121613701904,41.3545704806546,0.011722569918530244,0.00046890279674120973,7.326606199081402e-06,0.14967931183435604,64
7104,110,111,406.526894150559,6.351982721102484,0.7893586005830904,0.7893586005830904,1372,1083,300,0,54.890625,3513.0,3.2437673130193905,5.0,1083,0.030420264619849993,1946.8969356703997,1907.7157107348623,39.181224935537436,0.010190416960110974,0.00040761667840443893,6.369010600069358e-06,0.14962036253264083,64
7168,111,112,388.73885398669836,6.074044593542162,0.7665937272064187,0.7665937272064187,1371,1051,315,0,52.484375,3359.0,3.1960038058991436,5.0,1051,0.029934993093011293,1915.8395579527228,1876.2499985141503,39.5895594385722,0.010843572789239097,0.0004337429115695639,6.777232993274436e-06,0.1491510126359685,64
7232,112,113,420.84518911392155,6.575706079905024,0.7833099579242637,0.7833099579242637,1426,1117,295,0,57.875,3704.0,3.3160250671441363,5.0,1117,0.03461570261980078,2215.40496766725,2175.084058841678,40.32090882557134,0.012331694184836622,0.0004932677673934649,7.707308865522889e-06,0.14870995557903072,64
7296,113,114,418.23724522558797,6.534956956649812,0.7777008310249307,0.7777008310249307,1444,1123,320,0,57.15625,3658.0,3.257346393588602,5.0,1123,0.035335553724589915,2261.4754383737545,2219.389140057566,42.086298316189605,0.011901025655258017,0.00047604102621032066,7.43814103453626e-06,0.14925282880120752,64
7360,114,115,384.2856055830034,6.004462587234428,0.7634252539912917,0.7634252539912917,1378,1052,337,0,52.875,3384.0,3.216730038022814,5.0,1052,0.03107742226485642,1988.9550249508109,1949.8308183333063,39.12420661750414,0.011485582887147572,0.0004594233154859029,7.178489304467233e-06,0.15025234384025726,64
7424,115,116,427.6838985411722,6.682560914705816,0.7941176470588235,0.7941176470588235,1428,1134,299,0,57.359375,3671.0,3.2372134038800704,5.0,1134,0.03241012226077152,2074.2478246893775,2034.315421153422,39.93240353595591,0.011810235697452409,0.0004724094278980964,7.381397310907756e-06,0.15087502011531329,64
7488,116,117,410.37883568254915,6.4121693075398305,0.7799858055358411,0.7799858055358411,1409,1099,306,0,56.796875,3635.0,3.307552320291174,5.0,1099,0.03227877913229956,2065.841864467172,2023.548856739028,42.29300772814381,0.012284865858443347,0.0004913946343377338,7.678041161527091e-06,0.15170159676128395,64
7552,117,118,407.8090837814342,6.372016934084909,0.8014814814814815,0.8014814814814815,1350,1082,283,0,53.59375,3430.0,3.1700554528650646,5.0,1082,0.03231482580793382,2068.1488517077646,2030.4756002101985,37.673251497565474,0.012245565898666834,0.0004898226359466734,7.653478686666771e-06,0.15288642902083388,64
7616,118,119,425.1410554935523,6.642828992086755,0.7870563674321504,0.7870563674321504,1437,1131,299,0,54.9375,3516.0,3.1087533156498672,5.0,1131,0.03345094950399095,2140.8607682554207,2103.0513643955014,37.80940385991935,0.012767695294132114,0.0005107078117652846,7.979809558832571e-06,0.15375744992583468,64
7680,119,120,408.59803371405303,6.384344276782079,0.799405646359584,0.799405646359584,1346,1076,266,0,51.703125,3309.0,3.075278810408922,5.0,1076,0.030846924864090238,1974.2031913017752,1938.8263785220092,35.37681277976605,0.011788666410839513,0.00047154665643358055,7.367916506774696e-06,0.154467898011252,64
7744,120,121,400.834531980202,6.263039562190656,0.784,0.784,1375,1078,300,0,50.890625,3257.0,3.0213358070500926,5.0,1078,0.034855253457662154,2230.7362212903777,2195.280686697068,35.45553459331037,0.014067164454026929,0.0005626865781610771,8.79197778376683e-06,0.1556573006330295,64
7808,121,122,420.8063100909641,6.575098595171314,0.8042059463379261,0.8042059463379261,1379,1109,271,0,52.859375,3383.0,3.0504959422903517,5.0,1109,0.0327706371761986,2097.3207792767107,2061.774045844755,35.54673343195555,0.013286808607757945,0.0005314723443103178,8.304255379848716e-06,0.15678614780910838,64
7872,122,123,418.7968967282169,6.543701511378389,0.780965710286914,0.780965710286914,1429,1116,295,0,54.421875,3483.0,3.120967741935484,5.0,1116,0.03649074938759767,2335.407960806251,2297.514120194725,37.89384061152676,0.013914711350372056,0.0005565884540148822,8.696694593982535e-06,0.15756223551325121,64
7936,123,124,447.42115075027783,6.990955480473091,0.8297413793103449,0.8297413793103449,1392,1155,235,0,53.96875,3454.0,2.9904761904761905,5.0,1155,0.03377674987556171,2161.711992035949,2127.1185690149505,34.59342302099846,0.014026954037480471,0.0005610781614992188,8.766846273425295e-06,0.15798635547467274,64
8000,124,125,452.8668005506896,7.076043758604525,0.8189300411522634,0.8189300411522634,1458,1194,284,0,55.078125,3525.0,2.9522613065326633,5.0,1194,0.04034143385877008,2581.851766961285,2549.9031585029957,31.94860845828922,0.016754351059143434,0.0006701740423657374,1.0471469411964647e-05,0.15888991550251558,64
8064,125,126,438.7032070377235,6.854737609964429,0.8146828225231646,0.8146828225231646,1403,1143,248,0,51.6875,3308.0,2.89413823272091,5.0,1143,0.038356139812912575,2454.7929480264047,2423.292482492577,31.500465533828738,0.015669239022642455,0.0006267695609056982,9.793274389151534e-06,0.15994432305812334,64
8128,126,127,445.97181606638617,6.968309626037284,0.8371757925072046,0.8371757925072046,1388,1162,251,0,50.609375,3239.0,2.787435456110155,5.0,1162,0.03908798845853697,2501.631261346366,2472.4763997095993,29.154861636766512,0.016173242080839787,0.0006469296832335914,1.0108276300524866e-05,0.16064077353666006,64
8192,127,128,416.97689032361495,6.515263911306484,0.7970909090909091,0.7970909090909091,1375,1096,252,0,48.28125,3090.0,2.8193430656934306,5.0,1096,0.03578482317968356,2290.228683499748,2261.085697280607,29.142986219140827,0.015708101726241378,0.0006283240690496551,9.81756357890086e-06,0.16087849822535438,64
8256,128,129,428.2892282602432,6.6920191915663,0.8134005763688761,0.8134005763688761,1388,1129,267,0,49.140625,3145.0,2.7856510186005314,5.0,1129,0.037496124019811825,2399.7519372679567,2369.0485637884144,30.703373479541316,0.015803628896437383,0.0006321451558574953,9.877268060273364e-06,0.16089442319841651,64
8320,129,130,446.886106523187,6.982595414424797,0.8288352272727273,0.8288352272727273,1408,1167,249,0,51.828125,3317.0,2.842330762639246,5.0,1167,0.040490394433265006,2591.38524372896,2562.9995803495613,28.38566337939836,0.01811063584791851,0.0007244254339167404,1.131914740494907e-05,0.16056491701376438,64
8384,130,131,436.93868258031364,6.827166915317401,0.8306451612903226,0.8306451612903226,1364,1133,234,0,49.34375,3158.0,2.787290379523389,5.0,1133,0.036320164812856486,2324.490548022815,2294.649069268009,29.84147875480543,0.016073013650946807,0.0006429205460378723,1.0045633531841755e-05,0.160004036052045,64
8448,131,132,422.06285847018313,6.594732163596611,0.7965981573352232,0.7965981573352232,1411,1124,282,0,50.109375,3207.0,2.8532028469750887,5.0,1124,0.03789544282695882,2425.3083409253645,2393.223250354275,32.08509057108932,0.017101983163803416,0.0006840793265521367,1.0688739477377135e-05,0.15897350798700624,64
8512,132,133,427.97683682184487,6.687138075341326,0.8031272210376688,0.8031272210376688,1407,1130,267,0,51.3125,3284.0,2.9061946902654867,5.0,1130,0.03776930652738795,2417.2356177528286,2385.3548744375385,31.880743315290086,0.017214904361731287,0.0006885961744692515,1.0759315226082055e-05,0.1580444452187793,64
8576,133,134,423.6949213425903,6.6202331459779735,0.8143582306018854,0.8143582306018854,1379,1123,268,0,51.40625,3290.0,2.929652715939448,5.0,1123,0.03649755217132294,2335.843338964668,2304.172472377461,31.670866587207247,0.017940948322156453,0.0007176379328862581,1.1213092701347782e-05,0.15912601968724224,64
8640,134,135,440.70416932753034,6.8860026457426615,0.8044537230340988,0.8044537230340988,1437,1156,259,0,54.453125,3485.0,3.014705882352941,5.0,1156,0.03560092441334666,2278.4591624541863,2243.7609537729268,34.698208681260475,0.0167012233582562,0.000668048934330248,1.0438264598910125e-05,0.16036581363689456,64
8704,135,136,418.7211787337022,6.5425184177140965,0.7954545454545454,0.7954545454545454,1408,1120,292,0,54.84375,3510.0,3.1339285714285716,5.0,1120,0.03425037687414906,2192.0241199455395,2154.074693288367,37.94942665717243,0.01626640614435132,0.0006506562457740528,1.0166503840219575e-05,0.16129054095342465,64
8768,136,137,410.8695419840648,6.419836593501013,0.8082901554404145,0.8082901554404145,1351,1092,278,0,52.78125,3378.0,3.0934065934065935,5.0,1092,0.03144376652818276,2012.4010578036964,1975.6955769304348,36.7054808732621,0.01443807619241838,0.0005775230476967352,9.023797620261487e-06,0.16170981150889704,64
8832,137,138,402.7448879772328,6.292888874644262,0.7657342657342657,0.7657342657342657,1430,1095,320,0,54.234375,3471.0,3.16986301369863,5.0,1095,0.034579233054297005,2213.0709154750084,2174.4767746555026,38.59414081950503,0.01590133567142191,0.0006360534268568764,9.938334794638693e-06,0.1617753120122073,64
8896,138,139,401.3876954839396,6.271682741936556,0.7658979734451432,0.7658979734451432,1431,1096,335,0,52.828125,3381.0,3.08485401459854,5.0,1096,0.031247084293023645,1999.8133947535132,1961.668876400733,38.144518352779414,0.013939670118914626,0.000557586804756585,8.712293824321641e-06,0.16231585379275912,64
8960,139,140,409.36597811072915,6.396343407980143,0.8002936857562408,0.8002936857562408,1362,1090,280,0,52.453125,3357.0,3.0798165137614677,5.0,1090,0.03307036858704235,2116.50358957071,2081.163929698188,35.339659872521935,0.014686464121262831,0.0005874585648505133,9.17904007578927e-06,0.16277087116743214,64
9024,140,141,445.86838628043506,6.966693535631798,0.8151494093120223,0.8151494093120223,1439,1173,272,0,57.109375,3655.0,3.1159420289855073,5.0,1173,0.03721480562986945,2381.747560311645,2344.6093983126566,37.1381619989882,0.01679282443420852,0.0006717129773683409,1.0495515271380326e-05,0.16375024027273302,64
9088,141,142,388.8039008195948,6.0750609503061686,0.7825112107623319,0.7825112107623319,1338,1047,295,0,51.390625,3289.0,3.1413562559694364,5.0,1047,0.029000783576765488,1856.0501489129913,1818.4271153059983,37.62303360699324,0.012906935883912079,0.0005162774353564832,8.06683492744505e-06,0.16467528201282705,64
9152,142,143,410.731620451811,6.417681569559547,0.7889048991354467,0.7889048991354467,1388,1095,287,0,55.6875,3564.0,3.254794520547945,5.0,1095,0.032211596936918704,2061.542203962797,2021.7536004331573,39.788603529641115,0.014007514554510362,0.0005603005821804145,8.754696596568976e-06,0.16514901380452457,64
9216,143,144,405.1791054358247,6.330923522434761,0.7761938702779758,0.7761938702779758,1403,1089,305,0,55.25,3536.0,3.247015610651974,5.0,1089,0.030963818425168092,1981.684379210758,1942.284185047271,39.40019416348699,0.012888537934409909,0.0005155415173763964,8.055336209006194e-06,0.16528629927012634,64
9280,144,145,381.0216686730066,5.953463573015728,0.731690622861054,0.731690622861054,1461,1069,380,0,56.3125,3604.0,3.371375116931712,5.0,1069,0.030561433663170587,1955.9317544429175,1910.886198703767,45.04555573915112,0.013594839186935943,0.0005437935674774378,8.496774491834965e-06,0.1651099344946712,64
9344,145,146,377.26055516241576,5.894696174412746,0.763448784082535,0.763448784082535,1357,1036,331,0,54.328125,3477.0,3.356177606177606,5.0,1036,0.029738562798321124,1903.2680190925519,1860.8593570843916,42.408662008160555,0.012588582629700142,0.0005035433051880057,7.867864143562589e-06,0.16499079603379666,64
9408,146,147,402.03195755790574,6.281749336842277,0.7676553672316384,0.7676553672316384,1416,1087,323,0,57.453125,3677.0,3.3827046918123274,5.0,1087,0.028913605510325624,1850.47075266084,1807.7617531053934,42.708999555446766,0.01164089134693705,0.00046563565387748205,7.275557091835657e-06,0.16512564062378846,64
9472,147,148,396.94503934199776,6.202266239718715,0.7700573065902578,0.7700573065902578,1396,1075,319,0,55.046875,3523.0,3.2772093023255815,5.0,1075,0.02885526319776609,1846.73684465703,1805.2698354624065,41.46700919462356,0.012061314267430446,0.00048245257069721786,7.538321417144029e-06,0.1650447500026237,64
9536,148,149,411.2892520010237,6.426394562515996,0.782608695652174,0.782608695652174,1403,1098,296,0,55.5625,3556.0,3.238615664845173,5.0,1098,0.031214394913311714,1997.7212744519497,1958.166383731213,39.55489072073696,0.012609781732481095,0.0005043912692992438,7.881113582800684e-06,0.16466469929569455,64
9600,149,150,437.7024533457453,6.8391008335272705,0.8163841807909604,0.8163841807909604,1416,1156,283,0,58.15625,3722.0,3.2197231833910034,5.0,1156,0.03514497162608144,2249.2781840692123,2211.1487116125445,38.129472456669205,0.01475947564503632,0.0005903790258014528,9.2246722781477e-06,0.16412222152665068,64
9664,150,151,429.5095539967491,6.711086781199205,0.8113342898134863,0.8113342898134863,1394,1131,271,0,55.640625,3561.0,3.1485411140583555,5.0,1131,0.0344083529287932,2202.1345874427648,2166.270222860525,35.86436458224037,0.01444901379738327,0.0005779605518953308,9.030633623364544e-06,0.16324005559990296,64
9728,151,152,409.37176314107364,6.396433799079276,0.7775408670931059,0.7775408670931059,1407,1094,298,0,52.703125,3373.0,3.083180987202925,5.0,1094,0.031127043289188853,1992.1307705080867,1956.0744283082636,36.05634219982336,0.01243495394858235,0.000497398157943294,7.771846217863969e-06,0.1620973514463917,64
9792,152,153,384.42214001647125,6.006595937757363,0.7817220543806647,0.7817220543806647,1324,1035,300,0,52.359375,3351.0,3.2376811594202897,5.0,1035,0.029523405291057913,1889.4979386277064,1850.4312554787307,39.06668314897627,0.011413700117811513,0.0004565480047124605,7.133562573632195e-06,0.16041896106757114,64
9856,153,154,392.32413931273925,6.130064676761551,0.7618364418938307,0.7618364418938307,1394,1062,317,0,56.15625,3594.0,3.384180790960452,5.0,1062,0.031963230841238394,2045.646773839257,2003.0734338289453,42.57334001031116,0.01189096700123416,0.0004756386800493664,7.43185437577135e-06,0.1586628891933479,64
9920,154,155,380.98055860110617,5.952821228142284,0.7738095238095238,0.7738095238095238,1344,1040,326,0,52.21875,3342.0,3.2134615384615386,5.0,1040,0.031174100409176324,1995.1424261872849,1958.2372523631389,36.905173824146935,0.011916990396767259,0.0004766796158706903,7.448118997979536e-06,0.15751083589762135,64
9984,155,156,385.15695107328236,6.018077360520037,0.7462897526501767,0.7462897526501767,1415,1056,340,0,54.65625,3498.0,3.3125,5.0,1056,0.032353030323744376,2070.59394071964,2029.03098030466,41.56296041498037,0.011615279445472566,0.00046461117781890264,7.259549653420354e-06,0.1568601916770971,64
10048,156,157,421.9270095964638,6.592609524944747,0.7985663082437277,0.7985663082437277,1395,1114,284,0,55.265625,3537.0,3.175044883303411,5.0,1114,0.03152655730888375,2017.69966776856,1980.25281433705,37.446853431510426,0.011667973237798746,0.00046671892951194986,7.2924832736242165e-06,0.1559869680555731,64
10112,157,158,438.9407135514231,6.8584486492409855,0.8072625698324022,0.8072625698324022,1432,1156,284,0,56.625,3624.0,3.134948096885813,5.0,1156,0.036818084345365494,2356.3573981033915,2320.2426140886014,36.11478401478994,0.013502506200424837,0.0005401002480169935,8.439066375265524e-06,0.15487381795774274,64
10176,158,159,429.73289889560317,6.7145765452437995,0.8018400566171267,0.8018400566171267,1413,1133,283,0,55.78125,3570.0,3.150926743159753,5.0,1133,0.03543749001640179,2267.9993610497145,2230.840949840979,37.15841120873554,0.013407716246971794,0.0005363086498788717,8.37982265435737e-06,0.1535767741771935,64
10240,159,160,390.43149332023944,6.100492083128741,0.7896735003796507,0.7896735003796507,1317,1040,282,0,49.921875,3195.0,3.0721153846153846,5.0,1040,0.03147555260723764,2014.4353668632089,1981.055836764887,33.37953009832218,0.010809902957606289,0.0004323961183042516,6.756189348503931e-06,0.15230730879132634,64
10304,160,161,410.59205393507466,6.4155008427355416,0.8008915304606241,0.8008915304606241,1346,1078,261,0,50.859375,3255.0,3.0194805194805197,5.0,1078,0.03337521819296549,2136.0139643497914,2103.8258337485154,32.18813060127548,0.011915288905372337,0.00047661155621489353,7.447055565857711e-06,0.15131197399738897,64
10368,161,162,424.2511222324073,6.628923784881364,0.8141592920353983,0.8141592920353983,1356,1104,250,0,52.078125,3333.0,3.0190217391304346,5.0,1104,0.03291799936461338,2106.7519593352563,2074.765849861533,31.986109473724056,0.011704942397482971,0.00046819769589931886,7.315588998426857e-06,0.15004893339638692,64
10432,162,163,457.91068724674903,7.154854488230454,0.8287719298245614,0.8287719298245614,1425,1181,245,0,55.125,3528.0,2.987298899237934,5.0,1181,0.03688738191470896,2360.7924425413735,2327.9637570421314,32.82868549924366,0.013166726455761068,0.0005266690582304427,8.229204034850668e-06,0.14886567131556117,64
10496,163,164,465.6870312750966,7.276359863673385,0.8173854447439353,0.8173854447439353,1484,1213,266,0,57.140625,3657.0,3.0148392415498764,5.0,1213,0.04232630052346702,2708.883233501889,2674.191070711954,34.69216278993515,0.01563899146075476,0.0006255596584301903,9.774369662971723e-06,0.14838345438646372,64
10560,164,165,443.99942897996686,6.937491077811982,0.8041237113402062,0.8041237113402062,1455,1170,287,0,55.875,3576.0,3.056410256410256,5.0,1170,0.03885213875837447,2486.536880535966,2451.631113687851,34.905766848115434,0.014482269953523742,0.0005792907981409497,9.051418720952339e-06,0.14787443625539293,64
10624,165,166,447.6822747536436,6.995035543025681,0.8203508771929825,0.8203508771929825,1425,1169,273,0,54.875,3512.0,3.004277159965783,5.0,1169,0.03804327324408551,2434.7694876214728,2401.1055624943933,33.66392512708049,0.013213416011424964,0.0005285366404569985,8.258385007140602e-06,0.14784381397722124,64
10688,166,167,414.6569478083015,6.479014809504711,0.8094523630907727,0.8094523630907727,1333,1079,244,0,49.875,3192.0,2.958294717330862,5.0,1079,0.03379320020550155,2162.764813152099,2130.943999586264,31.820813565835984,0.011840332486106896,0.00047361329944427586,7.40020780381681e-06,0.14772542753803708,64
10752,167,168,440.39636812823835,6.881193252003724,0.8046057222609909,0.8046057222609909,1433,1153,272,0,54.78125,3506.0,3.0407632263660016,5.0,1153,0.03682178815650168,2356.5944420161077,2322.023661829573,34.570780186533625,0.013071222201628359,0.0005228488880651344,8.169513876017724e-06,0.1473586880913738,64
10816,168,169,438.6171704545543,6.853393288352411,0.8106382978723404,0.8106382978723404,1410,1143,263,0,54.984375,3519.0,3.078740157480315,5.0,1143,0.03692399355090206,2363.135587257732,2329.3270365804233,33.80855067730727,0.012166601959830499,0.00048666407839321996,7.604126224894062e-06,0.14759209596987205,64
10880,169,170,489.96912771252426,7.6557676205081915,0.8469871360866622,0.8469871360866622,1477,1251,241,0,59.15625,3786.0,3.026378896882494,5.0,1251,0.03965097110894304,2537.6621509723545,2503.987181622146,33.67496935020885,0.012862903308742285,0.0005145161323496914,8.039314567963929e-06,0.14801256189928286,64
10944,170,171,432.8336628604382,6.763025982194347,0.7883817427385892,0.7883817427385892,1446,1140,287,0,52.75,3376.0,2.9614035087719297,5.0,1140,0.03766478701361029,2410.546368871059,2376.7897459766705,33.75662289438871,0.011996880079747807,0.00047987520318991227,7.498050049842379e-06,0.148206246381205,64
11008,171,172,439.34940758697013,6.864834493546408,0.8171428571428572,0.8171428571428572,1400,1144,265,0,52.09375,3334.0,2.914335664335664,5.0,1144,0.03695652837997653,2365.217816318498,2331.5108200492373,33.70699626926002,0.011641404525876104,0.00046565618103504416,7.275877828672565e-06,0.1481373570257995,64
11072,172,173,459.39908907526507,7.178110766801017,0.7955439056356488,0.7955439056356488,1526,1214,306,0,58.78125,3762.0,3.098846787479407,5.0,1214,0.043971264700849166,2814.160940854347,2775.77545498861,38.38548586573698,0.014197479963364784,0.0005678991985345914,8.87342497710299e-06,0.1479127947468002,64
11136,173,174,453.2027262964281,7.0812925983816895,0.819001386962552,0.819001386962552,1442,1181,276,0,55.015625,3521.0,2.9813717188823032,5.0,1181,0.03659217683576595,2341.8993174890206,2308.1517943469194,33.74752314210198,0.011700370457572442,0.00046801481830289766,7.312731535982776e-06,0.1474536231289063,64
11200,174,175,438.7246123604613,6.855072068132208,0.7988904299583911,0.7988904299583911,1442,1152,289,0,56.578125,3621.0,3.1432291666666665,5.0,1152,0.03534775424916487,2262.256271946552,2224.2577014164467,37.99857053010495,0.010975884492338358,0.0004390353796935343,6.859927807711474e-06,0.14650603131702744,64
11264,175,176,449.9622740883184,7.030660532629975,0.8112033195020747,0.8112033195020747,1446,1173,278,0,55.65625,3562.0,3.0366581415174765,5.0,1173,0.03738652769234347,2392.737772309982,2357.0243116890447,35.713460620938335,0.011348180391193495,0.0004539272156477398,7.0926127444959345e-06,0.14533050451490853,64
11328,176,177,427.6810525424552,6.682516445975862,0.8018731988472623,0.8018731988472623,1388,1113,260,0,53.765625,3441.0,3.091644204851752,5.0,1113,0.032853434494619305,2102.6198076556357,2065.9258928057698,36.693914849866204,0.010153089050576812,0.0004061235620230725,6.345680656610508e-06,0.14440180977376182,64
11392,177,178,409.10599265663666,6.392281135259948,0.7804005722460658,0.7804005722460658,1398,1091,303,0,53.359375,3415.0,3.130155820348304,5.0,1091,0.03482352857317543,2228.7058286832275,2191.2498908621624,37.45593782106587,0.010830256034235009,0.00043321024136940033,6.76891002139688e-06,0.14367171000782852,64
11456,178,179,413.8930916501938,6.467079557034278,0.7960670065549891,0.7960670065549891,1373,1093,289,0,55.390625,3545.0,3.243366880146386,5.0,1093,0.03149850052026009,2015.9040332966456,1976.398972376135,39.505060920510566,0.009456429619248296,0.00037825718476993184,5.910268512030185e-06,0.14246581368539862,64
11520,179,180,394.56555242866375,6.165086756697871,0.7579843860894251,0.7579843860894251,1409,1068,328,0,57.53125,3682.0,3.447565543071161,5.0,1068,0.031366528994609406,2007.4578556550018,1962.9861364705898,44.471719184411604,0.009783262581742596,0.00039133050326970386,6.114539113589123e-06,0.14098116294092755,64
11584,180,181,414.538632452202,6.477166132065657,0.7690179806362379,0.7690179806362379,1446,1112,323,0,57.25,3664.0,3.2949640287769784,5.0,1112,0.03478754014766855,2226.4025694507873,2184.31766699152,42.08490245926803,0.010749799580919733,0.00042999198323678936,6.718624738074834e-06,0.13983501961874695,64
11648,181,182,428.32177369386477,6.692527713966637,0.8031272210376688,0.8031272210376688,1407,1130,292,0,58.15625,3722.0,3.2938053097345135,5.0,1130,0.037405464581842206,2393.949733237901,2354.9184989491387,39.031234288764225,0.0111796446713826,0.000447185786855304,6.987277919614125e-06,0.13880835672170852,64
11712,182,183,417.1932152769243,6.5186439887019425,0.7877927608232789,0.7877927608232789,1409,1110,304,0,55.9375,3580.0,3.225225225225225,5.0,1110,0.0351331882286542,2248.524046633869,2209.238475927237,39.28557070663178,0.011017394041466523,0.0004406957616586609,6.8858712759165766e-06,0.13837533475746222,64
11776,183,184,409.71150088245827,6.40174220128841,0.7614804660726525,0.7614804660726525,1459,1111,345,0,57.453125,3677.0,3.3096309630963097,5.0,1111,0.03306415989039799,2116.1062329854713,2074.142793303424,41.96343968204773,0.010156723858805092,0.0004062689543522037,6.347952411753183e-06,0.13766904965071977,64
11840,184,185,403.71862565367474,6.308103525838668,0.7676056338028169,0.7676056338028169,1420,1090,335,0,57.71875,3694.0,3.388990825688073,5.0,1090,0.030243070264866414,1935.5564969514505,1891.6399672398245,43.91652971162673,0.00956896163416821,0.0003827584653667284,5.9806010213551314e-06,0.13698296921127223,64
11904,185,186,396.7395645422673,6.199055695972927,0.7570422535211268,0.7570422535211268,1420,1075,337,0,58.359375,3735.0,3.474418604651163,5.0,1075,0.029511026328017186,1888.7056849930998,1843.779577129157,44.926107863942775,0.009122867338954586,0.00036491469355818347,5.701792086846617e-06,0.13696339665099955,64
11968,186,187,376.79337706600836,5.887396516656381,0.7596153846153846,0.7596153846153846,1352,1027,329,0,54.078125,3461.0,3.3700097370983446,5.0,1027,0.028708381328140624,1837.336405001,1796.0240538325945,41.31235116840479,0.009202155286718566,0.00036808621146874264,5.751347054199104e-06,0.13729640054776876,64
12032,187,188,384.81691006732683,6.012764219801982,0.762217359591539,0.762217359591539,1371,1045,329,0,55.96875,3582.0,3.427751196172249,5.0,1045,0.028676505098058715,1835.2963262757578,1791.3429559611398,43.95337031461694,0.008993921768620789,0.0003597568707448316,5.621201105387993e-06,0.13727918799599792,64
12096,188,189,397.65763398389765,6.213400530998401,0.7794010226442659,0.7794010226442659,1369,1067,310,0,55.484375,3551.0,3.3280224929709465,5.0,1067,0.030822716241669056,1972.6538394668196,1932.3313844859344,40.32245498088497,0.010254530767313,0.00041018123069251996,6.409081729570624e-06,0.13772653263863044,64
12160,189,190,416.2494059291229,6.503896967642545,0.7675378266850069,0.7675378266850069,1454,1116,324,0,57.546875,3683.0,3.300179211469534,5.0,1116,0.03210026738068816,2054.4171123640426,2010.843689169885,43.57342319415754,0.010212724819849042,0.0004085089927939617,6.382953012405652e-06,0.13833726717933037,64
12224,190,191,417.7521251251144,6.527376955079912,0.7919942816297355,0.7919942816297355,1399,1108,296,0,55.90625,3578.0,3.229241877256318,5.0,1108,0.032136072123526614,2056.7086159057035,2016.4263311304042,40.282284775299054,0.011082282422791058,0.0004432912969116423,6.926426514244411e-06,0.1393791410447235,64
12288,191,192,420.24940387460543,6.56639693554071,0.783157894736842,0.783157894736842,1425,1116,300,0,54.9375,3516.0,3.150537634408602,5.0,1116,0.03353413700984505,2146.184768630083,2108.554071330871,37.63069729921186,0.011134771489503509,0.00044539085958014035,6.959232180939693e-06,0.14048013913697213,64
12352,192,193,428.16434855025506,6.690067946097735,0.7835975189524466,0.7835975189524466,1451,1137,306,0,56.453125,3613.0,3.177660510114336,5.0,1137,0.03226197840062705,2064.7666176401312,2024.723044057938,40.04357358219276,0.011119853403325997,0.00044479413613303983,6.949908377078747e-06,0.1414011344881977,64
12416,193,194,404.73554493106406,6.323992889547876,0.7677329624478443,0.7677329624478443,1438,1104,346,0,56.6875,3628.0,3.286231884057971,5.0,1104,0.03476422116700778,2224.910154688498,2182.823489266011,42.08666542248693,0.011985411262462031,0.0004794164504984812,7.490882039038769e-06,0.14193511474430665,64
12480,194,195,445.35427034160335,6.958660474087552,0.8157524613220816,0.8157524613220816,1422,1160,268,0,58.140625,3721.0,3.2077586206896553,5.0,1160,0.034163928488354284,2186.4914232546744,2147.3698475284136,39.12157572626285,0.011566889101639662,0.00046267556406558646,7.2293056885247884e-06,0.14206618279758731,64
12544,195,196,451.74495251641866,7.058514883069042,0.8021753908905507,0.8021753908905507,1471,1180,278,0,59.4375,3804.0,3.223728813559322,5.0,1180,0.03512370378877445,2247.9170424815647,2208.2067799744614,39.7102625071039,0.012492054975774073,0.0004996821990309629,7.807534359858796e-06,0.14193936217599357,64
12608,196,197,412.9947227634281,6.453042543178564,0.7966594045025418,0.7966594045025418,1377,1097,292,0,54.859375,3511.0,3.200546946216955,5.0,1097,0.032444938549382456,2076.476067160477,2037.2443419615952,39.23172519888213,0.011555134065088709,0.00046220536260354835,7.221958790680443e-06,0.1414956624626088,64
12672,197,198,399.17550956327193,6.237117336926124,0.7792397660818714,0.7792397660818714,1368,1066,293,0,54.171875,3467.0,3.25234521575985,5.0,1066,0.030193576474673873,1932.3888943791278,1893.1333341989844,39.255560180143725,0.011396167149901687,0.0004558466859960675,7.122604468688555e-06,0.14169888613756712,64
12736,198,199,436.71761620165864,6.823712753150916,0.79750346740638,0.79750346740638,1442,1150,285,0,55.890625,3577.0,3.1104347826086958,5.0,1150,0.033011953866220314,2112.7650474381003,2074.105868963931,38.659178474170396,0.0124549926845886,0.0004981997073835439,7.784370427867874e-06,0.1427519561961386,64
12800,199,200,459.3917615481268,7.177996274189481,0.8182437031994554,0.8182437031994554,1469,1202,282,0,59.421875,3803.0,3.1638935108153077,5.0,1202,0.03608353721535795,2309.346381782909,2269.1464047212644,40.199977061643416,0.013632775662719747,0.0005453110265087899,8.520484789199842e-06,0.1436615694039541,64
12864,200,201,441.5396530069455,6.899057078233524,0.7950651130911583,0.7950651130911583,1459,1160,285,0,58.125,3720.0,3.206896551724138,5.0,1160,0.03211375150952276,2055.2800966094565,2014.2338147929943,41.04628181646166,0.011930236579913335,0.0004772094631965334,7.4563978624458345e-06,0.14440434750340853,64
12928,201,202,442.44925711981614,6.913269642497127,0.8170212765957446,0.8170212765957446,1410,1152,264,0,55.515625,3553.0,3.084201388888889,5.0,1152,0.033233689243658084,2126.9561115941174,2090.7049231331953,36.25118846092237,0.012026481890221466,0.00048105927560885864,7.516551181388416e-06,0.14563508073120282,64
12992,202,203,461.1402274160663,7.205316053376036,0.8354430379746836,0.8354430379746836,1422,1188,246,0,54.953125,3517.0,2.9604377104377106,5.0,1188,0.034607898600959364,2214.9055104613994,2181.2275887353417,33.677921726057946,0.012635304241093001,0.0005054121696437201,7.897065150683126e-06,0.1465946348189545,64
13056,203,204,430.59216852737234,6.728002633240193,0.8044412607449857,0.8044412607449857,1396,1123,255,0,53.140625,3401.0,3.0284951024042743,5.0,1123,0.03401151257377901,2176.7368047218565,2141.8640778877543,34.87272683410261,0.012803630499277002,0.0005121452199710801,8.002269062048126e-06,0.14731869553360177,64
13120,204,205,428.7193718724371,6.698740185506829,0.8034066713981547,0.8034066713981547,1409,1132,284,0,53.296875,3411.0,3.0132508833922262,5.0,1132,0.034381029064898656,2200.385860153514,2165.0657813699695,35.32007878354382,0.013065141064885688,0.0005226056425954275,8.165713165553554e-06,0.148531440962917,64
13184,205,206,427.9863531199537,6.687286767499277,0.7859116022099447,0.7859116022099447,1448,1138,301,0,56.453125,3613.0,3.1748681898066784,5.0,1138,0.03415019425683131,2185.6124324372036,2146.434078027546,39.17835440965688,0.01308660861690283,0.0005234643446761132,8.17913038556427e-06,0.14975163463534327,64
13248,206,207,449.74731863062686,7.027301853603545,0.805593451568895,0.805593451568895,1466,1181,282,0,57.28125,3666.0,3.1041490262489417,5.0,1181,0.03588022148116225,2296.334174794384,2257.2121930234293,39.12198177095516,0.013575078795842263,0.0005430031518336905,8.484424247401414e-06,0.15069527464938334,64
13312,207,208,446.9895036149037,6.98421099398287,0.8283687943262411,0.8283687943262411,1410,1168,268,0,56.078125,3589.0,3.07277397260274,5.0,1168,0.03661156463585653,2343.140136694818,2309.0782825330493,34.06185416176866,0.01408211726515764,0.0005632846906063056,8.801323290723525e-06,0.15130453699301866,64
13376,208,209,442.55955736441047,6.9149930838189135,0.793640054127199,0.793640054127199,1478,1173,300,0,54.8125,3508.0,2.990622335890878,5.0,1173,0.03714710412183244,2377.4146637972763,2341.2359117770334,36.17875202024448,0.01389676725766292,0.0005558706903065168,8.685479536039325e-06,0.15217384387739277,64
13440,209,210,426.1493195582842,6.658583118098191,0.8181818181818182,0.8181818181818182,1364,1116,265,0,52.625,3368.0,3.017921146953405,5.0,1116,0.03221381192637954,2061.68396328829,2028.016390866146,33.667572422144914,0.01206254561947135,0.00048250182477885397,7.539091012169593e-06,0.15317207218552012,64
13504,210,211,416.8773630777596,6.5137087980899935,0.7964731814842028,0.7964731814842028,1361,1084,241,0,51.453125,3293.0,3.0378228782287824,5.0,1084,0.03066099127923516,1962.3034418710504,1927.6392594564245,34.66418241462776,0.01217241155010385,0.000486896462004154,7.6077572188149065e-06,0.15367105644788343,64
13568,211,212,444.05208160319927,6.938313775049989,0.8312993539124193,0.8312993539124193,1393,1158,260,0,53.8125,3444.0,2.9740932642487046,5.0,1158,0.03525299315991387,2256.1915622344877,2223.8391729007008,32.352389333786924,0.01389612606347477,0.0005558450425389908,8.685078789671731e-06,0.15392179225544297,64
13632,212,213,452.60582482428697,7.071966012879484,0.8059499661933739,0.8059499661933739,1479,1192,288,0,58.40625,3738.0,3.1359060402684564,5.0,1192,0.035663325485357986,2282.452831062911,2243.993381762655,38.45944930025626,0.014573922220980902,0.0005829568888392361,9.108701388113064e-06,0.15388651627037594,64
13696,213,214,416.62211309788006,6.509720517154376,0.788722341184868,0.788722341184868,1401,1105,283,0,54.671875,3499.0,3.1665158371040723,5.0,1105,0.032304156985870525,2067.4660470957137,2030.126964876302,37.33908221941165,0.01335670376000968,0.0005342681504003872,8.34793985000605e-06,0.15347285390943016,64
13760,214,215,418.6064901422425,6.540726408472539,0.812035661218425,0.812035661218425,1346,1093,245,0,52.015625,3329.0,3.0457456541628547,5.0,1093,0.031371699313118825,2007.7887560396048,1974.4512167508562,33.33753928874789,0.013629749430005783,0.0005451899772002313,8.518593393753614e-06,0.15259058569411404,64
13824,215,216,463.90685793219774,7.24854465519059,0.8414035087719298,0.8414035087719298,1425,1199,245,0,55.203125,3533.0,2.946622185154295,5.0,1199,0.036462478777254045,2333.598641744259,2301.2151328999535,32.38350884430433,0.015794445439238133,0.0006317778175695252,9.871528399523832e-06,0.15153615666545306,64
13888,216,217,468.3398208077346,7.317809700120853,0.8436185133239832,0.8436185133239832,1426,1203,222,0,55.640625,3561.0,2.960099750623441,5.0,1203,0.03974564174191805,2543.721071482755,2512.336723850487,31.384347632268675,0.01752013274346138,0.0007008053097384551,1.0950082964663361e-05,0.15037575686466187,64
13952,217,218,454.7997026853154,7.1062453544580535,0.8302687411598303,0.8302687411598303,1414,1174,232,0,53.59375,3430.0,2.921635434412266,5.0,1174,0.037732200238142104,2414.8608152410948,2382.9137901542585,31.947025086836124,0.016411208409255293,0.0006564483363702116,1.0257005255784557e-05,0.14988188648606496,64
14016,218,219,430.0337014774054,6.719276585584459,0.8117816091954023,0.8117816091954023,1392,1130,265,0,54.359375,3479.0,3.078761061946903,5.0,1130,0.03507520852848173,2244.8133458228303,2210.3089955941086,34.50435022872235,0.015423746422467414,0.0006169498568986965,9.639841514042133e-06,0.15077652617921722,64
14080,219,220,440.98595828979427,6.8904055982780354,0.8261802575107297,0.8261802575107297,1398,1155,262,0,54.71875,3502.0,3.032034632034632,5.0,1155,0.0366364060693704,2344.7299884397057,2311.4510645006894,33.278923939017325,0.015928933939991424,0.000637157357599657,9.95558371249464e-06,0.15168821289440282,64
14144,220,221,433.6311623809354,6.7754869122021155,0.7962707182320442,0.7962707182320442,1448,1153,285,0,54.703125,3501.0,3.03642671292281,5.0,1153,0.0402279457827199,2574.5885300940736,2539.6920824071967,34.89644768687577,0.017824323012744,0.00071297292050976,1.1140201882965e-05,0.152349645021913,64
14208,221,222,421.2469147789377,6.581983043420902,0.8074398249452954,0.8074398249452954,1371,1107,253,0,52.078125,3333.0,3.010840108401084,5.0,1107,0.03533009070169688,2261.1258049086005,2227.479289980655,33.64651492794552,0.016207784257045145,0.0006483113702818058,1.0129865160653216e-05,0.15254287638475386,64
14272,222,223,444.6930218274184,6.948328466053413,0.8188811188811189,0.8188811188811189,1430,1171,269,0,57.203125,3661.0,3.126387702818104,5.0,1171,0.03908216350666276,2501.258464426417,2466.548791671578,34.70967275483968,0.017918608402743248,0.0007167443361097298,1.1199130251714529e-05,0.1525340200767683,64
14336,223,224,413.85938602614226,6.466552906658473,0.7949640287769785,0.7949640287769785,1390,1105,291,0,52.84375,3382.0,3.0606334841628957,5.0,1105,0.03306054014949231,2115.8745695675075,2081.6035575962833,34.271011971223636,0.01446809226005121,0.0005787236904020484,9.042557662532007e-06,0.1527805331273564,64
14400,224,225,409.13205675914656,6.392688386861665,0.7890909090909091,0.7890909090909091,1375,1085,273,0,53.3125,3412.0,3.144700460829493,5.0,1085,0.03185178524655011,2038.5142557792067,2000.9539783833561,37.560277395851436,0.01415905925631898,0.0005663623702527592,8.849412035199362e-06,0.1532174716676214,64
14464,225,226,418.6692789734605,6.54170748396032,0.7924929178470255,0.7924929178470255,1412,1119,292,0,54.265625,3473.0,3.103663985701519,5.0,1119,0.035257291965045255,2256.4666857628963,2220.64463303993,35.82205272296639,0.01619116755928256,0.0006476467023713025,1.0119479724551601e-05,0.15423968986055148,64
14528,226,227,434.0219073255019,6.781592301960967,0.8073136427566807,0.8073136427566807,1422,1148,277,0,56.703125,3629.0,3.1611498257839723,5.0,1148,0.03697029622254254,2366.0989582427223,2328.4425254870935,37.65643275562888,0.016569937381597965,0.0006627974952639185,1.0356210863498727e-05,0.15505903494016593,64
14592,227,228,420.746392391286,6.574162381113844,0.8044895003620565,0.8044895003620565,1381,1111,270,0,55.03125,3522.0,3.17011701170117,5.0,1111,0.03355390525104269,2147.449936066732,2110.798478035552,36.65145803118106,0.014625215414796201,0.000585008616591848,9.140759634247626e-06,0.15552471631437992,64
14656,228,229,430.9588980223764,6.733732781599631,0.808209483368719,0.808209483368719,1413,1142,277,0,56.1875,3596.0,3.148861646234676,5.0,1142,0.03759933441645381,2406.3574026530437,2370.109921622932,36.247481030112105,0.017200966758686605,0.0006880386703474643,1.0750604224179129e-05,0.1556871505446213,64
14720,229,230,410.02397437965857,6.406624599682165,0.8044609665427509,0.8044609665427509,1345,1082,261,0,52.375,3352.0,3.0979667282809613,5.0,1082,0.03252788374155746,2081.7845594596774,2047.1984498601655,34.586109599511346,0.0144554660421335,0.00057821864168534,9.034666276333437e-06,0.15542753353444877,64
14784,230,231,415.8109191708896,6.49704561204515,0.7919942816297355,0.7919942816297355,1399,1108,289,0,56.953125,3645.0,3.28971119133574,5.0,1108,0.03328690767021056,2130.362090893476,2090.833840500006,39.52825039346933,0.01431371824739418,0.0005725487298957672,8.946073904621362e-06,0.15542547189244482,64
14848,231,232,380.65964659864915,5.947806978103893,0.7678041543026706,0.7678041543026706,1348,1035,308,0,54.171875,3467.0,3.34975845410628,5.0,1035,0.03246814969876494,2077.9615807209566,2037.5516356397825,40.40994508117441,0.013647388565737504,0.0005458955426295002,8.52961785358594e-06,0.15560535219530064,64
14912,232,233,398.7682475135663,6.230753867399473,0.7842993396918562,0.7842993396918562,1363,1069,295,0,55.765625,3569.0,3.3386342376052385,5.0,1069,0.030803097211308934,1971.3982215237718,1932.0280738925826,39.370147631189134,0.013398330780287727,0.0005359332312115091,8.37395673767983e-06,0.1554201122915413,64
14976,233,234,366.04472299161927,5.719448796744051,0.7380607814761215,0.7380607814761215,1382,1020,355,0,55.0,3520.0,3.450980392156863,5.0,1020,0.02861072461068579,1831.0863750838905,1787.3073260113301,43.779049072560525,0.011984600180674454,0.0004793840072269782,7.490375112921534e-06,0.15485915851227572,64
15040,234,235,394.5254098409601,6.1644595287650015,0.7571329157967989,0.7571329157967989,1437,1088,359,0,59.0625,3780.0,3.474264705882353,5.0,1088,0.031203079139690497,1996.9970649401919,1952.1220223851974,44.87504255499484,0.012576099166328878,0.0005030439666531551,7.860061978955548e-06,0.15400144591935866,64
15104,235,236,392.5365641813479,6.133383815333561,0.7611940298507462,0.7611940298507462,1407,1071,330,0,57.90625,3706.0,3.4603174603174605,5.0,1071,0.033034442750965,2114.2043360617604,2070.0014565507695,44.20287951099096,0.013031955085513532,0.0005212782034205413,8.144971928445958e-06,0.153021133542806,64
15168,236,237,385.7544492395299,6.0274132693676545,0.7665937272064187,0.7665937272064187,1371,1051,323,0,55.953125,3581.0,3.4072312083729783,5.0,1051,0.031829495726169235,2037.087726474831,1994.5011416123505,42.58658486248089,0.01217228564092544,0.00048689142563701753,7.607678525578399e-06,0.15259945106478684,64
15232,237,238,395.973859874474,6.187091560538656,0.7435020519835841,0.7435020519835841,1462,1087,356,0,59.609375,3815.0,3.5096596136154554,5.0,1087,0.031114425303295182,1991.3232194108916,1943.7646467850811,47.55857262580987,0.011589658888651246,0.00046358635554604984,7.243536805407029e-06,0.152001066310819,64
15296,238,239,396.05003674897443,6.1882818242027255,0.7774566473988439,0.7774566473988439,1384,1076,329,0,60.4375,3868.0,3.5947955390334574,5.0,1076,0.03161638002627411,2023.4483216815427,1977.2080738305372,46.240247851006046,0.011765552058498729,0.0004706220823399491,7.353470036561705e-06,0.15103207997708093,64
15360,239,240,382.46473963771814,5.976011556839346,0.7440056417489421,0.7440056417489421,1418,1055,352,0,57.375,3672.0,3.480568720379147,5.0,1055,0.031585286195812697,2021.4583165320128,1975.7586855655802,45.69963096643227,0.01147747280331405,0.000459098912132562,7.173420502071281e-06,0.14984312047521076,64
15424,240,241,435.88770050709627,6.810745320423379,0.790665751544269,0.790665751544269,1457,1152,293,0,62.8125,4020.0,3.4895833333333335,5.0,1152,0.03532264699253142,2260.6494075220107,2215.287904209508,45.36150331250295,0.013110748813760216,0.0005244299525504086,8.194218008600135e-06,0.14846948335325016,64
15488,241,242,401.6987043978411,6.276542256216267,0.770745428973277,0.770745428973277,1422,1096,347,0,59.234375,3791.0,3.4589416058394162,5.0,1096,0.02966139526078139,1898.329296690009,1853.8801187197353,44.44917797027381,0.011254735812680904,0.00045018943250723617,7.034209882925565e-06,0.14725390761428908,64
15552,242,243,387.6033375970467,6.056302149953854,0.7633863965267728,0.7633863965267728,1382,1055,329,0,56.921875,3643.0,3.453080568720379,5.0,1055,0.028643591248429884,1833.1898398995127,1789.4156668695907,43.77417302992115,0.010704811953788813,0.0004281924781515525,6.690507471118008e-06,0.14585001021327065,64
15616,243,244,414.588610811535,6.477947043930234,0.7690721649484537,0.7690721649484537,1455,1119,327,0,60.515625,3873.0,3.46112600536193,5.0,1119,0.035354531781037306,2262.690033986388,2217.904255925642,44.78577806074564,0.01267286339168221,0.0005069145356672884,7.920539619801382e-06,0.1447112061669559,64
15680,244,245,387.7340372693195,6.058344332333117,0.7503536067892503,0.7503536067892503,1414,1061,347,0,55.453125,3549.0,3.344957587181904,5.0,1061,0.028711758482644477,1837.5525428892465,1793.917977309879,43.63456557936676,0.009943160679652582,0.00039772642718610327,6.214475424782864e-06,0.14382724269114516,64
15744,245,246,397.51120664499126,6.2111126038279885,0.7785039941902687,0.7785039941902687,1377,1072,318,0,56.90625,3642.0,3.3973880597014925,5.0,1072,0.029728051556356185,1902.5952996067958,1859.6625993523403,42.93270025445518,0.01064844613659917,0.0004259378454639668,6.655278835374481e-06,0.14263620043814107,64
15808,246,247,402.2448196191018,6.285075306548466,0.7837837837837838,0.7837837837837838,1369,1073,291,0,56.0,3584.0,3.3401677539608574,5.0,1073,0.030696530352296404,1964.5779425469698,1923.9093747388226,40.66856780814769,0.011887627299581156,0.00047550509198324625,7.429767062238223e-06,0.14117600686954307,64
15872,247,248,429.0644967737856,6.7041327620904,0.7997159090909091,0.7997159090909091,1408,1126,276,0,59.921875,3835.0,3.405861456483126,5.0,1126,0.032405626825003295,2073.960116800211,2031.5019522667392,42.45816453347157,0.011661102803666955,0.0004664441121466782,7.288189252291847e-06,0.13958827775677818,64
15936,248,249,423.2463801995132,6.613224690617394,0.7970191625266146,0.7970191625266146,1409,1123,297,0,58.078125,3717.0,3.309884238646483,5.0,1123,0.03332286261564538,2132.663207401304,2092.9144840499093,39.74872335139519,0.01189744070383954,0.0004758976281535816,7.435900439899712e-06,0.13865144676164648,64
16000,249,250,434.3805443329437,6.7871960052022455,0.7790387182910548,0.7790387182910548,1498,1167,332,0,60.8125,3892.0,3.335047129391602,5.0,1167,0.03745646618974882,2397.2138361439247,2352.30377749748,44.910058646446345,0.013195756643684416,0.0005278302657473767,8.24734790230276e-06,0.13801527600673635,64
16064,250,251,417.64100377210815,6.52564068393919,0.7874293785310734,0.7874293785310734,1416,1115,307,0,59.65625,3818.0,3.4242152466367712,5.0,1115,0.03260534562207784,2086.742119812982,2042.683733289466,44.058386523516454,0.011691133010763926,0.000467645320430557,7.3069581317274534e-06,0.1379142638992748,64
16128,251,252,427.98349130580345,6.687242051653179,0.787292817679558,0.787292817679558,1448,1140,309,0,59.9375,3836.0,3.364912280701754,5.0,1140,0.034334660563181865,2197.4182760436393,2153.675887205918,43.7423888377211,0.01231734757612496,0.0004926939030449984,7.6983422350781e-06,0.1376828250087093,64
16192,252,253,410.21466809927523,6.4096041890511755,0.7663877266387726,0.7663877266387726,1434,1099,311,0,57.609375,3687.0,3.354868061874431,5.0,1099,0.03392979874039934,2171.507119385558,2127.7941611963515,43.71295818920627,0.011332775838854595,0.0004533110335541838,7.082984899284122e-06,0.13781783230655517,64
16256,253,254,428.71592816549594,6.698686377585874,0.7932960893854749,0.7932960893854749,1432,1136,303,0,58.828125,3765.0,3.3142605633802815,5.0,1136,0.0329144533498675,2106.52501439152,2064.022157090249,42.50285730127142,0.010805112814385285,0.0004322045125754114,6.7531955089908034e-06,0.13841849086745228,64
16320,254,255,411.67889569363865,6.432482745213104,0.7778561354019746,0.7778561354019746,1418,1103,318,0,55.921875,3579.0,3.244786944696283,5.0,1103,0.0316503584275187,2025.6229393611966,1983.5870884245548,42.03585093664176,0.01010617400115636,0.0004042469600462544,6.316358750722725e-06,0.1386875166938201,64
16384,255,256,406.7949575315697,6.356171211430777,0.7857661583151779,0.7857661583151779,1377,1082,296,0,55.625,3560.0,3.290203327171904,5.0,1082,0.03215537254728403,2057.943843026178,2015.9976638517153,41.94617917446298,0.010133435235700743,0.0004053374094280297,6.333397022312964e-06,0.1385747062628091,64
16448,256,257,415.7549332865798,6.496170832602809,0.7871886120996441,0.7871886120996441,1405,1106,305,0,57.15625,3658.0,3.3074141048824592,5.0,1106,0.032972624373207596,2110.247959885286,2068.531183402279,41.71677648300776,0.0102243493986001,0.00040897397594400397,6.390218374125062e-06,0.1381837441233006,64
16512,257,258,414.4669390241669,6.476045922252608,0.7726638772663877,0.7726638772663877,1434,1108,316,0,57.515625,3681.0,3.322202166064982,5.0,1108,0.0333918622192428,2137.079182031539,2093.885354134246,43.193827897292955,0.009930289994474347,0.0003972115997789739,6.206431246546467e-06,0.13746085785826972,64
16576,258,259,412.0077950391667,6.43762179748698,0.8008817046289493,0.8008817046289493,1361,1090,290,0,57.984375,3711.0,3.404587155963303,5.0,1090,0.03337695049491543,2136.1248316745878,2094.62416234983,41.50066932475727,0.00968404473274839,0.00038736178930993563,6.052527957967744e-06,0.13649605779783122,64
16640,259,260,434.515195232389,6.789299925506078,0.7654808959156785,0.7654808959156785,1518,1162,333,0,61.046875,3907.0,3.3623063683304646,5.0,1162,0.03488709601667514,2232.774145067209,2187.8127519381833,44.96139312902622,0.01027531274707537,0.0004110125098830148,6.4220704669221064e-06,0.13520314286310292,64
16704,260,261,384.18357553103135,6.002868367672365,0.7577729573391179,0.7577729573391179,1383,1048,343,0,55.171875,3531.0,3.3692748091603053,5.0,1048,0.031815275391051195,2036.1776250272765,1993.928581425626,42.24904360165013,0.008997987377213567,0.0003599194950885427,5.62374211075848e-06,0.13368258776361128,64
16768,261,262,408.63353658710065,6.384899009173448,0.7728551336146273,0.7728551336146273,1422,1099,333,0,58.296875,3731.0,3.394904458598726,5.0,1099,0.03342713305179972,2139.336515315182,2096.5522970530124,42.78421826216968,0.009158107146535513,0.00036632428586142054,5.723816966584696e-06,0.1326150626490323,64
16832,262,263,403.4945964394003,6.30460306936563,0.7636363636363637,0.7636363636363637,1430,1092,339,0,59.0625,3780.0,3.4615384615384617,5.0,1092,0.03542686832957318,2267.3195730926836,2222.9103297624524,44.409243330230765,0.009694464932276936,0.0003877785972910774,6.0590405826730845e-06,0.1322717063145489,64
16896,263,264,391.43213781079396,6.116127153293656,0.7577282530553558,0.7577282530553558,1391,1054,319,0,57.140625,3657.0,3.469639468690702,5.0,1054,0.0310214615549769,1985.3735395185217,1941.3423770908366,44.03116242768462,0.00867498288121238,0.0003469993152484952,5.421864300757737e-06,0.13170637476015823,64
16960,264,265,392.3005537656796,6.1296961525887435,0.7667151162790697,0.7667151162790697,1376,1055,319,0,57.546875,3683.0,3.490995260663507,6.0,1055,0.03214905346059876,2057.5394214783205,2014.3533778415851,43.18604363673565,0.00880322213937094,0.0003521288855748376,5.502013837106837e-06,0.13070909422326568,64
17024,265,266,395.7992684695964,6.184363569837444,0.785239852398524,0.785239852398524,1355,1064,315,0,56.109375,3591.0,3.375,5.0,1064,0.03458110986924181,2213.1910316314757,2173.0129696267213,40.178062004753166,0.009628216843381025,0.000385128673735241,6.01763552711314e-06,0.1294692228310193,64
17088,266,267,404.3833672139227,6.318490112717543,0.7732474964234621,0.7732474964234621,1398,1081,311,0,56.15625,3594.0,3.3246993524514337,5.0,1081,0.03243368924330381,2075.756111571444,2034.423749547222,41.3323620242223,0.009189017301689056,0.00036756069206756223,5.74313581355566e-06,0.12811800944738228,64
17152,267,268,423.7703614407965,6.621411897512445,0.7882851093860268,0.7882851093860268,1417,1117,294,0,57.1875,3660.0,3.2766338406445836,5.0,1117,0.03365912004985954,2154.1836831910105,2114.4476100066113,39.73607318439891,0.00921244568622904,0.0003684978274491616,5.75777855389315e-06,0.12739662883566,64
17216,268,269,428.85447617331556,6.700851190208056,0.7877723120168658,0.7877723120168658,1423,1121,279,0,56.546875,3619.0,3.2283675289919715,5.0,1121,0.033920708489583375,2170.925343333336,2132.0021546575,38.923188675837515,0.009364702104746214,0.0003745880841898486,5.852938815466384e-06,0.12714694163762374,64
17280,269,270,440.8399360541994,6.888124000846866,0.8134642356241234,0.8134642356241234,1426,1160,298,0,57.65625,3690.0,3.1810344827586206,5.0,1160,0.037711636487854465,2413.5447352226856,2375.796110587247,37.74862463543767,0.010455412423844774,0.00041821649695379095,6.534632764902984e-06,0.12756562710910185,64
17344,270,271,421.53715145433137,6.586517991473928,0.7860169491525424,0.7860169491525424,1416,1113,297,0,55.75,3568.0,3.205750224618149,5.0,1113,0.033489974341804514,2143.3583578754888,2104.288792264831,39.06956561065842,0.009054149867442317,0.00036216599469769266,5.658843667151448e-06,0.1279338657007803,64
17408,271,272,431.63211962949606,6.744251869210876,0.801980198019802,0.801980198019802,1414,1134,287,0,58.65625,3754.0,3.310405643738977,5.0,1134,0.036790248623823504,2354.575911924704,2314.6940671473385,39.88184477736603,0.010152539563469648,0.00040610158253878595,6.3453372271685304e-06,0.12798647966709217,64
17472,272,273,430.4872072785411,6.726362613727205,0.793584379358438,0.793584379358438,1434,1138,302,0,58.53125,3746.0,3.2917398945518452,5.0,1138,0.0349166112212871,2234.6631181623743,2193.548992067377,41.11412609499678,0.009981677510836302,0.00039926710043345205,6.238548444272688e-06,0.12786754983776838,64
17536,273,274,399.49326990372083,6.242082342245638,0.7652548456568558,0.7652548456568558,1393,1066,300,0,55.34375,3542.0,3.3227016885553473,5.0,1066,0.03192385697955027,2043.126846691217,2002.2934240783109,40.83342261290604,0.009832074077921759,0.0003932829631168704,6.1450462987011e-06,0.12830701386516385,64
17600,274,275,437.50524000444494,6.836019375069452,0.811965811965812,0.811965811965812,1404,1140,270,0,58.5,3744.0,3.2842105263157895,5.0,1140,0.03451316385998394,2208.842487038972,2168.9635673638836,39.87891967508959,0.010263561405426466,0.0004105424562170586,6.414725878391541e-06,0.12883867137262858,64
17664,275,276,443.53003469732266,6.930156792145667,0.7930800542740841,0.7930800542740841,1474,1169,305,0,59.234375,3791.0,3.2429426860564585,5.0,1169,0.03335607240146176,2134.7886336935526,2094.2647010027695,40.52393269078371,0.010209024992600622,0.0004083609997040249,6.380640620375389e-06,0.12982689822892973,64
17728,276,277,426.4467940206747,6.663231156573042,0.7998580553584103,0.7998580553584103,1409,1127,292,0,56.265625,3601.0,3.195208518189885,5.0,1127,0.03599105056272064,2303.427236014121,2265.6580273590566,37.76920865506435,0.011680121361390558,0.0004672048544556223,7.300075850869098e-06,0.13086224455461706,64
17792,277,278,420.5273446030556,6.570739759422744,0.7829131652661064,0.7829131652661064,1428,1118,306,0,55.5625,3556.0,3.1806797853309483,5.0,1118,0.03232926609142901,2069.073029851457,2031.3512624543268,37.721767397129206,0.010470718073121093,0.00041882872292484374,6.544198795700683e-06,0.13144045265626075,64
17856,278,279,427.37632508287686,6.677755079419951,0.8021428571428572,0.8021428571428572,1400,1123,283,0,57.234375,3663.0,3.26179875333927,5.0,1123,0.033823847162066434,2164.726218372252,2124.3888187702437,40.33739960200732,0.010843616824125022,0.00043374467296500085,6.777260515078138e-06,0.13164216407630605,64
17920,279,280,432.16184376057527,6.7525288087589885,0.7947112038970077,0.7947112038970077,1437,1142,296,0,58.328125,3733.0,3.268826619964974,5.0,1142,0.034696325376516304,2220.5648240970436,2178.5859162145925,41.97890788245067,0.011214352183390931,0.00044857408733563724,7.008970114619332e-06,0.13158675768045064,64
17984,280,281,434.55803632057984,6.78996931750906,0.7682119205298014,0.7682119205298014,1510,1160,329,0,61.890625,3961.0,3.4146551724137932,5.0,1160,0.03280423067582525,2099.4707632528157,2054.052463900549,45.41829935226689,0.010674709861728799,0.00042698839446915195,6.671693663580499e-06,0.13112858244866107,64
18048,281,282,429.7443929790345,6.714756140297414,0.7842465753424658,0.7842465753424658,1460,1145,316,0,60.90625,3898.0,3.404366812227074,5.0,1145,0.03406429810267302,2180.1150785710734,2136.907912205862,43.20716636521099,0.011610243457264285,0.0004644097382905714,7.256402160790178e-06,0.13077883367956908,64
18112,282,283,449.7472764914553,7.027301195178989,0.8020338983050848,0.8020338983050848,1475,1183,298,0,61.375,3928.0,3.320371935756551,5.0,1183,0.03442533037429047,2203.22114395459,2160.4498701115426,42.77127384304589,0.011494006160605945,0.00045976024642423776,7.183753850378715e-06,0.13182914514608415,64
18176,283,284,410.06202097247615,6.40721907769494,0.8029850746268656,0.8029850746268656,1340,1076,266,0,54.671875,3499.0,3.2518587360594795,5.0,1076,0.030689023664371606,1964.0975145197829,1926.2507672270112,37.846747292771575,0.010813239793701492,0.0004325295917480597,6.758274871063433e-06,0.1325876886373023,64
18240,284,285,425.33373321151043,6.6458395814298505,0.8141916605705926,0.8141916605705926,1367,1113,272,0,55.0,3520.0,3.1626235399820306,5.0,1113,0.0292776098949073,1873.7670332740672,1836.8913866939058,36.8756465801612,0.010246461179802092,0.00040985844719208363,6.404038237376307e-06,0.13313576753309056,64
18304,285,286,446.4768418857012,6.9762006544640816,0.7941970310391363,0.7941970310391363,1482,1177,298,0,58.390625,3737.0,3.1750212404418012,5.0,1177,0.034718848214634244,2222.0062857365915,2182.163840860684,39.84244487590772,0.012094560325735996,0.00048378241302943984,7.5591002035849976e-06,0.134057405440415,64
18368,286,287,413.002521096884,6.453164392138812,0.7950760318609703,0.7950760318609703,1381,1098,292,0,55.28125,3538.0,3.2222222222222223,5.0,1098,0.03374161566228525,2159.463402386256,2120.469030396225,38.99437199002995,0.011952463779149597,0.0004780985511659839,7.470289861968498e-06,0.13519471868035396,64
18432,287,288,397.30152125466634,6.207836269604162,0.773226042428676,0.773226042428676,1367,1057,286,0,50.859375,3255.0,3.0794701986754967,5.0,1057,0.030241994748448887,1935.4876639007289,1899.247667588846,36.239996311883516,0.010712367118807502,0.00042849468475230013,6.6952294492546895e-06,0.13584899201843342,64
18496,288,289,445.79705816578996,6.965579033840468,0.823321554770318,0.823321554770318,1415,1165,273,0,57.328125,3669.0,3.1493562231759658,5.0,1165,0.03551211527331369,2272.775377492076,2235.982179841351,36.79319765072508,0.012535847129273948,0.0005014338851709579,7.834904455796218e-06,0.13692920599456448,64
18560,289,290,436.1619314487061,6.815030178886033,0.7900894700619409,0.7900894700619409,1453,1148,286,0,56.90625,3642.0,3.172473867595819,5.0,1148,0.03455579996806923,2211.5711979564308,2170.885014001026,40.686183955406065,0.012058907174595042,0.0004823562869838017,7.536816984121902e-06,0.1381744152591871,64
18624,290,291,411.6682406717814,6.4323162604965844,0.7835344215755855,0.7835344215755855,1409,1104,316,0,56.015625,3585.0,3.2472826086956523,5.0,1104,0.03166987862631661,2026.8722320842628,1986.882416230332,39.98981585393143,0.011355393822061417,0.0004542157528824567,7.097121138788386e-06,0.13905630735904645,64
18688,291,292,419.69187380284313,6.557685528169424,0.7688098495212038,0.7688098495212038,1462,1124,321,0,58.15625,3722.0,3.311387900355872,5.0,1124,0.031249627587521416,1999.9761656013707,1956.8229982108012,43.1531673905696,0.01078192284698817,0.00043127691387952676,6.738701779367606e-06,0.13955428823913765,64
18752,292,293,407.4870861494358,6.3669857210849345,0.7702607470049331,0.7702607470049331,1419,1093,316,0,56.3125,3604.0,3.2973467520585547,5.0,1093,0.029780584405406738,1905.9574019460313,1864.7815321145915,41.175869831439776,0.010307309700187287,0.0004122923880074915,6.442068562617055e-06,0.13968181087562812,64
18816,293,294,407.8115592067061,6.3720556126047825,0.7770745428973277,0.7770745428973277,1422,1105,333,0,58.515625,3745.0,3.3891402714932126,5.0,1105,0.03250574926054265,2080.3679526747296,2037.3026974841152,43.0652551906156,0.011818281079099931,0.00047273124316399724,7.386425674437457e-06,0.14030598932271449,64
18880,294,295,409.20209065662425,6.393782666509754,0.7904967602591793,0.7904967602591793,1389,1098,312,0,54.953125,3517.0,3.203096539162113,5.0,1098,0.0313213670855351,2004.5674934742467,1968.014564468847,36.552929005398944,0.0116120330499245,0.00046448132199697996,7.257520656202812e-06,0.14089816150772133,64
18944,295,296,408.95516199660847,6.389924406197007,0.7796852646638054,0.7796852646638054,1398,1090,295,0,53.796875,3443.0,3.1587155963302753,5.0,1090,0.031966776493792357,2045.8736956027108,2008.9330753528866,36.940620249824434,0.011729039125925465,0.0004691615650370186,7.3306494537034154e-06,0.14116426968353785,64
19008,296,297,427.17764757482644,6.674650743356663,0.808972503617945,0.808972503617945,1382,1118,261,0,55.609375,3559.0,3.1833631484794274,5.0,1118,0.03380655503292993,2163.6195221075154,2125.6992217281377,37.920300379377466,0.012739558816373025,0.000509582352654921,7.96222426023314e-06,0.14107365035971897,64
19072,297,298,435.5991547776199,6.806236793400311,0.8168709444844989,0.8168709444844989,1387,1133,257,0,55.359375,3543.0,3.1270962047661075,5.0,1133,0.030988963805414566,1983.2936835465323,1945.998967526915,37.29471601961767,0.01152304610934275,0.00046092184437371004,7.2019038183392194e-06,0.1406672403787291,64
19136,298,299,418.23909878636874,6.534985918537012,0.7941176470588235,0.7941176470588235,1394,1107,284,0,53.90625,3450.0,3.116531165311653,5.0,1107,0.031859901691205415,2039.0337082371466,2002.1805072384875,36.85320099866019,0.012422881196690933,0.0004969152478676373,7.764300747931833e-06,0.1398995219556693,64
19200,299,300,449.0236912836782,7.015995176307472,0.8319027181688126,0.8319027181688126,1398,1163,248,0,55.390625,3545.0,3.0481513327601033,5.0,1163,0.03610459289432184,2310.6939452365978,2275.3626181753566,35.33132706124045,0.013630426053325878,0.0005452170421330351,8.519016283328673e-06,0.13897424797602168,64
19264,300,301,415.4107486309426,6.490792947358478,0.7862759113652609,0.7862759113652609,1399,1100,286,0,53.328125,3413.0,3.1027272727272726,5.0,1100,0.03055571722720638,1955.5659025412083,1919.0791380479761,36.48676449323266,0.011422922665177403,0.0004569169066070961,7.139326665735877e-06,0.13844447270420762,64
19328,301,302,414.0599935118232,6.469687398622238,0.7818181818181819,0.7818181818181819,1430,1118,326,0,56.34375,3606.0,3.225402504472272,5.0,1118,0.03333061354864678,2133.159267113394,2092.457786434422,40.701480678972175,0.013223767520639262,0.0005289507008255705,8.264854700399539e-06,0.1382608694765698,64
19392,302,303,427.6674174379699,6.68230339746828,0.8017057569296375,0.8017057569296375,1407,1128,275,0,56.203125,3597.0,3.1888297872340425,5.0,1128,0.03565886170982575,2282.167149428848,2245.6063647861647,36.56078464268295,0.014127171855456781,0.0005650868742182713,8.829482409660488e-06,0.1394172597884999,64
19456,303,304,424.69333541102316,6.635833365797237,0.798719772403983,0.798719772403983,1406,1123,277,0,53.3125,3412.0,3.0382902938557437,5.0,1123,0.03533118701422988,2261.1959689107125,2225.959204561506,35.236764349206844,0.014493151826430798,0.000579726073057232,9.05821989151925e-06,0.14052312662728428,64
19520,304,305,444.7561642978892,6.949315067154519,0.8160839160839161,0.8160839160839161,1430,1167,271,0,55.328125,3541.0,3.0342759211653814,5.0,1167,0.03674138787910335,2351.4488242626144,2318.908027962649,32.54079629996515,0.015202500377517567,0.0006081000151007027,9.50156273594848e-06,0.14117374482348816,64
19584,305,306,403.4712920282804,6.304238937941881,0.7973074046372476,0.7973074046372476,1337,1066,267,0,51.5,3296.0,3.0919324577861165,5.0,1066,0.032023413781503904,2049.49848201625,2016.266194186425,33.232287829824195,0.013100711909480976,0.0005240284763792391,8.18794494342561e-06,0.14149113221978377,64
19648,306,307,398.06244342032767,6.21972567844262,0.7893175074183977,0.7893175074183977,1348,1064,284,0,51.984375,3327.0,3.1268796992481205,5.0,1064,0.03360129031789726,2150.482580345425,2115.629280490042,34.85329985538372,0.013487038951406379,0.0005394815580562551,8.429399344628987e-06,0.14142605697697097,64
19712,307,308,425.6160088787905,6.650250138731102,0.8047210300429185,0.8047210300429185,1398,1125,282,0,55.125,3528.0,3.136,5.0,1125,0.035003743047647064,2240.239555049412,2206.7802984624723,33.4592565869404,0.013960300392696466,0.0005584120157078586,8.725187745435291e-06,0.14179228268787525,64
19776,308,309,411.03152735772164,6.422367614964401,0.7825464949928469,0.7825464949928469,1398,1094,292,0,52.59375,3366.0,3.0767824497257767,5.0,1094,0.032831357816235245,2101.206900239056,2064.7123411337448,36.49455910531124,0.012213938997804416,0.0004885575599121767,7.63371187362776e-06,0.14208212538776893,64
19840,309,310,418.52461728854837,6.539447145133568,0.777087646652864,0.777087646652864,1449,1126,318,0,59.21875,3790.0,3.3658969804618115,5.0,1126,0.035531178938998945,2273.9954520959323,2233.577596809253,40.4178552866783,0.013959919771977473,0.0005583967908790989,8.72494985748592e-06,0.14286904845670978,64
19904,310,311,406.0396065476627,6.3443688523072295,0.7934306569343066,0.7934306569343066,1370,1087,302,0,53.875,3448.0,3.172033118675253,5.0,1087,0.03147633565918787,2014.4854821880238,1979.138784457991,35.34669773003176,0.012137688328562608,0.0004855075331425043,7.58605520535163e-06,0.14358377895270752,64
19968,311,312,391.3402227224015,6.1146909800375235,0.7507082152974505,0.7507082152974505,1412,1060,315,0,52.890625,3385.0,3.193396226415094,5.0,1060,0.032158217138055674,2058.1258968355633,2019.397360110541,38.72853672502215,0.012658890333159268,0.0005063556133263707,7.911806458224542e-06,0.14389482930508163,64
20032,312,313,397.39971213437707,6.209370502099642,0.7927994121969141,0.7927994121969141,1361,1079,321,0,57.375,3672.0,3.4031510658016684,5.0,1079,0.03611590219911027,2311.417740743057,2271.6673141294295,39.750426613629514,0.014297153998890524,0.000571886159955621,8.935721249306578e-06,0.14406531638920456,64
20096,313,314,394.04275146706806,6.156917991672938,0.759656652360515,0.759656652360515,1398,1062,304,0,53.90625,3450.0,3.248587570621469,5.0,1062,0.032155101319812286,2057.9264844679865,2019.445824338613,38.480660129373575,0.012799812041781568,0.0005119924816712627,7.99988252611348e-06,0.1438812554546356,64
20160,314,315,400.6496962766006,6.260151504321884,0.7692307692307693,0.7692307692307693,1417,1090,335,0,56.484375,3615.0,3.31651376146789,5.0,1090,0.031575282929024076,2020.8181074575407,1981.0332185330026,39.784888924538095,0.0126418182440075,0.0005056727297603,7.901136402504688e-06,0.14385211694653854,64
20224,315,316,402.5663365440715,6.290099008501117,0.7693399574166075,0.7693399574166075,1409,1084,312,0,58.40625,3738.0,3.4483394833948338,5.0,1084,0.03369062593362065,2156.2000597517213,2112.1097758686374,44.090283883084226,0.0128289423796185,0.0005131576951847399,8.018088987261562e-06,0.1441629050903932,64
20288,316,317,413.1275147696492,6.455117418275769,0.7944126074498568,0.7944126074498568,1396,1109,314,0,59.15625,3786.0,3.413886384129847,5.0,1109,0.03281527249087054,2100.1774394157146,2056.7026515450234,43.47478787069083,0.01262759104678337,0.0005051036418713347,7.892244404239605e-06,0.14417713452111403,64
20352,317,318,396.3471631489576,6.192924424202462,0.7697320782041999,0.7697320782041999,1381,1063,298,0,54.515625,3489.0,3.282220131702728,5.0,1063,0.03255043572143248,2083.2278861716786,2042.052091597114,41.17579457456472,0.012669451265119997,0.0005067780506047999,7.918407040699999e-06,0.14385855652575694,64
20416,318,319,414.82288041397555,6.481607506468368,0.7793296089385475,0.7793296089385475,1432,1116,318,0,57.3125,3668.0,3.2867383512544803,5.0,1116,0.035148051666995944,2249.4753066877406,2206.6417599381043,42.833546749636,0.013138867794016872,0.0005255547117606748,8.211792371260544e-06,0.1432095693749865,64
20480,319,320,423.4506118907414,6.616415810792835,0.796875,0.796875,1408,1122,289,0,55.625,3560.0,3.1729055258467023,5.0,1122,0.036521376078008545,2337.368068992547,2297.1529940853347,40.215074907212255,0.012931183058726496,0.0005172473223490599,8.08198941170406e-06,0.1424035725020089,64
20544,320,321,420.6777490477008,6.573089828870325,0.7837273991655076,0.7837273991655076,1438,1127,316,0,58.078125,3717.0,3.298136645962733,5.0,1127,0.03452166508780628,2209.386565619602,2166.888569671922,42.49799594767965,0.012696726857681827,0.0005078690743072731,7.935454286051142e-06,0.14216280499330933,64
20608,321,322,395.07614648975493,6.173064788902421,0.7692307692307693,0.7692307692307693,1378,1060,304,0,55.734375,3567.0,3.3650943396226416,5.0,1060,0.03181651870209343,2036.2571969339795,1994.840265300177,41.41693163380174,0.01115296799099525,0.00044611871963980994,6.97060499437203e-06,0.14164330159035238,64
20672,322,323,391.1056360031962,6.111025562549941,0.7675250357653791,0.7675250357653791,1398,1073,342,0,55.71875,3566.0,3.3233923578751163,5.0,1073,0.03661604627690349,2343.4269617218233,2302.808286340832,40.618675380990865,0.013073914618258041,0.0005229565847303217,8.171196636411276e-06,0.14150919493244057,64
20736,323,324,386.18887439270304,6.034201162385985,0.7761081893313299,0.7761081893313299,1331,1033,288,0,51.984375,3327.0,3.2207163601161666,5.0,1033,0.03159278967101123,2021.9385389447186,1984.4670994935393,37.471439451179535,0.01084198322211131,0.0004336793288844524,6.776239513819569e-06,0.14136426628137577,64
20800,324,325,412.43764282738323,6.444338169177863,0.7903804737975593,0.7903804737975593,1393,1101,302,0,56.421875,3611.0,3.2797456857402363,5.0,1101,0.03567941709219724,2283.4826939006234,2245.044076041832,38.43861785879289,0.012270016861998453,0.0004908006744799382,7.668760538749034e-06,0.1408886112730372,64
20864,325,326,424.6153607921434,6.634615012377241,0.7858136300417247,0.7858136300417247,1438,1130,303,0,56.015625,3585.0,3.172566371681416,5.0,1130,0.03587075244576673,2295.7281565290705,2256.0379209237904,39.690235605279945,0.012235914506165822,0.0004894365802466329,7.647446566353638e-06,0.14011925719660373,64
20928,326,327,440.85644786383006,6.888381997872345,0.7969924812030075,0.7969924812030075,1463,1166,301,0,58.84375,3766.0,3.229845626072041,5.0,1166,0.0361985513236234,2316.7072847118975,2275.495965961708,41.21131875018993,0.012170571947123732,0.0004868228778849493,7.606607466952333e-06,0.13905861248537565,64
20992,327,328,424.2664891594428,6.629163893116294,0.7997128499641063,0.7997128499641063,1393,1114,273,0,54.453125,3485.0,3.1283662477558347,5.0,1114,0.03513160690488021,2248.4228419123333,2213.632887715143,34.78995419718904,0.011748401793040665,0.0004699360717216266,7.342751120650415e-06,0.13809960622579598,64
21056,328,329,420.57562033982595,6.57149406780978,0.7853107344632768,0.7853107344632768,1416,1112,289,0,57.046875,3651.0,3.283273381294964,5.0,1112,0.03567902041615313,2283.4573066338003,2243.3521235690673,40.10518306473342,0.011929323586922363,0.00047717294347689453,7.455827241826477e-06,0.13760928243877546,64
21120,329,330,438.3971597941447,6.849955621783511,0.8132487667371389,0.8132487667371389,1419,1154,289,0,57.125,3656.0,3.168110918544194,5.0,1154,0.03556740134901193,2276.3136863367636,2237.3900061567265,38.923680180037024,0.012073797467199467,0.0004829518986879787,7.546123416999667e-06,0.13675659701145038,64
21184,330,331,443.2593988850154,6.925928107578366,0.8160511363636364,0.8160511363636364,1408,1149,254,0,54.703125,3501.0,3.0469973890339426,5.0,1149,0.03638076407360374,2328.368900710639,2293.491029728188,34.87787098245031,0.012376532099155364,0.0004950612839662146,7.735332561972103e-06,0.13558429717077825,64
21248,331,332,437.4847155688087,6.835698680762636,0.7910447761194029,0.7910447761194029,1474,1166,319,0,56.671875,3627.0,3.1106346483704974,5.0,1166,0.03778818549017364,2418.443871371113,2380.42030975965,38.023561611464146,0.012558641733628561,0.0005023456693451424,7.84915108351785e-06,0.13425159436025347,64
21312,332,333,442.69655719150217,6.917133706117221,0.7937584803256446,0.7937584803256446,1474,1170,305,0,56.375,3608.0,3.083760683760684,5.0,1170,0.03485279251353459,2230.5787208662136,2191.2153119607924,39.363408905421345,0.011200677028113918,0.00044802708112455676,7.0004231425711994e-06,0.13331706512042107,64
21376,333,334,429.8951844221343,6.717112256595849,0.7992932862190812,0.7992932862190812,1415,1131,282,0,53.25,3408.0,3.013262599469496,5.0,1131,0.0368891028636565,2360.9025832740163,2325.403970991056,35.498612282959776,0.012215252646144231,0.0004886101058457692,7.634532903840144e-06,0.13280694805963122,64
21440,334,335,436.5745879131206,6.821477936142509,0.8172661870503597,0.8172661870503597,1390,1136,263,0,53.734375,3439.0,3.027288732394366,5.0,1136,0.03329422194429944,2130.8302044351644,2095.851387233058,34.97881720210701,0.010941415180103409,0.0004376566072041364,6.838384487564631e-06,0.13332127835102864,64
21504,335,336,407.5159133796902,6.367436146557659,0.788929889298893,0.788929889298893,1355,1069,264,0,51.546875,3299.0,3.086061739943873,5.0,1069,0.030703664484185923,1965.034526987899,1928.06626236665,36.96826462124853,0.010241467355157734,0.0004096586942063094,6.400917096973584e-06,0.13353655825834485,64
21568,336,337,426.3904836366475,6.662351306822617,0.8126822157434402,0.8126822157434402,1372,1115,273,0,52.140625,3337.0,2.9928251121076235,5.0,1115,0.030725655572323925,1966.4419566287313,1931.7595543239354,34.68240230479579,0.009852984851518082,0.0003941193940607233,6.1581155321988016e-06,0.13375212954140048,64
21632,337,338,451.60858170008294,7.056384089063796,0.8135949544498949,0.8135949544498949,1427,1161,242,0,55.625,3560.0,3.066322136089578,5.0,1161,0.03473225909531806,2222.864582100356,2186.64344664207,36.22113545828563,0.01102527073112803,0.0004410108292451212,6.890794206955019e-06,0.1345132864390715,64
21696,338,339,466.90502185072415,7.295390966417565,0.8195945945945946,0.8195945945945946,1480,1213,277,0,57.78125,3698.0,3.0486397361912614,5.0,1213,0.03887834157854569,2488.213861026924,2450.6633729470427,37.550488079880594,0.01221846829418867,0.0004887387317675468,7.636542683867919e-06,0.13504142102546107,64
21760,339,340,444.6936595376022,6.948338430275034,0.823021582733813,0.823021582733813,1390,1144,245,0,54.078125,3461.0,3.0253496503496504,5.0,1144,0.03228326328850237,2066.1288504641516,2031.0659629645602,35.062887499591426,0.009786480678284179,0.0003914592271313672,6.116550423927612e-06,0.13519313431179641,64
21824,340,341,472.92457545432717,7.389446491473862,0.8255261371350985,0.8255261371350985,1473,1216,251,0,56.203125,3597.0,2.958059210526316,5.0,1216,0.040370550353301955,2583.7152226113253,2549.072667490456,34.6425551208701,0.012594761448759111,0.0005037904579503644,7.871725905474444e-06,0.13510188191824113,64
21888,341,342,452.1750980915047,7.065235907679761,0.8159722222222222,0.8159722222222222,1440,1175,273,0,54.765625,3505.0,2.9829787234042553,5.0,1175,0.035688883952043594,2284.08857293079,2247.5997839895017,36.48878894128894,0.010858925355631014,0.0004343570142252406,6.786828347269384e-06,0.134799864377674,64
21952,342,343,435.2879368223755,6.801374012849617,0.8008415147265077,0.8008415147265077,1426,1142,286,0,54.8125,3508.0,3.0718038528896674,5.0,1142,0.035994288599233135,2303.6344703509208,2267.148589527043,36.48588082387847,0.010649255986806432,0.00042597023947225725,6.65578499175402e-06,0.13409755019688546,64
22016,343,344,447.3757005824656,6.990245321601025,0.8088642659279779,0.8088642659279779,1444,1168,280,0,56.0625,3588.0,3.0719178082191783,5.0,1168,0.03634913306056288,2326.344515876024,2289.4306012642105,36.913914611812814,0.01075079276386948,0.0004300317105547792,6.719245477418425e-06,0.13313176146548084,64
22080,344,345,425.72657442939123,6.651977725459238,0.8018664752333095,0.8018664752333095,1393,1117,284,0,53.625,3432.0,3.072515666965085,5.0,1117,0.031261746287335565,2000.751762389476,1964.3367171980135,36.41504519146335,0.00940562112220563,0.0003762248448882252,5.878513201378519e-06,0.13223310361822516,64
22144,345,346,408.956139540369,6.389939680318266,0.7927461139896373,0.7927461139896373,1351,1071,265,0,51.40625,3290.0,3.0718954248366015,5.0,1071,0.03276664517511458,2097.0652912073333,2062.559332909178,34.505958298155164,0.009526125241211724,0.000381045009648469,5.953828275757328e-06,0.13237465159937437,64
22208,346,347,454.1747479861678,7.096480437283872,0.8234057463209531,0.8234057463209531,1427,1175,266,0,55.09375,3526.0,3.000851063829787,5.0,1175,0.033894780001554964,2169.2659200995176,2133.484452699942,35.781467399575234,0.009904833509725729,0.00039619334038902917,6.190520943578581e-06,0.13242290776597596,64
22272,347,348,446.4763766377191,6.976193384964361,0.8154929577464789,0.8154929577464789,1420,1158,263,0,54.21875,3470.0,2.996545768566494,5.0,1158,0.03569204882666273,2284.2911249064146,2249.3583171997752,34.932807706639835,0.010753730871767942,0.00043014923487071766,6.7210817948549634e-06,0.1321759014071437,64
22336,348,349,449.1946650406047,7.018666641259449,0.7978363759296823,0.7978363759296823,1479,1180,294,0,54.65625,3498.0,2.964406779661017,5.0,1180,0.03881763745988897,2484.328797432894,2448.8229876595633,35.50580977332947,0.011691588951145639,0.0004676635580458256,7.307243094466025e-06,0.13176968076541135,64
22400,349,350,445.2076692966881,6.9563698327607515,0.8152327221438646,0.8152327221438646,1418,1156,264,0,53.90625,3450.0,2.9844290657439445,5.0,1156,0.03717683442613058,2379.3174032723573,2344.5770905230515,34.740312749305595,0.010960442566465063,0.00043841770265860255,6.850276604040665e-06,0.13099510448419655,64
22464,350,351,427.8914684798118,6.6858041949970595,0.8169741697416975,0.8169741697416975,1355,1107,249,0,52.40625,3354.0,3.029810298102981,5.0,1107,0.03464192852131266,2217.0834253640105,2183.3979346694273,33.685490694581866,0.010296436070910867,0.00041185744283643463,6.435272544319291e-06,0.12987938410244976,64
22528,351,352,444.1742146929173,6.940222104576833,0.8095238095238095,0.8095238095238095,1428,1156,271,0,55.515625,3553.0,3.073529411764706,5.0,1156,0.03636590240614619,2327.417753993356,2292.550443663009,34.867310330348715,0.010818666427031385,0.0004327466570812554,6.761666516894616e-06,0.12972158229431058,64
22592,352,353,408.9669358180961,6.390108372157751,0.7891654465592972,0.7891654465592972,1366,1078,277,0,51.015625,3265.0,3.028756957328386,5.0,1078,0.03252606671528417,2081.668269778187,2046.6166887326626,35.0515810455244,0.010080757343055568,0.00040323029372222273,6.30047333940973e-06,0.13039022310231066,64
22656,353,354,409.9314555772489,6.4051789933945145,0.8136882129277566,0.8136882129277566,1315,1070,257,0,48.84375,3126.0,2.9214953271028037,5.0,1070,0.031730588340244135,2030.7576537756245,2000.6697684824044,30.087885293219745,0.009891457964630822,0.0003956583185852329,6.182161227894264e-06,0.13138634110091402,64
22720,354,355,431.91758493862557,6.7487122646660245,0.8167770419426048,0.8167770419426048,1359,1110,233,0,51.296875,3283.0,2.957657657657658,5.0,1110,0.03535293923963245,2262.588111336477,2229.925943474607,32.66216786186977,0.011073489107438446,0.00044293956429753784,6.920930692149029e-06,0.1321193233814126,64
22784,355,356,416.61438690544554,6.509599795397587,0.8095940959409594,0.8095940959409594,1355,1097,279,0,53.78125,3442.0,3.137648131267092,5.0,1097,0.03316018015185763,2122.2515297188884,2086.438946019412,35.81258369947678,0.010442211248559626,0.00041768844994238504,6.526382030349766e-06,0.13250892465782302,64
22848,356,357,418.1161905481936,6.533065477315525,0.7877697841726619,0.7877697841726619,1390,1095,270,0,52.515625,3361.0,3.069406392694064,5.0,1095,0.03211628506580883,2055.4422442117652,2018.6278191888623,36.81442502290349,0.010023622350503959,0.00040094489402015833,6.264763969064974e-06,0.13296900175625187,64
22912,357,358,425.45066411718614,6.647666626831033,0.8045812455261274,0.8045812455261274,1397,1124,290,0,51.21875,3278.0,2.916370106761566,5.0,1124,0.03499547513097845,2239.7104083826207,2207.77855764421,31.93185073841123,0.011565565962673106,0.00046262263850692424,7.228478726670691e-06,0.13374177434694096,64
22976,358,359,445.7996956734743,6.9656202448980356,0.8090277777777778,0.8090277777777778,1440,1165,272,0,55.65625,3562.0,3.057510729613734,5.0,1165,0.03763325567843804,2408.5283634200346,2373.738210579949,34.79015284008507,0.01286374997481991,0.0005145499989927964,8.039843734262443e-06,0.13452427995994953,64
23040,359,360,422.9320878818961,6.608313873154627,0.8020231213872833,0.8020231213872833,1384,1110,271,0,53.359375,3415.0,3.0765765765765765,5.0,1110,0.03466661076858337,2218.6630891893356,2182.755693327807,35.90739586152867,0.01173525933925379,0.00046941037357015156,7.334537087033618e-06,0.13588097104387986,64
23104,360,361,430.14158563243757,6.720962275506837,0.7921896792189679,0.7921896792189679,1434,1136,288,0,56.3125,3604.0,3.1725352112676055,5.0,1136,0.03567519038173007,2283.2121844307244,2246.05661916633,37.155565264394035,0.0124537584422006,0.000498150337688024,7.783599026375374e-06,0.13699637670719522,64
23168,361,362,440.4332666969729,6.881769792140202,0.8105263157894737,0.8105263157894737,1425,1155,279,0,55.28125,3538.0,3.0632034632034633,5.0,1155,0.03413426693602524,2184.5930839056155,2149.3458788794264,35.24720502618852,0.012213387345137893,0.0004885354938055157,7.633367090711183e-06,0.13782784539941542,64
23232,362,363,413.78689408788125,6.4654202201231445,0.7914862914862915,0.7914862914862915,1386,1097,296,0,55.15625,3530.0,3.2178669097538743,5.0,1097,0.032792378905436285,2098.7122499479224,2061.4623131287967,37.249936819125416,0.011103147090640536,0.0004441258836256214,6.939466931650335e-06,0.1382887003135192,64
23296,363,364,397.91708627368547,6.2174544730263355,0.7711803041274439,0.7711803041274439,1381,1065,300,0,55.75,3568.0,3.3502347417840377,5.0,1065,0.029491732576182726,1887.4708848756945,1845.2036429042155,42.26724197147865,0.010683964869181108,0.0004273585947672443,6.6774780432381925e-06,0.1382704180250862,64
23360,364,365,406.2250625758357,6.347266602747433,0.7620689655172413,0.7620689655172413,1450,1105,342,0,60.203125,3853.0,3.4868778280542987,5.0,1105,0.03265751963906825,2090.0812569003683,2044.666436544882,45.414820355487265,0.011765502505078162,0.0004706201002031265,7.3534390656738515e-06,0.1379456117240279,64
23424,365,366,384.22360766509684,6.003493869767138,0.7724907063197026,0.7724907063197026,1345,1039,310,0,52.3125,3348.0,3.2223291626564006,5.0,1039,0.031353547134622836,2006.6270166158613,1967.8323777475857,38.794638868274404,0.01155925757661318,0.00046237030306452723,7.224535985383238e-06,0.13758610533291912,64
23488,366,367,389.15021893090614,6.080472170795408,0.7710755813953488,0.7710755813953488,1376,1061,331,0,57.046875,3651.0,3.4410933081998114,5.0,1061,0.03188782790085115,2040.8209856544738,1997.9244528021995,42.89653285227305,0.01154209613696871,0.00046168384547874843,7.213810085605444e-06,0.13856949552665412,64
23552,367,368,391.6511538834582,6.119549279429035,0.767172812725958,0.767172812725958,1383,1061,316,0,57.640625,3689.0,3.476908576814326,5.0,1061,0.03076364211220417,1968.873095181067,1926.4835170968774,42.38957808418966,0.012032638679599526,0.00048130554718398103,7.5203991747497036e-06,0.13954398583124905,64
23616,368,369,394.7234276114782,6.167553556429347,0.7524339360222532,0.7524339360222532,1438,1082,344,0,59.875,3832.0,3.5415896487985212,5.0,1082,0.03284297827380838,2101.950609523736,2055.7053862861035,46.24522323763272,0.012939696167665464,0.0005175878467066186,8.087310104790915e-06,0.14025364457131484,64
23680,369,370,382.5392977408444,5.977176527200694,0.7467902995720399,0.7467902995720399,1402,1047,334,0,56.484375,3615.0,3.4527220630372493,5.0,1047,0.02927072798227839,1873.326590865817,1829.6650694170598,43.66152144875676,0.01117066286067205,0.00044682651442688205,6.981664287920032e-06,0.14118871396872068,64
23744,370,371,390.3066052245379,6.098540706633405,0.7670250896057348,0.7670250896057348,1395,1070,339,0,59.234375,3791.0,3.5429906542056075,5.0,1070,0.03242435792696302,2075.158907325633,2032.2088156691043,42.950091656529786,0.012745384391954636,0.0005098153756781854,7.965865244971648e-06,0.14240029753280226,64
23808,371,372,420.4649164485014,6.569764319507835,0.8028776978417266,0.8028776978417266,1390,1116,288,0,59.53125,3810.0,3.413978494623656,5.0,1116,0.03517860037203439,2251.430423810201,2209.748052699641,41.682371110560375,0.013849585716781649,0.000553983428671266,8.655991072988531e-06,0.1433375975443265,64
23872,372,373,425.86127995697666,6.65408249932776,0.7851239669421488,0.7851239669421488,1452,1140,311,0,59.21875,3790.0,3.324561403508772,5.0,1140,0.035082551189301606,2245.2832761153027,2203.932261049576,41.3510150657264,0.013847900176920029,0.0005539160070768012,8.654937610575018e-06,0.14404007088289555,64
23936,373,374,418.15211773065164,6.533626839541432,0.7815771109560363,0.7815771109560363,1433,1120,314,0,57.671875,3691.0,3.2955357142857142,5.0,1120,0.031495113324730664,2015.6872527827627,1975.1568892151795,40.53036356758312,0.012394473356897261,0.0004957789342758905,7.746545848060789e-06,0.1450011533414021,64
24000,374,375,413.16256243643784,6.455665038069341,0.7780879274249826,0.7780879274249826,1433,1115,321,0,59.765625,3825.0,3.430493273542601,5.0,1115,0.03306369163685761,2116.0762647588867,2073.0681748812935,43.00808987759327,0.01373685405535662,0.0005494741622142648,8.585533784597887e-06,0.1460844044305442,64
24064,375,376,417.8792746430704,6.529363666297975,0.7649028801071668,0.7649028801071668,1493,1142,348,0,63.140625,4041.0,3.5385288966725046,5.0,1142,0.038372102143332455,2455.814537173277,2409.8017931360373,46.01274403723916,0.015837950983730455,0.0006335180393492181,9.898719364831533e-06,0.1470177874294123,64
24128,376,377,386.8012701125127,6.043769845508011,0.7489361702127659,0.7489361702127659,1410,1056,326,0,57.390625,3673.0,3.478219696969697,5.0,1056,0.0319212774496258,2042.9617567760513,1999.5167681436014,43.44498863245046,0.012584000274159677,0.0005033600109663871,7.865000171349798e-06,0.14750408226218842,64
24192,377,378,380.8120051929793,5.950187581140302,0.7629467541940189,0.7629467541940189,1371,1046,339,0,56.65625,3626.0,3.4665391969407264,5.0,1046,0.030124859904528848,1927.9910338898462,1885.7675925866497,42.223441303196836,0.011774986850577757,0.0004709994740231103,7.359366781611099e-06,0.14766660309925136,64
24256,378,379,404.47139635410366,6.31986556803287,0.7971872686898593,0.7971872686898593,1351,1077,288,0,58.203125,3725.0,3.458681522748375,5.0,1077,0.03202486949659364,2049.591647781993,2008.455472346529,41.13617543546372,0.012266551606493058,0.0004906620642597223,7.666594754058161e-06,0.14825536820433038,64
24320,379,380,395.0299223678498,6.172342536997653,0.7588652482269503,0.7588652482269503,1410,1070,320,0,58.3125,3732.0,3.4878504672897197,5.0,1070,0.03034603573157327,1942.1462868206893,1899.0956644142393,43.05062240644888,0.01210887646485152,0.00048435505859406076,7.568047790532199e-06,0.1486179358166017,64
24384,380,381,409.46561292219496,6.397900201909296,0.8005843681519357,0.8005843681519357,1369,1096,304,0,58.6875,3756.0,3.427007299270073,5.0,1096,0.032941432319823674,2108.2516684687153,2065.998650615043,42.25301785367191,0.012491062635966482,0.0004996425054386593,7.80691414747905e-06,0.148688406072448,64
24448,381,382,384.7755986930132,6.012118729578331,0.7544867193108399,0.7544867193108399,1393,1051,330,0,54.71875,3502.0,3.3320647002854424,5.0,1051,0.0330935199707537,2117.985278128237,2076.5649305251,41.42034760313725,0.012750958257203454,0.0005100383302881382,7.96934891075216e-06,0.14841054818165797,64
24512,382,383,386.5409560206083,6.0397024378220046,0.752306600425834,0.752306600425834,1409,1060,341,0,55.40625,3546.0,3.3452830188679243,5.0,1060,0.031882018126743635,2040.4491601115924,1998.7061045914738,41.743055520118396,0.011647101766533748,0.00046588407066134994,7.279438604083593e-06,0.14782188665046636,64
24576,383,384,417.15104533928786,6.517985083426373,0.7733788395904437,0.7733788395904437,1465,1133,343,0,59.859375,3831.0,3.381288614298323,5.0,1133,0.03567626081043266,2283.28069186769,2239.564173729446,43.71651813824511,0.013060917823864144,0.0005224367129545658,8.16307363991509e-06,0.14695563755238483,64
24640,384,385,391.89911057031435,6.123423602661162,0.7575971731448763,0.7575971731448763,1415,1072,337,0,57.40625,3674.0,3.4272388059701493,5.0,1072,0.031364784945759144,2007.3462365285855,1963.0228520543362,44.32338447425036,0.012313154219208483,0.0004925261687683393,7.695721387005302e-06,0.14574298096376165,64
24704,385,386,389.89134038842286,6.092052193569107,0.7772893772893773,0.7772893772893773,1365,1061,321,0,55.890625,3577.0,3.371347785108388,5.0,1061,0.0334008918314505,2137.657077212832,2097.972937007937,39.68414020489482,0.013019169124491855,0.0005207667649796742,8.13698070280741e-06,0.14434936530566683,64
24768,386,387,378.53172816821154,5.914558252628305,0.7498187092095722,0.7498187092095722,1379,1034,325,0,52.53125,3362.0,3.251450676982592,5.0,1034,0.029560060635176993,1891.8438806513275,1852.9731059774438,38.87077467388351,0.011541650740113036,0.0004616660296045214,7.213531712570647e-06,0.1437251870366169,64
24832,387,388,394.73193107422117,6.167686423034706,0.7759245830311821,0.7759245830311821,1379,1070,319,0,55.21875,3534.0,3.302803738317757,5.0,1070,0.031558058686297505,2019.7157559230402,1978.5873025877345,41.128453335305295,0.01233271984620694,0.0004933087938482776,7.707949903879338e-06,0.14364294854480497,64
24896,388,389,421.19688274375085,6.581201292871107,0.768762677484787,0.768762677484787,1479,1137,326,0,59.359375,3799.0,3.341248900615655,5.0,1137,0.03406015961434985,2179.8502153183904,2136.5954561862013,43.254759132189044,0.014145310906152618,0.0005658124362461047,8.840819316345386e-06,0.1438814358226288,64
24960,389,390,404.1908506593894,6.31548204155296,0.7814521926671459,0.7814521926671459,1391,1087,313,0,57.59375,3686.0,3.390984360625575,5.0,1087,0.0304835686688239,1950.9483948047298,1910.052929083123,40.89546572160694,0.012561943461909857,0.0005024777384763943,7.85121466369366e-06,0.14434854332941277,64
25024,390,391,433.0795772171243,6.766868394017568,0.7860528097494922,0.7860528097494922,1477,1161,315,0,60.5625,3876.0,3.338501291989664,5.0,1161,0.03723528649808138,2383.0583358772083,2340.180824593432,42.87751128377897,0.015161774832733902,0.0006064709933093561,9.47610927045869e-06,0.1444601878070831,64
25088,391,392,403.753191094439,6.308643610850609,0.7640527411519777,0.7640527411519777,1441,1101,331,0,54.75,3504.0,3.1825613079019073,5.0,1101,0.03498864138320516,2239.2730485251304,2199.4359823772447,39.83706614788541,0.015309889181602762,0.0006123955672641105,9.568680738501727e-06,0.14430530958135704,64
25152,392,393,412.0487293312971,6.438261395801518,0.7971119133574007,0.7971119133574007,1385,1104,303,0,55.671875,3563.0,3.227355072463768,5.0,1104,0.03340111073712895,2137.671087176253,2099.37354196887,38.297545207382925,0.01360965885513686,0.0005443863542054744,8.506036784460538e-06,0.14408159550871774,64
25216,393,394,419.1998724313371,6.549998006739642,0.7892122072391767,0.7892122072391767,1409,1112,283,0,54.140625,3465.0,3.116007194244604,5.0,1112,0.03463351193667376,2216.5447639471204,2179.100777731396,37.44398621572307,0.014000178267570872,0.0005600071307028349,8.750111417231795e-06,0.1444258068331324,64
25280,394,395,444.82865449762124,6.950447726525332,0.8104166666666667,0.8104166666666667,1440,1167,275,0,57.0625,3652.0,3.1293916023993145,5.0,1167,0.034323207846855636,2196.685302198761,2158.3704991484487,38.31480305031198,0.013979175372666497,0.0005591670149066598,8.73698460791656e-06,0.14541111347450086,64
25344,395,396,433.9221671874758,6.780033862304309,0.803633822501747,0.803633822501747,1431,1150,285,0,54.59375,3494.0,3.0382608695652173,5.0,1150,0.03882428881978497,2484.754484466238,2449.565164700492,35.18931976574768,0.015951084660719497,0.00063804338642878,9.969427912949687e-06,0.1461639233045104,64
25408,396,397,439.14484520469364,6.861638206323338,0.8166311300639659,0.8166311300639659,1407,1149,260,0,54.25,3472.0,3.021758050478677,5.0,1149,0.03666663073311715,2346.6643669194978,2312.314082992041,34.3502839274572,0.015182282659805037,0.0006072913063922015,9.488926662378148e-06,0.14666344874744758,64
25472,397,398,442.5484522162018,6.914819565878153,0.8138558432470259,0.8138558432470259,1429,1163,272,0,55.296875,3539.0,3.0429922613929494,5.0,1163,0.036591188770027115,2341.8360812817355,2306.4281498690366,35.40793141269906,0.015459969748637753,0.0006183987899455101,9.662481092898595e-06,0.14678809461663866,64
25536,398,399,410.6294806845132,6.416085635695519,0.7931286549707602,0.7931286549707602,1368,1085,272,0,52.5625,3364.0,3.1004608294930875,5.0,1085,0.031147194138010988,1993.4204248327032,1955.4160095856453,38.00441524705741,0.012331497953564748,0.00049325991814259,7.707186220977968e-06,0.1467120759963143,64
25600,399,400,437.11303975935766,6.8298912462399635,0.8167613636363636,0.8167613636363636,1408,1150,276,0,56.375,3608.0,3.137391304347826,5.0,1150,0.03561165768487188,2279.1460918318003,2241.7602877257646,37.385804106035344,0.014349306743987607,0.0005739722697595043,8.968316714992255e-06,0.14710924667135752,64
25664,400,401,427.4661199611818,6.6791581243934655,0.7806896551724138,0.7806896551724138,1450,1132,283,0,56.109375,3591.0,3.17226148409894,5.0,1132,0.035967574804316414,2301.9247874762505,2263.508781970062,38.41600550618826,0.014633086692740941,0.0005853234677096376,9.145679182963088e-06,0.1473542425544808,64
25728,401,402,446.26518075107776,6.97289344923559,0.8168523676880223,0.8168523676880223,1436,1173,276,0,59.375,3800.0,3.239556692242114,5.0,1173,0.03813429242878443,2440.594715442204,2400.619633817663,39.97508162454132,0.015139046705599717,0.0006055618682239887,9.461904190999823e-06,0.14743938628350808,64
25792,402,403,416.33552007043716,6.5052425011005806,0.7871287128712872,0.7871287128712872,1414,1113,299,0,52.953125,3389.0,3.0449236298292903,5.0,1113,0.03527856494516003,2257.8281564902422,2221.0708578032654,36.7572986869749,0.01411142804051082,0.0005644571216204328,8.819642525319262e-06,0.1470895977326594,64
25856,403,404,414.43969699345615,6.475620265522752,0.7904490377761939,0.7904490377761939,1403,1109,302,0,55.25,3536.0,3.188458070333634,5.0,1109,0.03472558800547814,2222.437632350601,2183.1963185314826,39.24131381911798,0.013665912792370631,0.0005466365116948253,8.541195495231645e-06,0.14640321522768673,64
25920,404,405,418.32528310506643,6.536332548516663,0.7935943060498221,0.7935943060498221,1405,1115,296,0,55.390625,3545.0,3.179372197309417,5.0,1115,0.03329803343210204,2131.0741396545304,2091.717428170658,39.35671148387216,0.013243685380714737,0.0005297474152285895,8.27730336294671e-06,0.14576642231867942,64
25984,405,406,410.16096721263,6.408765112697344,0.7671517671517671,0.7671517671517671,1443,1107,321,0,55.40625,3546.0,3.203252032520325,5.0,1107,0.03312635926981387,2120.0869932680876,2078.3460727905945,41.7409204774925,0.012822399991624161,0.0005128959996649664,8.0139999947651e-06,0.1454274371984403,64
26048,406,407,422.1099764829586,6.595468382546228,0.8,0.8,1405,1124,299,0,56.875,3640.0,3.2384341637010676,5.0,1124,0.0333476116957464,2134.2471485277692,2094.9867853730616,39.26036315470773,0.013045939516586494,0.0005218375806634597,8.153712197866558e-06,0.14491219605457184,64
26112,407,408,406.74001764909826,6.35531277576716,0.7806451612903226,0.7806451612903226,1395,1089,300,0,54.078125,3461.0,3.1781450872359964,5.0,1089,0.032892176823116695,2105.0993166794683,2066.484324255006,38.61499242446263,0.012680828597520975,0.000507233143900839,7.92551787345061e-06,0.14434591993628987,64
26176,408,409,436.3861681717543,6.818533877683661,0.7900815217391305,0.7900815217391305,1472,1163,302,0,55.8125,3572.0,3.0713671539122958,5.0,1163,0.03968201173225368,2539.6487508642354,2499.92388855703,39.724862307205846,0.01535350596554881,0.0006141402386219524,9.595941228468006e-06,0.14415939782704246,64
26240,409,410,404.33867112596363,6.317791736343182,0.7938144329896907,0.7938144329896907,1358,1078,285,0,50.078125,3205.0,2.9730983302411875,5.0,1078,0.03326771112823195,2129.133512206845,2093.3011604868466,35.83235171999857,0.013551662777480322,0.0005420665110992129,8.469789235925201e-06,0.143751079670724,64
26304,410,411,417.3049772179512,6.520390269030488,0.8051094890510949,0.8051094890510949,1370,1103,277,0,55.046875,3523.0,3.1940163191296462,5.0,1103,0.03304525697197968,2114.8964462066997,2076.7881683072987,38.10827789940204,0.013418803705507567,0.0005367521482203027,8.38675231594223e-06,0.14280430970541824,64
26368,411,412,432.6744456583787,6.760538213412167,0.7990230286113049,0.7990230286113049,1433,1145,285,0,58.875,3768.0,3.2908296943231443,5.0,1145,0.03644352438347111,2332.385560542151,2291.626427376995,40.75913316515497,0.014615875201829593,0.0005846350080731837,9.134922001143496e-06,0.1419641467929772,64
26432,412,413,445.3555102817303,6.958679848152036,0.7929871881321645,0.7929871881321645,1483,1176,296,0,57.8125,3700.0,3.1462585034013606,5.0,1176,0.03349773311095627,2143.854919101201,2103.3774731743797,40.47744592682198,0.013357277570542897,0.0005342911028217159,8.34829848158931e-06,0.1415298939947066,64
26496,413,414,413.5179281641877,6.461217627565433,0.7932519741564967,0.7932519741564967,1393,1105,300,0,54.25,3472.0,3.142081447963801,5.0,1105,0.035525642437774646,2273.641116017577,2234.2399347970236,39.401181220553156,0.014207507504238355,0.0005683003001695342,8.879692190148972e-06,0.14092338898486528,64
26560,414,415,409.8753206784876,6.4043018856013685,0.787463976945245,0.787463976945245,1388,1093,292,0,54.015625,3457.0,3.162854528819762,5.0,1093,0.03335753753574611,2134.8824022877507,2094.9765406116258,39.90586167612557,0.013412299294646298,0.0005364919717858519,8.382687059153936e-06,0.1399038874881391,64
26624,415,416,442.8423235247061,6.919411305073533,0.8031658637302134,0.8031658637302134,1453,1167,287,0,59.125,3784.0,3.242502142245073,5.0,1167,0.03540875752036077,2266.160481303089,2224.2542599411495,41.90622136193874,0.01369934160567111,0.0005479736642268444,8.562088503544444e-06,0.13894540161613708,64
26688,416,417,418.4342443421041,6.538035067845376,0.7889908256880734,0.7889908256880734,1417,1118,305,0,57.40625,3674.0,3.2862254025044724,5.0,1118,0.032540981741136135,2082.6228314327127,2040.7226851951013,41.90014623761164,0.013066867930036377,0.0005226747172014551,8.166792456272736e-06,0.13874549200802644,64
26752,417,418,400.13376639098084,6.252090099859076,0.7685185185185185,0.7685185185185185,1404,1079,314,0,54.59375,3494.0,3.2381835032437443,5.0,1079,0.030966298278562985,1981.843089828031,1941.0676708921355,40.77541893589536,0.011780746558456718,0.00047122986233826876,7.362966599035449e-06,0.13864745032724118,64
26816,418,419,406.96532769167936,6.35883324518249,0.7831066571224051,0.7831066571224051,1397,1094,313,0,54.765625,3505.0,3.203839122486289,5.0,1094,0.03237737862902325,2072.152232257488,2033.0428756194224,39.10935663806467,0.011809121139739134,0.00047236484558956535,7.3807007123369586e-06,0.1391805098389462,64
26880,419,420,410.1562372205956,6.408691206571806,0.748494983277592,0.748494983277592,1495,1119,352,0,57.46875,3678.0,3.28686327077748,5.0,1119,0.035207842500525575,2253.3019200336366,2208.9299790343116,44.371940999326036,0.01232193831109099,0.0004928775324436396,7.701211444431869e-06,0.1396776500828602,64
26944,420,421,420.3658510396467,6.56821642249448,0.7756497948016415,0.7756497948016415,1462,1134,330,0,60.0,3840.0,3.386243386243386,5.0,1134,0.03569961673245013,2284.7754708768084,2239.1701105156367,45.605360361172565,0.0128639211593691,0.000514556846374764,8.039950724605688e-06,0.1399861132038121,64
27008,421,422,398.09361789756827,6.220212779649504,0.779796511627907,0.779796511627907,1376,1073,319,0,57.703125,3693.0,3.441752096924511,5.0,1073,0.029854045055407737,1910.6588835460952,1867.8926862806707,42.766197265425376,0.010105785916075645,0.0004042314366430258,6.316116197547278e-06,0.14071830222597456,64
27072,422,423,390.3626504798231,6.099416413747236,0.7601713062098501,0.7601713062098501,1401,1065,336,0,58.359375,3735.0,3.507042253521127,5.0,1065,0.030275702073436914,1937.6449326999625,1890.5553686277988,47.08956407216434,0.010893876294871332,0.0004357550517948533,6.808672684294583e-06,0.14120362549936616,64
27136,423,424,391.70892672333207,6.120451980052064,0.7688953488372093,0.7688953488372093,1376,1058,316,0,58.5625,3748.0,3.5425330812854443,5.0,1058,0.03047999859004481,1950.7199097628677,1903.7724360454752,46.94747371739337,0.010585821228367313,0.0004234328491346925,6.616138267729571e-06,0.1414983839368342,64
27200,424,425,388.2996376840937,6.067181838813964,0.759018759018759,0.759018759018759,1386,1052,318,0,55.890625,3577.0,3.400190114068441,5.0,1052,0.03098986087936838,1983.3510962795765,1938.611799834223,44.73929644535327,0.011003493631919306,0.00044013974527677224,6.877183519949566e-06,0.14139468220748205,64
27264,425,426,409.680272495627,6.401254257744172,0.7581521739130435,0.7581521739130435,1472,1116,351,0,59.375,3800.0,3.4050179211469533,5.0,1116,0.03490622270122987,2233.998252878712,2188.0143742461705,45.9838786325418,0.012065447086471138,0.0004826178834588455,7.540904429044461e-06,0.14114739236966273,64
27328,426,427,374.03257515662847,5.84425898682232,0.7687074829931972,0.7687074829931972,1323,1017,322,0,53.921875,3451.0,3.393313667649951,5.0,1017,0.027920097538247694,1786.8862424478525,1744.3570700071004,42.52917244075254,0.008860021113769065,0.0003544008445507626,5.537513196105666e-06,0.14040392293915194,64
27392,427,428,404.71642494525895,6.323694139769671,0.7778576563623293,0.7778576563623293,1391,1082,301,0,56.828125,3637.0,3.3613678373382623,5.0,1082,0.03241469206786179,2074.5402923431543,2032.7372790966938,41.80301324645998,0.011250232882892007,0.00045000931531568027,7.031395551807504e-06,0.13930125926331016,64
27456,428,429,422.77862672868446,6.605916042635695,0.7991422444603288,0.7991422444603288,1399,1118,290,0,59.109375,3783.0,3.383720930232558,5.0,1118,0.03370232511317466,2156.948807243178,2113.850114945049,43.09869229812989,0.01129535030447733,0.00045181401217909316,7.059593940298331e-06,0.1380801159066234,64
27520,429,430,403.085586635773,6.298212291183953,0.7902511078286558,0.7902511078286558,1354,1070,284,0,53.65625,3434.0,3.209345794392523,5.0,1070,0.0323719940428338,2071.807618741363,2033.4335096110217,38.37410913034125,0.01086784710195608,0.0004347138840782432,6.79240443872255e-06,0.13732663983157306,64
27584,430,431,390.17048014025283,6.0964137521914505,0.7768777614138439,0.7768777614138439,1358,1055,320,0,51.703125,3309.0,3.1364928909952607,5.0,1055,0.033208434289349706,2125.339794518381,2088.765454678732,36.57433983964905,0.010608927268474944,0.0004243570907389978,6.6305795427968405e-06,0.1369932195752948,64
27648,431,432,431.348954401205,6.739827412518828,0.7910863509749304,0.7910863509749304,1436,1136,289,0,57.5,3680.0,3.23943661971831,5.0,1136,0.03464234837920249,2217.1102962689597,2176.063052118432,41.04724415052707,0.011005619069890584,0.0004402247627956234,6.878511918681616e-06,0.1369100619223167,64
27712,432,433,424.5271798207972,6.633237184699956,0.8121301775147929,0.8121301775147929,1352,1098,243,0,51.703125,3309.0,3.0136612021857925,5.0,1098,0.03256435414577591,2084.118665329658,2049.1948642031807,34.923801126477656,0.010137162125115395,0.00040548648500461583,6.335726328197122e-06,0.13642089867028392,64
27776,433,434,446.7498042153604,6.980465690865007,0.8226950354609929,0.8226950354609929,1410,1160,264,0,54.484375,3487.0,3.0060344827586207,5.0,1160,0.037467456057653864,2397.917187689847,2364.0466183012795,33.8705693885688,0.011559406149155705,0.0004623762459662282,7.224628843222316e-06,0.13563331515228833,64
27840,434,435,425.10553001057843,6.642273906415288,0.8065454545454546,0.8065454545454546,1375,1109,267,0,52.046875,3331.0,3.0036068530207394,5.0,1109,0.03276977203133464,2097.265410005417,2063.0557016143825,34.20970839103414,0.009774582936915901,0.00039098331747663604,6.109114335572438e-06,0.134532369338081,64
27904,435,436,436.2040147894046,6.815687731084447,0.8227571115973742,0.8227571115973742,1371,1128,246,0,52.4375,3356.0,2.975177304964539,5.0,1128,0.03504029504142125,2242.5788826509597,2209.181855078165,33.39702757279384,0.011150019407356476,0.000446000776294259,6.968762129597797e-06,0.13355626932654024,64
27968,436,437,418.0588961558068,6.532170252434481,0.7850599013389711,0.7850599013389711,1419,1114,305,0,53.609375,3431.0,3.0798922800718134,5.0,1114,0.03598735363636766,2303.19063272753,2265.3919682479286,37.798664479601136,0.011815907961041861,0.0004726363184416744,7.384942475651163e-06,0.13323183515283016,64
28032,437,438,408.0287959152306,6.375449936175478,0.7957227138643068,0.7957227138643068,1356,1079,281,0,54.203125,3469.0,3.21501390176089,5.0,1079,0.03292300161272628,2107.072103214482,2068.4215979924543,38.65050522202679,0.01080183195955984,0.0004320732783823936,6.7511449747249e-06,0.13360242188923696,64
28096,438,439,414.68294807408097,6.479421063657515,0.7973856209150327,0.7973856209150327,1377,1098,290,0,56.953125,3645.0,3.319672131147541,5.0,1098,0.03229039541714084,2066.585306697014,2025.5488405746328,41.03646612238139,0.010752086442218804,0.0004300834576887522,6.720054026386753e-06,0.13454213738442128,64
28160,439,440,392.962266973411,6.1400354214595465,0.7626262626262627,0.7626262626262627,1386,1057,309,0,52.96875,3390.0,3.207190160832545,5.0,1057,0.0318482473353987,2038.2878294655168,1999.0030975911852,39.28473187433136,0.010667270100304172,0.0004266908040121669,6.667043812690108e-06,0.13508155166206037,64
28224,440,441,416.76540713746664,6.511959486522916,0.7932031814895155,0.7932031814895155,1383,1097,274,0,53.8125,3444.0,3.13947128532361,5.0,1097,0.0345900808998448,2213.765177590067,2175.394805950154,38.3703716399133,0.01151456029680732,0.0004605824118722928,7.196600185504575e-06,0.135335209820597,64
28288,441,442,418.2805942502885,6.535634285160758,0.7892122072391767,0.7892122072391767,1409,1112,297,0,54.53125,3490.0,3.1384892086330933,5.0,1112,0.035943842640843965,2300.405929014014,2262.036784836338,38.36914417767681,0.012119654183728124,0.0004847861673491249,7.574783864830077e-06,0.13547325306746216,64
28352,442,443,416.64865268716164,6.510135198236901,0.7852586817859674,0.7852586817859674,1411,1108,300,0,53.21875,3406.0,3.0740072202166067,5.0,1108,0.03216357658519771,2058.4689014526534,2021.6578919811484,36.81100947150492,0.011206232272800752,0.0004482492909120301,7.00389517050047e-06,0.1360061046420771,64
28416,443,444,414.1261962523035,6.470721816442242,0.7949458483754512,0.7949458483754512,1385,1101,294,0,54.125,3464.0,3.146230699364214,5.0,1101,0.0344287717953921,2203.4413949050945,2165.313824687629,38.127570217465625,0.011842696870383014,0.0004737078748153205,7.401685543989383e-06,0.136781520888484,64
28480,444,445,395.5306566379634,6.180166509968178,0.7769679300291545,0.7769679300291545,1372,1066,307,0,51.328125,3285.0,3.0816135084427767,5.0,1066,0.03539916808340335,2265.546757337814,2231.3054960611566,34.24126127665645,0.012483177464647588,0.0004993270985859035,7.801985915404742e-06,0.13795684895791133,64
28544,445,446,441.09864927746617,6.892166394960409,0.7906186267845003,0.7906186267845003,1471,1163,294,0,55.265625,3537.0,3.0412725709372315,5.0,1163,0.035649048585826654,2281.539109492906,2243.474412035428,38.064697457477905,0.012065996897529137,0.00048263987590116544,7.54124806095571e-06,0.13894080760579028,64
28608,446,447,433.69646273254114,6.776507230195955,0.8229317851959361,0.8229317851959361,1378,1134,268,0,55.046875,3523.0,3.1067019400352733,5.0,1134,0.03619241951000571,2316.314848640365,2280.194281701674,36.12056693869173,0.01252828649673571,0.0005011314598694284,7.830179060459818e-06,0.13946671443641462,64
28672,447,448,439.1481210398293,6.8616893912473325,0.802924791086351,0.802924791086351,1436,1153,276,0,55.703125,3565.0,3.0919340849956636,5.0,1153,0.037364672036483824,2391.3390103349648,2354.6636548046827,36.67535553028265,0.0139856916376849,0.000559427665507396,8.741057273553062e-06,0.1398417319642297,64
28736,448,449,431.81075947687793,6.747043116826218,0.8130841121495327,0.8130841121495327,1391,1131,268,0,53.640625,3433.0,3.0353669319186563,5.0,1131,0.036231443047937704,2318.812355068013,2283.3967731440316,35.41558192398256,0.012948395002300108,0.0005179358000920043,8.092746876437568e-06,0.1398854416658861,64
28800,449,450,418.92792283595037,6.5457487943117245,0.7740384615384616,0.7740384615384616,1456,1127,318,0,54.75,3504.0,3.1091393078970717,5.0,1127,0.0375452155718537,2402.893796598637,2364.9627702892576,37.93102630937941,0.0143258171271674,0.0005730326850866959,8.953635704479624e-06,0.13949049874318234,64
28864,450,451,429.45789194074865,6.710279561574198,0.793440334961619,0.793440334961619,1433,1137,290,0,53.828125,3445.0,3.0299032541776607,5.0,1137,0.03669536433250369,2348.5033172802364,2313.8404666889646,34.662850591271386,0.01372535652141851,0.0005490142608567404,8.578347825886569e-06,0.13947171231799563,64
28928,451,452,445.12978904979605,6.955152953903063,0.8202959830866807,0.8202959830866807,1419,1164,264,0,54.796875,3507.0,3.0128865979381443,5.0,1164,0.03898809606150624,2495.2381479363994,2461.4027861317436,33.83536180465552,0.01564821237713841,0.0006259284950855364,9.780132735711506e-06,0.1403057736390063,64
28992,452,453,437.75486803259633,6.839919813009318,0.8152096659559346,0.8152096659559346,1407,1147,262,0,52.671875,3371.0,2.9389712292938097,5.0,1147,0.03835386354621957,2454.6472669580526,2422.624696033991,32.02257092406217,0.015411218577884885,0.0006164487431153954,9.632011611178053e-06,0.14146385562790625,64
29056,453,454,454.92553153783564,7.108211430278682,0.8217000691085004,0.8217000691085004,1447,1189,264,0,54.46875,3486.0,2.931875525651808,5.0,1189,0.040208475893013775,2573.3424571528817,2541.005805109279,32.336652043604126,0.0163797417728952,0.000655189670915808,1.02373386080595e-05,0.14226584193243902,64
29120,454,455,456.5027248710835,7.13285507611068,0.8112313937753721,0.8112313937753721,1478,1199,274,0,55.59375,3558.0,2.9674728940783988,5.0,1199,0.04282452649982217,2740.769695988619,2706.3466635392106,34.42303244940975,0.01739581608423159,0.0006958326433692635,1.0872385052644743e-05,0.14367173379437817,64
29184,455,456,441.2336536795825,6.894275838743477,0.8255563531945441,0.8255563531945441,1393,1150,252,0,53.234375,3407.0,2.962608695652174,5.0,1150,0.03870592253182407,2477.17904203674,2445.527958510246,31.65108352649265,0.015552460169130936,0.0006220984067652375,9.720287605706835e-06,0.14506142286508567,64
29248,456,457,445.17710882824167,6.955892325441276,0.8080949057920447,0.8080949057920447,1433,1158,252,0,53.3125,3412.0,2.9464594127806563,5.0,1158,0.035725177580374766,2286.411365143985,2251.7889037340515,34.622461409934544,0.014617005144596868,0.0005846802057838747,9.135628215373042e-06,0.14601095269754208,64
29312,457,458,453.97095117657807,7.093296112134032,0.8265734265734266,0.8265734265734266,1430,1182,256,0,55.71875,3566.0,3.0169204737732658,5.0,1182,0.03878280592947358,2482.099579486309,2448.331484522135,33.76809496417448,0.015917955711982703,0.0006367182284793082,9.94872231998919e-06,0.14690713007533798,64
29376,458,459,452.19117849617487,7.065487164002732,0.8249299719887955,0.8249299719887955,1428,1178,255,0,55.171875,3531.0,2.997453310696095,5.0,1178,0.03929261894538627,2514.7276125047215,2482.0073330303194,32.72027947440202,0.01611602836706835,0.000644641134682734,1.0072517729417718e-05,0.14835762313419493,64
29440,459,460,445.77005135066827,6.965157052354192,0.8038277511961722,0.8038277511961722,1463,1176,282,0,55.015625,3521.0,2.994047619047619,5.0,1176,0.039833650144545554,2549.3536092509153,2514.5525756135335,34.80103363738237,0.016133934772463856,0.0006453573908985542,1.008370923278991e-05,0.14944792811378443,64
29504,460,461,434.55230543944526,6.789879772491332,0.7955647955647955,0.7955647955647955,1443,1148,283,0,58.515625,3745.0,3.2621951219512195,5.0,1148,0.03592621274065325,2299.2776154018084,2259.2364762087745,40.04113919303309,0.014391563562146862,0.0005756625424858745,8.994727226341789e-06,0.15026210759997655,64
29568,461,462,422.40029002557026,6.600004531649535,0.7938071780436312,0.7938071780436312,1421,1128,304,0,55.796875,3571.0,3.1657801418439715,5.0,1128,0.035707372069081075,2285.2718124211888,2246.5988832577436,38.67292916344526,0.014103344761034767,0.0005641337904413907,8.81459047564673e-06,0.15070121494705896,64
29632,462,463,424.9069187478641,6.6391706054353765,0.7713517148621385,0.7713517148621385,1487,1147,330,0,58.984375,3775.0,3.2911944202266783,5.0,1147,0.03677249242604266,2353.4395152667303,2310.811632139434,42.62788312729644,0.014596118272005952,0.0005838447308802381,9.12257392000372e-06,0.1516398695554883,64
29696,463,464,424.29684201423964,6.629638156472494,0.8021276595744681,0.8021276595744681,1410,1131,297,0,58.0625,3716.0,3.2855879752431476,5.0,1131,0.03495674517933222,2237.2316914772623,2199.1785000209293,38.05319145633234,0.014269665590372968,0.0005707866236149187,8.918540993983105e-06,0.15246334343595538,64
29760,464,465,407.2939407403595,6.3639678240681175,0.7807829181494662,0.7807829181494662,1405,1097,309,0,54.6875,3500.0,3.1905195989061075,5.0,1097,0.03434267727568052,2197.9313456435534,2160.6359749550447,37.2953706885085,0.014727734924441141,0.0005891093969776456,9.204834327775713e-06,0.15276584051435796,64
29824,465,466,420.1255029270749,6.564460983235545,0.779835390946502,0.779835390946502,1458,1137,327,0,58.515625,3745.0,3.2937554969217238,5.0,1137,0.036039746949147036,2306.5438047454104,2265.5956510834135,40.94815366199656,0.015163466061491191,0.0006065386424596477,9.477166288431995e-06,0.15285044674381398,64
29888,466,467,415.4393003764577,6.491239068382152,0.7868852459016393,0.7868852459016393,1403,1104,281,0,56.953125,3645.0,3.301630434782609,5.0,1104,0.034710786450984986,2221.490332863039,2181.3061015449034,40.18423131813475,0.014941934704172698,0.0005976773881669079,9.338709190107936e-06,0.15253578047775312,64
29952,467,468,441.23507267035916,6.894298010474362,0.7837301587301587,0.7837301587301587,1512,1185,329,0,60.84375,3894.0,3.286075949367089,5.0,1185,0.035775075187310185,2289.604811987852,2247.011872364607,42.59293962324501,0.014978731108563072,0.0005991492443425229,9.36170694285192e-06,0.15195437107015378,64
30016,468,469,398.94678234102673,6.233543474078543,0.7695035460992907,0.7695035460992907,1410,1085,319,0,54.21875,3470.0,3.19815668202765,5.0,1085,0.03247340738639897,2078.298072729534,2037.9904687602318,40.30760396930062,0.014669833106988855,0.0005867933242795542,9.168645691868035e-06,0.15099242469546417,64
30080,469,470,396.7867621303779,6.199793158287155,0.7578506629448709,0.7578506629448709,1433,1086,341,0,57.09375,3654.0,3.3646408839779007,5.0,1086,0.03356249659350765,2147.99978198449,2105.204538031933,42.79524395255718,0.014773513200566293,0.0005909405280226517,9.233445750353933e-06,0.1497068836122401,64
30144,470,471,388.599496717353,6.071867136208641,0.7771303714493809,0.7771303714493809,1373,1067,336,0,54.625,3496.0,3.2764761012183694,5.0,1067,0.031985457458095196,2047.0692773180926,2007.142029150346,39.92724816774549,0.014142475339581871,0.0005656990135832748,8.839047087238669e-06,0.14858036390570842,64
30208,471,472,406.9017642632465,6.357840066613226,0.7758257203092059,0.7758257203092059,1423,1104,320,0,56.828125,3637.0,3.2943840579710146,5.0,1104,0.03601562702821785,2305.0001298059424,2264.63555940353,40.36457040241383,0.01631674280032522,0.0006526697120130089,1.0197964250203264e-05,0.1487025102829026,64
30272,472,473,405.817858546356,6.340904039786812,0.778969957081545,0.778969957081545,1398,1089,292,0,54.921875,3515.0,3.2277318640955004,5.0,1089,0.033630788810066675,2152.3704838442673,2112.4972228699176,39.87326097434938,0.015635596462885194,0.0006254238585154078,9.772247789303247e-06,0.1496407956444725,64
30336,473,474,432.8548672516814,6.763357300807522,0.7940566689702834,0.7940566689702834,1447,1149,290,0,57.984375,3711.0,3.22976501305483,5.0,1149,0.03651076099806033,2336.6887038758614,2296.015644114262,40.67305976159881,0.016522370857325937,0.0006608948342930375,1.0326481785828711e-05,0.1503266215309473,64
30400,474,475,416.66729566984804,6.510426494841376,0.7974044700793078,0.7974044700793078,1387,1106,275,0,53.90625,3450.0,3.119349005424955,5.0,1106,0.032714818361853394,2093.7483751586174,2057.726982382176,36.021392776441296,0.015093326424173,0.00060373305696692,9.433329015108124e-06,0.15070638569227401,64
30464,475,476,412.72928047517814,6.4488950074246585,0.8039358600583091,0.8039358600583091,1372,1103,288,0,53.015625,3393.0,3.0761559383499546,5.0,1103,0.03350122115027165,2144.0781536173854,2107.6433688985817,36.43478471880386,0.015886935765897187,0.0006354774306358875,9.929334853685742e-06,0.1509397159382667,64
30528,476,477,406.31461928396646,6.348665926311976,0.808095952023988,0.808095952023988,1334,1078,264,0,52.59375,3366.0,3.122448979591837,5.0,1078,0.034473410637349815,2206.298280790388,2171.9817852381093,34.31649555227912,0.01576568829106361,0.0006306275316425445,9.853555181914757e-06,0.15159724779602546,64
30592,477,478,406.72634877906637,6.355099199672912,0.7895500725689405,0.7895500725689405,1378,1088,283,0,52.40625,3354.0,3.082720588235294,5.0,1088,0.0353121868067067,2259.9799556292287,2224.5975377154336,35.38241791379579,0.016789019520108407,0.0006715607808043363,1.0493137200067755e-05,0.1528006361822534,64
30656,478,479,410.2139273059517,6.409592614155495,0.7927007299270074,0.7927007299270074,1370,1086,265,0,52.8125,3380.0,3.1123388581952116,5.0,1086,0.03330546637332463,2131.549847892776,2094.6072873491944,36.94256054358068,0.015380778813650449,0.000615231152546018,9.61298675853153e-06,0.15408282271162443,64
30720,479,480,387.25412617078365,6.0508457214184945,0.8017174082747853,0.8017174082747853,1281,1027,264,0,51.078125,3269.0,3.1830574488802337,5.0,1027,0.027820079901786927,1780.4851137143633,1745.5588836314787,34.926230082884366,0.01251035173277442,0.0005004140693109768,7.818969832984012e-06,0.1548858579633539,64
30784,480,481,430.07144986838716,6.719866404193549,0.8009776536312849,0.8009776536312849,1432,1147,293,0,57.5,3680.0,3.208369659982563,5.0,1147,0.03786655995330403,2423.4598370114577,2384.8475440733905,38.612292938067526,0.017166433858866768,0.0006866573543546707,1.072902116179173e-05,0.15538910773751685,64
30848,481,482,439.2471468363804,6.863236669318444,0.8071278825995807,0.8071278825995807,1431,1155,271,0,59.1875,3788.0,3.2796536796536797,5.0,1155,0.03384776317430099,2166.2568431552636,2125.382907254911,40.87393590035225,0.015518704618940418,0.0006207481847576167,9.699190386837761e-06,0.15566538962136425,64
30912,482,483,421.27829356574466,6.58247333696476,0.7922535211267606,0.7922535211267606,1420,1125,299,0,56.9375,3644.0,3.2391111111111113,5.0,1125,0.033509968999171136,2144.6380159469527,2105.0502673238416,39.587748623111786,0.01435541452346408,0.0005742165809385632,8.97213407716505e-06,0.15554453625176234,64
30976,483,484,402.8970203048143,6.2952659422627235,0.7809315866084425,0.7809315866084425,1374,1073,279,0,53.8125,3444.0,3.2096924510717613,5.0,1073,0.03211499247108432,2055.3595181493965,2017.003664658474,38.3558534909221,0.013927281556005871,0.0005570912622402349,8.70455097250367e-06,0.1550257139096736,64
31040,484,485,419.252137984158,6.550814656002469,0.8062865497076024,0.8062865497076024,1368,1103,262,0,56.703125,3629.0,3.29011786038078,5.0,1103,0.033246621976888206,2127.7838065208452,2089.3462036695155,38.43760285132928,0.014080511333472353,0.0005632204533388941,8.80031958342022e-06,0.1546824436032435,64
31104,485,486,452.940123215523,7.077189425242547,0.8227241615331964,0.8227241615331964,1461,1202,298,0,59.828125,3829.0,3.1855241264559067,5.0,1202,0.03852151215909168,2465.3767781818674,2425.6750249727515,39.70175320911451,0.017310929322441646,0.0006924371728976658,1.0819330826526027e-05,0.15479310978738803,64
31168,486,487,418.7410496786502,6.542828901228909,0.7745504840940526,0.7745504840940526,1446,1120,300,0,56.1875,3596.0,3.210714285714286,5.0,1120,0.034610328981672656,2215.06105482705,2174.267095118719,40.79395970833143,0.015060814606438391,0.0006024325842575357,9.413009129023995e-06,0.15459226407245968,64
31232,487,488,410.8108279854936,6.418919187273337,0.7854077253218884,0.7854077253218884,1398,1098,293,0,55.453125,3549.0,3.23224043715847,5.0,1098,0.0336678348616263,2154.741431144083,2115.933715790663,38.807715353419965,0.014159523519018495,0.0005663809407607398,8.84970219938656e-06,0.1539781082903379,64
31296,488,489,419.8030019841914,6.55942190600299,0.7864145658263305,0.7864145658263305,1428,1123,299,0,55.984375,3583.0,3.1905609973285842,5.0,1123,0.03457580024483244,2212.8512156692764,2174.300935951035,38.550279718242244,0.015129400891168465,0.0006051760356467386,9.455875556980291e-06,0.15372403181114622,64
31360,489,490,435.5482518259042,6.805441434779753,0.7965870307167235,0.7965870307167235,1465,1167,320,0,57.984375,3711.0,3.1799485861182517,5.0,1167,0.035713396089531495,2285.6573497300155,2246.779759974235,38.87758975578107,0.0151619803625885,0.00060647921450354,9.476237726617812e-06,0.15367152608833645,64
31424,490,491,407.3088794556295,6.364201241494211,0.7848375451263538,0.7848375451263538,1385,1087,291,0,53.75,3440.0,3.1646734130634773,5.0,1087,0.03167792487655959,2027.387192099814,1989.3928296685979,37.99436243121707,0.013074248666830443,0.0005229699466732178,8.171405416769028e-06,0.1532063566862305,64
31488,491,492,411.16879728012736,6.42451245750199,0.8053097345132744,0.8053097345132744,1356,1092,270,0,53.515625,3425.0,3.1364468864468864,5.0,1092,0.035866957472974886,2295.485278270393,2259.8512098190963,35.63406845129599,0.016089782867462505,0.0006435913146985002,1.0056114292164066e-05,0.15240770825540792,64
31552,492,493,446.66570027359205,6.979151566774876,0.8088033012379643,0.8088033012379643,1454,1176,274,0,56.078125,3589.0,3.05187074829932,5.0,1176,0.03751746399364224,2401.1176955931032,2365.9333911499784,35.18430444312575,0.01686136811499917,0.0006744547245999668,1.0538355071874482e-05,0.1516083636950511,64
31616,493,494,453.1964010715567,7.081193766743073,0.8201936376210235,0.8201936376210235,1446,1186,265,0,55.1875,3532.0,2.9780775716694774,5.0,1186,0.0381321124132274,2440.4551944465534,2406.145978722504,34.30921572404897,0.016632855525522555,0.0006653142210209022,1.0395534703451596e-05,0.15121777091798427,64
31680,494,495,423.5466236282314,6.617915994191115,0.818450184501845,0.818450184501845,1355,1109,248,0,50.203125,3213.0,2.897204688908927,5.0,1109,0.0350286070387982,2241.8308504830848,2211.119515840356,30.71133464272856,0.015583232818701533,0.0006233293127480613,9.739520511688458e-06,0.1504532614430729,64
31744,495,496,428.42074981210965,6.694074215814213,0.8091493924231594,0.8091493924231594,1399,1132,274,0,52.953125,3389.0,2.993816254416961,5.0,1132,0.03687890682396372,2360.250036733678,2326.7242990389686,33.525737694709335,0.01605177444069951,0.0006420709776279804,1.0032359025437194e-05,0.15006714248927533,64
31808,496,497,433.5104585212739,6.773600914394905,0.8086463501063076,0.8086463501063076,1411,1141,271,0,53.546875,3427.0,3.0035056967572307,5.0,1141,0.035524955368063646,2273.597143556073,2240.0054315938296,33.59171196224392,0.015432097126368192,0.0006172838850547277,9.64506070398012e-06,0.14988124965093685,64
31872,497,498,430.0169101222166,6.719014220659634,0.8095919828203293,0.8095919828203293,1397,1131,269,0,55.265625,3537.0,3.127320954907162,5.0,1131,0.03237753173255798,2072.162030883711,2035.4230852660776,36.73894561763342,0.014136107023798191,0.0005654442809519276,8.83506688987387e-06,0.14925321337418584,64
31936,498,499,447.7855604586835,6.99664938216693,0.7989167230873392,0.7989167230873392,1477,1180,279,0,55.234375,3535.0,2.9957627118644066,5.0,1180,0.03611486167177652,2311.3511469936975,2274.7291043505056,36.622042643190234,0.016334256940733927,0.0006533702776293571,1.0208910587958705e-05,0.1483502784150452,64
32000,499,500,448.2468875590097,7.003857618109526,0.8135828135828136,0.8135828135828136,1443,1174,262,0,58.25,3728.0,3.1754684838160134,5.0,1174,0.037657270188788255,2410.065292082448,2372.0771129483105,37.988179134138406,0.017091625669402723,0.000683665026776109,1.0682266043376703e-05,0.14805624319093097,64
